PG.ProteinGroups,A1,A2,A3,A4,B1,B2,B3,B4,C1,C2,C3,C4
A0A024RBG1,25189.73438,13440.20801,19565.13672,17490.47461,27999.10352,11120.79199,8287.486328,10820.16211,17296.73242,18318.8418,18477.61914,17006.46875
A0A096LP49,43690.0625,40345.23047,37148.71484,37204.87891,39428.95703,39318.33203,36062.07813,34250.29297,14340.24121,15824.94238,15143.30762,17399.125
A0A0B4J2A2,1060724,836391.25,1103098.75,1063019,973396.5625,821988.5625,936122.9375,1124464.625,53010.74219,57187.71484,52963.16406,34816.89453
A0A0B4J2F2,57807.32422,60119.07813,63978.08594,69136.92188,68128.5625,31073.24219,72903.39063,71065.42188,24703.76563,22421.81445,23169.6875,19809.05469
A0AV96,14720.61035,16155.04102,15082.32422,14969.2666,14932.67773,13164.33301,14025.50586,12534.11523,23362.89258,20095.57617,22745.88672,19496.88086
A0AVK6,16522.56445,18600.73633,17865.74805,18601.67969,18643.3125,5125.667969,14807.13867,16103.45508,154131.5469,176692.5625,190372.8125,204635.875
A0AVT1,17222.83984,24763.6582,30250.36914,28884.49023,16928.29102,28179.63281,22732.48242,16664.99219,22134.22461,21360.31055,22337.79883,14918.99512
A0FGR8,20893.17969,17165.69922,18176.4043,20293.74805,18935.82813,12087.23145,14606.60352,11881.54395,70459.24219,83871.04688,81164.91406,90507.8125
A0JLT2,37593.65625,28032.05664,28467.55859,21959.01367,34682.69531,23316.44727,35804.23438,32016.7832,11785.7793,12169.8584,14715.14355,10873.0332
A0MZ66,29056.75195,32836.45703,30119.30664,30416.28125,29155.36328,30256.35938,33450.51172,30839.00195,58996.48047,55405.6875,67356.52344,58013.51563
A1L0T0,35199.125,35886.66016,36962.28516,38643.55469,29708.70898,31485.83984,25030.81836,31670.04883,23465.89453,22845.08398,20825.53125,20014.25586
A1L390,12021.93359,12513.96387,11311.03711,10823.97461,11329.15039,9397.3125,12337.43359,9379.056641,64647.27344,60790.59375,65065.32031,66674.29688
A2RRD8,46519.11328,58789.84375,54326.01953,62714.16016,57500.93359,64203.45313,65464.58203,70372.01563,41080.06641,41901.56641,42944.40234,44885.59375
A3KN83,26430.20703,25346.23242,26637.74609,25969.67578,26256.34961,25992.6582,25837,25177.88867,53103.19141,56328.77344,55040.09375,53754.82031
A5YKK6,27706.61523,27926.76172,26817.80273,27684.26758,24960.61914,26118.64844,25467.98047,24301.88672,41879.18359,38499.00391,39736.72266,39057.60938
A6NCC3,35944.17188,20451.27734,27322.03125,25434.79883,41856.31641,7629.362793,2581.510742,10482.42383,73940.39063,74093.625,74838.21875,51702.09375
A6NDG6,36172.87891,32129.89258,29492.2793,36041.41406,32832.60156,28935.81445,26838.32031,24399.03516,15375.62402,17438.37891,16520.64648,20086.15039
A6NDU8,48340.95703,50244.53516,40859.60547,44103.26953,37341.36328,42296.36719,38651.26172,37392.52344,32197.17383,33058.63281,35605.98828,25792.39063
A6NED2,2379.226074,9749.27832,11220.31348,10147.27832,8857.213867,6130.551758,6130.416992,3188.316162,13436.84082,12738.18359,14416.3291,12541.30176
A6NFI3,26165.05859,32865.58203,25063.63672,30182.51367,29647.57813,31624.83203,32113.07813,31675.62695,21856.69531,21322.02539,27716.71875,34278.25781
A6NHG4,10506.63672,6973.583008,7115.408691,8546.165039,3228.380615,4923.560059,2169.056396,6023.871094,13753.81836,12784.9707,12600.33984,12110.75
A6NHL2,75163.5,66692.17188,69335.75781,77987.73438,69796.09375,56109.19922,56733.92969,61412.86328,16555.29297,15977.59766,16781.00195,17225.78125
A6NHR9,46648.07813,49067.90234,47149.73438,47286.44141,49437.65234,52611.625,50571.76953,49839.58203,23969.49414,25473.20508,30803.375,30510.91211
A6NI28,20124.60156,16441.28516,18209.00195,16183.56055,20410.74414,17323.52539,17561.29102,16449.52539,16025.23145,16487.7793,17719.11523,18381.66602
A6NKD9,28516.96094,19331.14453,24568.11523,20728.71094,19865.0332,22851.81445,20347.41992,22094.01563,23348.1543,18529.22656,15817.85352,312639.3438
A6NKF1,61550.31641,52704.25391,47447.81641,43745.63281,54271.20703,50827.07422,29430.41211,43324.67188,27799.88281,26565.73047,26078.45313,25890.74023
A7E2V4,16145.75293,12759.03027,11657.78418,10511.75781,15102.40332,15992.88086,16615.4043,12596.32422,160010.3438,159477.7969,159395.0938,210145.2656
A8MT65,4012.273682,4863.192383,8646.533203,5880.178223,118944.25,6397.763672,6572.570801,4469.754883,25991.11328,25391.22852,26140.88867,30881.51758
A8MWD9,35410.99609,45258.38281,43380.05469,53292.55469,40494.32031,67262.4375,58546.51563,65265.47266,20568.76563,19925.1582,19311.65234,19845.20117
A9UHW6,8131.365234,7221.353027,10499.84668,9537.228516,7941.581543,8504.505859,8413.011719,6270.105957,12570.08789,6775.414063,8123.436523,7432.074219
B0I1T2,178568.2188,196181.625,174781.8438,172974.2656,169408.9375,168757.5313,170851.0781,170949.0625,17306.07227,18540.70703,13928.71582,15799.44043
B1AK53,6828.53418,8646.613281,3513.079346,7837.77832,12285.98145,8957.988281,10416.95605,11891.9082,64915.82422,67622.28906,66820.03906,62092.86328
C9JRZ8,79103.64063,82321.20313,82831.24219,78035.75781,71167.10156,68394.89844,71352.22656,67781.40625,28705.72266,18112.29102,27900.96484,16096.14258
E7ETH6,20261.35742,19808.28516,15914.57617,21526.96875,22885.14258,20931.83398,17944.24219,19476.72266,29927.125,29211.28516,28738.39063,30496.85742
E9PAV3,53016.30859,51391.00391,40466.94531,49520.69141,58549.55078,50055.39063,48295.50781,38035.19531,96228.45313,90060.26563,83735.41406,74523.39063
E9PRG8,19242.60742,12822.4082,18804.74609,20790.54492,14886.15527,12474.13672,18451.82617,16710.36523,10103.31348,10612.70215,7478.97998,12016.91113
O00139,36871.47656,35754.09766,34890.16016,37479.94922,38452.52344,38613.96484,38345.03906,37048.01563,79786.95313,78631.07813,81783.53125,86633.17188
O00148,61977.19922,57671.53125,60140.51563,63301.14063,54125.02344,57974.53516,58757.80078,57154.3125,44985.67188,41019.53516,36769.625,32319.71094
O00151,43381.90625,43363.26172,43988.75,44020.01953,51324.58984,47318.07422,47035.03516,47065.16016,22474.0918,22305.9043,20812.4082,23952.89258
O00154,35147.73047,37920.10547,32354.2793,34566.71875,32337.96094,30736.0293,33223.66016,30603.98438,17478.29297,16257.81543,16108.29297,12228.35059
O00159,34008.43359,35970.36719,37355.86719,39833.49609,32300.63477,32273.89844,31251.41992,33017.62109,8089.44043,8052.685059,4206.872559,7683.492676
O00161,41376.55078,44590.14063,41486.66406,39057.0625,39380.41797,37339.52344,38969.20703,42251.98828,352564.8438,386045.25,393326.9688,314882.7188
O00170,45577.45313,49315.49609,50374.00781,47894.36328,45933.41016,47735.93359,50001.57422,46816.29297,23107.96094,23614.95703,21944.20117,24384.22852
O00178,69876.10938,67207.45313,68704.47656,69717.99219,61593.48828,60352.29297,60223.84766,58035.19531,27242.26172,33093.80859,32430.6875,25478.48047
O00186,66583.33594,61870.03906,62666.26953,64547.02734,53330.29688,56783.72656,54959.82031,54357.96875,33305.24609,30715.28516,33290.16016,28194.6543
O00193,117781.3125,121645.9141,116350.7344,119986.0313,129641.9688,122120.3281,124699.625,128653.3047,31205.60742,32585.64258,31258.5918,30787.64258
O00203,34412.83984,37252.64844,37728.36719,36437.53906,37566.48438,38233.71484,38854.86328,37084.41406,23528.50195,21438.9668,24426.26953,17749.40234
O00214,23417.49609,22385.50195,20906.80664,22915.70703,19771.32422,22391.26172,21999.39648,12911.84961,32085.10352,33588.84766,32346.96289,23784.88281
O00231,23832.92383,23566.61133,23733.63672,24493.34766,22176.78711,19722.13086,19502.20117,20186.71875,33744.41016,32951.80859,33277.14063,39330.55469
O00232,40022.21484,38268.15234,37397.55469,37252.31641,33840.13281,33223.14063,33437.05859,32853.07031,31336.2207,31188.1543,32543.64844,30737.70703
O00233,30825.20313,30415.03516,28312.23633,28211.38281,31927.38867,26531.03711,27563.32617,29445.09766,25309.5957,25579.00391,25040.08984,26738.50781
O00255,55650.38672,31400.22266,42783.125,48400.74219,36529.41406,40784.94141,40882.00391,36198.93359,19738.16797,18922.59961,22336.24219,19662.45508
O00257,27196.81641,29829.97266,28457.19336,26979.64844,31409.35742,29636.14258,26759.57813,26997.57227,20779.97266,19954.58594,19902.59961,19303.04297
O00264,21749.39648,19034.07422,19304.38672,21512.60742,17964.30469,19966.81055,13933.47852,14814.00488,86376.625,92047.48438,93275.48438,81190.32031
O00267,53880.75781,55765.82031,53673.48047,55927.08984,56692.33594,57982.69531,59492.40234,60306.67578,60452.08203,60056.87109,60562.30859,53046.41406
O00268,25498.04688,23963.42773,23345.96289,23373.03125,25372.68164,20313.74414,17613.04102,19784.41211,26214.28516,26722.3125,27495.83203,23732.30078
O00273,54662.63281,53106.98047,53042.30859,53599.48438,50778.10938,48472.99219,50591.03125,55546.48047,11826.85938,10760.09961,9944.132813,9853.098633
O00287,11172.78809,11407.97168,10950.60156,10236.04199,9232.460938,10103.10059,9665.710938,10414.37305,8978.911133,8978.381836,5996.498047,10738.7002
O00291,29089.50781,29933.86328,29534.35742,27817.23438,30978.83203,29862.93555,27206.49609,26689.01953,11943.85547,3007.030518,4421.701172,2903.9375
O00299,82461.16406,81473.42969,82600.78906,93879.96094,83448.0625,68650.375,66418.40625,63077.61328,21149.76758,21001.81055,23410.2832,18716.33008
O00303,37850.78516,36457.42969,36147.55469,37868.36328,31387.94336,32394.97852,33414.49609,34507.90234,31831.17578,34342.65625,32798.74219,33725.40625
O00311,11987.86133,11339.47363,10771.625,9328.488281,12833.14063,11217.52344,10640.52051,9260.741211,23847.25391,26595.52344,26300.62305,25321.81055
O00358,34449.08984,31193.23438,26181.7168,26163.70508,31668.44922,31084.08984,31449.20898,27202.82422,45063.48438,47329.25781,47616.24219,58218.75391
O00399,19598.83203,18867.73438,15767.46289,12412.35254,13084.37695,19281.65234,12159.07813,14754.79395,19156.92188,14970.81836,21813.54492,22509.58594
O00410,49893.46875,47303.71875,47163.11719,47475.20703,48895.25,47102.13672,48573.49219,46445.57813,48288.86328,49774.41406,53186.01953,58936.07813
O00418,23190.80078,22947.75781,22894.80664,25089.95117,14920.87891,13477.35254,14231.8457,14073.79785,26030.99805,23319.03125,24028.83594,29909.35742
O00422,136508.5781,131262.4219,130980.8438,131579.4063,144765.5313,128042.5938,133883.9531,131301.7656,25319.75195,20905.14063,26343.64453,18524.86914
O00425,20464.66211,22599.21484,19797.25586,21118.90625,20926.9375,21896.07617,17903.97656,19071.73438,49326.43359,48968.02734,50602.19141,45840.08984
O00429,27584.75195,25551.38867,25458.62695,26650.80273,19401.14453,21334.54883,19100.53125,17319.01172,26921.89063,32726.72656,38602.90234,29703.80664
O00442,38500.62109,14201.17773,36692.41406,33218.24219,20067.82227,28173.31836,20801.21289,35289.875,80489.33594,81629.89844,79393.60156,84319.82031
O00443,19359.92188,17296.73242,18318.8418,18477.61914,17006.46875,17427.05859,16563.44141,15718.35449,92734.28125,94005.29688,96517.23438,92590.25781
O00459,16843.00195,14340.24121,15824.94238,15143.30762,17399.125,14902.87207,15282.8877,18086.95508,13589.68066,13904.26172,12646.17578,13617.80273
O00461,54845.37109,53010.74219,57187.71484,52963.16406,34816.89453,34763.16016,35850.33984,35814.67188,14368.91699,10975.25098,11915.69727,12947.2998
O00468,28988.70508,24703.76563,22421.81445,23169.6875,19809.05469,20596.74609,27386.2832,24051.25586,2342.569092,4703.336426,6409.815918,8542.272461
O00471,21661.65625,23362.89258,20095.57617,22745.88672,19496.88086,20859.37109,15103.2002,13158.91992,28394.08594,27506.25781,26813.53125,26187.5957
O00479,194255.625,154131.5469,176692.5625,190372.8125,204635.875,133981.9063,147936.5469,133412.9688,48063.37891,48339.80469,48519.1875,51112.69531
O00487,21227.66602,22134.22461,21360.31055,22337.79883,14918.99512,19259.4668,20148.58789,21228.00195,43567.47266,50689.07031,47351.48828,45527.33203
O00488,91350.97656,70459.24219,83871.04688,81164.91406,90507.8125,78512.0625,79850.53906,75859.22656,52557.42578,49885.70313,49781.07031,52884.32031
O00499,14732.03418,11785.7793,12169.8584,14715.14355,10873.0332,8602.694336,7378.251465,6100.273926,17632.88477,17545.63672,19066.10938,16885.70117
O00505,68287.375,58996.48047,55405.6875,67356.52344,58013.51563,56679.33984,51704.46484,59006.18359,5544.375,12458.55664,3134.689209,10612.55273
O00534,20566.57813,23465.89453,22845.08398,20825.53125,20014.25586,25126.11914,23216.80078,23601.80469,113103.8281,109659.6094,111968.3281,102948.6875
O00541,63383.23828,64647.27344,60790.59375,65065.32031,66674.29688,66892.88281,63124.76563,64085.79297,24044.79102,23991.3125,22433.26367,23289.40039
O00566,41488.34375,41080.06641,41901.56641,42944.40234,44885.59375,46052.71484,45971.78906,46106.25391,32348.2793,24785.83594,23099.81641,23470.05273
O00567,55666.01953,53103.19141,56328.77344,55040.09375,53754.82031,53202.84375,51831.32031,52889.92969,27915.87305,27861.52734,26200.82617,26120.14453
O00571,40567.60156,41879.18359,38499.00391,39736.72266,39057.60938,36663.64063,34343.82031,36337.01172,9870.114258,9177.552734,9538.195313,8396.313477
O00592,79780.21094,73940.39063,74093.625,74838.21875,51702.09375,44726.32422,47943.96484,49581.55859,34167.42969,13980.55762,26170.58398,15206.63965
O00625,18638.9082,15375.62402,17438.37891,16520.64648,20086.15039,14288.7998,18614.11523,13964.0957,18560.79883,17546.33984,18408.10742,16782.76367
O00629,30621.00586,32197.17383,33058.63281,35605.98828,25792.39063,24123.00195,24781.07617,28650.35938,23213.77344,20578.95313,22904.78516,31593.20117
O00635,16355.62109,13436.84082,12738.18359,14416.3291,12541.30176,7846.509277,8950.550781,6348.199707,35702.45313,34852.58984,35825.01953,29262.40625
O00712,29031.77148,21856.69531,21322.02539,27716.71875,34278.25781,26432.64063,24211.70117,22550.19336,19053.98633,19037.35352,18340.37109,14978.07324
O00743,12379.7832,13753.81836,12784.9707,12600.33984,12110.75,10370.36133,11792.80762,8715.745117,39902.22266,29646.93555,25205.03906,44586.03906
O00750,17378.6875,16555.29297,15977.59766,16781.00195,17225.78125,17191.07617,16942.45508,16251.50195,14441.12305,13882.27344,10000.55469,14708.50879
O00762,22095.42773,23969.49414,25473.20508,30803.375,30510.91211,21036.32227,20511.60352,23748.44141,17579.16602,19477.4043,20005.40039,19854.28125
O00764,15246.16016,16025.23145,16487.7793,17719.11523,18381.66602,18099.46289,16704.08594,18249.07227,37162.46484,36855.14063,35478.90625,35988.73438
O00767,21915.16211,23348.1543,18529.22656,15817.85352,312639.3438,17741.81445,6299.532227,16463.66992,93745.8125,103843.0547,102091.5781,89886.61719
O14497,27899.86133,27799.88281,26565.73047,26078.45313,25890.74023,25234.44141,24317.57227,25530.37695,36519.00781,38391.74609,39831.25,37125.17969
O14519,186274.3906,160010.3438,159477.7969,159395.0938,210145.2656,158060.3906,150269.7344,143119.3906,31822.63672,31061.61914,31222.51172,31852.47461
O14530,28702.32813,25991.11328,25391.22852,26140.88867,30881.51758,24303.09375,27173.41016,25632.17969,24154.91797,23973.07617,22688.60156,23714.46875
O14545,20629.91992,20568.76563,19925.1582,19311.65234,19845.20117,18725.41992,15190.66406,15004.93359,39775.08594,40102.35938,45918.78516,33358.75
O14562,7977.558594,12570.08789,6775.414063,8123.436523,7432.074219,7539.070801,4287.114258,11914.81152,31549.80469,29744.60938,32326.32031,29109.65039
O14578,17330.83203,17306.07227,18540.70703,13928.71582,15799.44043,15575.43164,18753.53711,16657.14453,13499.52441,15587.50879,14936.23145,16513.27539
O14579,74245.75781,64915.82422,67622.28906,66820.03906,62092.86328,59265.26953,64514.97656,59877.12891,27130.51758,30047.35352,28979.90625,28247.32422
O14593,34669.45703,28705.72266,18112.29102,27900.96484,16096.14258,24116.8125,26100.29883,25141.58984,48240.88672,50828.77344,51491.17578,49325.01172
O14617,28904.88086,29927.125,29211.28516,28738.39063,30496.85742,28907.97266,25518.21875,26269.75391,31296.66016,23550.48047,29283.50391,26054.17578
O14618,98252.29688,96228.45313,90060.26563,83735.41406,74523.39063,86449.55469,77098.86719,81924.38281,80913.71875,77695.16406,78769.74219,76860.875
O14628,11611.94922,10103.31348,10612.70215,7478.97998,12016.91113,12560.91895,8375.375977,10741.2334,25360.9707,28496.28711,26010.93555,27329.58008
O14639,81204.17188,79786.95313,78631.07813,81783.53125,86633.17188,83400.65625,82730.96875,80592.39844,95883.28906,94275.29688,94845.51563,94769.00781
O14641,42969.08984,44985.67188,41019.53516,36769.625,32319.71094,46186.96875,41695.46484,36865.94922,87147.69531,88169.55469,91154.58594,89667.8125
O14646,22776.19336,22474.0918,22305.9043,20812.4082,23952.89258,26295.80078,24085.94531,23613.94727,54387.10156,55605.05859,55329.15625,54850.51953
O14647,15969.42285,17478.29297,16257.81543,16108.29297,12228.35059,14627.79492,16489.25586,17595.96094,19684.25391,20601.97461,20966.43945,20347.24023
O14653,5363.056152,8089.44043,8052.685059,4206.872559,7683.492676,9629.094727,7366.163086,6437.66748,18377.10352,20305.58984,21209.04102,15694.28711
O14684,402801.3438,352564.8438,386045.25,393326.9688,314882.7188,205825.5938,219769.75,255865.9688,14871.9502,16429.84961,15009.52148,15599.09766
O14686,24108.54297,23107.96094,23614.95703,21944.20117,24384.22852,21006.53906,21053.81055,19248.96484,25457.57617,24506.06641,21827.70117,24724.24023
O14732,30646.56445,27242.26172,33093.80859,32430.6875,25478.48047,27153.88477,27127.62891,29139.36914,32025.70117,30596.35742,31470.26367,30810.6543
O14733,28833.86719,33305.24609,30715.28516,33290.16016,28194.6543,32147.66016,30765.93164,32543.4043,29648.13867,29005.64844,27535.9668,26294.80859
O14737,33974.15625,31205.60742,32585.64258,31258.5918,30787.64258,33168.78125,31181.01367,29916.95313,49381.55469,39678.69531,54498.12109,65374.67188
O14744,26442.37891,23528.50195,21438.9668,24426.26953,17749.40234,15097.95801,15481.35938,18307.01953,12344.17969,11546.95508,9804.845703,16262.15723
O14745,33145.85938,32085.10352,33588.84766,32346.96289,23784.88281,23802.2793,23076.71289,26554.59766,4887.135254,26139.89648,15550.5498,25199.10742
O14757,39307.03906,33744.41016,32951.80859,33277.14063,39330.55469,36489.96484,25474.96094,29135.0957,123491.0078,119948.7109,130718.9766,109344.3281
O14776,28889.33398,31336.2207,31188.1543,32543.64844,30737.70703,32262.58984,32191.4707,32761.91602,25448.9707,25903.14844,26262.97656,28242.42578
O14777,28853.99609,25309.5957,25579.00391,25040.08984,26738.50781,23643.35938,21955.38086,23265.44336,24505.78711,28333.65039,25715.01563,25841.95117
O14787,20662,19738.16797,18922.59961,22336.24219,19662.45508,21993.42969,19322.0625,19784.41602,18815.00781,22072.51953,20883.89063,22429.16797
O14802,21404.51758,20779.97266,19954.58594,19902.59961,19303.04297,19189.60547,18628.20117,17428.79492,18816.54297,5347.585449,22607.54492,11862.13867
O14818,91641.76563,86376.625,92047.48438,93275.48438,81190.32031,82919.125,88527.99219,88790.26563,39927.14844,46356.61719,48701.01172,55650.46875
O14828,59491.58594,60452.08203,60056.87109,60562.30859,53046.41406,50788.21875,50041.54688,48840.27344,3534.32373,2766.274414,2954.622314,10459.09766
O14841,24968.2168,26214.28516,26722.3125,27495.83203,23732.30078,25944.18945,27421.57813,26417.75977,90288.35156,91304,91240.10938,91221.40625
O14879,9432.901367,11826.85938,10760.09961,9944.132813,9853.098633,9612.286133,12184.94434,10743.94531,38127.72656,39666.09766,41510.10547,36229.85938
O14880,12403.0293,8978.911133,8978.381836,5996.498047,10738.7002,10960.9043,9500.538086,6574.951172,60617.92578,55157.52734,53951.14453,58742.10547
O14901,8397.208008,11943.85547,3007.030518,4421.701172,2903.9375,33467.59375,31672.3125,5816.960938,29982.42578,32066.43555,31385.79688,33559.54688
O14907,22254.27148,21149.76758,21001.81055,23410.2832,18716.33008,22961.42969,17826.50195,20982.39648,20399.68359,18546.33789,18905.30469,15791.11426
O14908,34218.96875,31831.17578,34342.65625,32798.74219,33725.40625,29558.51172,32144.87891,28166.95313,16900.36133,19740.52734,15345.50098,14617.5498
O14920,28081.58203,23847.25391,26595.52344,26300.62305,25321.81055,25856.25977,23314.05078,23154.32617,24281.63086,21545.82813,21379.04297,25150.95898
O14929,54843.70703,45063.48438,47329.25781,47616.24219,58218.75391,42540.41797,46542.91797,47563.15234,74295.11719,72537.53125,73452.1875,65888.4375
O14936,25645.11719,19156.92188,14970.81836,21813.54492,22509.58594,9029.757813,9545.924805,13034.37891,24683.64844,32443.66016,30618.77539,55157.30469
O14950,49308.66406,48288.86328,49774.41406,53186.01953,58936.07813,47968.99609,58697.38281,48420.51953,23606.4375,21757.94531,19242.29297,20799.65039
O14964,24487.81055,26030.99805,23319.03125,24028.83594,29909.35742,23016.92773,23749.05664,24113.31445,31784.25391,33068.53906,33971.10547,27501.75
O14965,24079.87891,25319.75195,20905.14063,26343.64453,18524.86914,23987.63867,20689.64453,20289.44922,9912.394531,15791.4541,11084.33105,14519.80273
O14974,46931.35156,49326.43359,48968.02734,50602.19141,45840.08984,48183.58984,47689.82813,46859.39844,68979.71875,74492.29688,85091.23438,79433.34375
O14976,32147.25,26921.89063,32726.72656,38602.90234,29703.80664,29609.98633,29299.65039,27581.82031,35760.06641,33260.16406,34968.35547,35362.30859
O14979,83096.72656,80489.33594,81629.89844,79393.60156,84319.82031,73435.375,80294.42969,80602.95313,38635.28125,39553.9375,38020,37615.04688
O14980,94776.99219,92734.28125,94005.29688,96517.23438,92590.25781,95200.88281,95881.45313,95410.125,43971.76172,42950.08984,43052.82813,46492.5625
O14981,13966.04688,13589.68066,13904.26172,12646.17578,13617.80273,14020.31152,13382.13672,12334.72559,20400.33008,22370.94141,19963.76172,28383.9707
O15013,12441.6709,14368.91699,10975.25098,11915.69727,12947.2998,12716.04492,12129.38379,9794.65918,6855.317383,7719.458984,4758.398926,13651.99805
O15015,7877.479492,2342.569092,4703.336426,6409.815918,8542.272461,6197.40332,9056.725586,6867.000977,3910.548096,26540.75781,29138.51172,31375.9082
O15020,28106.64258,28394.08594,27506.25781,26813.53125,26187.5957,26109.93555,24922.99609,25051.48828,24355.22266,26808.69922,25207.92969,27638.68555
O15027,47174.8125,48063.37891,48339.80469,48519.1875,51112.69531,48286.78516,47995.00781,49506.19922,16596.42383,11748.26563,14843.01172,14507.53418
O15031,51141.54297,43567.47266,50689.07031,47351.48828,45527.33203,45676.10938,41756.45703,44165.08203,104461.0313,84570.03125,78576.00781,58825.05469
O15042,51032.22266,52557.42578,49885.70313,49781.07031,52884.32031,54904.57813,52367.84766,51141.52734,44610.9375,47044.74219,49001.67578,38484.32813
O15047,16935.37305,17632.88477,17545.63672,19066.10938,16885.70117,15598.39844,15872.2373,17103.03906,111059.6016,111601.25,110169.7734,102086.2422
O15054,11706.12012,5544.375,12458.55664,3134.689209,10612.55273,5376.775391,4099.663086,4571.378906,52631.3125,53968.31641,54228.58594,58186.32422
O15056,98180.60938,113103.8281,109659.6094,111968.3281,102948.6875,122267.0078,132395.625,132096.0313,45673.81641,46077.8125,46908.40625,45636.49219
O15061,24611.38672,24044.79102,23991.3125,22433.26367,23289.40039,22619.68164,21104.13086,21203.69922,38226.96484,41403.61328,44645.19922,36688.59766
O15066,41190.83984,32348.2793,24785.83594,23099.81641,23470.05273,26519.66211,25783.74414,25516.68555,29249.34961,25515.74805,25691.89844,18234.83789
O15067,28574.0625,27915.87305,27861.52734,26200.82617,26120.14453,21036.25391,21250.37305,19254.42773,11861.44629,10528.18457,11870.24023,17344.45898
O15084,9037.654297,9870.114258,9177.552734,9538.195313,8396.313477,8387.188477,6083.73584,7213.908203,20150.51953,17223.35156,16766.44531,15519.07031
O15085,16149.09277,34167.42969,13980.55762,26170.58398,15206.63965,54496.40625,35313.30859,39069.99609,51617.6875,58261.125,57375.03125,67955.21094
O15111,15906.52246,18560.79883,17546.33984,18408.10742,16782.76367,17522.61523,18093.34961,17209.13477,99312.07813,102375.6797,110207.125,101112.875
O15119,26583.54297,23213.77344,20578.95313,22904.78516,31593.20117,28208.88477,25206.98047,26686.58008,4887.160645,3973.367676,3735.114502,4716.374023
O15143,33046.42188,35702.45313,34852.58984,35825.01953,29262.40625,33830.13672,33943.03516,32858.9375,5574.98584,8006.924316,19924.67188,15819.71582
O15144,16980.60352,19053.98633,19037.35352,18340.37109,14978.07324,17594.5,16429.56836,18821.35742,22556.74414,22187.44922,21078.08398,21074.00586
O15145,41780.40625,39902.22266,29646.93555,25205.03906,44586.03906,23085.14453,26224.50195,21363.39258,145720.2031,170935.9063,176771.0156,185235.1406
O15156,13293.82227,14441.12305,13882.27344,10000.55469,14708.50879,13583.36035,14026.83008,16388.13086,26533.91016,20226.43359,18517.74219,14900.76953
O15160,20904.85156,17579.16602,19477.4043,20005.40039,19854.28125,16237.02539,20210.18555,17964.98438,31286.07813,31201.99023,31881.85938,29743.50586
O15164,33831.83984,37162.46484,36855.14063,35478.90625,35988.73438,40149.74609,38025.33984,38208.05469,68951.29688,72629.35156,73888.21094,39844.07813
O15173,108458.3516,93745.8125,103843.0547,102091.5781,89886.61719,91738.79688,88514.84375,81920.94531,68607.375,80786.3125,84146.25781,72977.29688
O15212,39794.47656,36519.00781,38391.74609,39831.25,37125.17969,32664.67969,33342.78516,36181.39453,44469.46484,43846.1875,42624.1875,43730.23047
O15213,31566.80273,31822.63672,31061.61914,31222.51172,31852.47461,33982.78516,32675.26563,30830.59766,31594.14063,31918.50781,30716.34766,31839.98633
O15226,25233.17773,24154.91797,23973.07617,22688.60156,23714.46875,24588.33008,24206.66602,24992.43945,46227.56641,55702.57422,46363.11719,53635.70313
O15230,50327.80469,39775.08594,40102.35938,45918.78516,33358.75,41886.26563,50131.23438,36040.14453,172422.7969,156549.625,153801.3281,157046.4844
O15231,28988.18164,31549.80469,29744.60938,32326.32031,29109.65039,29486.30664,27495.66016,26675.00195,11584.04883,13148.71484,15049.20215,12364.36133
O15234,14183.41504,13499.52441,15587.50879,14936.23145,16513.27539,12006.04492,2581.939453,8659.470703,77162.77344,75912.07031,72590.13281,73540.75
O15287,28051.63672,27130.51758,30047.35352,28979.90625,28247.32422,28860.70508,27809.93945,21760.75,100831.0078,101343.2109,101856.5313,103635.8047
O15294,52456.3125,48240.88672,50828.77344,51491.17578,49325.01172,48408.83203,45731.90234,47452.75,37470.86719,40278.46094,42034.02734,48267.85547
O15297,30333.41016,31296.66016,23550.48047,29283.50391,26054.17578,22780.84375,34276.44141,28196.66602,39557.0625,41662.41406,45161.33594,44398.14844
O15305,77286.42969,80913.71875,77695.16406,78769.74219,76860.875,81733.64844,81688.375,83485.45313,24958.21094,28974.75977,27703.25195,21200.96094
O15344,26700.74414,25360.9707,28496.28711,26010.93555,27329.58008,24250.47266,20802.18164,23442.88086,22901.22852,21320.59375,21956.29883,24112.97266
O15347,98350.03906,95883.28906,94275.29688,94845.51563,94769.00781,92055.02344,93293.03125,89479.15625,85028.82031,88257.92188,81087.92969,85056.07031
O15355,91922.125,87147.69531,88169.55469,91154.58594,89667.8125,90180.42969,91083.11719,91846.11719,37419.37109,36131.76172,38786.20703,32330.66406
O15357,54608.92969,54387.10156,55605.05859,55329.15625,54850.51953,53031.33203,54008.60547,52059.13672,48635.58984,49376.57031,50657.51953,48123.5625
O15360,17224.87891,19684.25391,20601.97461,20966.43945,20347.24023,22373.1543,22499.42773,19942.77344,147885.9688,155035.7031,151493.375,141865.5156
O15371,18303.69727,18377.10352,20305.58984,21209.04102,15694.28711,17026.65625,14731.15234,19861.66797,31788.03711,31166.48633,28904.96094,32297.57227
O15372,15906.39551,14871.9502,16429.84961,15009.52148,15599.09766,12845.11426,14426.18555,13346.88965,13000.95703,11814.28223,16847.17578,12062.30273
O15379,27848.41797,25457.57617,24506.06641,21827.70117,24724.24023,21310.16016,18758.14648,20147.93945,26649.68359,26899.40625,24761.17773,21508.37695
O15381,30765.46875,32025.70117,30596.35742,31470.26367,30810.6543,31501.86914,31729.74414,31300.63281,28745.67773,31019.29297,32485.57031,36662.74219
O15397,31784.99805,29648.13867,29005.64844,27535.9668,26294.80859,28042.17188,26892.30664,26810.04883,5590.187012,7522.065918,5115.470703,20198.88477
O15400,56362.17188,49381.55469,39678.69531,54498.12109,65374.67188,45231.27734,40299.14844,37728.44922,2387.296387,3272.457764,4811.999023,3260.043945
O15417,13418.23047,12344.17969,11546.95508,9804.845703,16262.15723,9793.97168,8603.541016,8238.923828,18622.88672,18837.16016,19231.51953,17717.88281
O15427,29144.48438,4887.135254,26139.89648,15550.5498,25199.10742,11864.84082,13982.53516,13878.59473,24005.30664,23172.77148,23358.27734,17723.96094
O15446,125588.3438,123491.0078,119948.7109,130718.9766,109344.3281,120822.9609,115134.7578,135355.375,31134.9082,29416.55273,30162.05859,21671.16602
O15479,28982.25391,25448.9707,25903.14844,26262.97656,28242.42578,22280.66992,23371.84766,22647.94922,22439.26172,26581.11523,26673.1875,23597.49219
O15498,30185.02734,24505.78711,28333.65039,25715.01563,25841.95117,25556.99219,25584.17383,22703.57227,19561.95703,19355.79883,18947.63281,19246.23047
O15504,21202.11719,18815.00781,22072.51953,20883.89063,22429.16797,21572.91016,20364.39844,20615.16406,10626.48828,6050.91748,12185.50391,6217.237305
O15533,11195.76074,18816.54297,5347.585449,22607.54492,11862.13867,32979.11328,7035.005859,2537.991943,38113.04297,39009.88281,40458.60156,49130.33984
O15541,38716.625,39927.14844,46356.61719,48701.01172,55650.46875,46894.96094,36652.28125,43845.98438,44326.41797,48705.91406,46297.10547,50544.69922
O15550,4729.227539,3534.32373,2766.274414,2954.622314,10459.09766,2965.873047,3302.529541,2245.924805,69864.85156,68040.79688,61817.48047,56207.45703
O43143,93059.39063,90288.35156,91304,91240.10938,91221.40625,88715.375,89616.91406,90626.82031,45347.17969,47500.42188,49020.78516,42155.59375
O43148,40304.77734,38127.72656,39666.09766,41510.10547,36229.85938,37074.23438,38348.20313,38143.19922,21916.18164,17865.23047,17492.30469,16404.01953
O43156,57078.23047,60617.92578,55157.52734,53951.14453,58742.10547,40309.88281,41026.48438,42530.06641,32062.98047,26580.78906,33000.65625,17055.28516
O43159,33380.65625,29982.42578,32066.43555,31385.79688,33559.54688,32973.02734,34609.17969,33836.07031,58103.33594,59378.91406,57999.125,62271.79688
O43164,17060.33789,20399.68359,18546.33789,18905.30469,15791.11426,14127.94141,13409.85742,14855.64063,29154.28711,31380.35156,30030.11523,34377.82422
O43169,16950.35352,16900.36133,19740.52734,15345.50098,14617.5498,16942.83594,14504.48633,8287.725586,22718.03125,22631.87695,23538.44141,26251.71484
O43172,23785.38086,24281.63086,21545.82813,21379.04297,25150.95898,21589.92773,21461.43164,19569.25,22063.54883,14006.97656,12414.41016,14348.54004
O43175,75980.84375,74295.11719,72537.53125,73452.1875,65888.4375,63137.08203,64242.59766,60427.71484,24284.33594,24693.02344,23318.11523,25967.625
O43189,55547.40625,24683.64844,32443.66016,30618.77539,55157.30469,9817.579102,7584.650879,9603.319336,10564.91602,10590.1377,8268.858398,11265.39063
O43237,24786.58594,23606.4375,21757.94531,19242.29297,20799.65039,19045.54102,17727.06836,17519.55469,31256.45703,30331.50781,30154.02734,27952.77148
O43242,31709.35938,31784.25391,33068.53906,33971.10547,27501.75,26939.9668,27436.94727,30084.00781,25247.23633,22246.25781,23164.26367,25504.06641
O43248,12360.00977,9912.394531,15791.4541,11084.33105,14519.80273,16896.14258,8700.021484,20141.92188,24983.59961,26461.53711,27072.24805,23251.73047
O43251,78571.08594,68979.71875,74492.29688,85091.23438,79433.34375,69696.53906,69731.02344,59062.83203,42902.50391,40307.03516,42049.07813,43031.72266
O43252,36293.73828,35760.06641,33260.16406,34968.35547,35362.30859,31825.18359,30695.73828,29809.43359,14252.50195,13956.94238,18027.4668,44446.94531
O43264,38415.47266,38635.28125,39553.9375,38020,37615.04688,36698.48828,38263.38672,38108.07422,72480.35156,72262.79688,71874.17969,76498.90625
O43290,43088.53125,43971.76172,42950.08984,43052.82813,46492.5625,46289.01563,45625.52344,46919.31641,22551.0918,23368.03711,20560.75,23822.83203
O43293,26393.33008,20400.33008,22370.94141,19963.76172,28383.9707,22081.20703,18695.55078,16745.40039,22643.8418,21956.40234,24596.36719,21268.09961
O43294,10540.86133,6855.317383,7719.458984,4758.398926,13651.99805,7300.234375,8318.763672,4278.91748,104749.8203,111939.5547,128129.7734,118950.4063
O43299,33195.8125,3910.548096,26540.75781,29138.51172,31375.9082,25314.03516,34438.22266,30774.47266,19840.0957,14461.03223,18319.48242,16593.58984
O43301,29002.01172,24355.22266,26808.69922,25207.92969,27638.68555,25199.32813,24474.18359,6374.408203,41074.62891,41721.97656,42233.59766,39964.95703
O43314,15454.19043,16596.42383,11748.26563,14843.01172,14507.53418,12086.25781,13800.29102,7849.291016,34765.71094,33666.69922,32925.34375,36681.5625
O43318,93082.64063,104461.0313,84570.03125,78576.00781,58825.05469,68811.89844,81295.57031,65378.98828,41638.83203,42998.07813,43974.875,42988.23828
O43379,46410.6875,44610.9375,47044.74219,49001.67578,38484.32813,43272.26563,44580.41406,42555.18359,22960.59766,21294.17773,22482.12891,21156.47656
O43390,108751.1797,111059.6016,111601.25,110169.7734,102086.2422,97719.48438,100962.3359,103910.2813,25384.85742,24335.0918,25087.47266,27438.75195
O43395,54121.23438,52631.3125,53968.31641,54228.58594,58186.32422,54522.94922,56602.07031,56267.03125,14207.34668,14354.37598,13632.36621,18882.75781
O43396,48602.84766,45673.81641,46077.8125,46908.40625,45636.49219,42345.00391,38315.79688,38399.75,47601.19531,49796.31641,48647.82031,49543.86719
O43399,43806.82422,38226.96484,41403.61328,44645.19922,36688.59766,28792.94336,29467.84766,34309.70703,21846.69531,19252.27539,20779.39063,18541.51172
O43414,23172.25586,29249.34961,25515.74805,25691.89844,18234.83789,24920.73438,25948.19141,26118.51172,5856.866211,5436.768555,2628.12915,4078.261963
O43422,15005.66211,11861.44629,10528.18457,11870.24023,17344.45898,7306.084473,11194.5498,8323.930664,37340.62109,35842.39844,36901.07031,33244.04688
O43432,20928.75195,20150.51953,17223.35156,16766.44531,15519.07031,9118.173828,7413.305176,6750.753906,33603.20313,30034.33789,30308.89258,31158.07813
O43435,70938.78906,51617.6875,58261.125,57375.03125,67955.21094,50818.63672,48153.78906,46223.64063,46241.3125,45831.34375,46171.23828,42733.80859
O43447,96826.17969,99312.07813,102375.6797,110207.125,101112.875,109595.0469,110520.8438,124326.6328,14820.18457,10572.70605,17396.45508,13502.43066
O43463,3468.447266,4887.160645,3973.367676,3735.114502,4716.374023,5057.750488,2648.626953,3690.921387,55132.98438,59844.32813,53585.64453,75773.03125
O43482,19007.70703,5574.98584,8006.924316,19924.67188,15819.71582,12241.10938,24522.04688,12841.04492,8003.549316,7522.755859,9636.94043,8325.430664
O43488,23417.41406,22556.74414,22187.44922,21078.08398,21074.00586,20935.71484,20140.08203,19659.27344,70790.46875,66519.82031,65819.82813,62814.57422
O43491,169556.5156,145720.2031,170935.9063,176771.0156,185235.1406,140054.2031,154948.6563,169389.1406,39235.59766,39760.58203,40147.0625,36758.71094
O43583,21277.7207,26533.91016,20226.43359,18517.74219,14900.76953,15517.73535,16968.74609,14043.17285,37567.55469,37836.83203,38837.41016,38813.33594
O43592,33448.30078,31286.07813,31201.99023,31881.85938,29743.50586,30348.39844,30839.37891,28924.16406,20407.95703,21229.85547,21141.18359,22624.17188
O43598,65845.00781,68951.29688,72629.35156,73888.21094,39844.07813,57713.01953,64238.59375,63615.09375,23371.04102,10971.23926,14613.75586,17309.22266
O43633,77221.67188,68607.375,80786.3125,84146.25781,72977.29688,72966.79688,69750.82031,80698.11719,29185.24414,27301.69727,27656.28711,25670.09961
O43660,41572.38281,44469.46484,43846.1875,42624.1875,43730.23047,45590.93359,45079.55859,44286.60156,1588.296021,3057.318848,2157.356689,3184.374023
O43663,32741.28516,31594.14063,31918.50781,30716.34766,31839.98633,31626.71094,31102.35938,31007.27344,17993.42188,17266.60742,17515.86133,15060.11426
O43665,53445.94922,46227.56641,55702.57422,46363.11719,53635.70313,40648.42578,43622.69141,42732.92578,18347.42773,19734.48047,16242.32422,20909.98047
O43670,161386.8906,172422.7969,156549.625,153801.3281,157046.4844,155050.375,172021.5,156904.0938,77726.71094,84229.5,89961.64844,99699.99219
O43681,13434.29883,11584.04883,13148.71484,15049.20215,12364.36133,12799.24219,11037.78125,16415.48242,61041.01563,61880.9375,63626.90234,58457.32031
O43684,74608.77344,77162.77344,75912.07031,72590.13281,73540.75,69876.76563,70369.53906,70591.25,33182.35156,33328.30469,31953.32422,29256.65039
O43707,97919.45313,100831.0078,101343.2109,101856.5313,103635.8047,106306.8594,107384.5156,109749.3281,64115.94141,66063.92969,72196.24219,55035.73438
O43709,46644.36328,37470.86719,40278.46094,42034.02734,48267.85547,39902.89063,36996.55078,37141.74219,19880.83398,19405.14258,17576.55859,23727.16992
O43719,42183.08203,39557.0625,41662.41406,45161.33594,44398.14844,41795.60938,42403.92188,44911.5625,51467.47656,52391.33203,55730.86328,53340.33984
O43747,27302.38281,24958.21094,28974.75977,27703.25195,21200.96094,22167.54688,22967.08789,23661.10938,48478.75,46996.55469,52845.01953,53979.98828
O43765,23176.06055,22901.22852,21320.59375,21956.29883,24112.97266,18511.36914,16332.42871,18356.05664,34684.62891,34583.71875,32735.24414,36417.36719
O43768,99902.23438,85028.82031,88257.92188,81087.92969,85056.07031,77500.4375,80867.66406,74765.875,248759.9844,166722.625,233694.0625,106325.7031
O43776,36409.80859,37419.37109,36131.76172,38786.20703,32330.66406,33902.53516,34155.5,34905.23438,23185.68164,21188.18945,22383.93359,19107.67188
O43805,52030.30469,48635.58984,49376.57031,50657.51953,48123.5625,40100.27344,49734.24609,50555.15625,26504.72461,28310.80664,30877.10156,24193.28516
O43809,150185.8594,147885.9688,155035.7031,151493.375,141865.5156,140625.7031,155330.6406,152463.4688,35983.05078,36798.86328,36505.78516,35179.41406
O43813,32174.86523,31788.03711,31166.48633,28904.96094,32297.57227,31282.94531,31083.25195,24158.7168,19978.25391,19091.34961,18525.97852,20016.4082
O43815,17642.51563,13000.95703,11814.28223,16847.17578,12062.30273,12848.0752,13016.45996,8229.046875,41743.17578,43608.67969,43286.04688,44952.11328
O43818,27521.52539,26649.68359,26899.40625,24761.17773,21508.37695,25461.72266,22221.31641,24164.45313,11788.5127,13025.39746,10873.47852,17774.83398
O43823,32590.10938,28745.67773,31019.29297,32485.57031,36662.74219,30506.74805,30283.38086,27575.35938,34433.12109,34075.05078,34820.12109,33110.28516
O43829,4612.064941,5590.187012,7522.065918,5115.470703,20198.88477,30784.22266,32803.67969,28843.66406,18679.54688,17485.25977,11573.45898,17934.01758
O43837,3006.334473,2387.296387,3272.457764,4811.999023,3260.043945,7396.484375,4305.075195,6330.416992,37229.14453,35259.22266,35675.57813,34866.51953
O43847,19686.94531,18622.88672,18837.16016,19231.51953,17717.88281,19103.72266,16041.08789,19830.68555,16679.40234,15757.78613,16096.01953,18463.69727
O43852,21805.17969,24005.30664,23172.77148,23358.27734,17723.96094,13690.68262,17687.8457,16163.19531,25464.47656,24208.2832,24367.73438,26210.58789
O43865,29959.75781,31134.9082,29416.55273,30162.05859,21671.16602,25704.31641,25037.36719,24955.4375,35935.13281,33262.51563,33413.38281,34784.68359
O43913,21819.62891,22439.26172,26581.11523,26673.1875,23597.49219,26704.55273,23799.50977,29080.85547,31178.2832,31734.17773,33460.19141,36228.54297
O43929,21290.12305,19561.95703,19355.79883,18947.63281,19246.23047,20248.40234,20517.92383,17864.88281,19776.43359,20860.89648,19677.41016,26446.04492
O43933,16240.00684,10626.48828,6050.91748,12185.50391,6217.237305,8897.75293,4599.540527,16155.75195,34695.85156,33448.88281,33539.04688,35545.125
O60216,44219.89844,38113.04297,39009.88281,40458.60156,49130.33984,38680.75781,37322.97266,37033.0625,14248.15723,13321.99023,11516.12988,15084.0918
O60231,49384.5,44326.41797,48705.91406,46297.10547,50544.69922,44812.46484,45528.37109,42660.33203,44823.87109,44070.98828,45196.64453,44796.32422
O60232,71059.03125,69864.85156,68040.79688,61817.48047,56207.45703,63464.13281,67496.875,66908.10156,10658.50391,12572.93262,10665.41406,9776.316406
O60237,58571.13672,45347.17969,47500.42188,49020.78516,42155.59375,45717.90625,43858.05859,44957.45703,18164.03516,16671.46875,22180.98047,15659.43262
O60244,18745.6875,21916.18164,17865.23047,17492.30469,16404.01953,17264.79102,18233.04883,18965.50195,18527.93945,16601.71094,17478.66211,19049.70117
O60256,33077.49219,32062.98047,26580.78906,33000.65625,17055.28516,21238.28711,24604.76563,21516.50195,4022655.75,2315141.25,3618069,3875663.25
O60264,60896.21484,58103.33594,59378.91406,57999.125,62271.79688,58432.93359,60263.42969,60322.19531,40685.37891,47627.77344,45335.82031,34419.5
O60271,34608.76953,29154.28711,31380.35156,30030.11523,34377.82422,28097.62695,24636.94141,22783.51953,26324.10156,25936.73633,25116.74219,20118.47852
O60287,22946.35156,22718.03125,22631.87695,23538.44141,26251.71484,23573.48242,22700.79297,24470.80859,35500.49609,36565.21094,35115.52734,29294.95898
O60292,14559.86816,22063.54883,14006.97656,12414.41016,14348.54004,19106.60156,20252.2832,16514.75586,42385.26172,43435.99219,42031.6875,44229.76172
O60293,24440.19922,24284.33594,24693.02344,23318.11523,25967.625,27600.35742,26191.90234,26114.86328,22218.24219,17036.8125,18309.58984,20363.70313
O60294,10867.90625,10564.91602,10590.1377,8268.858398,11265.39063,9510.995117,8668.224609,9349.447266,17824.88477,17588.46875,15776.39941,15982.35352
O60306,31909.19531,31256.45703,30331.50781,30154.02734,27952.77148,30474.18164,29357.57227,28293.96484,23730.9375,22326.60547,25267.05273,33651.42969
O60318,23311.38867,25247.23633,22246.25781,23164.26367,25504.06641,24256.71484,22427.0625,22022.73438,14987.28711,24671.32813,23451.23633,25187.65234
O60333,27087.17969,24983.59961,26461.53711,27072.24805,23251.73047,27394.94727,26932.78516,25607.23047,21049.66211,24859.22656,27031.66602,27039.80469
O60341,43093.58594,42902.50391,40307.03516,42049.07813,43031.72266,42366.71875,41075.03906,40622.3125,45923.47266,51884.85938,49149.56641,56634.11328
O60427,9110.46582,14252.50195,13956.94238,18027.4668,44446.94531,27321.58398,49280.72656,46296.54688,18131.94336,15236.00098,13816.73926,15450.91113
O60437,70209.0625,72480.35156,72262.79688,71874.17969,76498.90625,78887.1875,77153.65625,76939.15625,42432.61719,46535.85156,48389.09766,42295.90625
O60443,25089.86719,22551.0918,23368.03711,20560.75,23822.83203,21290.64063,20777.96094,19703.11719,19459.63086,20884.74609,20542.03516,23180.45508
O60488,22192.10547,22643.8418,21956.40234,24596.36719,21268.09961,20340.02539,18016.56055,20183.56836,113403.8672,122963.0781,125743.5391,131222.6719
O60493,125293.5781,104749.8203,111939.5547,128129.7734,118950.4063,102313.1016,102026.0156,107280.6328,35701.59375,38925.06641,34425.25391,44093.82031
O60499,19712.58008,19840.0957,14461.03223,18319.48242,16593.58984,11793.01563,18880.90039,15816.17773,153071,152231.7656,154153.5469,150726.4219
O60502,39818.99219,41074.62891,41721.97656,42233.59766,39964.95703,43773.11328,40532.73047,43106.35547,26687.10352,27851.30078,26134.09766,29349.0957
O60504,34878.76953,34765.71094,33666.69922,32925.34375,36681.5625,31944.34766,33640.38672,31791.17188,29871.41797,20061.38086,27595.78906,34276.39453
O60506,42359.58594,41638.83203,42998.07813,43974.875,42988.23828,36627.73828,40545.07031,41148.67969,7664.623535,6279.927246,11668.6416,17089.03906
O60508,23482.96289,22960.59766,21294.17773,22482.12891,21156.47656,23221.98828,23569.4043,21625.38281,28118.06445,29678.87891,28264.20508,26966.94336
O60518,24872.74414,25384.85742,24335.0918,25087.47266,27438.75195,26588.16797,25856.80664,25230.78906,59260.33984,62375.71484,66825.23438,58058.94531
O60547,17154.39648,14207.34668,14354.37598,13632.36621,18882.75781,14466.60645,11249.61719,13566.29004,54026.61328,53512.38281,56322.86719,54746.99609
O60563,48822.24609,47601.19531,49796.31641,48647.82031,49543.86719,49607.03516,52028.28516,47320.24219,7257.522461,10141.33984,6709.223633,7259.131348
O60566,19758.51367,21846.69531,19252.27539,20779.39063,18541.51172,19266.38281,20542.1875,18751.60547,15504.91797,15839.9248,15869.88574,14796.89844
O60568,7098.984375,5856.866211,5436.768555,2628.12915,4078.261963,4452.034668,7152.331055,3371.329346,41994.25781,42865.53906,43630.02344,39588.53906
O60610,36183.8125,37340.62109,35842.39844,36901.07031,33244.04688,33858.44531,32456.65039,32145.37695,21883.66992,28227.11133,30177.86523,31524.52344
O60645,31670.4707,33603.20313,30034.33789,30308.89258,31158.07813,34822.83203,30509.81836,31323.80859,16186.30664,17352.13086,20651.29297,20253.27539
O60664,49471.66406,46241.3125,45831.34375,46171.23828,42733.80859,37870.32813,38589.29688,38893.47656,100541.9844,106015.7422,106994.0547,107799.5781
O60671,14778.70117,14820.18457,10572.70605,17396.45508,13502.43066,18681.76758,19496.18359,19509.04883,31554.29883,31854.32422,26241.74805,33919.77344
O60675,55190.65625,55132.98438,59844.32813,53585.64453,75773.03125,69255.48438,73050.78906,73284.38281,8856.933594,10526.79883,10899.53223,13362.24805
O60678,10085.08594,8003.549316,7522.755859,9636.94043,8325.430664,9166.162109,8253.885742,7010.978027,5277.717285,5629.481445,5822.70752,13118.57324
O60684,65979.00781,70790.46875,66519.82031,65819.82813,62814.57422,67923.14844,63260.66797,64459.08594,37211.71094,37623.46484,34621.92578,39412.69141
O60701,42845.17578,39235.59766,39760.58203,40147.0625,36758.71094,30508.58203,32585.94922,32078.47266,14264.96289,13143.78711,12484.86719,13894.92578
O60716,37319.85156,37567.55469,37836.83203,38837.41016,38813.33594,37481.92188,36837.26563,35836.32813,44706.24219,42096.48047,44234.36328,45075.15625
O60749,23788.96484,20407.95703,21229.85547,21141.18359,22624.17188,20074.84766,19750.22461,19655.24219,113186.5625,88385.35156,84511.53125,92913.95313
O60762,23609.43359,23371.04102,10971.23926,14613.75586,17309.22266,21014.16406,12877.45313,10116.50098,66850.30469,66229.34375,67371.03906,72549.39844
O60763,28737.31836,29185.24414,27301.69727,27656.28711,25670.09961,27687.03906,27393.37305,26766.15234,59928.31641,59826.08594,61342.71875,63168.41016
O60765,3453.108398,1588.296021,3057.318848,2157.356689,3184.374023,2550.140137,2576.469727,3288.756104,29378.04883,30947.09766,39601.25,30498.97656
O60825,17751.07227,17993.42188,17266.60742,17515.86133,15060.11426,17067.66602,16197.3418,15406.44238,8638.727539,16189.39258,12383.63965,17389.65625
O60826,22369.91016,18347.42773,19734.48047,16242.32422,20909.98047,19216.88867,15841.55078,17279.0332,27474.22656,30233.25,27151.79883,15139.01367
O60828,83436.90625,77726.71094,84229.5,89961.64844,99699.99219,85284.71875,79195.91406,84353.01563,21549.01367,20131.66797,20898.64648,21052.37891
O60832,59533.12891,61041.01563,61880.9375,63626.90234,58457.32031,64505.97266,60452.98438,62660.19531,12530.37891,14901.62207,12906.71484,16664.69727
O60841,31543.0625,33182.35156,33328.30469,31953.32422,29256.65039,29572.28711,28592.39844,27198.77539,8775.091797,26269.375,21719.88086,35102.27734
O60869,67410.1875,64115.94141,66063.92969,72196.24219,55035.73438,48816.07031,56252.32813,51131.17578,56820.14844,59681.04297,58821.82031,63234.09375
O60870,25084.62695,19880.83398,19405.14258,17576.55859,23727.16992,22558.63086,20048.83594,21181.07422,66297.83594,70052.83594,65813.36719,70301.21875
O60884,53641.53125,51467.47656,52391.33203,55730.86328,53340.33984,53728.625,52034.79688,55005.89453,25265.36133,23375.83789,24538.99023,26627.87109
O60885,48580.74219,48478.75,46996.55469,52845.01953,53979.98828,49017.99219,46731.71875,48281.00781,22801.59375,3988.793701,11309.09863,20005.37695
O60907,36237.26953,34684.62891,34583.71875,32735.24414,36417.36719,35857.21094,36304.55078,37950.45703,19135.95313,20531.42188,22809.02344,21457.70117
O60921,121291.9609,248759.9844,166722.625,233694.0625,106325.7031,202543.7813,214006.2656,218833.25,39522.53906,43208.37891,40866.32813,55173.25
O60925,20435.19531,23185.68164,21188.18945,22383.93359,19107.67188,16453.6543,16131.85352,16722.35156,16710.6582,17163.13867,16448.2793,14968.30957
O60927,30422.48047,26504.72461,28310.80664,30877.10156,24193.28516,20101.85742,23412.33203,24109.43359,19257.41602,19055.45117,18940.39844,20598.93555
O60934,38585.88281,35983.05078,36798.86328,36505.78516,35179.41406,33782.35938,34142.87109,33352.28906,52763.17188,56665.73047,54712.09375,54386.55078
O60936,16299.01758,19978.25391,19091.34961,18525.97852,20016.4082,20261.32422,23423.08008,20668.16016,28437.02539,27793.05469,26725.73047,30192.63477
O60942,43667.19531,41743.17578,43608.67969,43286.04688,44952.11328,41919.55078,44078.88281,41919.41797,38978.02734,38011.02344,37294.22266,34581.72266
O75052,15987.5459,11788.5127,13025.39746,10873.47852,17774.83398,9887.191406,8114.980957,8686.321289,19472.23047,13568.33203,15271.27734,16176.5752
O75083,33581.66797,34433.12109,34075.05078,34820.12109,33110.28516,34443.27344,34481.07031,34383.28516,37399.67578,38267.60156,42504.91797,39296.62891
O75113,2319.87793,18679.54688,17485.25977,11573.45898,17934.01758,30877.17383,38045.17188,28464.43555,21671.13672,28014.90234,19169.66406,23449.79492
O75116,35920.58594,37229.14453,35259.22266,35675.57813,34866.51953,34133.58984,33037.76172,32433.07031,423751.5938,470856.375,489406.75,479726.2813
O75122,17380.35938,16679.40234,15757.78613,16096.01953,18463.69727,15807.01172,13966.75391,15002.01465,12146.83789,13231.64063,12582.2373,13059.4375
O75128,25501.43359,25464.47656,24208.2832,24367.73438,26210.58789,22509.95508,21845.08203,22341.01758,19210.49805,21475.4375,20379.32813,20605.95703
O75131,34253.62891,35935.13281,33262.51563,33413.38281,34784.68359,34714.1875,33098.79688,33121.61719,9632.944336,16458.55469,13296.33203,18006.99609
O75146,32961.23828,31178.2832,31734.17773,33460.19141,36228.54297,34397.23438,35856.28906,30955.54883,52816.98828,51187.91406,53987.89844,43171.00781
O75147,20439.69531,19776.43359,20860.89648,19677.41016,26446.04492,20373.97656,18524.20703,20059.96289,39563.38281,42703.54297,42841.39453,40818.89844
O75150,35057.01563,34695.85156,33448.88281,33539.04688,35545.125,34949.94141,35324.20313,32556.90625,69463.20313,74930.9375,75098.16406,67966.40625
O75151,14486.26367,14248.15723,13321.99023,11516.12988,15084.0918,14540.40332,14266.46484,10533.65137,53431.81641,53715.54688,54293.38281,51347.45703
O75152,43982.46094,44823.87109,44070.98828,45196.64453,44796.32422,45653.35547,46805.46484,44521.96094,11810.00586,17073.48242,17378.89648,14421.45703
O75153,10486.43652,10658.50391,12572.93262,10665.41406,9776.316406,10813.01465,8238.428711,8878.424805,19298.53711,19440.45313,19666.1875,21519.48633
O75164,17753.48242,18164.03516,16671.46875,22180.98047,15659.43262,17778.72461,16285.37988,15417.18652,20653.44336,19827.93164,18097.20117,16511.95703
O75165,18233.24023,18527.93945,16601.71094,17478.66211,19049.70117,16813.47266,16451.50977,15109.98926,36170.89063,31403.35742,54859.375,49381.79297
O75170,2423970.75,4022655.75,2315141.25,3618069,3875663.25,4814619,4751687,4784639.5,47416.65234,44260.18359,44461.28125,50417.49219
O75175,40225.70313,40685.37891,47627.77344,45335.82031,34419.5,38193.62109,44105.99609,45227.67188,45427.26172,49443.48828,48633.13281,47686.58594
O75179,27459.22852,26324.10156,25936.73633,25116.74219,20118.47852,26210.35742,26311.20117,22118.4707,29922.875,30117.16797,27279.875,32415.01563
O75182,34793.13281,35500.49609,36565.21094,35115.52734,29294.95898,35478.95703,34184.59766,33502.16797,32808.89453,30979.56641,30934.35547,33312.77734
O75190,44609.13281,42385.26172,43435.99219,42031.6875,44229.76172,42922.76172,43334.61328,36019.84766,42354.19922,47955.71484,48862.29688,30682.13867
O75223,22240.98828,22218.24219,17036.8125,18309.58984,20363.70313,19561.38477,19325.6582,19715.37695,138168.5313,144579.2969,140747.9531,141132.9219
O75312,19125.33984,17824.88477,17588.46875,15776.39941,15982.35352,14462.96875,15474.91797,14549.68652,42033.99609,41930.14844,43143.25781,45037.32813
O75319,31444.17578,23730.9375,22326.60547,25267.05273,33651.42969,21106.44531,20738.90625,20220.88281,5418.67334,4954.875977,6623.454102,6111.821777
O75330,27488.94336,14987.28711,24671.32813,23451.23633,25187.65234,19285.87891,20928.48438,18021.17969,24684.6543,24660.4668,26555.0918,23865.83008
O75340,27059.68164,21049.66211,24859.22656,27031.66602,27039.80469,20608.18945,25586.94336,25650.83008,17099.85547,17056.23828,16706.30859,14968.62207
O75347,54906.22266,45923.47266,51884.85938,49149.56641,56634.11328,41636.87891,48360.01563,45375.32422,6461.26123,6507.979492,4425.82959,5780.594727
O75348,19248.67969,18131.94336,15236.00098,13816.73926,15450.91113,16141.60254,13315.27637,11798.51758,102319.9297,97026.07031,104767.625,94370.78906
O75351,44027.66406,42432.61719,46535.85156,48389.09766,42295.90625,44134.85938,49130.91016,48720.67969,86346.65625,99450.72656,96180.98438,105755.9375
O75362,21978.26758,19459.63086,20884.74609,20542.03516,23180.45508,21984.35938,23865.81641,22533.00781,16428.99609,15606.04004,18744.99805,16242.7998
O75367,125950.1328,113403.8672,122963.0781,125743.5391,131222.6719,123438.8359,130668.3516,127962.75,49772.16797,48111.36328,48202.17969,48500.16016
O75368,47940.52344,35701.59375,38925.06641,34425.25391,44093.82031,28458.19922,29193.92578,25957.84375,12396.37012,10719.21875,9334.101563,8497.875977
O75369,151224.3906,153071,152231.7656,154153.5469,150726.4219,152645.9844,152414,153471.625,15649.36523,13473.29492,16243.98145,11576.38965
O75376,29538.60938,26687.10352,27851.30078,26134.09766,29349.0957,28180.79492,30784.50586,29615.98438,43589.69141,58784.69531,59087.30859,64862.80469
O75382,26762.49219,29871.41797,20061.38086,27595.78906,34276.39453,41897.94141,26337.17773,32461.35938,52773.19922,42547.47656,45876.78125,39815.64453
O75390,6419.556641,7664.623535,6279.927246,11668.6416,17089.03906,9755.543945,8802.362305,11344.45996,37098.98047,35872.46484,26862.15234,37762.53906
O75391,30041.41992,28118.06445,29678.87891,28264.20508,26966.94336,26703.72266,25857.20898,26350.52539,25771.03516,28401.09375,27357.51367,25436.87109
O75396,66303.28125,59260.33984,62375.71484,66825.23438,58058.94531,56867.76563,51930.21875,55574.67188,49456.04688,49265.51172,51003.23047,52388.58594
O75400,51901.98438,54026.61328,53512.38281,56322.86719,54746.99609,57848.66797,56831.57813,57949.125,8967.552734,8635.807617,6746.397949,11329.43066
O75410,7250.902344,7257.522461,10141.33984,6709.223633,7259.131348,7928.291504,4256.050781,5769.790039,22638.72852,21722.38086,22955.98633,18594.02734
O75419,15271.66016,15504.91797,15839.9248,15869.88574,14796.89844,15530.41211,13929.8252,13769.98438,35801.78516,35450.9375,35738.41016,39377.88672
O75436,44005.84375,41994.25781,42865.53906,43630.02344,39588.53906,40565.91016,38421.72656,34955.99609,32655.69922,31625.7168,38062.26563,32300.96484
O75446,29973.49609,21883.66992,28227.11133,30177.86523,31524.52344,22838.53906,19445.78906,18429.09961,47291.61719,53465.28516,50776.33984,54821.98047
O75448,20488.46094,16186.30664,17352.13086,20651.29297,20253.27539,17305.63867,14781.73633,12684.86816,27770.02344,24174.57031,25730.81445,26744.87109
O75475,104465.3438,100541.9844,106015.7422,106994.0547,107799.5781,101578.4922,105329.4453,104881.1797,14408.10449,10932.26563,13417.91602,12984.78906
O75494,30525.87109,31554.29883,31854.32422,26241.74805,33919.77344,32771.74609,30109.50781,25777.22266,23360.06641,20711.32813,21513.11328,32062.54492
O75496,11295.48047,8856.933594,10526.79883,10899.53223,13362.24805,10900.21875,9427.203125,8638.720703,65354.25781,66308,78213.01563,82926.64844
O75521,4354.268555,5277.717285,5629.481445,5822.70752,13118.57324,6493.486328,5253.820313,6166.066895,47885.03906,48785.30859,49302.15234,51623.90625
O75528,33506.79297,37211.71094,37623.46484,34621.92578,39412.69141,40468.39453,39997.125,43121.17188,57758.94141,57823.81641,58533.25,60403.20703
O75529,11958.90527,14264.96289,13143.78711,12484.86719,13894.92578,11714.07617,13599.37598,9755.370117,19770.98633,19311.99414,19583.66406,19599.95898
O75530,44259.72656,44706.24219,42096.48047,44234.36328,45075.15625,45900.9375,45387.71875,45124.05469,22232.10352,13529.0957,9193.958008,9908.876953
O75531,81297.22656,113186.5625,88385.35156,84511.53125,92913.95313,91815.04688,75157.82813,84257.33594,13509.80664,12044.92969,11065.60059,17033.65625
O75533,68471,66850.30469,66229.34375,67371.03906,72549.39844,69833.76563,68426.4375,66597.38281,20961.93945,18900.47266,20893.46289,17109.74219
O75534,58477.62109,59928.31641,59826.08594,61342.71875,63168.41016,61510.83594,61564.06641,62710.73828,20104.51367,21308.44141,18702.73438,22851.80859
O75554,36077.1875,29378.04883,30947.09766,39601.25,30498.97656,28724.35547,26823.06055,28791.55469,22144.18359,20444.83789,21215.56055,20625.4043
O75569,19911.84766,8638.727539,16189.39258,12383.63965,17389.65625,6262.27002,4874.193848,4447.188477,26603.99219,27299.31836,26793.83594,28119.03906
O75586,28831.63086,27474.22656,30233.25,27151.79883,15139.01367,23567.5625,26703.28711,25537.78125,66173,61270.6875,62653.97656,61995.80859
O75592,23679.55664,21549.01367,20131.66797,20898.64648,21052.37891,20468.78516,19075.24219,17731.02734,2640.199707,11719.4043,10692.9082,18384.41797
O75607,16904.44727,12530.37891,14901.62207,12906.71484,16664.69727,14004.2041,14516.99414,11066.61133,54714.65234,59737.39844,60495.24609,63930.90625
O75608,36580.05469,8775.091797,26269.375,21719.88086,35102.27734,13711.66211,13941.25,14562.94629,35057.85547,42034.89453,35181.38281,35922.96094
O75643,59457.81641,56820.14844,59681.04297,58821.82031,63234.09375,61714.26172,62053.09766,62230.79688,9285.407227,11938.85645,11503.39453,11399.80078
O75663,71968.90625,66297.83594,70052.83594,65813.36719,70301.21875,60840.10156,64607.56641,62290.5,30638.86133,29729.37305,31416.61523,30731.92383
O75665,23726.74219,25265.36133,23375.83789,24538.99023,26627.87109,27357.53125,25089.73828,22505.18164,26177.22461,30190.38477,22955.70898,31204.57227
O75674,24046.09375,22801.59375,3988.793701,11309.09863,20005.37695,16479.4082,15223.83105,9574.579102,33562,25349.11523,29888.76758,31006.58789
O75676,21911.2207,19135.95313,20531.42188,22809.02344,21457.70117,17456.72266,19257.6875,17248.93945,37374.63672,30621.57422,32889.50391,29936.81836
O75683,45015.07031,39522.53906,43208.37891,40866.32813,55173.25,40611.60547,41813.73828,42857.71094,35034.3125,35613.28906,36196.83203,33674.33203
O75688,17109.48047,16710.6582,17163.13867,16448.2793,14968.30957,13212.86816,16658.26172,12732.13086,11942.65625,9791.853516,9077.023438,11539.41406
O75691,19071.71484,19257.41602,19055.45117,18940.39844,20598.93555,21524.11133,19762.01758,19610.55664,20974.27539,22800.08984,23343.19531,23347.41211
O75694,55595.82813,52763.17188,56665.73047,54712.09375,54386.55078,53073.30078,53697.73828,53212.23438,22735.97266,3158.309326,19059.14063,10554.63477
O75717,26844.23438,28437.02539,27793.05469,26725.73047,30192.63477,29932.36133,28488.10742,28845.74609,27101.0293,24083.44141,22672.25781,24689.2207
O75764,36864.99219,38978.02734,38011.02344,37294.22266,34581.72266,37528.28516,40331.52734,38479.42188,38375.32031,35779.63281,38044.95313,43551.44922
O75781,15827.08691,19472.23047,13568.33203,15271.27734,16176.5752,15283.98438,15319.74414,13364.32129,30127.72852,27098.25781,26472.2207,34383.82422
O75792,39498.17188,37399.67578,38267.60156,42504.91797,39296.62891,34506.84766,37240.57422,39997.98828,90032.72656,94097.73438,95254.51563,102873.9297
O75794,27261.8418,21671.13672,28014.90234,19169.66406,23449.79492,10867.5791,11805.45898,15032.19922,20486.41016,21198.05469,21900.78516,24228.52344
O75795,439035.9063,423751.5938,470856.375,489406.75,479726.2813,437995.9063,541705.125,503309.4688,27575.65625,27884.98438,27062.74219,29043.3457
O75815,12881.36426,12146.83789,13231.64063,12582.2373,13059.4375,12567.02539,13571.71191,11576.09668,15387.84961,15729.40527,15899.2793,14304.48242
O75818,19540.73633,19210.49805,21475.4375,20379.32813,20605.95703,18075.88477,15812.64258,22275.01758,24921.78711,23214.10352,23123.1875,23921.62891
O75820,13749.80078,9632.944336,16458.55469,13296.33203,18006.99609,13519.90723,12460.59863,13984.2627,31520.67773,32013.51953,29608.96289,34122.37109
O75821,51377.23438,52816.98828,51187.91406,53987.89844,43171.00781,44709.23047,35924.59375,42190.32031,23212.60156,20765.78711,30657.07617,25411.46094
O75822,47077.36328,39563.38281,42703.54297,42841.39453,40818.89844,34692.25391,34003.19531,33483.36328,30130.67188,29039.21875,26008.08984,22678.01367
O75828,81535.33594,69463.20313,74930.9375,75098.16406,67966.40625,65895.20313,63436.47266,64013.65625,21845.96875,27413.16602,27875.83008,14214.10547
O75832,53257.46094,53431.81641,53715.54688,54293.38281,51347.45703,53440.19922,52580.04297,52517.97266,29687.14063,29289.35547,32227.70898,34146.17188
O75844,11634.14063,11810.00586,17073.48242,17378.89648,14421.45703,12030.02441,10675.88672,14566.61328,43516.41797,44514.48047,44453.56641,51699.59766
O75874,19536.36133,19298.53711,19440.45313,19666.1875,21519.48633,19140.88867,19967.51563,18855.99414,11887.37207,12047.3584,10766.99316,6224.325195
O75884,18841.38867,20653.44336,19827.93164,18097.20117,16511.95703,18724.31836,16327.00195,14638.66016,62697.79688,60554.86328,65116.34375,58625.19141
O75886,46661.10547,36170.89063,31403.35742,54859.375,49381.79297,32540.28906,29106.1875,38138.92969,42736.90234,39934.41797,38604.61328,40375.15234
O75909,52376.26563,47416.65234,44260.18359,44461.28125,50417.49219,51389.92188,47186.66797,38222.21094,31909.28125,32192.34961,31223.19336,31857.23047
O75915,50258.58984,45427.26172,49443.48828,48633.13281,47686.58594,45329.60547,49512.82813,48844.26172,4027.057373,6359.251465,8768.755859,4065.838379
O75925,27991.19922,29922.875,30117.16797,27279.875,32415.01563,26643.45313,25870.3457,24823.95313,16570.57422,18023.19922,15218.59766,25188.80078
O75934,35371.10547,32808.89453,30979.56641,30934.35547,33312.77734,31392.9082,32331.58203,32523.08008,17983.89453,18249.49023,17384.58203,16818.55664
O75935,32942.8125,42354.19922,47955.71484,48862.29688,30682.13867,42467.41016,39406.92578,33288.55859,13139.33203,12363.20703,18411.65234,14242.37891
O75937,145782.2031,138168.5313,144579.2969,140747.9531,141132.9219,135821.1406,145438.9219,147629.8125,48209.46484,46762.89844,49563.51563,48432.86719
O75940,43231.19922,42033.99609,41930.14844,43143.25781,45037.32813,42603.54688,41920.67188,42795.46875,41772.78906,42268.85547,42555.68359,38859.25391
O75943,5641.746582,5418.67334,4954.875977,6623.454102,6111.821777,2222.533936,4690.171875,3394.61499,28723.79688,29002.29883,28632.65234,28162.19922
O75955,26648.85352,24684.6543,24660.4668,26555.0918,23865.83008,20870.52344,19427.75195,19397.91992,33516.70313,30436.50781,38208.99609,41687.91016
O75962,16031.7002,17099.85547,17056.23828,16706.30859,14968.62207,17091.12305,16217.72363,16875.89258,14981.15723,14335.54688,13735.77051,17204.95313
O75970,5330.726074,6461.26123,6507.979492,4425.82959,5780.594727,8500.099609,19700.63281,21039.91797,21138.07617,20969.20117,21025.29883,22545.13477
O76003,97833.67188,102319.9297,97026.07031,104767.625,94370.78906,98431.54688,104519.4453,105182.6719,5454.308105,6168.724121,5250.117676,7124.826172
O76021,102587.4453,86346.65625,99450.72656,96180.98438,105755.9375,90501.42188,92834.26563,93745.28906,40373.48047,40091.48828,40626.11719,37610.54297
O76027,15790.63672,16428.99609,15606.04004,18744.99805,16242.7998,17090.92188,12576.04199,15269.84668,26226.20508,29971.44141,29132.76953,30032.04688
O76071,46547.39844,49772.16797,48111.36328,48202.17969,48500.16016,47819.23047,46781.39063,48936.16016,12992.9668,14797.24121,6508.458984,12304.94629
O76080,12745.33594,12396.37012,10719.21875,9334.101563,8497.875977,15287.93848,12847.49316,11910.06152,56611.59375,56017.76563,55324.77344,55228.67969
O76094,14300.97363,15649.36523,13473.29492,16243.98145,11576.38965,13307.9873,10470.78418,8648.679688,30498.4707,29954.66016,33063.61719,29457.85938
O77932,46950,43589.69141,58784.69531,59087.30859,64862.80469,48674.69531,68586.24219,42199.1875,34010.3125,30466.70508,32648.80859,36262.96484
O94761,40591.16016,52773.19922,42547.47656,45876.78125,39815.64453,45011.03906,60030.30078,55394.58203,33524.27344,33045.0625,33174.21875,29018.77539
O94762,39538.65234,37098.98047,35872.46484,26862.15234,37762.53906,33631.36719,38332.3125,32940.48047,9869.176758,10879.87793,10631.28027,8617.094727
O94763,29403.125,25771.03516,28401.09375,27357.51367,25436.87109,20170.04492,19851.96484,16832.82031,21314.65234,25091.76758,21091.83008,29272.45117
O94776,50024.94531,49456.04688,49265.51172,51003.23047,52388.58594,48449.14063,47380.19922,46535.07813,24352.66602,24205.69922,22867.83008,26853.79297
O94782,10473.45801,8967.552734,8635.807617,6746.397949,11329.43066,9763.174805,9756.532227,10213.38184,21101.97266,22236.45898,22406.36719,22062.91602
O94826,20451.02148,22638.72852,21722.38086,22955.98633,18594.02734,23034.81836,22058.51953,21437.60547,24905.60156,26051.91016,27034.10547,23918.46094
O94842,41448.41406,35801.78516,35450.9375,35738.41016,39377.88672,35928.26953,36396.76563,35954.45703,26409.39453,25379.83789,23746.26367,23202.48438
O94855,34586.55469,32655.69922,31625.7168,38062.26563,32300.96484,33131.88281,29776.2168,27424.35938,18891.3418,20466.22266,27295.19141,17620.12695
O94864,51792.53125,47291.61719,53465.28516,50776.33984,54821.98047,37602.38281,38378.52734,44221.94922,20580.42188,20516.74609,20017.5293,19535.83984
O94868,27029.97461,27770.02344,24174.57031,25730.81445,26744.87109,27887.09766,31422.41016,25476.14453,25082.28711,24957.86719,25284.2168,22834.03711
O94874,13263.88867,14408.10449,10932.26563,13417.91602,12984.78906,6008.42627,8046.495605,8244.72168,11709.93359,9704.384766,10229.20703,11469.89746
O94880,25416.14453,23360.06641,20711.32813,21513.11328,32062.54492,22827.54297,20537.5,20267.38672,21399.23828,22856.47266,18854.08008,27461.11133
O94888,76691.82031,65354.25781,66308,78213.01563,82926.64844,57915.14453,62616.92188,65820.26563,21541.06641,21697.08789,19236.27734,22844.98047
O94901,49616.62891,47885.03906,48785.30859,49302.15234,51623.90625,51208.94531,52297.48828,48861.98047,27405.20508,35860.58594,29089.76758,32372.96094
O94906,58029.52734,57758.94141,57823.81641,58533.25,60403.20703,62251.83594,60750.98438,60260.79688,25016.41406,24954.82031,27107.02734,29822.47266
O94913,18611.59375,19770.98633,19311.99414,19583.66406,19599.95898,18869.19531,19560.20313,17393.91797,33247.41016,35254.62891,32747.875,33354.63281
O94916,7569.246582,22232.10352,13529.0957,9193.958008,9908.876953,17807.78906,16735.41602,15693.1582,5961.083496,5819.572754,9967.858398,10432.14941
O94927,15596.57031,13509.80664,12044.92969,11065.60059,17033.65625,13186.10254,11315.57227,10103.87109,8061.92041,8589.791016,7422.48291,3011.446533
O94964,21989.39063,20961.93945,18900.47266,20893.46289,17109.74219,21123.47266,19247.32422,19115.30078,13554.31348,15472.69922,12109.62891,12038.28613
O94966,23865.42578,20104.51367,21308.44141,18702.73438,22851.80859,16299.75391,16162.89844,18726.4043,7934.583008,8023.866699,6241.653809,15813.31836
O94967,19027.38672,22144.18359,20444.83789,21215.56055,20625.4043,23311.77539,20539.57227,22335.86328,50725.80469,52111.35156,50796.76563,50514.74609
O94973,26520.88867,26603.99219,27299.31836,26793.83594,28119.03906,25653.2793,26931.15625,25172.89648,21878.52148,20293.60547,20581.90234,18747.12695
O94979,60159.99609,66173,61270.6875,62653.97656,61995.80859,63886.42188,66113.11719,63435.85938,75515.92188,78471.10156,84264.53125,87684.00781
O94986,15892.73047,2640.199707,11719.4043,10692.9082,18384.41797,3473.309814,15052.60254,1480.720093,14251.69434,9915.819336,8010.122559,15465.9375
O94992,56554.48828,54714.65234,59737.39844,60495.24609,63930.90625,57688.35156,60876.80469,63329.58984,36340.22656,34852.90625,36955.98438,37155.39453
O95049,37789.62891,35057.85547,42034.89453,35181.38281,35922.96094,26620.02148,29891.75195,39587.02344,36988.04297,33876.44141,35305.83594,41352.18359
O95067,12940.19238,9285.407227,11938.85645,11503.39453,11399.80078,8883.179688,8269.611328,6782.925781,15107.0957,13086.23438,12694.35352,17492.39063
O95071,32605.79297,30638.86133,29729.37305,31416.61523,30731.92383,30887.70703,30964.2793,31086.52734,74212.46875,72474.27344,73428.17969,64398.53125
O95081,28458.40039,26177.22461,30190.38477,22955.70898,31204.57227,18426.64844,23438.42773,19044.33984,57296.51953,55286.3125,55461.46484,59368.89844
O95104,28377.83984,33562,25349.11523,29888.76758,31006.58789,29647.12305,29761.86328,27032.34766,40668.27734,43118.33203,36708.07422,41084.6875
O95149,33783.18359,37374.63672,30621.57422,32889.50391,29936.81836,35756.02344,37674.05078,35553.44531,65318.33984,60573.39063,58901.84375,55158.21875
O95155,36569.01953,35034.3125,35613.28906,36196.83203,33674.33203,33728.96094,31494.30078,32590.07617,28429.54688,26374.16016,28220.19336,26842.13086
O95159,10217.53613,11942.65625,9791.853516,9077.023438,11539.41406,9591.621094,10567.10059,10295.27832,24775.00195,25471.17188,25702.52539,20533.16211
O95163,23191.25,20974.27539,22800.08984,23343.19531,23347.41211,22831.74414,25824.77539,22224.70313,32496.34375,31763.89258,32536.43945,30620.97656
O95166,16770.92578,22735.97266,3158.309326,19059.14063,10554.63477,11391.36035,17798.99609,15651.75195,13437.02637,7150.954102,11874.99609,18817.20117
O95208,24359.15625,27101.0293,24083.44141,22672.25781,24689.2207,25436.9707,27223.24219,24286.94141,23141.29492,27139.60156,24968.01953,31536.3418
O95218,39706.05859,38375.32031,35779.63281,38044.95313,43551.44922,38888.92578,38178.44531,37346.31641,24840.77148,23736.40234,24630.27539,26092.07227
O95229,32768.48828,30127.72852,27098.25781,26472.2207,34383.82422,24925.48828,26069.97266,26434.52539,38906.73828,40145.39063,38870.05859,41330.32422
O95232,95337.25781,90032.72656,94097.73438,95254.51563,102873.9297,92979.70313,97651.60156,97184.60938,8176.071289,5691.373047,2939.498779,5983.324707
O95235,22505.98242,20486.41016,21198.05469,21900.78516,24228.52344,22947.24414,24184.46875,23111.61133,105821.8828,84584.09375,112739.4063,144788.4063
O95239,28688.18555,27575.65625,27884.98438,27062.74219,29043.3457,29753.6582,27953.45508,27120.47461,42764.89453,51857.60938,42286.68359,56639.44141
O95243,13167.22559,15387.84961,15729.40527,15899.2793,14304.48242,15571.74121,15691.01074,12678.22852,36476.57031,30834.83984,33363.29297,26252.57617
O95249,24663.57227,24921.78711,23214.10352,23123.1875,23921.62891,22879.20117,26012.50781,24140.36914,9393.370117,9227.082031,8955.700195,9928.353516
O95251,33901.82031,31520.67773,32013.51953,29608.96289,34122.37109,32661.70313,32872.14453,30757.13672,37708.59766,37714.36719,36709.32422,39499.20313
O95260,33805.62891,23212.60156,20765.78711,30657.07617,25411.46094,27142.61523,25935.43945,27165.83789,15528.5166,13358.57031,12514.97363,16475.05273
O95263,26278.03906,30130.67188,29039.21875,26008.08984,22678.01367,30017.64453,20463.27539,27877.80469,14931.82031,16123.24805,16268.23535,15798.00488
O95273,27497.50391,21845.96875,27413.16602,27875.83008,14214.10547,16668.99805,22415.8457,18114.20898,85466.52344,91518.47656,86721.63281,62488.33203
O95292,33090.20703,29687.14063,29289.35547,32227.70898,34146.17188,26817.38477,24763.99609,26137.26563,62950.69531,59660.61719,63317.85156,57232.37891
O95295,52509.22656,43516.41797,44514.48047,44453.56641,51699.59766,40150.99609,44477.30859,45593.29688,31146.98633,33023.60938,31284.41992,29016.19922
O95302,9491.37793,11887.37207,12047.3584,10766.99316,6224.325195,11629.73828,8996.640625,9850.814453,36232.85938,40583.72656,36136.19531,39113.18359
O95336,70040.5625,62697.79688,60554.86328,65116.34375,58625.19141,54976.68359,51752.67969,45757.14844,25753.00195,27034.1582,28743.82617,24063.53711
O95340,41963.66016,42736.90234,39934.41797,38604.61328,40375.15234,40117.32031,41127.85547,37715.42578,10940.7334,11282.43164,12498.75684,9756.15918
O95347,33645.58984,31909.28125,32192.34961,31223.19336,31857.23047,30788.66406,31784.91797,30251.65625,31758.0293,30721.36914,33070.19531,27259.86914
O95352,7460.552246,4027.057373,6359.251465,8768.755859,4065.838379,7229.875488,8708.933594,9177.964844,135146.4531,137640.5,143984.25,132122.2031
O95359,22463.49609,16570.57422,18023.19922,15218.59766,25188.80078,17755.38672,19007.61719,16587.8457,39032.66016,39515.37891,38942.62109,36934.19922
O95361,17192.42773,17983.89453,18249.49023,17384.58203,16818.55664,18903.9668,19065.79102,19483.54688,319691.7813,365877.5938,369128.9063,326931.25
O95365,11779.71582,13139.33203,12363.20703,18411.65234,14242.37891,14654.33984,15535.95117,15460.16992,54457.02734,55801.84375,58739.84375,55523.625
O95372,47354.60547,48209.46484,46762.89844,49563.51563,48432.86719,43682.82813,44767.57422,43447.30078,62918.69141,82905.78125,92388.82813,95060.02344
O95373,40353.52734,41772.78906,42268.85547,42555.68359,38859.25391,41655.91016,40221.75391,40569.125,37118.41016,30477.125,33244.26563,26076.95313
O95376,28464.18164,28723.79688,29002.29883,28632.65234,28162.19922,28612.99023,29335.80859,27093.72461,5358.583008,6335.317871,5336.567383,10382.39551
O95379,38588.81641,33516.70313,30436.50781,38208.99609,41687.91016,32300.01367,31116.03125,26828.91992,46371.44531,34282.94141,49516.02344,49334.8125
O95382,13401.04395,14981.15723,14335.54688,13735.77051,17204.95313,14602.67969,16223.23535,15689.92969,263864.875,263603.5625,266389.1563,282831.875
O95391,21857.91406,21138.07617,20969.20117,21025.29883,22545.13477,22255.85156,21651.35352,19751.84766,5746.100098,1263.683472,6904.630371,26175.1582
O95394,5867.92041,5454.308105,6168.724121,5250.117676,7124.826172,3854.066406,4686.506836,4180.168457,6555.544434,3647.831055,5601.563965,8150.997559
O95396,41944.84766,40373.48047,40091.48828,40626.11719,37610.54297,42316.62109,39751.42969,43955.30469,5323.806152,14540.95508,9092.139648,29294.49609
O95400,28810.50781,26226.20508,29971.44141,29132.76953,30032.04688,24951.60547,24912.57617,27854.11328,9257.732422,6786.656738,7894.196289,8477.273438
O95425,14747.12402,12992.9668,14797.24121,6508.458984,12304.94629,12180.81738,9240.595703,14929.04004,37014.46094,39479.27734,41823.19531,52408.26953
O95429,45184.40234,56611.59375,56017.76563,55324.77344,55228.67969,53074.55859,52808.35547,52707.88672,63233.69922,64621.12891,66711.8125,56290.37891
O95433,30942.55273,30498.4707,29954.66016,33063.61719,29457.85938,27068.30664,24004.39258,25390.50781,15746.0127,11462.5791,10914.3457,15396.55957
O95453,32581.10352,34010.3125,30466.70508,32648.80859,36262.96484,31583.96875,30908.59766,29102.36523,39131.83594,37873.81641,40113.03516,45286.75391
O95456,33525.72656,33524.27344,33045.0625,33174.21875,29018.77539,27660.13477,26652.21484,24622.42188,60147.02344,66112.22656,59000.49609,69685.29688
O95466,9173.97168,9869.176758,10879.87793,10631.28027,8617.094727,7930.842285,6801.620117,6122.269531,15972.79395,18793.50781,17764.10547,24249.75391
O95470,22366.78906,21314.65234,25091.76758,21091.83008,29272.45117,28413.38477,24820.8125,23466.77344,15026.74512,15112.04297,15205.06543,14105.9209
O95478,25872.53516,24352.66602,24205.69922,22867.83008,26853.79297,22450.23828,26847.45508,26539.26367,168785.0938,170318.9375,180810.2813,138515.3281
O95486,20369.05078,21101.97266,22236.45898,22406.36719,22062.91602,21908.15625,19122.2168,17640.42383,34360.41016,32473.76172,34656.75391,38147.04688
O95487,27937.24023,24905.60156,26051.91016,27034.10547,23918.46094,24289.94531,23564.4082,26576.04883,110486.2578,118566.4844,118964.4063,106072.5703
O95551,23042.57227,26409.39453,25379.83789,23746.26367,23202.48438,20273.57617,19342.03516,17263.28516,24826.65039,21919.80859,22955.14453,23908.99219
O95571,24590.55859,18891.3418,20466.22266,27295.19141,17620.12695,19480.98438,14263.69824,10917.83984,2523.404541,3095.946289,7788.526855,2820.536133
O95573,21207.79688,20580.42188,20516.74609,20017.5293,19535.83984,20052.60742,20206.08789,20940.24805,12744.02051,12288.2793,11579.49707,11580.87793
O95602,24041.50586,25082.28711,24957.86719,25284.2168,22834.03711,25526.30664,24112.89453,24237.03125,9556.042969,9015.820313,6907.695801,12516.98828
O95613,10739.73926,11709.93359,9704.384766,10229.20703,11469.89746,10774.8125,11936.36523,10649.79785,70328.82031,74540.84375,73764.25781,60849.61328
O95619,25418.56055,21399.23828,22856.47266,18854.08008,27461.11133,18811.5918,23276.05469,20874.49805,110675.9219,109037.2656,130791.3359,101633.75
O95625,20306.70313,21541.06641,21697.08789,19236.27734,22844.98047,21382.39648,19672.99609,17151.06836,30206.54492,32316.92188,29916.22852,30816.60742
O95628,35108.58203,27405.20508,35860.58594,29089.76758,32372.96094,30082.63867,24999.72461,23948.58203,170711.7031,179729.8594,181307.3906,194717.8281
O95630,29692.14453,25016.41406,24954.82031,27107.02734,29822.47266,25648.65625,22555.55664,27560.45898,24137.55078,24392.38867,26145.78711,26846.86133
O95639,33959.10156,33247.41016,35254.62891,32747.875,33354.63281,34530.35156,33477.89063,33007.59375,36781.33594,37452.36719,37299.45313,33177.875
O95671,10585.85059,5961.083496,5819.572754,9967.858398,10432.14941,4068.015381,6130.59082,4753.838379,26701.86523,31412.42383,30847.33203,25555.53711
O95707,4038.777832,8061.92041,8589.791016,7422.48291,3011.446533,5112.543457,5343.227539,7071.482422,30568.98242,31502.83203,28766.13672,30244.36914
O95714,10213.75586,13554.31348,15472.69922,12109.62891,12038.28613,14066.45996,14094.10645,12766.79199,18450.29688,12859.2832,12339.08105,19434.97852
O95721,6399.717285,7934.583008,8023.866699,6241.653809,15813.31836,8289.317383,4481.243652,8100.195801,14969.6123,16725.21484,12765.40918,17122.79883
O95747,55619.98047,50725.80469,52111.35156,50796.76563,50514.74609,46453.59766,45558.91016,47653.38672,25665.3418,28994.83398,27093.86914,21122.73633
O95757,21934.56055,21878.52148,20293.60547,20581.90234,18747.12695,20609.92773,19230.70898,18348.29102,6512.515137,5916.642578,5740.546387,5308.531738
O95758,78946.82813,75515.92188,78471.10156,84264.53125,87684.00781,71823.27344,75680.07813,76313.22656,211027.7031,220042.75,214110.0625,213689.625
O95777,14481.4668,14251.69434,9915.819336,8010.122559,15465.9375,13605.22852,12119.35059,7661.452148,13662.70605,15202.69434,35437.24609,14039.43555
O95782,35318.91016,36340.22656,34852.90625,36955.98438,37155.39453,36129.73438,36696.29297,37332.64453,53881.5625,56749.04297,57102.92578,61320.14063
O95785,38536.79297,36988.04297,33876.44141,35305.83594,41352.18359,34481.80859,35413.77734,30857.98047,63793.07813,62791.92969,63118.82031,48932.58203
O95801,15283.83496,15107.0957,13086.23438,12694.35352,17492.39063,11201.77539,11256.03906,12319.94336,20456.29883,21856.55664,20573.56641,18196.96875
O95816,67550.19531,74212.46875,72474.27344,73428.17969,64398.53125,66035.80469,73947.03125,73113.91406,251181.6563,192846.6719,210300.3438,232828.7031
O95817,54344.12891,57296.51953,55286.3125,55461.46484,59368.89844,46330.21094,53131.28516,49486.94141,12934.85938,15397.51465,17991.87305,15001.18457
O95819,15329.51074,40668.27734,43118.33203,36708.07422,41084.6875,32296.91016,26038.0293,37868.00781,12945.3584,11476.60645,11377.14844,16201.13086
O95833,56631.96875,65318.33984,60573.39063,58901.84375,55158.21875,62180.01953,66564.1875,60870.86328,12126.48828,12191.96094,9964.685547,14450.53906
O95834,24255.41992,28429.54688,26374.16016,28220.19336,26842.13086,24969.74414,26252.58594,24299.67773,113876.4922,120811.2813,122902.2813,106187.0234
O95861,25364.38477,24775.00195,25471.17188,25702.52539,20533.16211,22813.02148,21518.63867,21791.10547,28572.11719,26041.90625,30556.25781,28062.22461
O95865,32982.66797,32496.34375,31763.89258,32536.43945,30620.97656,26618.19531,29140.74609,29923.32617,43236.8125,44115.73828,44841.88672,41855.30078
O95872,10606.11035,13437.02637,7150.954102,11874.99609,18817.20117,8823.305664,11673.81934,5431.262695,22199.11719,20616.30078,20843.55469,18165.14648
O95905,25565.4375,23141.29492,27139.60156,24968.01953,31536.3418,3980.246826,11038.2793,11103.01172,18195.20703,17503.16797,19891.375,15984.81348
O95926,24540.38477,24840.77148,23736.40234,24630.27539,26092.07227,26091.9668,26126.19336,25838.70117,324208.4375,346906.3438,366074.2188,424659.1875
O95983,42238.73438,38906.73828,40145.39063,38870.05859,41330.32422,37775.42969,35391.82031,35102.93359,454840.1563,481827.8125,490285,603983.9375
O95989,7298.70459,8176.071289,5691.373047,2939.498779,5983.324707,5041.333496,1829.973633,5210.173828,18788.83398,21198.42969,37631.01953,19801.92773
O95997,103931.9609,105821.8828,84584.09375,112739.4063,144788.4063,177985.7969,176587.3125,211745.3281,21122.46289,18290.02734,20368.68359,19298.71289
O96006,57105.23047,42764.89453,51857.60938,42286.68359,56639.44141,47578.45703,50598.11719,39995.89063,29408.1582,26638.30273,30322.92773,31999.63672
O96013,36482.29297,36476.57031,30834.83984,33363.29297,26252.57617,28947.12305,27351.04492,27820.43164,80760.60156,76820.21875,79245.85938,71700.60938
O96017,9119.74707,9393.370117,9227.082031,8955.700195,9928.353516,10166.07031,8641.580078,8907.546875,75729.47656,76505.17188,79328.52344,72777.76563
O96019,43827.59766,37708.59766,37714.36719,36709.32422,39499.20313,35254.05469,35887.22656,34562.47656,96351.54688,96464.96875,103456.3906,102763.9219
O96028,16264.17969,15528.5166,13358.57031,12514.97363,16475.05273,12530.16992,13425.62207,11835.26563,80383.75781,86431.60156,83445.875,71926.57813
P00167,14928.51074,14931.82031,16123.24805,16268.23535,15798.00488,13759.73242,15418.66406,14778.92383,145937.9375,142976.9688,153281.2656,139557.9063
P00338,87808.63281,85466.52344,91518.47656,86721.63281,62488.33203,59958.53516,60302.27344,59629.48828,23749.99805,23009.77539,23217.48828,19186.16406
P00374,59228.96094,62950.69531,59660.61719,63317.85156,57232.37891,56571.1875,55518.45313,59061.42969,129135.3984,132182.0469,141471.0625,96822.57031
P00390,32527.10156,31146.98633,33023.60938,31284.41992,29016.19922,28660.96875,26617.71484,30037.53516,14499.12988,12236.32422,12839.67969,14654.41016
P00441,45943.38281,36232.85938,40583.72656,36136.19531,39113.18359,29128.24023,37028.72656,34139.35547,333587.5313,321638.125,345892.0938,417084.0313
P00491,27969.95508,25753.00195,27034.1582,28743.82617,24063.53711,23676.30078,26126.71484,28426.92578,44062.53906,47980.02344,48287.16406,46782.26172
P00492,13988.40625,10940.7334,11282.43164,12498.75684,9756.15918,7685.447754,9798.365234,11263.96875,395175.0625,368891.25,406547.1563,435574.4375
P00533,31741.75195,31758.0293,30721.36914,33070.19531,27259.86914,27544.88477,26874.61133,25899.80273,26847.12695,31624.56641,29222.27344,34455.60156
P00558,137429.5625,135146.4531,137640.5,143984.25,132122.2031,124323.3906,130150.7422,128444.1875,37812.59375,39112.26172,40175.35547,26366.22266
P00568,38828.72656,39032.66016,39515.37891,38942.62109,36934.19922,34997.1875,39840.94141,36989.82031,28197.9375,28590.41992,27214.63477,34062.22266
P00742,435622.5625,319691.7813,365877.5938,369128.9063,326931.25,289538.5938,316837.4688,305294.1875,87996.67188,99084.16406,175489.2344,95856.64063
P00966,64194.78516,54457.02734,55801.84375,58739.84375,55523.625,50206.1875,52434.82031,52270.29688,37994.07422,37315.02344,36771.17578,28186.6543
P01100,102581.0469,62918.69141,82905.78125,92388.82813,95060.02344,8747.375,89348.46875,10707.35059,158426.2344,161560.5625,169373.2813,169235.5625
P01889,36917.71875,37118.41016,30477.125,33244.26563,26076.95313,19275.84961,16739.77734,19626.66602,13565.19336,14539.95898,14729.08203,19574.35156
P02533,4420.984863,5358.583008,6335.317871,5336.567383,10382.39551,8063.553711,5964.949707,4056.534912,116716.1641,116797.9375,127416.0313,102577.4453
P02538,56345.62891,46371.44531,34282.94141,49516.02344,49334.8125,30253.20898,26687.72461,27037.00977,13167.48926,12022.9541,14753.14355,14564.16797
P02545,278362.5,263864.875,263603.5625,266389.1563,282831.875,275422.875,275467.75,275982,558492.875,570691.375,587161.75,542804.5
P02675,2862.446533,5746.100098,1263.683472,6904.630371,26175.1582,22723.96484,13473.38379,11568.44531,171236.9688,167554.4531,179263.6719,177460.7031
P02679,4852.243164,6555.544434,3647.831055,5601.563965,8150.997559,13998.68164,10155.5625,9416.629883,49994.64453,49069.25391,50064.67578,39729.91016
P02751,43985.89063,5323.806152,14540.95508,9092.139648,29294.49609,76922.58594,61688.96094,56271.92188,103420.2734,106662.1953,105729.1094,101691.4375
P02765,6865.246094,9257.732422,6786.656738,7894.196289,8477.273438,21653.2207,15157.68945,9705.445313,181192.2188,186740.3125,184956.125,184385.8281
P02768,47352.22656,37014.46094,39479.27734,41823.19531,52408.26953,97077.63281,77536.30469,80406.60938,47401.56641,58540.38672,58363.38672,57909.41016
P02786,62719.65625,63233.69922,64621.12891,66711.8125,56290.37891,59635.65234,59614.57422,62590.33203,11727.32617,9273.992188,10050.91309,8902.138672
P02792,12208.83789,15746.0127,11462.5791,10914.3457,15396.55957,8969.801758,10387.60449,7896.532227,83150.17969,81226.02344,83556.64063,110283.2578
P02794,38805.73438,39131.83594,37873.81641,40113.03516,45286.75391,38595.27734,37330.37109,38083.24609,34871.6875,35695.33203,38611.38281,33647.44922
P02795,69581.5625,60147.02344,66112.22656,59000.49609,69685.29688,72798.99219,72086.22656,67437.09375,10941.88086,11835.76172,4394.984375,17108.7793
P04040,22148.57617,15972.79395,18793.50781,17764.10547,24249.75391,15501.47949,15844.95996,14722.76855,35621.91016,41873.60938,43551.07031,48542.50781
P04049,15909.03418,15026.74512,15112.04297,15205.06543,14105.9209,12856.50098,16689.2168,15340.03711,28856.34375,28982.06055,30847.26953,28547.13867
P04075,178925.9219,168785.0938,170318.9375,180810.2813,138515.3281,136010.4844,138794.5313,132569.5938,27526.64063,26394.6875,27999.14453,26053.64844
P04080,36953.16797,34360.41016,32473.76172,34656.75391,38147.04688,30050.26563,30667.95703,28304.87109,27718.60156,29222.61328,28231.56836,25532.73047
P04083,121027.4922,110486.2578,118566.4844,118964.4063,106072.5703,100850.1016,103932.2266,104178.7031,198383.8906,200365.1719,201142.7031,200614.2813
P04150,22062.47656,24826.65039,21919.80859,22955.14453,23908.99219,22922.70898,23878.60547,23321.2793,19719.7207,20470.79102,17620.19727,18368.00391
P04181,3058.565674,2523.404541,3095.946289,7788.526855,2820.536133,2755.82251,4072.866943,5920.366211,17942.79297,15734.12109,17056.08984,17114.54883
P04183,12944.24023,12744.02051,12288.2793,11579.49707,11580.87793,11921.01953,12276.21289,12490.99805,27283.64063,24448.75391,29900.48828,25900.77734
P04264,8280.048828,9556.042969,9015.820313,6907.695801,12516.98828,9345.623047,5040.744141,8524.432617,338275.9375,321626.4688,331365.0625,267307.9688
P04406,80019.88281,70328.82031,74540.84375,73764.25781,60849.61328,55797.3125,59030.44141,53709.63672,2906.97876,5067.697754,3572.465576,8295.650391
P04439,120447.9766,110675.9219,109037.2656,130791.3359,101633.75,97284.78125,84304.10156,86822.39063,45060.17188,48753.39453,50580.47266,42680.82813
P04632,31141.23242,30206.54492,32316.92188,29916.22852,30816.60742,27299.20898,28428.0332,26674.73047,109048.4063,107318.0391,110715.6875,122403.3906
P04792,192437.1094,170711.7031,179729.8594,181307.3906,194717.8281,168108.1094,174417.9063,185365.2344,41897.64453,47249.25,43438.24609,48933.40625
P04818,28270.14844,24137.55078,24392.38867,26145.78711,26846.86133,24089.06055,24315.8457,22914.41016,237792.1563,243660.4063,243948.2656,271780.9688
P04843,37156.47266,36781.33594,37452.36719,37299.45313,33177.875,33417.41016,33626.25,32124.3125,40688.66797,43535.125,49035.91406,65925.91406
P04844,29060.53711,26701.86523,31412.42383,30847.33203,25555.53711,22160.97656,23152.53516,23276.45898,129766.2344,133371.7969,137740.4219,143762.9063
P04899,33740.51172,30568.98242,31502.83203,28766.13672,30244.36914,26242.50586,27812.31055,24896.80859,55578.75781,63718.38672,63068.48438,49365.25391
P04908,17419.82422,18450.29688,12859.2832,12339.08105,19434.97852,11652.83594,15703.55664,8489.639648,54445.54297,58363.18359,59501.63281,57521.57813
P04920,18613.57227,14969.6123,16725.21484,12765.40918,17122.79883,12535.86133,12446.65137,11821.69434,17732.24023,15081.56055,17812.62695,21491.98047
P05023,28550.59766,25665.3418,28994.83398,27093.86914,21122.73633,20460.10156,20625.22656,21609.80273,38230.09375,36234.70313,43126.25,34331.85156
P05091,24880.83008,6512.515137,5916.642578,5740.546387,5308.531738,4236.490723,5493.625,5636.633789,91249.64844,99914.02344,99151.57813,104704.3672
P05114,213566.9063,211027.7031,220042.75,214110.0625,213689.625,217984.2188,225242.4688,209402.8438,16407.89258,15464.94531,15669.13672,20935.83789
P05141,15709.75195,13662.70605,15202.69434,35437.24609,14039.43555,8759.837891,11199.91016,4426.297852,113215.0859,87659.28906,92589.05469,105222.7266
P05161,59405.48438,53881.5625,56749.04297,57102.92578,61320.14063,51046.29297,53161.36328,51256.08203,8241.128906,9383.966797,7856.188477,7040.002441
P05187,62909.86328,63793.07813,62791.92969,63118.82031,48932.58203,51435.38281,53284.66016,50240.43359,82798.17188,79478.02344,85902.85938,79195.74219
P05198,21349.34375,20456.29883,21856.55664,20573.56641,18196.96875,17004.29102,17609.37891,17832.01367,146385.2031,150155.1719,145614.2344,152298.0156
P05204,198702.8906,251181.6563,192846.6719,210300.3438,232828.7031,163195.4688,200430.9063,215956.0781,99163.25,106743.1563,102635.6563,97416.97656
P05387,17636.35156,12934.85938,15397.51465,17991.87305,15001.18457,17055.51758,13811.7666,19638.34961,255032.0313,249275,245637,270156.2813
P05388,11255.52637,12945.3584,11476.60645,11377.14844,16201.13086,13834.41016,14595.05371,15567.91895,47061.85938,45987.19531,47417.6875,35868.67188
P05412,6118.583496,12126.48828,12191.96094,9964.685547,14450.53906,8216.908203,11643.55762,9242.237305,65513.07813,79310.49219,69047.04688,89707.42188
P05413,119708.1875,113876.4922,120811.2813,122902.2813,106187.0234,103460.8594,111079.1641,113992.7891,54955.61328,53565.24219,61296.57422,53414.88281
P05423,26631.30078,28572.11719,26041.90625,30556.25781,28062.22461,28684.04492,27157.66992,29335.45117,37459.57813,34270.07813,38544.84766,33716.43359
P05455,45927.21484,43236.8125,44115.73828,44841.88672,41855.30078,38056.32422,40711.17578,37083.98438,53083.44531,54248.33984,55001.73047,43283.00391
P05549,17569.81641,22199.11719,20616.30078,20843.55469,18165.14648,21826.33203,23235.83789,21299.46289,11561.12891,13108.90918,10728.66699,14174.72559
P05556,19782.82813,18195.20703,17503.16797,19891.375,15984.81348,19691.96484,16156.78418,17490.94531,197576.75,223696.0313,210151.5781,225829.8906
P05783,380866.375,324208.4375,346906.3438,366074.2188,424659.1875,373144.6875,390489.4375,386902.7188,48741.33203,46444.10938,49253.25781,36698.33203
P05787,541541.8125,454840.1563,481827.8125,490285,603983.9375,549133.1875,564516.6875,543020.75,118695.4609,121473.25,123051.7813,127382.1797
P06132,22529.75391,18788.83398,21198.42969,37631.01953,19801.92773,35881.83984,21312.18945,10444.73242,31625.75391,30019.29688,29885.12109,34025.53516
P06213,23184.39844,21122.46289,18290.02734,20368.68359,19298.71289,17995.91211,20665.08008,17637.23047,38792.14453,37786.62891,39749.77734,32625.91797
P06396,26479.73047,29408.1582,26638.30273,30322.92773,31999.63672,29601.50977,30608.15039,31627.56641,30172.01953,29139.38281,29713.21094,23685.77148
P06454,75437.53125,80760.60156,76820.21875,79245.85938,71700.60938,72873.05469,71488.28125,72290.3125,563943.6875,597167.5,671428.9375,696114.8125
P06493,71685.11719,75729.47656,76505.17188,79328.52344,72777.76563,75136.55469,79337.19531,78627.42188,2141005,3104211,3029872.25,3382242
P06703,105315.7891,96351.54688,96464.96875,103456.3906,102763.9219,93213.01563,98533.83594,107488.6094,7964.75293,16374.66211,22701.99805,13780.10059
P06730,87865.90625,80383.75781,86431.60156,83445.875,71926.57813,72303.10156,64495.57422,64330.78906,43233.40234,44187.38672,36145.74219,19502.74609
P06733,149185.7969,145937.9375,142976.9688,153281.2656,139557.9063,131838.9531,139020.8906,135627.0625,32764.0918,28127.09766,29573.2207,39569.65625
P06737,22689.01953,23749.99805,23009.77539,23217.48828,19186.16406,19321.46875,19581.77148,20019.7168,19637.89453,21797.375,16167.93848,14390.69238
P06744,126025.2266,129135.3984,132182.0469,141471.0625,96822.57031,106762.7656,112667.5078,112106.4375,17561.66406,11988.25,15837.95117,2405.690186
P06746,14052.00391,14499.12988,12236.32422,12839.67969,14654.41016,12954.71094,12730.5332,11775.09863,57863.00781,64855.51172,62961.24219,66707.19531
P06748,355204.1563,333587.5313,321638.125,345892.0938,417084.0313,326409.375,356676.1875,366714.9688,38367.00391,45264.49219,48000.38672,33751.6875
P06753,49521.68359,44062.53906,47980.02344,48287.16406,46782.26172,45571.21875,46929.67969,49826.75,21512.66211,23108.77539,27031.17578,31016.26367
P06899,378204.2813,395175.0625,368891.25,406547.1563,435574.4375,370137.7813,399811.875,407657.5625,25303.46289,26031.86328,26622.34961,25172.76563
P07108,32662.98633,26847.12695,31624.56641,29222.27344,34455.60156,28942.00781,25783.75977,28077.12109,160963.9531,164013.8281,163579.4688,165914.5469
P07195,39078.38281,37812.59375,39112.26172,40175.35547,26366.22266,27846.38672,28493.17188,30506.07422,51344.52344,49361.26953,55464.18359,53670.02344
P07199,32005.10547,28197.9375,28590.41992,27214.63477,34062.22266,27739.29883,27490.38672,24226.70898,171440.9219,172517.75,167405.7031,191455.7813
P07205,103732.3281,87996.67188,99084.16406,175489.2344,95856.64063,23782.96289,32580.02148,59540.36328,9244.987305,9885.535156,8498.878906,10521.35547
P07237,37048.11328,37994.07422,37315.02344,36771.17578,28186.6543,28044.39844,29761.01953,29500.18359,28097.81641,28593.4375,27072.02344,24932.75781
P07305,158853.0938,158426.2344,161560.5625,169373.2813,169235.5625,166682.3281,159474.4844,152628.3906,34839.73047,28798.90625,28012.26172,26338.63867
P07311,18024.36914,13565.19336,14539.95898,14729.08203,19574.35156,12301.75293,15133.17871,11811.30078,38900.03516,39236.84375,36075.48438,40264.45703
P07355,119390.3438,116716.1641,116797.9375,127416.0313,102577.4453,100222.8281,103275.0859,106679.3906,525444.75,436384.8438,484415.25,636815.375
P07384,14839.72949,13167.48926,12022.9541,14753.14355,14564.16797,11495.56055,9500.161133,9107.049805,25227.00586,25290.91797,26046.70703,22480.07227
P07437,559612.3125,558492.875,570691.375,587161.75,542804.5,484935.75,455066.8438,522016.5313,18311.2832,17705.92188,18530.83984,16204.29688
P07737,180795.7969,171236.9688,167554.4531,179263.6719,177460.7031,162969.1094,169766.125,165298.7188,40168.34766,39067.23047,39851.80859,21869.67578
P07814,47293.67969,49994.64453,49069.25391,50064.67578,39729.91016,42964.84375,42587.76172,43857.21484,182308.0781,190977.1406,194963.7188,182061.2656
P07900,111310.0234,103420.2734,106662.1953,105729.1094,101691.4375,91169.91406,95897.48438,94406.48438,4102.347656,5398.048828,4063.926025,1688.824951
P07910,187278.6875,181192.2188,186740.3125,184956.125,184385.8281,164758.2656,175101.7656,176711.8594,31263.94336,32857.57031,28699.47461,28484.26953
P07942,66415.97656,47401.56641,58540.38672,58363.38672,57909.41016,43270.12109,43504.21875,44969.46875,25589.63477,25958.81641,26502.45703,18785.23633
P07947,7155.144531,11727.32617,9273.992188,10050.91309,8902.138672,5592.356445,9452.475586,9811.558594,5312.488281,7915.266113,5382.870605,4320.975098
P07951,117744.6406,83150.17969,81226.02344,83556.64063,110283.2578,67642.04688,68997.22656,70861.32813,59422.51563,59376.1875,60303.78906,58970.12109
P07954,39093.46484,34871.6875,35695.33203,38611.38281,33647.44922,25661.51758,26796.12891,29105.2793,5351.969238,6025.755371,5908.747559,4208.720215
P07992,13438.05469,10941.88086,11835.76172,4394.984375,17108.7793,8098.293945,10919.44238,5781.813477,57426.36328,56892.78906,57275.84375,48533.90625
P08047,41015.79688,35621.91016,41873.60938,43551.07031,48542.50781,43214.65234,44344.98828,41786.45703,33064.16016,29950.79492,33313.85938,26661.45703
P08133,29773.4375,28856.34375,28982.06055,30847.26953,28547.13867,29006.89453,30117.64063,30941.91406,115316.7578,122295.4844,122691.1484,123653.3594
P08195,31246.28906,27526.64063,26394.6875,27999.14453,26053.64844,24874.51367,27698.43945,28123.61719,16489.26367,12151.36133,12983.83008,11395.63184
P08237,27972.54102,27718.60156,29222.61328,28231.56836,25532.73047,26496.90039,26234.53125,27399.64453,12331.19629,15029.07422,15261.92383,16020.10742
P08238,209610.5469,198383.8906,200365.1719,201142.7031,200614.2813,184330.9844,188716.1406,182855.6875,6260.26709,6716.926758,8267.043945,5600.774414
P08240,20194.89258,19719.7207,20470.79102,17620.19727,18368.00391,19344.23828,18688.92578,18825.95703,98309.16406,98306.21875,99139.71875,100940.4688
P08243,16453.17773,17942.79297,15734.12109,17056.08984,17114.54883,16026.72656,16713.24219,15926.19336,62074.89844,64690.85156,65364.85938,69517.70313
P08397,24702.54883,27283.64063,24448.75391,29900.48828,25900.77734,29364.87109,31518.51367,27928.51563,31855.17773,31253.04688,36043.29688,27780.42188
P08473,266087.0938,338275.9375,321626.4688,331365.0625,267307.9688,336135.375,313772.0313,379600.4063,3560.464844,2927.803467,4900.408691,2938.952393
P08559,7774.693848,2906.97876,5067.697754,3572.465576,8295.650391,3334.236328,3591.103027,2806.42041,10715.46094,14859.92773,14241.58301,26398.55859
P08579,46901.61328,45060.17188,48753.39453,50580.47266,42680.82813,47031.36719,48457.90234,46479.40625,67472.45313,67790.83594,69228.74219,63468.58594
P08621,112867.3203,109048.4063,107318.0391,110715.6875,122403.3906,112153.9922,119201.5234,113030.1328,18260.05859,16416.19727,16529.88281,16405.33984
P08651,45885.58594,41897.64453,47249.25,43438.24609,48933.40625,44086.19141,45568.0625,45794.21484,28432.53125,27074.98633,30319.25391,23097.31445
P08670,259712.2969,237792.1563,243660.4063,243948.2656,271780.9688,248996.75,255432.2188,246635.375,26530.37305,29774.32422,26576.70313,30987.62891
P08708,45324.70313,40688.66797,43535.125,49035.91406,65925.91406,65445.39844,64400.21484,63148.73828,63284.97656,60474.22656,61393.67969,46253.97656
P08729,145677.6094,129766.2344,133371.7969,137740.4219,143762.9063,136813.1875,137118.125,137473.2031,37385.70703,36529.42969,37382.46094,31798.11914
P08754,65230.49609,55578.75781,63718.38672,63068.48438,49365.25391,48462.72266,53700.05469,54957.18359,63697.84766,64182.82813,64761.73828,68104.35938
P08758,61176.29297,54445.54297,58363.18359,59501.63281,57521.57813,56997.08594,62078.07813,55236.87109,8327.455078,11485.10938,9542.332031,9733.165039
P08779,15689.02832,17732.24023,15081.56055,17812.62695,21491.98047,19259.14063,16258.0752,17021.98828,19501.93945,21474.94531,19344.04102,19520.89258
P08865,34160.16016,38230.09375,36234.70313,43126.25,34331.85156,38010.28516,40101.51172,45254.32422,65507.63672,65674.875,65125.56641,69215.97656
P09012,97133.10938,91249.64844,99914.02344,99151.57813,104704.3672,93617.94531,96031.78125,98699.22656,34997.62109,33868.20703,39656.49219,34307.44922
P09038,19806.36133,16407.89258,15464.94531,15669.13672,20935.83789,12627.62695,14245.87695,13536.9707,28837.74805,29268.8125,29732.72852,32297.14844
P09104,114925.7188,113215.0859,87659.28906,92589.05469,105222.7266,95815.10156,83698.10938,80251.5,65686.07031,65653.875,65779.26563,68738.44531
P09132,7653.54834,8241.128906,9383.966797,7856.188477,7040.002441,8386.286133,9865.75,7623.490723,29002.42969,22550.94531,25923.25977,18248.84961
P09211,83631.67188,82798.17188,79478.02344,85902.85938,79195.74219,67816.47656,68514.10156,70561.75781,10086.54688,11190.77246,19042.7207,11413.69629
P09234,152629.6094,146385.2031,150155.1719,145614.2344,152298.0156,143591.1406,144669.1719,142742.375,183270.2656,192395.8906,192630.7031,186312.4844
P09382,99897.25781,99163.25,106743.1563,102635.6563,97416.97656,93078.67188,99069.375,99367.35938,81742.79688,81702.21875,84674.82813,77727.64063
P09429,261508.5938,255032.0313,249275,245637,270156.2813,246039.2813,262288.8438,251007.0469,27476.05664,34461.00391,34646.42969,34963.6875
P09488,44239.60156,47061.85938,45987.19531,47417.6875,35868.67188,36939.70703,39564.77734,39651.84766,19738.6582,19916.91406,20750.4668,24194.25977
P09493,83108.39063,65513.07813,79310.49219,69047.04688,89707.42188,63842.07813,58844.29297,63007.96484,36466.51563,17592.63867,35214.96094,30796.32031
P09496,52609.78906,54955.61328,53565.24219,61296.57422,53414.88281,45367.33984,50918.94531,52228.71484,101742.9609,96339.55469,98194.17969,91445.25781
P09497,32212.06055,37459.57813,34270.07813,38544.84766,33716.43359,34153.66406,35423.15625,36752.78516,119069.6875,122660.0313,126719.1094,124083.8516
P09525,55361.48047,53083.44531,54248.33984,55001.73047,43283.00391,44250.91016,42934.15625,43875.10156,13339.75586,11521.83887,9502.226563,20306.25977
P09543,14009.125,11561.12891,13108.90918,10728.66699,14174.72559,11564.25586,6367.95459,8122.77832,35245.97266,45502.80078,49584.72656,35272.64063
P09651,222429.4688,197576.75,223696.0313,210151.5781,225829.8906,202569.9219,216831.4375,201618.4844,25282.14063,23698.25195,22662.32227,20054.13477
P09661,50991.69531,48741.33203,46444.10938,49253.25781,36698.33203,39793.5625,43835.79688,41150.83203,22651.67578,18250.11328,19397.94336,9657.780273
P09874,127237.7969,118695.4609,121473.25,123051.7813,127382.1797,124136.3203,125443.1719,123495.0781,43115.42578,40284.92969,42800.38672,40553.48047
P09884,32404.0918,31625.75391,30019.29688,29885.12109,34025.53516,33694,32068.78516,32539.60742,51693.26953,51628.35156,53513.95313,50352.63281
P09960,39717.96094,38792.14453,37786.62891,39749.77734,32625.91797,32102.99414,32029.64063,32043.39258,34786.78125,36691.65625,32658.08984,34335.89063
P09972,32036.6543,30172.01953,29139.38281,29713.21094,23685.77148,20266.3457,20443.03125,18097.71484,3827.16748,7028.882813,4345.967773,3798.038086
P0C0S5,619160.3125,563943.6875,597167.5,671428.9375,696114.8125,682659.5625,695197.75,705941.4375,29448.00977,26750.65039,29699.58203,24359.87109
P0C0S8,3408855.75,2141005,3104211,3029872.25,3382242,2558087.75,1801489.5,2375134.75,38531.82031,40404.54297,40991.07813,36890.99609
P0C1Z6,14292.68457,7964.75293,16374.66211,22701.99805,13780.10059,19286.37109,23708.72266,16157.77051,38440.66016,38424.80078,35783.55469,37126.96875
P0CAP2,44961.46094,43233.40234,44187.38672,36145.74219,19502.74609,41221.52344,35113.08203,37262.24609,25549.67383,25319.77539,25824.96094,24938.34961
P0CG12,35710.29688,32764.0918,28127.09766,29573.2207,39569.65625,30052.16602,32640.58203,34955.31641,38696.13281,39102.1875,39960.64844,39989.07031
P0CG13,13348.36621,19637.89453,21797.375,16167.93848,14390.69238,16946.7207,21217.51953,11184.14941,14704.39063,16589.07031,14099.61035,15017.25684
P0CJ79,2608.710205,17561.66406,11988.25,15837.95117,2405.690186,16141.7002,15059.04102,15120.33301,22656.50195,18086.68945,18048.74414,18026.48047
P0DI83,70245.35156,57863.00781,64855.51172,62961.24219,66707.19531,53122.66016,56089.05859,56870.30078,29991.47852,32985.62109,33485.43359,25985.1543
P0DJD0,30438.9375,38367.00391,45264.49219,48000.38672,33751.6875,53184.80469,39437.53906,54123.33594,29750.39063,30917.40625,29602.99414,29204.92773
P0DMM9,24664.33398,21512.66211,23108.77539,27031.17578,31016.26367,18919.13086,17102.12109,15832.83789,24463.54297,22622.85547,24525.87695,21387.20898
P0DMU9,25966.38281,25303.46289,26031.86328,26622.34961,25172.76563,26897.58594,25129.46094,23303.48047,50784.24219,50381.84766,51204.05469,43690.33594
P0DMV8,167472.0938,160963.9531,164013.8281,163579.4688,165914.5469,156172.25,157440.5938,153378.3281,123717.3672,125138.5391,129141.7656,105796.375
P0DN76,50109.32813,51344.52344,49361.26953,55464.18359,53670.02344,52858.3125,54084.44141,56939.73828,20348.09961,8509.860352,18349.60352,12026.97754
P0DP23,169246.4219,171440.9219,172517.75,167405.7031,191455.7813,166189.4219,181965.4844,184447.9375,38488.92188,41795.47266,40740.60938,30763.05859
P0DPB6,9933.136719,9244.987305,9885.535156,8498.878906,10521.35547,9744.859375,9409.789063,9109.040039,36888.08984,32119.31445,36439.27344,25972.13672
P10155,28681.2207,28097.81641,28593.4375,27072.02344,24932.75781,26226.47266,24847.73828,26093.30859,152190.9688,156569.6094,149268.8438,180007.8594
P10321,44879.73828,34839.73047,28798.90625,28012.26172,26338.63867,27922.42578,24503.91602,18916.73047,59902.44141,61237.42969,65919.58594,57923.21875
P10398,42845.92578,38900.03516,39236.84375,36075.48438,40264.45703,35625.35156,33320.20313,32204.14258,27413.07227,25734.38477,25964.52148,24717.54492
P10412,544609.9375,525444.75,436384.8438,484415.25,636815.375,583213.125,635989.875,534959.0625,61345.28906,45593.24609,58752.82813,61034.74609
P10586,22266.30859,25227.00586,25290.91797,26046.70703,22480.07227,23100.0918,23082.76563,24110.00391,163558.1875,165632.6875,168211.2969,159718.2656
P10588,15579.49512,18311.2832,17705.92188,18530.83984,16204.29688,19024.04102,17739.7168,16781.17383,21704.35742,21537.78906,21451.9668,16894.99219
P10589,16320.65039,40168.34766,39067.23047,39851.80859,21869.67578,29162.91602,3085.455566,50673.73828,35816.70703,37888.91406,38445.53906,37173.22656
P10599,197650.3281,182308.0781,190977.1406,194963.7188,182061.2656,177323.3594,189128.7031,191123.0469,9770.106445,9890.155273,5142.954102,9063.415039
P10620,4545.01416,4102.347656,5398.048828,4063.926025,1688.824951,3801.75293,3859.809082,2418.344727,90562.40625,91298.07031,91656.8125,81908.29688
P10644,31634.21875,31263.94336,32857.57031,28699.47461,28484.26953,25226.36133,28538.27734,26660.31445,42787.71484,41652.94531,41712.01953,38319.15625
P10696,23805.64063,25589.63477,25958.81641,26502.45703,18785.23633,17996.16016,20207.69727,19712.80273,171397.2188,170659.2344,163797.2188,172416.75
P10746,4382.955078,5312.488281,7915.266113,5382.870605,4320.975098,6988.833984,6016.705078,4091.732422,59509.49219,58419.63281,64449.08203,54400.05859
P10768,57526.55078,59422.51563,59376.1875,60303.78906,58970.12109,53940.14063,53054.22266,53567.26172,78181.54688,78927.04688,85031.77344,55522.53516
P10809,8373.120117,5351.969238,6025.755371,5908.747559,4208.720215,4658.463867,4116.441406,4689.077148,35315.83203,33702.84766,31135.89453,34642.40234
P11021,60336.03906,57426.36328,56892.78906,57275.84375,48533.90625,44435.13281,44208.57422,45226.72656,5392.013184,4440.435059,5793.820801,6716.070313
P11047,37877.73438,33064.16016,29950.79492,33313.85938,26661.45703,27793.29883,31199.85938,25773.50781,17092.67188,17579.42383,20215.06055,26994.62695
P11142,125781.3516,115316.7578,122295.4844,122691.1484,123653.3594,115916.0469,119904.1875,123041.9688,102625.5234,111942.5156,102147.2734,103595.6094
P11171,10563.68359,16489.26367,12151.36133,12983.83008,11395.63184,7868.018555,10593.53418,10162.26074,226803.9531,263681.1875,236401.0156,273048.5938
P11172,15452.88672,12331.19629,15029.07422,15261.92383,16020.10742,14092.70313,14929.05273,13683.74512,40975.69141,40467.40234,41894.43359,37061.42188
P11177,5164.900391,6260.26709,6716.926758,8267.043945,5600.774414,8235.682617,5105.800293,2668.278809,35500.49609,38521.71484,38210.61719,40638.39063
P11387,100206.7109,98309.16406,98306.21875,99139.71875,100940.4688,102458.0547,101553.8359,104478.0781,108664.0078,121252.6094,114622.1328,131804.5313
P11388,65019.46094,62074.89844,64690.85156,65364.85938,69517.70313,68121.5,68827.875,70425.53906,14435.74316,11752.16699,13305.91699,14367.72656
P11413,30601.55273,31855.17773,31253.04688,36043.29688,27780.42188,30221.44141,27251.30859,31119.48242,50598.03125,49694.22266,50487.31641,54399.76563
P11498,3186.975098,3560.464844,2927.803467,4900.408691,2938.952393,8146.419434,2225.539063,1081.791382,75408.75781,74680.0625,73864.53906,78123.66406
P11532,18548.62695,10715.46094,14859.92773,14241.58301,26398.55859,8778.972656,7377.279297,23782.75977,14516.07031,18636.04102,16346.30469,11492.20508
P11586,66516.69531,67472.45313,67790.83594,69228.74219,63468.58594,66087.69531,66515.42969,66360.8125,67001.60156,77754.01563,76681.69531,99448.0625
P11717,18891.09766,18260.05859,16416.19727,16529.88281,16405.33984,14088.13281,13791.03418,12768.68652,766859.375,716299.4375,779455.875,753128.5625
P11766,26416.53516,28432.53125,27074.98633,30319.25391,23097.31445,23949.61719,24635.58203,24346.71289,34254.01563,30950.32617,33795.51563,27267.20703
P11802,30574.18359,26530.37305,29774.32422,26576.70313,30987.62891,25088.92969,25029.61719,22987.95508,37979.55078,35110.17969,32945.93359,30893.98047
P11908,66486.14063,63284.97656,60474.22656,61393.67969,46253.97656,47475.83203,48496.60156,53221.59766,29237.39258,24245.37109,21479.45703,22502.53125
P11940,33557.60547,37385.70703,36529.42969,37382.46094,31798.11914,35485.52734,34005.53125,35017.05859,26625.34375,28643.63867,30034.21289,30861.02734
P12004,68398.27344,63697.84766,64182.82813,64761.73828,68104.35938,64078.29297,64705.32813,57801.71484,22178.45117,18341.71484,16561.67969,20740.7832
P12109,10229.5166,8327.455078,11485.10938,9542.332031,9733.165039,11245.55566,15292.47949,9411.279297,480186.1563,498391.2188,484257.375,560663.0625
P12268,19611.80859,19501.93945,21474.94531,19344.04102,19520.89258,18377.84375,18770.46875,18366.62695,731779.3125,766633.125,741159.0625,936736.3125
P12270,66364.48438,65507.63672,65674.875,65125.56641,69215.97656,68909.39063,68586.67969,68390.20313,623303.8125,600501.4375,615860.5625,752027.5
P12277,37489.78906,34997.62109,33868.20703,39656.49219,34307.44922,30005.83008,33617.75781,34253.24219,60333.69531,59736.25391,65135.73828,62380.10547
P12429,30762.06641,28837.74805,29268.8125,29732.72852,32297.14844,26615.14258,27514.50195,28604.85742,30310.61328,30029.16602,29355.32227,28921.00195
P12814,65682.9375,65686.07031,65653.875,65779.26563,68738.44531,68907.02344,68091.79688,67273.875,112736.2109,112698.9922,116054.3828,111481.7891
P12931,29428.90234,29002.42969,22550.94531,25923.25977,18248.84961,27489.1875,23858.83203,18319.42188,33904.36328,27300.04102,30374.7168,13400.48242
P12955,13608.43945,10086.54688,11190.77246,19042.7207,11413.69629,18655.17383,11762.06836,15641.7207,12447.96191,11405.26172,12480.76074,13423.87891
P12956,200543,183270.2656,192395.8906,192630.7031,186312.4844,183220.2969,184658.2813,189853.5938,11945.77734,14770.28418,14601.2002,14185.93848
P13010,78611.29688,81742.79688,81702.21875,84674.82813,77727.64063,79914.69531,85434.96875,81852.03125,17771.96094,17173.19922,17429.52539,23167.1582
P13051,42257.03516,27476.05664,34461.00391,34646.42969,34963.6875,29789.23828,29912.55078,36576.12891,16493.06836,16585.31055,16059.22363,15286.2627
P13056,19235.11719,19738.6582,19916.91406,20750.4668,24194.25977,20976.39258,16577.67969,20570.44531,9565.067383,9814.854492,9152.629883,9315.220703
P13164,40260.24609,36466.51563,17592.63867,35214.96094,30796.32031,38001.4375,43668.22266,33795.29297,532360.125,543762.75,514997.625,617181.5
P13489,93044.91406,101742.9609,96339.55469,98194.17969,91445.25781,97054.46094,102938.5938,99967.60156,10565.25879,12171.90723,9530.310547,16592.30078
P13639,121391.0313,119069.6875,122660.0313,126719.1094,124083.8516,126254.2578,126464.4922,128616.0156,42974.80859,41588.75391,42921.51172,45843.36719
P13645,14517.43555,13339.75586,11521.83887,9502.226563,20306.25977,11574.71484,8861.630859,12354.30664,286948.2188,232832.1094,219636,223594.3281
P13646,40475.00781,35245.97266,45502.80078,49584.72656,35272.64063,50305.85156,55886.62109,59255.50781,47936.69531,54527.46484,53262.41797,64758.36328
P13667,24294.8125,25282.14063,23698.25195,22662.32227,20054.13477,16848.24414,16803.88086,14828.81543,36950,36349.9375,38025.72266,32675.94727
P13674,19247.73242,22651.67578,18250.11328,19397.94336,9657.780273,10574.40137,8742.402344,9309.645508,28805.39844,27150.10352,28174.05859,28738.45508
P13693,43538.89063,43115.42578,40284.92969,42800.38672,40553.48047,36928.06641,43395.08984,36768.54688,29081.96875,28107.98242,26586.15039,26751.53711
P13797,51540.33594,51693.26953,51628.35156,53513.95313,50352.63281,47606.26563,46936.41016,47689.94141,37209.33203,35053.08984,35499.21484,47701.32422
P13798,42002.23047,34786.78125,36691.65625,32658.08984,34335.89063,29922.68359,30999.50586,25394.14648,16189.45215,15031.10254,15956.75586,16135.15527
P13804,2764.97998,3827.16748,7028.882813,4345.967773,3798.038086,6097.327148,3050.369873,4733.518555,26796.1543,24226.9043,25273.25391,23009.70703
P13807,26556.2168,29448.00977,26750.65039,29699.58203,24359.87109,27289.68945,27268.52344,24742.95117,111231.3594,114553.7891,114589.7422,124857.2266
P13861,41424.0625,38531.82031,40404.54297,40991.07813,36890.99609,36793.21094,35510.88672,37116.48828,31059.39844,33206.28906,33064.41797,32216.39258
P13928,37268.89063,38440.66016,38424.80078,35783.55469,37126.96875,37837.91016,37733.32031,31241.33398,87924.96875,91882.75,86442.10156,87244.75
P13929,28081.83789,25549.67383,25319.77539,25824.96094,24938.34961,22591.62305,21079.71875,21955.44141,45938.11719,44367.71484,44870.17578,46834.86328
P13984,39472.05859,38696.13281,39102.1875,39960.64844,39989.07031,35975.375,38004.71484,40523.55078,46213.39063,47179.875,46202.72266,38436.29297
P13987,18481.73438,14704.39063,16589.07031,14099.61035,15017.25684,12722.26172,12644.54297,11196.4043,26060.86719,25795.06055,25568.33008,26673.88672
P14174,25178.98242,22656.50195,18086.68945,18048.74414,18026.48047,15109.09375,12890.9209,11080.7998,17959.7168,18600.43945,17561.50781,17349.74609
P14314,34692.67188,29991.47852,32985.62109,33485.43359,25985.1543,22191.55664,22321.68945,24327.45117,24326.70508,20718.96875,15198.86719,35641
P14324,34345.70703,29750.39063,30917.40625,29602.99414,29204.92773,26199.02539,26690.80273,25627.25391,33415.56641,38748.63672,38911.07813,41413.78516
P14373,27942.49609,24463.54297,22622.85547,24525.87695,21387.20898,24453.75977,24354.87109,26659.4668,55832.09375,60705.70313,59417.79297,83619.29688
P14550,52824.65234,50784.24219,50381.84766,51204.05469,43690.33594,43166.63281,44391.125,43960.4375,84678.60156,84705.40625,86665.84375,88081.50781
P14618,136845.5625,123717.3672,125138.5391,129141.7656,105796.375,102410.1484,100900.6016,100210,36348.21484,36487.89453,38070.75781,41095.46484
P14621,17694.125,20348.09961,8509.860352,18349.60352,12026.97754,14601.58301,6468.680176,7714.87793,85645.35156,78217.88281,89652.96875,89669.46094
P14625,44110.36328,38488.92188,41795.47266,40740.60938,30763.05859,30597.10938,30275.56445,30965.26953,103936.5781,111102.9922,113204.2656,146426.5313
P14635,35994.09766,36888.08984,32119.31445,36439.27344,25972.13672,32483.37305,26889.88086,30177.13672,32891.1875,33856.01953,33115.41016,30825.25
P14649,175758.0156,152190.9688,156569.6094,149268.8438,180007.8594,156222.0625,156352.5781,144125.875,50788.73047,54142.19531,55927.53516,57507.6875
P14678,64111.07813,59902.44141,61237.42969,65919.58594,57923.21875,57321.23047,57325.33984,61991.24219,117823.2266,124153.2734,135683.2969,135818.1406
P14735,29926.4707,27413.07227,25734.38477,25964.52148,24717.54492,22257.84375,23637.50781,21045.11914,8300.490234,6315.706543,4598.002441,6830.977051
P14859,65470.54297,61345.28906,45593.24609,58752.82813,61034.74609,48828.66797,58255.21875,26963.3418,17179.76953,18076.15039,20733.33594,18995.45313
P14866,165424.2031,163558.1875,165632.6875,168211.2969,159718.2656,167936.0781,170011.625,175364.7969,63199.80469,59696.33203,61446.69141,68622.66406
P14868,23477.31445,21704.35742,21537.78906,21451.9668,16894.99219,15015.68555,13512.58984,14858.81152,34880.61328,31397.43164,32288.44531,29674.59375
P14923,36249.84766,35816.70703,37888.91406,38445.53906,37173.22656,37837.58984,36339.62109,35710.29297,248020.0938,261482.8125,257515.8438,284832.75
P15104,10147.24414,9770.106445,9890.155273,5142.954102,9063.415039,6760.240234,8235.295898,7619.28418,33878.625,31868.23633,32240.08789,24059.05078
P15121,91008.38281,90562.40625,91298.07031,91656.8125,81908.29688,82123.32813,86728.58594,87581.01563,32571.85156,32225.15039,33439.72266,46882.67578
P15170,43837.24219,42787.71484,41652.94531,41712.01953,38319.15625,38859.84375,39974.30469,39243.13672,44289.73047,40229.44141,40271.17188,49677.21484
P15289,342651.0313,171397.2188,170659.2344,163797.2188,172416.75,212861.7031,9453.342773,124429.8125,3378.679199,4399.350098,3167.145264,4715.09082
P15311,62683.86719,59509.49219,58419.63281,64449.08203,54400.05859,53222.08203,54242.87109,52166.16797,23738.10352,21261.86719,19854.52344,20986.49609
P15328,77845.96094,78181.54688,78927.04688,85031.77344,55522.53516,52661.10547,64970.88281,57033.00391,35312.48438,38781.69141,39971.46484,39928.07422
P15374,34946.10156,35315.83203,33702.84766,31135.89453,34642.40234,31370.93164,30919.62695,32403.54688,26672.88281,26874.17578,27494.79297,21087.01367
P15407,3732.954102,5392.013184,4440.435059,5793.820801,6716.070313,9860.71875,6503.26416,8516.168945,29953.65039,33084.0625,34628.25,34583.23828
P15408,23524.34961,17092.67188,17579.42383,20215.06055,26994.62695,18168.08008,19003.94727,18725.1543,26793.05859,27915.13867,28615.13477,29543.77148
P15529,107244.4922,102625.5234,111942.5156,102147.2734,103595.6094,91632.00781,88065.72656,96175.875,31461.39258,29704.44336,28404.64453,26209.70508
P15531,272747.5625,226803.9531,263681.1875,236401.0156,273048.5938,213496.3125,273449.2188,217974.5313,14797.72754,12991.44531,14559.54199,16502.92383
P15559,41620.16406,40975.69141,40467.40234,41894.43359,37061.42188,34727.625,36138.17969,40329.40625,24316.84766,21763.76953,21612.20117,12004.5459
P15880,34489.82422,35500.49609,38521.71484,38210.61719,40638.39063,41421.76953,39738.54688,40613.88281,31510.96289,30039.08008,30264.65039,26955.95117
P15882,116143.8438,108664.0078,121252.6094,114622.1328,131804.5313,111960.4922,121509.1172,130020.5547,57488.64453,58639.05078,58290.32422,55839.83203
P15923,14852.98633,14435.74316,11752.16699,13305.91699,14367.72656,17437.70703,20516.24023,18326.20313,11566.81836,11049.47852,12090.77734,11296.10645
P15924,49241.13281,50598.03125,49694.22266,50487.31641,54399.76563,55688.82031,55426.09766,54424.15234,13498.56152,13844.02637,12812.11328,19027.88086
P15927,87318.8125,75408.75781,74680.0625,73864.53906,78123.66406,64472.01563,64365.36328,63512.55469,83655.41406,97155.48438,83068.45313,82572.25781
P16070,16357.625,14516.07031,18636.04102,16346.30469,11492.20508,12565.57617,11982.58594,14848.20215,24690.17773,28287.37109,28605.83008,39452.33984
P16083,80959.53125,67001.60156,77754.01563,76681.69531,99448.0625,70287.625,41560.05859,40616.96875,18566.57813,20045.08203,20960.53516,23912.75586
P16104,693862.875,766859.375,716299.4375,779455.875,753128.5625,821469.1875,837351.625,811544.25,31253.73633,27812.55469,28643.9375,26149.89648
P16144,32211.17383,34254.01563,30950.32617,33795.51563,27267.20703,28010.84375,27088.5332,29040.33398,185109.1406,181730.4531,189965.5938,196258.7656
P16152,38626.25,37979.55078,35110.17969,32945.93359,30893.98047,32279.89453,31861.55273,28869.92773,3325.019531,3102.726563,8600.381836,2974.74292
P16220,27804.4375,29237.39258,24245.37109,21479.45703,22502.53125,26333.57813,23062.56445,21620.17578,55726.12891,56279.90625,54333.38672,53776.50391
P16333,31411.47656,26625.34375,28643.63867,30034.21289,30861.02734,32369.27148,27696.30078,30442.45898,22989.91797,29041.09375,15519.00879,34070.40625
P16383,20953.80078,22178.45117,18341.71484,16561.67969,20740.7832,19240.80859,15456.00586,22233.49609,28694.05859,27714.31445,27111.47461,26085.10742
P16401,511108.9688,480186.1563,498391.2188,484257.375,560663.0625,522979.5,518803.1875,514955.6563,35424,35930.10938,36850.66797,28313.08398
P16402,750847.375,731779.3125,766633.125,741159.0625,936736.3125,836496.125,831010.125,827771.0625,10654.05957,11999.06348,11086.62891,13247.68066
P16403,672438.4375,623303.8125,600501.4375,615860.5625,752027.5,677698.6875,699136.6875,664128.25,120739.0625,117009.0234,119082.4844,121483.3828
P16455,60428.17578,60333.69531,59736.25391,65135.73828,62380.10547,57949.67188,55732.68359,61774.41016,303609.0313,300235.6563,301229.3438,296296.0313
P16615,30945.03516,30310.61328,30029.16602,29355.32227,28921.00195,27494.73047,26893.21094,26777.23828,19987.56641,19402.7207,17178.48047,19174.66992
P16949,118962.5625,112736.2109,112698.9922,116054.3828,111481.7891,107789.5703,114015.875,113149.1484,16841.68555,15600.25977,17964.11328,13820.21289
P16989,26561.30859,33904.36328,27300.04102,30374.7168,13400.48242,17138.61914,18273.04883,22776.41406,7984.749512,7975.757813,4253.079102,7151.041504
P17010,10763.30859,12447.96191,11405.26172,12480.76074,13423.87891,14135.63672,13358.44727,14750.17773,26717.63086,29138.00391,26201.92773,29574.53711
P17026,14931.43262,11945.77734,14770.28418,14601.2002,14185.93848,13986.93457,15618.03906,14651.32324,26799.3418,27610.91602,28466.00195,28902.99414
P17028,18254.42969,17771.96094,17173.19922,17429.52539,23167.1582,21735.11133,19898.23242,19398.61914,38037.19922,31960.06445,43670.51172,36280.95703
P17029,14873.76953,16493.06836,16585.31055,16059.22363,15286.2627,15661.63672,15589.37305,16517.39648,86372.44531,88661.20313,92929.49219,92992.94531
P17036,8520.395508,9565.067383,9814.854492,9152.629883,9315.220703,10793.44238,10061.80371,9802.962891,19979.92383,20677.31641,21279.88477,19988.8418
P17096,588227.4375,532360.125,543762.75,514997.625,617181.5,524231.4688,574000.9375,468029.625,74174.64844,77369.88281,72176.75781,61853.72656
P17275,13164.11719,10565.25879,12171.90723,9530.310547,16592.30078,14404.17383,13722.16309,13998.02832,2510.655518,5592.546387,3075.493896,8045.972168
P17480,42743.14453,42974.80859,41588.75391,42921.51172,45843.36719,44774.46484,43942.25,45605.95703,95664.41406,98043.25781,101285.7422,84435.10156
P17516,235464.5156,286948.2188,232832.1094,219636,223594.3281,206359.2344,224479.3125,197866.6719,106773.6641,112415.8984,113164.0703,104421.9297
P17535,60176.99609,47936.69531,54527.46484,53262.41797,64758.36328,48912.26563,56494.64453,54210.51953,217914.9844,222005.0469,225037.8125,224404.4688
P17544,39566.38281,36950,36349.9375,38025.72266,32675.94727,32966.22266,30894.84375,31976.60156,31738.11914,26895.57813,35780.94141,29098.26758
P17612,31015.58984,28805.39844,27150.10352,28174.05859,28738.45508,23699.67578,27750.72852,23078.80469,34459.08984,33179.03516,31828.20117,25982.5625
P17655,27841.73047,29081.96875,28107.98242,26586.15039,26751.53711,27099.10547,27078.99219,26893.59961,7479.616699,9819.546875,7212.731445,53369.94141
P17676,43302.05469,37209.33203,35053.08984,35499.21484,47701.32422,33972.60547,29253.54492,26451.51172,31315.08789,25982.71094,26282.37695,27712
P17706,15574.6582,16189.45215,15031.10254,15956.75586,16135.15527,17910.625,17146.97656,14829.86621,53735.59766,53986.67578,54391.48438,54187.12109
P17812,24172.25781,26796.1543,24226.9043,25273.25391,23009.70703,24555.55859,23664.68164,26351.89063,49050.78906,44236.46094,43931.53125,37470.39844
P17844,116497.6406,111231.3594,114553.7891,114589.7422,124857.2266,121409.7188,129024.9141,125150.8828,126276.9688,128197.1406,133101.6719,151562.4219
P17858,36494.59375,31059.39844,33206.28906,33064.41797,32216.39258,30198.64453,29467.48633,29259.42578,15463.02539,14829.04492,15548.82813,17183.31445
P17931,91820.73438,87924.96875,91882.75,86442.10156,87244.75,75463.34375,73984.39844,71673.11719,22872.4375,20909.94922,20975.85156,20083.34766
P17980,46596.25781,45938.11719,44367.71484,44870.17578,46834.86328,45627.20703,46415.68359,44615.10547,18361.50586,19738.56055,18236.55078,12355.55078
P17987,44682.72266,46213.39063,47179.875,46202.72266,38436.29297,40628.94141,41825.96094,42036.66797,46113.08594,43109.53516,45051.07031,44975.66797
P18031,28358.3418,26060.86719,25795.06055,25568.33008,26673.88672,25712.54492,23844.38867,22694.04492,14593.62695,13401.79102,12885.89648,9246.007813
P18074,20249.62109,17959.7168,18600.43945,17561.50781,17349.74609,16880.0918,14725.38379,15584.5,31152.74414,21309.51953,21058.93359,24516.91016
P18077,18572.75977,24326.70508,20718.96875,15198.86719,35641,45633.45703,45877.49219,43441.91797,86835.90625,89539.46094,90148.17969,81500.24219
P18085,43368.35938,33415.56641,38748.63672,38911.07813,41413.78516,35730.41406,39078.83984,35019.90625,219558.4375,223801,222840.5469,207898.5625
P18124,54638.67578,55832.09375,60705.70313,59417.79297,83619.29688,94797.66406,93069.88281,98270.25781,67605.73438,68969.96875,70136.07031,66562.35938
P18206,86057.17188,84678.60156,84705.40625,86665.84375,88081.50781,85452.96094,86396.86719,82775.67188,28158.20117,35407.76172,30847.75781,37271.54297
P18583,37079.73438,36348.21484,36487.89453,38070.75781,41095.46484,37408.95703,37051.42969,37101.39453,28068.91602,25814.71484,25638.88086,25225.96484
P18615,86548.10156,85645.35156,78217.88281,89652.96875,89669.46094,84465.39844,86014.96875,83373.60938,21457.92969,28200.71484,11903.17188,22124.70898
P18621,104397.8438,103936.5781,111102.9922,113204.2656,146426.5313,157743.5156,156532.6719,167960.25,27069.08984,36271.55469,36041.61328,27067.27344
P18669,35349.625,32891.1875,33856.01953,33115.41016,30825.25,30938.14063,30570.73438,29608.64258,57271.17969,57566.12891,58514.01563,53597.17188
P18754,59992.08984,50788.73047,54142.19531,55927.53516,57507.6875,54676.20313,56164.00781,56095.58984,20757.58398,20344.60547,19123.76953,22219.5293
P18846,131187.1719,117823.2266,124153.2734,135683.2969,135818.1406,121580.3047,111840.9609,92995.25,69169.72656,66231.89844,67164.26563,56038.79297
P18847,6854.224609,8300.490234,6315.706543,4598.002441,6830.977051,9868.828125,12078.34863,8103.753906,43770.96875,42133.57031,49513.82813,44938.11719
P18858,20703.36523,17179.76953,18076.15039,20733.33594,18995.45313,17108.31445,17682.61328,15004.97949,7111.996582,6564.893555,8050.161133,6802.897461
P18887,61140.40625,63199.80469,59696.33203,61446.69141,68622.66406,61581.92188,61510.27734,57123.0625,26268.69922,25239.93945,23180.30664,25500.28906
P19174,29806.17773,34880.61328,31397.43164,32288.44531,29674.59375,31387.42383,32471.99219,33356.37891,4006.572754,7392.365723,2552.775635,8178.303711
P19338,267017.0625,248020.0938,261482.8125,257515.8438,284832.75,250017.2813,264809.4688,259590.1563,32527.24609,31220.69336,32463.60742,31894.82031
P19367,32006.70117,33878.625,31868.23633,32240.08789,24059.05078,26707.74609,26623.08984,25629.17969,36653.89063,41479.59766,35819.54297,38491.125
P19387,36373.98047,32571.85156,32225.15039,33439.72266,46882.67578,24499.20508,32190.70313,29426.70508,99719.39844,100692.8672,103091,106320.3594
P19388,46524.65234,44289.73047,40229.44141,40271.17188,49677.21484,40225.73828,35691.0625,35888.55469,21835.0293,25229.50195,18555.56055,18012.31836
P19419,6764.697266,3378.679199,4399.350098,3167.145264,4715.09082,1400.001587,1753.748413,1185.76062,14502.07324,15949.66797,19491.69922,16603.64063
P19447,20752.78711,23738.10352,21261.86719,19854.52344,20986.49609,21878.44727,23333.06445,22132.08398,21673.61523,22238.37695,21609.18164,20367.58398
P19474,40984.53125,35312.48438,38781.69141,39971.46484,39928.07422,37079.28125,34799.99609,36138.78125,54441.53906,55356.55859,54882.81641,58870.35547
P19525,28027.10352,26672.88281,26874.17578,27494.79297,21087.01367,22069.47852,18218.97852,20932.39063,62564.36719,65603.27344,63688.39063,67547.30469
P19623,32926.85156,29953.65039,33084.0625,34628.25,34583.23828,27751.29492,28536.52344,28801.21875,20860.18359,9068.164063,16132.83008,4252.91748
P19784,29352.35742,26793.05859,27915.13867,28615.13477,29543.77148,24918.1543,24842.2793,26304.93164,51170.29688,51264.98438,52343.33203,49174.91016
P19793,30038.20508,31461.39258,29704.44336,28404.64453,26209.70508,30931.18359,30638.98828,27854.63672,33219.93359,28362.99414,14142.50293,17573.81055
P19838,15402.66699,14797.72754,12991.44531,14559.54199,16502.92383,15729.80664,12976.48242,13190.37988,11513.58984,11042.89355,9173.433594,12284.58984
P20020,22851.50391,24316.84766,21763.76953,21612.20117,12004.5459,24634.11133,26956.43359,25388.82422,37741.85938,38568.67578,38015.55469,34995.23047
P20042,29837.93359,31510.96289,30039.08008,30264.65039,26955.95117,25870.32422,24419.83789,26068.31055,182313.1406,194836.6563,171744.4688,191594.25
P20073,58935.51563,57488.64453,58639.05078,58290.32422,55839.83203,54229.96094,55580.05078,55426.17969,63300.23438,55707.75391,43591.67578,52613.94922
P20248,11455.20996,11566.81836,11049.47852,12090.77734,11296.10645,11732.38477,13664.18652,9679.341797,38723.79297,37922.60547,40489.38672,31260.60156
P20290,11142.91309,13498.56152,13844.02637,12812.11328,19027.88086,13535.23438,15990.97363,15660.29688,31280.82227,30097.23633,29587.70898,25769.79688
P20339,97390.13281,83655.41406,97155.48438,83068.45313,82572.25781,60907.25391,73731.33594,69382.39063,38767.84766,37594.57813,37855.07813,40943.36328
P20340,43862.94922,24690.17773,28287.37109,28605.83008,39452.33984,22385.73828,25183.49414,23022.125,133462.7188,134887.0625,141548.0781,133398.2813
P20585,21497.33398,18566.57813,20045.08203,20960.53516,23912.75586,20590.82422,19109.125,19428.30859,72715.90625,78054.9375,72698.5625,105613.3359
P20618,24654.10742,31253.73633,27812.55469,28643.9375,26149.89648,32042.875,28577.49219,23499.35938,10341.66992,10805.26367,12235.40332,14878.61816
P20700,187935.2344,185109.1406,181730.4531,189965.5938,196258.7656,192739.8125,190887.1094,189481.6406,322234.2188,326301.6563,322899.0625,321141.75
P20719,2743.236816,3325.019531,3102.726563,8600.381836,2974.74292,4374.223145,2358.504639,6537.48877,128487.0703,124554.0703,131636.9844,144225.6094
P20810,54857.86719,55726.12891,56279.90625,54333.38672,53776.50391,53952.48438,56644.70313,55618.28516,91445.25,82114.09375,127056.9688,97168.46094
P20962,24559.40234,22989.91797,29041.09375,15519.00879,34070.40625,24044.84766,23532.49805,20228.47852,36915.91016,36930.03516,39916.70313,32677.10352
P21127,26998.80273,28694.05859,27714.31445,27111.47461,26085.10742,26184.5625,27380.56055,27341.7168,41935.22656,40030.78125,38095.56641,30203.29102
P21266,33695.87891,35424,35930.10938,36850.66797,28313.08398,31089.80859,30555.32422,29845.86914,81841.88281,83536.98438,83715.28125,69011.67188
P21281,11022.93555,10654.05957,11999.06348,11086.62891,13247.68066,9650.40918,11948.04785,7902.257324,30960.26953,102953.2656,32771.10547,83913.74219
P21291,116077.7969,120739.0625,117009.0234,119082.4844,121483.3828,128690.5,129959.8516,127382.6328,39156.48047,40631.89063,39218.30078,36187.38672
P21333,295593.7188,303609.0313,300235.6563,301229.3438,296296.0313,303853.9688,302287.25,301957.25,120039.9922,133848.0156,130162.5313,126872.3516
P21359,21196.99414,19987.56641,19402.7207,17178.48047,19174.66992,17446.19922,16459.67383,15697.86133,36361.14063,34592.72266,35513.15625,34512.51172
P21399,14077.69434,16841.68555,15600.25977,17964.11328,13820.21289,17854.27344,14149.40234,13628.22852,2055.955078,4293.390625,2835.546143,6207.203125
P21796,5874.635254,7984.749512,7975.757813,4253.079102,7151.041504,4686.758789,4439.111816,5556.598633,65969.07031,60892.96875,63145.28516,56287.63281
P21980,30756.68555,26717.63086,29138.00391,26201.92773,29574.53711,21101.06836,16684.90234,24194.34961,54371.71484,53519.11719,57128.50391,54463.84766
P22059,29274.2793,26799.3418,27610.91602,28466.00195,28902.99414,25223.8125,25201.33008,20847.53125,23084.13477,24924.07227,23586.83203,17302.31836
P22061,43975.46094,38037.19922,31960.06445,43670.51172,36280.95703,33130.00391,31814.99414,29152.93359,43248.45703,45512.47266,46614.80078,39047.3125
P22087,88740.84375,86372.44531,88661.20313,92929.49219,92992.94531,87920.23438,95075.96875,96827.21094,30775.12305,27489.61133,32190.20313,23124.56641
P22102,21594.74414,19979.92383,20677.31641,21279.88477,19988.8418,18523.85352,18304.2168,18925.96094,53053.57031,48893.94141,49192.05859,40186.94922
P22234,74884.69531,74174.64844,77369.88281,72176.75781,61853.72656,57601.30469,58543.14063,60117.78906,31281.60742,29589.98828,28734.99023,24443.32813
P22307,6923.043457,2510.655518,5592.546387,3075.493896,8045.972168,2964.417969,3509.679932,3773.131836,32427.28516,34430.08984,32372.98633,33866.12891
P22314,101202.5703,95664.41406,98043.25781,101285.7422,84435.10156,84663.96875,85651.8125,86102.75781,12401.89844,11771.15234,12744.82129,14270.6875
P22392,112546.4844,106773.6641,112415.8984,113164.0703,104421.9297,92402.07813,100342.6328,104505.5625,9158.194336,6637.805176,10476.54102,7368.739746
P22626,235502.8125,217914.9844,222005.0469,225037.8125,224404.4688,205498.2188,221893.9844,209304.9219,24634.45703,27723.24023,24670.74609,10652.27441
P22670,29237.38477,31738.11914,26895.57813,35780.94141,29098.26758,21111.26367,24520.32813,23813.15039,31050.30469,33019.94141,31627.93359,32983.80469
P22681,32956.07422,34459.08984,33179.03516,31828.20117,25982.5625,32263.88477,27451.98438,26329.69727,39527.19922,40562.30469,39346.13672,40507.30859
P22736,9451.411133,7479.616699,9819.546875,7212.731445,53369.94141,44762.10547,41832.66016,41289.69141,22950.61523,25150.70313,24988.81641,24630.05273
P23025,26646.06055,31315.08789,25982.71094,26282.37695,27712,31655.76758,29658.7168,28190.01172,23743.10352,24563.38281,24643.91992,24847.55859
P23193,57990.52344,53735.59766,53986.67578,54391.48438,54187.12109,52021.4375,50742.26953,52324.58984,36729.75,37174.33203,33371.36719,38724.19141
P23229,42379.0625,49050.78906,44236.46094,43931.53125,37470.39844,40736.45703,38751.90625,39769.10156,15932.10156,2921.036621,24989.86523,25488.6582
P23246,141460.5,126276.9688,128197.1406,133101.6719,151562.4219,133826.4844,142512.6875,143091.25,4936.643066,6251.662598,2255.388184,3241.5625
P23258,14105.46875,15463.02539,14829.04492,15548.82813,17183.31445,14905.26074,17102.69531,14046.76758,36437.125,33880.90234,34570.34766,61181.82422
P23284,19411.5625,22872.4375,20909.94922,20975.85156,20083.34766,15208.18652,16257.94238,14875.83008,16566.75586,16675.22852,16205.27539,19371.02539
P23381,16060.07813,18361.50586,19738.56055,18236.55078,12355.55078,16402.02344,15374.03223,16640.13477,43872.53516,60524.42969,58594.90625,61861.92188
P23396,45254.61719,46113.08594,43109.53516,45051.07031,44975.66797,43932.77734,39377.49609,39189.70313,13746.2168,14234.44336,11496.97266,10296.75
P23458,10211.02344,14593.62695,13401.79102,12885.89648,9246.007813,12903.45996,12152.65039,13183.11523,33291.80078,31151.6875,33368.82031,28676.39844
P23497,22282.76367,31152.74414,21309.51953,21058.93359,24516.91016,19576.27344,24054.44727,24493.65234,45011.74219,47624.875,45295.86719,52472.27344
P23526,87578.4375,86835.90625,89539.46094,90148.17969,81500.24219,81915,81701,80712.38281,21369.96875,24905.85742,22904.44727,20100.18555
P23528,236133.1406,219558.4375,223801,222840.5469,207898.5625,199251.9219,210354.875,209393.6563,47476.10547,52421.17578,53008.98438,51308.99219
P23588,69716.25,67605.73438,68969.96875,70136.07031,66562.35938,63764.77734,67253.53125,64555.52344,53072.26563,55352.86328,53628.89844,51189.125
P23610,11435.2207,28158.20117,35407.76172,30847.75781,37271.54297,27063.2207,34403.64844,27842.61914,14585.78516,18434.7207,15291.125,14238.53906
P23743,27060.98047,28068.91602,25814.71484,25638.88086,25225.96484,27500.98438,26729.11914,24542.88477,152947.4063,154555.7813,162153.7188,157073.625
P23769,30317.90625,21457.92969,28200.71484,11903.17188,22124.70898,12080.10254,22594.46094,11141.9043,17817.10352,17293.39258,17857.19336,19954.5918
P23919,37248.25391,27069.08984,36271.55469,36041.61328,27067.27344,27126.92188,30258.68555,25297.45117,42085.02344,43861,43212.98047,42017.03516
P23921,58652.07031,57271.17969,57566.12891,58514.01563,53597.17188,56447.26953,54091.76953,53956.53125,42497.58594,40608.30859,39357.59375,45355.34375
P24468,19925.71289,20757.58398,20344.60547,19123.76953,22219.5293,18490.26563,18262.68555,23223.43945,63296.83594,64014.35547,65895.03125,54376.82031
P24534,64749.00781,69169.72656,66231.89844,67164.26563,56038.79297,49193.81641,53024.25391,53530.98047,20867.09961,24560.91602,14060.9375,24937.61523
P24666,44943.76563,43770.96875,42133.57031,49513.82813,44938.11719,42071.07422,43051.84766,42590.94531,75359.74219,72335.44531,73242.10938,65845.90625
P24752,4914.753418,7111.996582,6564.893555,8050.161133,6802.897461,7843.623535,6989.866211,5035.659668,81066.91406,71272.30469,81404.95313,88104.69531
P24844,27252.07617,26268.69922,25239.93945,23180.30664,25500.28906,23673.33594,19147.8125,23406.39453,63208.25391,59253.18359,65041.97656,61144.625
P24864,5557.174805,4006.572754,7392.365723,2552.775635,8178.303711,5753.120605,5619.228516,4989.772949,36741.61328,46900.48438,43126.53125,40113.89453
P24928,30672.02734,32527.24609,31220.69336,32463.60742,31894.82031,33104.15234,33029.42188,33900,70015.03125,71780.99219,79488.07813,61993.59766
P24941,38233.69531,36653.89063,41479.59766,35819.54297,38491.125,32895.69141,35640.82422,36569.92188,51385.82422,50912.99609,56446.58203,83662.07813
P25205,106492.4531,99719.39844,100692.8672,103091,106320.3594,102749.6484,104648.6953,103455.625,2872.899902,2918.336182,5172.056641,3780.775146
P25325,24937.9043,21835.0293,25229.50195,18555.56055,18012.31836,19471.30859,19404.39063,14963.00488,75810.94531,76417.89063,79018.77344,78762.46875
P25398,17847.85547,14502.07324,15949.66797,19491.69922,16603.64063,19752.37695,18804.5625,17589.79883,63376.24219,67090.10938,63305.48047,62157.82031
P25440,20557.11914,21673.61523,22238.37695,21609.18164,20367.58398,21312.62891,21186.46484,22378.43359,54903.05859,54452.38281,52124.26563,49061.70703
P25490,55069.08203,54441.53906,55356.55859,54882.81641,58870.35547,53797.47266,57603.86328,55220.23828,53723.64453,54819.18359,54492.54297,53956.03516
P25685,65628.95313,62564.36719,65603.27344,63688.39063,67547.30469,64126.80078,67073.21875,63530.875,15837.58105,16551.75391,13142.61621,16003.32422
P25705,12387.2168,20860.18359,9068.164063,16132.83008,4252.91748,20482.06836,18177.10156,17935.89063,35341.73828,36272.48047,38066.0625,37867.85938
P25786,53536.45703,51170.29688,51264.98438,52343.33203,49174.91016,48421.89063,47518.22266,49275.10547,13593.45605,18866.53906,13985.53613,13396.00781
P25787,25684.23242,33219.93359,28362.99414,14142.50293,17573.81055,23923.91016,26142.09766,20479.99414,7847.215332,8040.746582,10702.96777,13277.44824
P25788,16403.49023,11513.58984,11042.89355,9173.433594,12284.58984,8160.841309,8467.814453,4973.257324,4317.501953,5416.219727,11853.14648,4875.924805
P25789,33441.16406,37741.85938,38568.67578,38015.55469,34995.23047,35935.64063,37421.53516,36995.05469,13010.86621,14014.06055,12481.62598,14019.24512
P25815,194318.7813,182313.1406,194836.6563,171744.4688,191594.25,197719.5156,183274.6406,193132.5469,14411.60352,12366.13574,13551.75195,10633.47852
P26006,64409.85547,63300.23438,55707.75391,43591.67578,52613.94922,43984.69141,49116.77734,44742.46484,20791.74805,17264.39258,16724.34375,17645.88281
P26038,38807.46875,38723.79297,37922.60547,40489.38672,31260.60156,30833.83789,31010.35742,32314.23828,38853.13672,37091.98047,38241.73047,40195.69922
P26196,32816.65234,31280.82227,30097.23633,29587.70898,25769.79688,24969.81641,23073.04102,24435.80469,21337.33008,23754.84766,22961.85938,24574.05469
P26358,36668.88281,38767.84766,37594.57813,37855.07813,40943.36328,42442.76172,41407.98047,40688.89453,33093.67188,32719.99805,33615.46094,32841.26563
P26368,133054.9531,133462.7188,134887.0625,141548.0781,133398.2813,139625.3594,141857.7656,139988.7656,44654.6875,44561.52734,45558.96094,43520.10547
P26373,79989.6875,72715.90625,78054.9375,72698.5625,105613.3359,86524.55469,76453.05469,74865.47656,32500.20898,31658.65234,30814.67188,33195.78906
P26374,14639.05762,10341.66992,10805.26367,12235.40332,14878.61816,10938.00781,9647.983398,8551.446289,29950.69141,30358.375,34426.37891,33991.47656
P26447,347420,322234.2188,326301.6563,322899.0625,321141.75,305583.1875,315374.8125,308671.1563,25835.46094,26123.66016,26686.38672,26600.10156
P26583,138332.9688,128487.0703,124554.0703,131636.9844,144225.6094,124886.8984,126819.6094,127534.4531,3436.921875,3543.333496,4625.553711,4034.780762
P26599,90297.16406,91445.25,82114.09375,127056.9688,97168.46094,72195.63281,83819.13281,100255.0156,42486.51953,42456.78125,41588.95313,41829.59375
P26639,36376.50781,36915.91016,36930.03516,39916.70313,32677.10352,31524.27148,32068.97656,32433.67773,40778.01953,41719.00391,40789.94141,36219.40234
P26640,39578.66406,41935.22656,40030.78125,38095.56641,30203.29102,32792.88281,30500.69922,30262.68555,3840.133301,4276.027344,2907.963623,4292.310059
P26641,84804.00781,81841.88281,83536.98438,83715.28125,69011.67188,71220.69531,71448,70267.50781,19833.18164,20010.15234,55834.87109,17003.49609
P27338,113969.2344,30960.26953,102953.2656,32771.10547,83913.74219,36135.02344,33147.94141,8033.262207,7405.164063,5985.86377,6656.194824,12389.48242
P27348,42228.89453,39156.48047,40631.89063,39218.30078,36187.38672,38867.09375,38239.25,37132.6875,18104.07422,15077.75684,16089.61133,13957.26367
P27361,117852.1484,120039.9922,133848.0156,130162.5313,126872.3516,112013.1172,122266.6875,130397.5,5869.453125,5960.158203,5345.810059,4963.320801
P27540,34857.55469,36361.14063,34592.72266,35513.15625,34512.51172,35647.05859,33409.05859,36479.08594,19665.29492,15678.84375,17992.89648,18560.50586
P27635,4611.197266,2055.955078,4293.390625,2835.546143,6207.203125,2498.334229,3746.570557,3723.72876,26813.8457,27502.97656,24691.87891,29173.01367
P27694,60065.71875,65969.07031,60892.96875,63145.28516,56287.63281,57750.60156,59657.24609,57714.75391,71405.6875,70302.64063,72991.69531,75750.125
P27695,57185.16797,54371.71484,53519.11719,57128.50391,54463.84766,54621.15625,52133.37109,53735.65234,34204.09766,34820.78125,31460.56641,28719.40234
P27707,23335.00195,23084.13477,24924.07227,23586.83203,17302.31836,19849.92773,20700.08789,19583.26563,29946.0293,27762.69531,27960.88281,25361.30859
P27708,43940.70703,43248.45703,45512.47266,46614.80078,39047.3125,39418.73047,40697.35156,39024.98047,32883.24219,34379.59375,32978.70313,30195.67383
P27797,28606.22852,30775.12305,27489.61133,32190.20313,23124.56641,22456.72266,21236.09961,21850.42578,52041.67188,55132.45703,52978.17188,57789.19922
P27816,49315.58203,53053.57031,48893.94141,49192.05859,40186.94922,43242.83984,39504.06641,41831.44922,102413.0469,100854.8281,105374.3438,115783.2266
P27824,30117.34961,31281.60742,29589.98828,28734.99023,24443.32813,23313.50977,23305.67773,22999.11523,134296.3125,134058.9688,136322.4844,145326.7031
P28066,38534.38281,32427.28516,34430.08984,32372.98633,33866.12891,28850.39453,28732.76953,27916.08789,33661.17969,29985.26563,33681.57031,28060.03711
P28070,12162.16797,12401.89844,11771.15234,12744.82129,14270.6875,14081.66113,12196.625,13930.9707,61041.07422,62335.08984,64054.16016,60601.77344
P28074,9627.676758,9158.194336,6637.805176,10476.54102,7368.739746,10614.18262,10253.49121,12204.27832,427955,463095.3438,473341.5,588331.3125
P28288,15045.27832,24634.45703,27723.24023,24670.74609,10652.27441,13828.7793,16813.40039,19934.13867,121149.8594,122325.0859,137255.7344,112148.3281
P28290,33860.04688,31050.30469,33019.94141,31627.93359,32983.80469,34314.97656,32132.05469,31172.58203,92023.21094,88733.39844,91511.42188,80585.47656
P28340,39836.09766,39527.19922,40562.30469,39346.13672,40507.30859,40957.37109,39625.75781,40578.96094,1797250.25,1530775.875,2271695.25,3301134.5
P28347,26032.0332,22950.61523,25150.70313,24988.81641,24630.05273,24383.4082,21729.52539,19814.18555,20920.37305,26080.12305,24387.20117,26381.18555
P28370,25552.69531,23743.10352,24563.38281,24643.91992,24847.55859,26474.98242,24761.28906,22878.36133,24985.2793,27050.0918,25086.28516,27234.4043
P28482,36113.78516,36729.75,37174.33203,33371.36719,38724.19141,32173.52148,30399.52734,27526.79688,22929.625,28153.67773,25928.95117,28147.45703
P28562,3179.609131,15932.10156,2921.036621,24989.86523,25488.6582,33892.07813,33557.33203,27065.48047,7654.60498,7413.504395,9095.419922,14908.99609
P28676,6173.643066,4936.643066,6251.662598,2255.388184,3241.5625,3871.718994,3895.842529,4181.509277,60898.03125,60654.05078,60293.08203,60966.42969
P28702,41866.41406,36437.125,33880.90234,34570.34766,61181.82422,28765.49805,20126.32031,24422.25391,91192.24219,72312.13281,91700.61719,93037.21094
P28715,18588.13867,16566.75586,16675.22852,16205.27539,19371.02539,16446.25,16132.83691,13462.7666,63543.71484,70504.45313,72187.94531,67815.14844
P28799,56756.53125,43872.53516,60524.42969,58594.90625,61861.92188,32941.14063,64716.33203,55911.83984,38525.07422,39143.79297,34516.54297,46106.42578
P28838,16141.79102,13746.2168,14234.44336,11496.97266,10296.75,11587.22168,11036.3623,8779.170898,20466.7207,19785.49219,16764.04102,19457.85547
P29083,24095.60938,33291.80078,31151.6875,33368.82031,28676.39844,26604.66602,24356.83203,24648.17773,58500.23828,60556.75781,62746.44922,67312.92188
P29084,46877.33594,45011.74219,47624.875,45295.86719,52472.27344,46496.59375,46523.99219,46747.53906,54699.72266,55300.70313,57010.81641,62191.34375
P29317,22634.32813,21369.96875,24905.85742,22904.44727,20100.18555,22937.49023,18373.68164,21447.55859,89969.92969,91703.5625,92288.63281,96737.71094
P29353,56501.17188,47476.10547,52421.17578,53008.98438,51308.99219,49477.89453,48289.87109,49065.41797,17578.23438,16237.29297,18054.47266,25843.32617
P29372,54607.73828,53072.26563,55352.86328,53628.89844,51189.125,50276.59375,53121.94141,52420.69922,4437.713867,7699.083496,5060.861328,7144.217773
P29373,14421.33984,14585.78516,18434.7207,15291.125,14238.53906,13271.20898,14581.56445,14270.37793,46457.86719,29944.57813,37690.71484,26316.75195
P29401,167477.5781,152947.4063,154555.7813,162153.7188,157073.625,138434.5781,144483.1094,143035.2188,48080.71094,45860.54688,45454.77344,40875.67969
P29466,20198.12891,17817.10352,17293.39258,17857.19336,19954.5918,16262.54199,17445.01563,13997.12109,24692.69141,28596.95898,28796.73242,14456.69922
P29558,44760.25781,42085.02344,43861,43212.98047,42017.03516,43142.80078,40250.84375,45465.89453,1722.851807,2481.023682,6877.09668,3720.163574
P29590,42496.50391,42497.58594,40608.30859,39357.59375,45355.34375,41080.83203,41351.19922,39063.85547,81721.82813,92728.41406,96885.46875,88955.66406
P29692,71205.32031,63296.83594,64014.35547,65895.03125,54376.82031,50761.37891,50235.28906,54370.67188,36405.25781,34681.09766,35026.38672,34356.32031
P29966,28087.76172,20867.09961,24560.91602,14060.9375,24937.61523,13805.01074,2194.672852,11317.2666,10796.01465,9859.650391,8344.601563,10844.04492
P30041,69325.8125,75359.74219,72335.44531,73242.10938,65845.90625,61143.90625,64587.07031,68096.60938,24313.61133,25589.75781,25265.54492,29787.73828
P30043,85041.10156,81066.91406,71272.30469,81404.95313,88104.69531,59585.80469,61908.3125,69722.1875,48956.13672,49155.56641,50013.22266,41660.76172
P30044,62945.64063,63208.25391,59253.18359,65041.97656,61144.625,59574.10156,63283.43359,58994.05078,43104.34766,44390.28125,26804.38281,31167.55664
P30047,42473.76172,36741.61328,46900.48438,43126.53125,40113.89453,37495.75,38479.15234,45969.66406,21287.44141,19582.69922,18779.53711,18762.42188
P30048,59188.33594,70015.03125,71780.99219,79488.07813,61993.59766,73110.44531,80110.53125,94325.14844,41535.12891,43781.41016,43565.83984,43201.55078
P30050,51475.92969,51385.82422,50912.99609,56446.58203,83662.07813,86094.32031,83496.15625,87229.70313,31513.66406,33232.96094,32458.88086,31808.36523
P30084,3401.080322,2872.899902,2918.336182,5172.056641,3780.775146,8967.866211,3123.950684,4617.836914,49398.49219,59931.86328,53096.92578,67153.52344
P30085,76751.64844,75810.94531,76417.89063,79018.77344,78762.46875,72261.79688,75993.27344,71756.47656,46505.58984,45225.8125,49985.52344,49828.80859
P30086,68981.40625,63376.24219,67090.10938,63305.48047,62157.82031,56209.13672,56866.17969,56799.41406,16099.00391,15364.21582,14349.2207,14116.75781
P30101,59573.72656,54903.05859,54452.38281,52124.26563,49061.70703,37683.23047,40443.96484,39610.45313,14375.47461,13541.24707,11218.2373,13992.1582
P30153,56220.77734,53723.64453,54819.18359,54492.54297,53956.03516,49653.09375,50595.49219,49651.60938,40194.66797,46914.95703,46071.01953,40620.05859
P30154,13709.01465,15837.58105,16551.75391,13142.61621,16003.32422,15587.47852,15629.54688,14226.8916,26471.32031,24989.59961,23798.75,25294.13477
P30260,35856.18359,35341.73828,36272.48047,38066.0625,37867.85938,36390.74219,37858.82422,38055.32813,113031.3125,113574.2422,114155.3125,125779.9609
P30281,13639.74414,13593.45605,18866.53906,13985.53613,13396.00781,17128.2168,18067.86523,13973.93457,60331.10156,61176.07422,60955.53125,64505.10156
P30291,11126.59082,7847.215332,8040.746582,10702.96777,13277.44824,8509.984375,9944.066406,10789.2041,61150.67969,59710.61719,61584.88672,55077.60938
P30405,4865.486328,4317.501953,5416.219727,11853.14648,4875.924805,14451.52637,6383.937012,8824.709961,22302.9707,20267.44141,18121.51563,41305.82422
P30414,13595.83789,13010.86621,14014.06055,12481.62598,14019.24512,13314.57031,12482.38574,13989.00195,51947.52734,50510.20313,47629.81641,39714.45703
P30419,12820.3125,14411.60352,12366.13574,13551.75195,10633.47852,10276.89453,10926.37305,10752.74219,21444.81055,22426.42383,25420.14844,18120.77539
P30519,22844.47461,20791.74805,17264.39258,16724.34375,17645.88281,18162.98242,19242.09375,22448.23047,157999.9375,169635.2188,160071.625,178748.6094
P30520,39910.78906,38853.13672,37091.98047,38241.73047,40195.69922,35604.25391,35980.07813,34622.17969,71187.19531,68377.48438,68622.94531,67057.09375
P30566,24604.05664,21337.33008,23754.84766,22961.85938,24574.05469,16189.48438,14682.02344,16243.31055,109768.1875,106980.5078,108566.3125,115757.6953
P30622,32454.16406,33093.67188,32719.99805,33615.46094,32841.26563,31999.14258,32686.50391,32346.83984,25233.71484,13115.53809,17557.57031,23592.20898
P30626,51134.60547,44654.6875,44561.52734,45558.96094,43520.10547,42316.02734,42702.74219,41114.50781,179580.9688,188327.3438,187735.0938,148485.9844
P30711,31303.57422,32500.20898,31658.65234,30814.67188,33195.78906,30861.82813,35039.95703,29595.84961,14271.26172,12559.68848,10745.9209,14350.99023
P30740,32706.88672,29950.69141,30358.375,34426.37891,33991.47656,29053.08984,30122.56836,28763.60547,14788.99707,16786.95313,15395.96387,21392.28906
P30876,25466.06641,25835.46094,26123.66016,26686.38672,26600.10156,26626.07813,25878.97852,25517.98047,36892.82422,36776.92578,36873.45313,35677.78906
P31040,3583.524658,3436.921875,3543.333496,4625.553711,4034.780762,4087.499268,5154.864258,4592.840332,17773.42773,8895.84668,12190.62598,15485.73926
P31150,44634.23828,42486.51953,42456.78125,41588.95313,41829.59375,40181.07813,37147.52344,37069.01563,28370.45117,32908.73828,28379.58984,26728.08789
P31153,39529.34375,40778.01953,41719.00391,40789.94141,36219.40234,38768.58203,40700.48438,37490.91797,13629.13184,13511.85938,13209.51855,15628.24023
P31260,4654.544922,3840.133301,4276.027344,2907.963623,4292.310059,2919.036621,3250.376953,2210.45752,22873.83789,25833.53125,41352.13672,24168.86133
P31270,20426.93359,19833.18164,20010.15234,55834.87109,17003.49609,27144.58984,15006.62109,18256.5,46492.36328,47586.5625,50431.74219,57994.67578
P31271,8177.438477,7405.164063,5985.86377,6656.194824,12389.48242,2467.662109,1422.969727,1280.068359,19162.05273,25172.54492,22692.4043,24699.38672
P31274,14723.91992,18104.07422,15077.75684,16089.61133,13957.26367,16874.5918,18069.01758,18514.46484,24891.35156,24397.0625,26235.94727,24622.83203
P31327,6046.90918,5869.453125,5960.158203,5345.810059,4963.320801,4714.216797,5434.914551,3706.988281,74267.32031,77628.46094,75466.125,75695.32031
P31350,21238.59766,19665.29492,15678.84375,17992.89648,18560.50586,18052.10938,16491.77539,16103.87988,19992.13281,22096.34375,20803.90625,23009.79297
P31483,29630.60938,26813.8457,27502.97656,24691.87891,29173.01367,28846.58789,28484.09961,35913.79297,21102.24023,20303.43359,21520.90234,26168.27734
P31689,72440.46094,71405.6875,70302.64063,72991.69531,75750.125,70505.20313,71210.64063,60991.58203,17119.31055,11557.33887,12395.58105,9411.860352
P31749,33963.27734,34204.09766,34820.78125,31460.56641,28719.40234,30764.5293,33678.11719,31500.25195,224855.8281,230755.7344,237431.7344,242177.1563
P31751,28389.29297,29946.0293,27762.69531,27960.88281,25361.30859,28921.11914,28497.17188,29901.47461,38816.67969,39831.94531,43212.14063,45184.32031
P31939,35059.44141,32883.24219,34379.59375,32978.70313,30195.67383,24367.93359,24236.61719,26778.07813,26927.70117,23441.00195,24065.7207,26726.49609
P31942,59267.70313,52041.67188,55132.45703,52978.17188,57789.19922,49529.4375,51743.21484,48538.45703,74424.54688,106872.2891,116094.4297,112087.6797
P31943,116876.4922,102413.0469,100854.8281,105374.3438,115783.2266,101838.0234,101016.0391,103309.6328,19770.76172,20343.33984,23873.83398,20454.73828
P31946,149961.1563,134296.3125,134058.9688,136322.4844,145326.7031,122451.1797,132427.6094,133786.75,77668.10938,83148.25,82781.20313,82239.67969
P31947,34729.71484,33661.17969,29985.26563,33681.57031,28060.03711,26854.64453,26832.88672,29737.04688,23115.42773,22962.58789,24699.7168,20898.08984
P31948,64623.42969,61041.07422,62335.08984,64054.16016,60601.77344,60664.98828,61281.87891,61670.92969,22467.74609,18757.55273,20138.01367,20656.93359
P31949,523920.9688,427955,463095.3438,473341.5,588331.3125,350231.8438,389884.7813,361870.1563,234401.4531,243717.2188,245762.0313,276846.4688
P32119,123378.6094,121149.8594,122325.0859,137255.7344,112148.3281,107220.2422,108280.0078,122015.1328,25931.15039,26456.57031,27622.92188,29104.63086
P32320,88544.86719,92023.21094,88733.39844,91511.42188,80585.47656,78783.79688,92167.01563,91233.57813,48322.98828,48948.78125,47390.89844,46515.44922
P32455,2232529,1797250.25,1530775.875,2271695.25,3301134.5,937863.375,713955.875,694446.625,5188.760742,5394.931641,6018.027344,5530.251465
P32519,26441.63477,20920.37305,26080.12305,24387.20117,26381.18555,22099.03711,22474.30664,24731.74414,49468.625,53280.44531,54196.65234,55470.80859
P32780,31167.83398,24985.2793,27050.0918,25086.28516,27234.4043,25759.7207,26091.11133,24378.41602,14884.43555,10104.33008,11334.38965,12185.11328
P32929,27940.28906,22929.625,28153.67773,25928.95117,28147.45703,31853.85352,33098.83984,30211.35742,17703.31836,16221.26367,15932.58594,21260.01758
P32969,8672.766602,7654.60498,7413.504395,9095.419922,14908.99609,14044.41602,14258.62988,12922.07227,41472.46875,40416.5625,40670.30859,60681.76172
P33176,58430.35547,60898.03125,60654.05078,60293.08203,60966.42969,58303.83594,59817.40234,58775.40625,2764.131104,11695.35059,9841.518555,12725.63379
P33240,90989.71875,91192.24219,72312.13281,91700.61719,93037.21094,77023.49219,87461.19531,90272.07031,86928.46875,90165.39063,91839.49219,94665.11719
P33316,71833.75781,63543.71484,70504.45313,72187.94531,67815.14844,56122.06641,59201.23047,61540.46484,68208.14063,69309.14844,68557.66406,68644.08594
P33552,40094.24219,38525.07422,39143.79297,34516.54297,46106.42578,31567.61328,30250.01953,33910.55859,27910.05273,25692.19727,25919.77344,27089.81641
P33981,19637.93945,20466.7207,19785.49219,16764.04102,19457.85547,17690.4043,20027.56445,19234.65234,59054.5625,66559.14844,61992.33594,66714.28125
P33991,65326.36328,58500.23828,60556.75781,62746.44922,67312.92188,62163.96484,64762.58984,65076.8125,21477.21289,21616.54102,21853.90625,21367.31641
P33992,62764.6875,54699.72266,55300.70313,57010.81641,62191.34375,56629.80469,57553.22266,54926.33203,67796.95313,69706.22656,72524.42969,60956.71875
P33993,92479.6875,89969.92969,91703.5625,92288.63281,96737.71094,94698.29688,97537.61719,96298.58594,40164.89844,37541.67188,39176.03516,42258
P34896,22663.03516,17578.23438,16237.29297,18054.47266,25843.32617,14752.11914,10432.65625,11406.6377,24621.79102,25442.17578,25378.89844,23790.71875
P34897,6912.533691,4437.713867,7699.083496,5060.861328,7144.217773,3797.686768,3024.625488,6376.609863,32376.80859,26152.39063,29174.95508,34022.45313
P34913,46018.10156,46457.86719,29944.57813,37690.71484,26316.75195,17633.40234,24715.96484,25319.11328,8452.121094,9558.730469,7542.880859,24425.55273
P34932,46945.17578,48080.71094,45860.54688,45454.77344,40875.67969,40980.61328,41023.56641,40438.14453,68509.57031,71019.03906,60800.50781,42382.66016
P34949,47661.91406,24692.69141,28596.95898,28796.73242,14456.69922,15174.27637,17316.59766,14487.41016,24912.38867,23113.66992,20881.47852,23365.28125
P35030,1805.460815,1722.851807,2481.023682,6877.09668,3720.163574,9109.417969,2443.116943,1081.889648,54510.47266,57566.39453,59042.90234,58524.89063
P35080,93874.4375,81721.82813,92728.41406,96885.46875,88955.66406,80749.44531,77445.32031,81792.28906,19767.95313,20352.86719,19294.04883,17603.57813
P35221,33575.21094,36405.25781,34681.09766,35026.38672,34356.32031,35597.40234,36092.66016,36854.53516,27352.84766,29440.17578,30678.94336,27372.25
P35222,10080.38867,10796.01465,9859.650391,8344.601563,10844.04492,11567.47656,13637.55273,9225.004883,40581.82422,39171.85547,42808.48047,33078.50781
P35237,26346.98828,24313.61133,25589.75781,25265.54492,29787.73828,19929.51367,25897.62695,23702.77734,8676.662109,8701.844727,6295.729492,9542.973633
P35241,50264.78516,48956.13672,49155.56641,50013.22266,41660.76172,40656.32422,41468.45313,39816.44922,37945.92578,38792.69922,38846.94531,36077.62109
P35244,27961.98242,43104.34766,44390.28125,26804.38281,31167.55664,42111.51953,28848.51367,25918.79688,44634.96484,45811.28125,47940.18359,44285.38672
P35249,21791.86719,21287.44141,19582.69922,18779.53711,18762.42188,19464.43945,20170.3457,18734.04102,5908.542969,7370.421387,6172.103027,10269.3418
P35250,46756.51172,41535.12891,43781.41016,43565.83984,43201.55078,40005.44141,42127.82813,40586.89063,77872.35156,85407.00781,81462.57031,84363.625
P35251,31898.3457,31513.66406,33232.96094,32458.88086,31808.36523,34119.76953,32664.41211,33198.69922,60050.89844,67596.59375,62056.74609,74265.21875
P35268,60859.09375,49398.49219,59931.86328,53096.92578,67153.52344,59692.35547,63179.32031,66118.67188,10926.43555,12130.72461,11982.31836,12730.91797
P35269,47233.0625,46505.58984,45225.8125,49985.52344,49828.80859,48690.84766,49002.00781,48831.3125,18222.89453,13839.14941,18873.45898,33276.66797
P35270,20779.54688,16099.00391,15364.21582,14349.2207,14116.75781,14342.20508,10414.83301,10405.54297,18635.76172,20050.11523,19775.88477,17019.69531
P35527,14363.28906,14375.47461,13541.24707,11218.2373,13992.1582,14452.53223,8779.239258,7452.482422,62304.10547,64137.79688,63005.85547,70286.60156
P35558,48524.44922,40194.66797,46914.95703,46071.01953,40620.05859,37055.1875,42710.72656,33687.69531,16771.28711,18224.05273,19010.98047,20220.76563
P35573,25024.6543,26471.32031,24989.59961,23798.75,25294.13477,25905.13477,23081.58594,24333.97656,39114.82813,39036.85156,38467.40625,35517.67578
P35579,113199.3906,113031.3125,113574.2422,114155.3125,125779.9609,124729.8516,125513.25,125549.1641,31254.73438,27958.57031,30825.95898,28835.07422
P35580,60055.52344,60331.10156,61176.07422,60955.53125,64505.10156,63839.86328,64073.44141,63066.07031,27011.50391,29026.75586,27372.50781,27552.41211
P35606,59771.75,61150.67969,59710.61719,61584.88672,55077.60938,55257.80469,56244.14063,55614.92578,17064.24805,16609.88867,18616.68555,13740.52246
P35610,22953.44922,22302.9707,20267.44141,18121.51563,41305.82422,18658.14258,11654.50391,14669.06738,30540.45703,30591.35352,30424.89063,24162.89063
P35611,46916.48047,51947.52734,50510.20313,47629.81641,39714.45703,40207.64453,42874.77734,42556.75,36189.86719,35328.16406,37521.98047,46743.17188
P35613,24540.60938,21444.81055,22426.42383,25420.14844,18120.77539,22994.8418,21863.79688,19039.64063,20514.33594,18361.94141,20560.77734,17429.89258
P35637,170298.9063,157999.9375,169635.2188,160071.625,178748.6094,159388.9063,168078.9219,162883.9531,19707.15234,21319.0332,28079.66211,18760.5
P35658,67605.30469,71187.19531,68377.48438,68622.94531,67057.09375,68554.69531,67073.27344,67141.96875,3522.296631,2928.94873,837.1797485,2940.101807
P35659,111572.5625,109768.1875,106980.5078,108566.3125,115757.6953,113529.0625,112782.2031,111655.4688,99700.90625,107940.8438,113117.3203,117498.1094
P35680,21665.16406,25233.71484,13115.53809,17557.57031,23592.20898,23081.19531,18791.2793,18662.92773,133092.2031,137707.3906,139247.5,146220.1094
P35754,161106.1875,179580.9688,188327.3438,187735.0938,148485.9844,171965.7344,195478.2969,219103.0938,19538.50391,18912.68555,18840.57227,20212.61719
P35813,14378.65137,14271.26172,12559.68848,10745.9209,14350.99023,7273.270508,10024.46875,9459.201172,52128.0625,37167.36719,34596.63672,37307.06641
P35908,16421.21094,14788.99707,16786.95313,15395.96387,21392.28906,17189.38867,15841.39648,20342.75,35082.11328,32869.26953,33489.26953,32931.54688
P35998,38717.99219,36892.82422,36776.92578,36873.45313,35677.78906,32992.59375,35768.21875,35742.26953,49029.80078,48180.00391,48510.32813,50466.80859
P36404,23844.98633,17773.42773,8895.84668,12190.62598,15485.73926,13762.60449,13053.43164,7503.369629,88719.34375,91259.11719,89370.07813,84980.54688
P36405,33740.19141,28370.45117,32908.73828,28379.58984,26728.08789,27034.21094,26127.98633,26974.80469,20133.76172,18368.26758,19311.75195,19674.15039
P36507,17050.75977,13629.13184,13511.85938,13209.51855,15628.24023,12047.13281,10612.10449,11601.11621,17192.9375,24910.07813,28107.70703,22399.72266
P36543,30700.62891,22873.83789,25833.53125,41352.13672,24168.86133,21434.91211,18047.04102,19670.41992,21866.14063,24149.85742,24097.19141,25215.4668
P36578,47854.375,46492.36328,47586.5625,50431.74219,57994.67578,59349.76563,58828.23438,57264.46094,50290.18359,49857.97266,58962.1875,57194.54688
P36639,27427.39063,19162.05273,25172.54492,22692.4043,24699.38672,21253.62109,21341.75977,22094.8418,13249.69043,11804.40723,14375.26855,20440.22852
P36871,25128.36719,24891.35156,24397.0625,26235.94727,24622.83203,24439.68555,24221.53711,24662.69922,16456.22656,16101.04199,15354.15723,14287.93066
P36873,77300.22656,74267.32031,77628.46094,75466.125,75695.32031,71730.69531,71719.03125,71217.08594,17957.75391,12361.75977,15597.44824,39155.89844
P36915,20108.35938,19992.13281,22096.34375,20803.90625,23009.79297,18697.91992,18445.78906,17280.33984,41473.08984,36118.30469,28568.67383,23961.48633
P36954,26115.34961,21102.24023,20303.43359,21520.90234,26168.27734,19276.07813,20486.91016,21526.26563,26927.01758,27719.81445,27125.82813,29382.82227
P36969,15444.23242,17119.31055,11557.33887,12395.58105,9411.860352,10566.12402,8994.810547,16072.25293,52778.01953,50175.51172,50997.59766,50920.77734
P37108,231252.5781,224855.8281,230755.7344,237431.7344,242177.1563,211357.5313,212230.6094,211260.6406,7067.772949,6946.380859,7391.29541,6049.460938
P37198,40180.67969,38816.67969,39831.94531,43212.14063,45184.32031,36699.89063,37800.05078,41030.09375,3496.646484,5133.823242,4426.702637,3865.465576
P37235,26612.54297,26927.70117,23441.00195,24065.7207,26726.49609,21862.17578,22969.625,21663.1582,6804.068848,11561.30859,15059.46094,21324.60938
P37268,89039.27344,74424.54688,106872.2891,116094.4297,112087.6797,85935.3125,47829.35156,76706.07031,117329.8125,110739.0391,85591.07813,139830.6406
P37275,20228.56445,19770.76172,20343.33984,23873.83398,20454.73828,19172.76953,15371.60547,16217.86035,14730.51172,12131.63867,14748.0957,10234.86621
P37802,86654.51563,77668.10938,83148.25,82781.20313,82239.67969,73220.46875,77602.53125,78431.89844,10955.33008,16951.53516,17738.44531,15304.63867
P37837,24765.38086,23115.42773,22962.58789,24699.7168,20898.08984,21274.36719,21271.24023,20180.48828,53379.48047,50015.875,49567.49609,48352.78125
P38117,22158.04492,22467.74609,18757.55273,20138.01367,20656.93359,19263.54492,23440.78516,20114.5293,118545.7891,117923.8516,122476.5313,131459.5938
P38159,259863.2656,234401.4531,243717.2188,245762.0313,276846.4688,233349.8281,240517.2656,232566.2031,81962.82813,80470.53906,79466.79688,80369.44531
P38432,27663.81055,25931.15039,26456.57031,27622.92188,29104.63086,27224.17578,27358.27344,29083.72266,55670.60156,70221.20313,78638.65625,51874.41797
P38606,50313.40234,48322.98828,48948.78125,47390.89844,46515.44922,46001.43359,47197.83594,46953.14844,16362.03027,26512.35156,17327.22852,23231.96094
P38646,6553.217285,5188.760742,5394.931641,6018.027344,5530.251465,5773.47168,6513.01416,8366.226563,8884.77832,9683.837891,7648.883789,12077.90625
P38919,56856.69141,49468.625,53280.44531,54196.65234,55470.80859,53140.80469,53711.41406,55623.74219,101538.8203,6501.751953,76207.26563,6526.510254
P38935,14060.17969,14884.43555,10104.33008,11334.38965,12185.11328,11298.45215,10793.44922,12620.24805,57401.47656,58565.15234,51801.78516,48381.98828
P39019,15155.7041,17703.31836,16221.26367,15932.58594,21260.01758,20251.73633,23736.07422,21849.42773,34848.14844,38724.9375,39982.89844,29970.85938
P39023,39391.02344,41472.46875,40416.5625,40670.30859,60681.76172,63227.69922,60980.6875,61613.27734,14659.49805,14426.02832,13771.95508,15965.24414
P39656,9596.543945,2764.131104,11695.35059,9841.518555,12725.63379,4324.543945,4375.26709,5231.04248,9508.945313,5840.084961,3852.391602,7093.088867
P39687,97999.42969,86928.46875,90165.39063,91839.49219,94665.11719,80832.89844,80112.73438,79056.45313,8626.814453,7598.080078,7771.265625,6359.785156
P39748,67395.10938,68208.14063,69309.14844,68557.66406,68644.08594,62430.08984,68399.58594,65302.05469,61393.22656,60319.66406,65084.03516,55276.94922
P39880,25039.23438,27910.05273,25692.19727,25919.77344,27089.81641,28782.9375,27171.84766,28933.95703,45867.01563,44089.64844,41506.69531,42364.35938
P40121,67703.46094,59054.5625,66559.14844,61992.33594,66714.28125,55147.58203,56383.61719,53012.08984,58507.33984,50275.17188,61523.70703,65025.03906
P40222,20544.41016,21477.21289,21616.54102,21853.90625,21367.31641,21312.3125,20868.48438,20224.48047,29740.43164,29112.56055,19623.54297,26977.69336
P40227,67216.6875,67796.95313,69706.22656,72524.42969,60956.71875,62971.89453,64435.125,65561.92969,52244.99219,52825.91016,51950.04688,55335.42188
P40261,43179.19531,40164.89844,37541.67188,39176.03516,42258,40277.34766,39719.47266,39549.70703,43631.64453,45243.21094,45572.83594,45890.98047
P40424,26748.54688,24621.79102,25442.17578,25378.89844,23790.71875,22224.56836,21673.16992,22033.79297,45088.04297,47146.6875,48779.48438,49912.02344
P40425,32845.83594,32376.80859,26152.39063,29174.95508,34022.45313,31536.20898,45152.26172,32536.66602,95093.83594,103072.0156,103031.8359,113147.7813
P40429,10585.18848,8452.121094,9558.730469,7542.880859,24425.55273,19819.78711,18795.25195,18420.38086,30453.375,30989.05664,29758.70117,32345.08398
P40616,69012.21875,68509.57031,71019.03906,60800.50781,42382.66016,58584.88672,58263.73828,60299.82813,26097.17578,26155.27344,27756.10156,26865.12109
P40692,24119.82422,24912.38867,23113.66992,20881.47852,23365.28125,21993.56836,21259.70313,20567.97656,46540.57422,50662.15625,50005.4375,40880.92578
P40763,57774.10938,54510.47266,57566.39453,59042.90234,58524.89063,56577.51172,56113.85156,54737.10938,23036.58789,22997.16797,21675.32422,20488.25977
P40818,23049.56836,19767.95313,20352.86719,19294.04883,17603.57813,17098.79102,20980.28516,17629.18164,23406.90039,22577.25391,23771.53516,20316.31836
P40855,21242.20508,27352.84766,29440.17578,30678.94336,27372.25,20462.25391,18965.78711,25002.91406,43355.11719,47610.95703,46308.22266,45601.91797
P40925,41680.85156,40581.82422,39171.85547,42808.48047,33078.50781,29342.21289,33463.96484,32840.11328,33947.86719,31363.80078,26311.64844,38552.90625
P40926,9521.763672,8676.662109,8701.844727,6295.729492,9542.973633,11590.08203,8608.916992,11946.05469,41015.25,40126.07422,36883.52344,54724.68359
P40937,40644.86328,37945.92578,38792.69922,38846.94531,36077.62109,36988.85938,38841.66016,36116.46875,66789.10938,69573.35156,71277.4375,72995.28125
P40938,46958.46875,44634.96484,45811.28125,47940.18359,44285.38672,43863.75391,45200.71875,44945.39453,7557.793457,7204.247559,6304.424805,10891.03711
P40939,4955.029297,5908.542969,7370.421387,6172.103027,10269.3418,4491.315918,6183.28125,3231.599854,26465.97852,25880.43945,23655.66211,38119.55859
P41091,82714.80469,77872.35156,85407.00781,81462.57031,84363.625,76509.64063,78780.82813,76908.57813,48814.48828,44623.01172,47115.07031,57508.46875
P41134,72686.58594,60050.89844,67596.59375,62056.74609,74265.21875,71842.82813,77938.36719,74803.17969,20748.67188,22900.51367,21771.7832,33513.76563
P41162,13494.46191,10926.43555,12130.72461,11982.31836,12730.91797,11599.2998,10639.93164,11104.53027,113915.5313,126319.2188,122502.9297,142695.9844
P41208,28377.97266,18222.89453,13839.14941,18873.45898,33276.66797,15173.43262,14629.62207,11775.93066,14761.40918,9450.919922,13991.03027,6052.819336
P41214,20332.04297,18635.76172,20050.11523,19775.88477,17019.69531,17051.32813,15822.7334,16039.75098,32717.4043,34435.81641,33358.52344,44694.04688
P41223,66692.625,62304.10547,64137.79688,63005.85547,70286.60156,57726.67578,57683.62109,56975.33594,18389.74609,19055.91211,18184.33789,19285.83984
P41227,20016.03516,16771.28711,18224.05273,19010.98047,20220.76563,14503.63477,17828.98242,16868.98633,71594.00781,72761.3125,74907.82813,74679.78906
P41229,41059.63281,39114.82813,39036.85156,38467.40625,35517.67578,33443.83203,32208.04102,32314.63477,37366.88672,37642.44531,34895.50781,29176.23633
P41236,35408.75,31254.73438,27958.57031,30825.95898,28835.07422,27837.83789,27105.94531,29708.87305,18882.2207,18306.75586,18006.47266,16255.00098
P41240,26493.01172,27011.50391,29026.75586,27372.50781,27552.41211,29590.40039,27114.5,30249.72461,23384.07227,30505.71094,28008.84766,23426.62109
P41250,18861.6582,17064.24805,16609.88867,18616.68555,13740.52246,17569.18359,16720.21289,17230.19336,59088.08203,62177.34375,63418.875,56359.67188
P41252,30639.51563,30540.45703,30591.35352,30424.89063,24162.89063,26243.68945,26105.72266,26119.64258,64455.01953,66511.88281,66748.74219,59825.53516
P41567,40803.26172,36189.86719,35328.16406,37521.98047,46743.17188,38195.02734,46521.48828,43566.04688,24866.09375,24617.63086,24655.14844,19486.23828
P41743,17322.61523,20514.33594,18361.94141,20560.77734,17429.89258,18046.85938,18012.41016,19817.90039,91529.75,97436.46094,93776.98438,152021.7031
P42025,22430.13672,19707.15234,21319.0332,28079.66211,18760.5,17275.49609,16703.05273,15924.90234,32914.39844,29603.9668,27436.53906,30352.34961
P42126,3188.22168,3522.296631,2928.94873,837.1797485,2940.101807,4633.750977,2226.40918,1215.625488,24436.52539,20487.4375,22253.19922,21278.14258
P42166,111675.9063,99700.90625,107940.8438,113117.3203,117498.1094,110004.7344,114002.7422,111682.8516,18741.41602,20712.71289,18932.0332,18968.35547
P42167,144871.5313,133092.2031,137707.3906,139247.5,146220.1094,134977.8125,138164.2969,143224.5938,33976.67188,38271.41016,35884.42188,35885.48047
P42224,20146.58789,19538.50391,18912.68555,18840.57227,20212.61719,17552.89258,18027.49023,17243.99414,47310.01172,47178.57031,46605.97266,41229.44141
P42226,47007.60547,52128.0625,37167.36719,34596.63672,37307.06641,50629.60938,49958.53906,56115.51953,1284.478516,6024.504883,2172.973633,2651.794434
P42229,36639.17969,35082.11328,32869.26953,33489.26953,32931.54688,27884.65234,29816.64844,25698.69922,11811.91895,10103.59863,12170.78613,12739.38477
P42285,52189.48047,49029.80078,48180.00391,48510.32813,50466.80859,48666.10156,46785.48828,46421.13672,50913.62109,52348.55469,50048.28125,51078.03125
P42330,89542.70313,88719.34375,91259.11719,89370.07813,84980.54688,79521.60156,85654.76563,82005.82813,19742.72266,19660.50586,20727.79688,12213.71289
P42345,21175.5625,20133.76172,18368.26758,19311.75195,19674.15039,18161.84375,15322.08789,15446.67871,20219.80273,20879.28711,21258.03125,19297.16797
P42356,20045.39258,17192.9375,24910.07813,28107.70703,22399.72266,18429.93945,27625.55078,18768.39648,23401.53906,28420.05859,27562.78711,27530.54297
P42566,23157.65039,21866.14063,24149.85742,24097.19141,25215.4668,22074.01953,22291.0293,23412.44336,57638.9375,59185.96484,59059.0625,56814.44922
P42568,54414.07031,50290.18359,49857.97266,58962.1875,57194.54688,48459.03906,45723.22266,45875.33594,29649.9668,29529.58008,29484.94727,32728.58789
P42574,17027.67578,13249.69043,11804.40723,14375.26855,20440.22852,6934.662109,5933.169434,3820.628174,28325.73242,26182.36719,27945.75195,24268.37305
P42575,14252.39551,16456.22656,16101.04199,15354.15723,14287.93066,15777.47852,15582.24512,13232.32227,44395.23828,45299.87891,45094.375,20241.22461
P42677,20104.90234,17957.75391,12361.75977,15597.44824,39155.89844,26196.75195,25652.63086,26430.375,17293.85547,14566.60547,11306.62109,5819.754395
P42684,29687.64258,41473.08984,36118.30469,28568.67383,23961.48633,40387.57031,28405.79492,27731.04102,22899.85352,15748.84277,18687.54883,16715.77344
P42695,26572.48047,26927.01758,27719.81445,27125.82813,29382.82227,28273.13281,25869.13086,26541.64063,63977.69141,63644.10547,65663.25781,63122.91797
P42696,52052.01172,52778.01953,50175.51172,50997.59766,50920.77734,51652.53125,50726.96094,51026.4375,64111.92969,46960.34375,27561.06055,28113.15234
P42704,6254.433594,7067.772949,6946.380859,7391.29541,6049.460938,6221.738281,6843.831055,6423.331055,38126.20313,37811.03906,37683.46484,40558.08984
P42765,4682.35498,3496.646484,5133.823242,4426.702637,3865.465576,2657.938965,2554.54248,3323.013672,12133.8125,12532.64258,10675.4668,18065.51367
P42766,17990.29883,6804.068848,11561.30859,15059.46094,21324.60938,17877.66992,17040.47656,20762.58203,32450.9668,29924.625,28956.72266,31694.54492
P42771,115802.7031,117329.8125,110739.0391,85591.07813,139830.6406,149170.1719,96875.625,111807.9609,15120.84766,15404.79102,14989.11328,13203.87891
P42773,11331.95508,14730.51172,12131.63867,14748.0957,10234.86621,8767.640625,13728.46582,13789.4248,60588.69141,61634.13672,62716.80078,77899.96875
P42858,20592.64648,10955.33008,16951.53516,17738.44531,15304.63867,15319.06738,13392.31152,10794.69238,31438.61914,31972.71875,30730.65234,23754.15039
P43034,50018.26172,53379.48047,50015.875,49567.49609,48352.78125,46849.22656,46957.83203,45992.56641,60367.23047,61406.82422,64218.09766,59493.29688
P43243,122458.4844,118545.7891,117923.8516,122476.5313,131459.5938,117808.5156,122069.0547,121556.2031,89696.44531,89770.75781,90313.16406,92155.32031
P43246,80214.85156,81962.82813,80470.53906,79466.79688,80369.44531,82939.38281,83441.39844,85318.1875,12840.14551,11587.16211,10654.78613,14901.52344
P43307,43307.90234,55670.60156,70221.20313,78638.65625,51874.41797,29287.07227,51799.10156,88249.875,40166.5625,41416.93359,41696.86719,37836.21484
P43355,24329.56055,16362.03027,26512.35156,17327.22852,23231.96094,19319.78516,16599.68945,11433.33594,17577.7793,17917.24414,16008.47266,20801.10156
P43360,7543.724121,8884.77832,9683.837891,7648.883789,12077.90625,6626.963867,7428.936523,8343.170898,4449.773926,4713.557617,5439.037598,4844.538086
P43378,48979.25,101538.8203,6501.751953,76207.26563,6526.510254,49896.77344,55660.12109,71880.22656,10589.00586,13591.65918,13248.43848,15214.87793
P43487,55620.58984,57401.47656,58565.15234,51801.78516,48381.98828,47394.39844,47937.29297,45961.19141,22715.43555,22232.97852,22325.99609,26638.18164
P43490,37231.09375,34848.14844,38724.9375,39982.89844,29970.85938,29485.37109,31276.80273,31592.03516,17170.43359,16027.84473,15544.25586,18341.48633
P43686,16690.33789,14659.49805,14426.02832,13771.95508,15965.24414,12658.20996,13188.5918,12736.98828,147781.1094,148727.0469,149938.2656,145102.5625
P43897,7101.946777,9508.945313,5840.084961,3852.391602,7093.088867,3661.10791,7612.668457,4759.824707,59569.50391,87289.64844,93027.25,73780.73438
P45880,6626.262207,8626.814453,7598.080078,7771.265625,6359.785156,6003.445801,6638.166016,3669.368164,29769.38672,28499.17383,30765.32617,25620.62695
P45973,66465.42188,61393.22656,60319.66406,65084.03516,55276.94922,54188.45313,54143.14844,58147.07422,37321.35156,37494.33594,37128.36719,33261.125
P45974,44468.07813,45867.01563,44089.64844,41506.69531,42364.35938,40974.82031,41330.96875,43048.31641,15259.45801,15673.19824,16456.53711,17035.88477
P45983,64173.13672,58507.33984,50275.17188,61523.70703,65025.03906,50126.29297,60319.77344,63054.50391,70921.70313,67534.5625,68538.57031,55477.51563
P45984,30036.74609,29740.43164,29112.56055,19623.54297,26977.69336,31351.40039,31986.16016,30530.71094,41632.14063,42796.6875,42370.26563,45174.00781
P46013,52295.06641,52244.99219,52825.91016,51950.04688,55335.42188,55253.99219,54794.99609,55005.44141,27512.83398,29144.92773,28373.63672,30493.95508
P46060,45589.5625,43631.64453,45243.21094,45572.83594,45890.98047,42766.98828,43754.67578,42256.48047,16611.99805,17489.51953,16036.10449,16911.69531
P46063,50956.49219,45088.04297,47146.6875,48779.48438,49912.02344,47992.41797,47653.16406,49222.39063,35326.38672,34224.29688,33393.59375,38741.51172
P46087,103692.8438,95093.83594,103072.0156,103031.8359,113147.7813,101826.0938,104460.3984,100593.4844,34657.21484,36288.08594,37894.09375,35796.71094
P46100,30850.89063,30453.375,30989.05664,29758.70117,32345.08398,30845.48828,31168.05664,32221.0293,3813.397461,8350.145508,8395.181641,18471.82227
P46108,28796.04297,26097.17578,26155.27344,27756.10156,26865.12109,20557.13086,25100.16602,21799.9668,14301.73145,16958.11914,14321.81641,18029.22852
P46109,46269.15625,46540.57422,50662.15625,50005.4375,40880.92578,40910.68359,44775.80859,45777.42578,85965.32813,82020.39063,85536.60156,92558.57031
P46379,24496.04492,23036.58789,22997.16797,21675.32422,20488.25977,18522.79688,20656.99805,19389.73242,2961.203125,3842.398682,5011.554199,3203.632324
P46459,25805.89453,23406.90039,22577.25391,23771.53516,20316.31836,20089.24805,20291.31445,20064.49219,25712.61133,25943.74414,24954.9082,26628.45508
P46734,49662.95703,43355.11719,47610.95703,46308.22266,45601.91797,35894.62891,37745.66406,38767.76563,39254.58984,34828.85938,32632.62109,26960.35547
P46736,33849.19922,33947.86719,31363.80078,26311.64844,38552.90625,27829.87109,26494.42578,27197.53711,61859.95703,58472.67188,61402.01563,62584.99609
P46776,39743.47266,41015.25,40126.07422,36883.52344,54724.68359,65610.08594,62391.08594,60353.44922,39769.86719,37194.84375,39912.48047,42756.78125
P46777,66238.69531,66789.10938,69573.35156,71277.4375,72995.28125,75977.00781,79952.04688,78768.79688,7795.790039,5453.756836,6859.432617,3959.817383
P46778,7995.782227,7557.793457,7204.247559,6304.424805,10891.03711,11599.28418,9490.553711,10053.1123,30183.16016,21581.74219,31089.88477,2220.94043
P46779,25943.95313,26465.97852,25880.43945,23655.66211,38119.55859,37964.36719,38332.03516,41617.19922,10612.98145,10772.83203,8991.868164,12765.84375
P46781,46470.72656,48814.48828,44623.01172,47115.07031,57508.46875,57115.9375,60103.78125,65298.79297,22360.01758,22288.82227,19741.74609,18464.61523
P46782,24474.22656,20748.67188,22900.51367,21771.7832,33513.76563,28330.87109,30552.13281,27720.52734,45872.12109,42983.82031,51742.51953,44244.22266
P46783,110710.9844,113915.5313,126319.2188,122502.9297,142695.9844,142337,142574.2656,155121.5469,54146.30859,53532.98438,53642.26563,57501.97266
P46926,12395.05469,14761.40918,9450.919922,13991.03027,6052.819336,7889.887695,7474.479004,7694.072266,48753.11328,47439.57813,48950.07422,48747.89063
P46937,34554.88672,32717.4043,34435.81641,33358.52344,44694.04688,39210.20313,41315.14063,38729.39063,18134.875,18844.68555,19160.48047,17860.91602
P46939,20707.13477,18389.74609,19055.91211,18184.33789,19285.83984,16748.49219,15383.85156,14708.93066,17894.24805,21437.86133,19719.92383,16793.89648
P46940,71516.01563,71594.00781,72761.3125,74907.82813,74679.78906,75398.0625,76118.52344,76966.79688,28225.37109,34423.15625,29567.32227,31222.29688
P46977,33664.49609,37366.88672,37642.44531,34895.50781,29176.23633,38296.78516,37308.99609,24234.92383,38954.26953,37094.73438,39881.04297,35084.25781
P47712,17440.66602,18882.2207,18306.75586,18006.47266,16255.00098,18660.27344,16317.625,18927.87891,25798.29883,26811.73242,26519.09961,24750.2207
P47755,29254.11523,23384.07227,30505.71094,28008.84766,23426.62109,23594.21875,27544.57227,24321.64844,11915.08203,9222.994141,11871.52539,7545.800781
P47756,64333.29297,59088.08203,62177.34375,63418.875,56359.67188,55157.46484,56918.16016,57150.41797,42878.11719,35853.43359,37624.16406,30627.6582
P47813,67781.74219,64455.01953,66511.88281,66748.74219,59825.53516,50588.14063,53018.49219,52470.75,84280.14063,88832.86719,88020.05469,86924.91406
P47897,23653.52344,24866.09375,24617.63086,24655.14844,19486.23828,21547.41602,21282.71094,20717.00195,31453.09961,29420.375,29611.61914,27989.82813
P47914,108376.4063,91529.75,97436.46094,93776.98438,152021.7031,129843.8672,142151.0781,122726.0469,15390.4248,14085.69531,13539.34277,17459.14648
P47974,27841.91016,32914.39844,29603.9668,27436.53906,30352.34961,30937.16016,35646.57422,33701.03516,52173.30078,53608.80859,52274.66016,45317.97656
P48059,20597.43359,24436.52539,20487.4375,22253.19922,21278.14258,23516.7793,22889,20636.46875,45219.36328,46293.07422,48597.40234,51012.92188
P48147,19245.7832,18741.41602,20712.71289,18932.0332,18968.35547,16008.91016,15488.73633,13781.36133,94813.89063,93731,98722.73438,103768.0156
P48382,39184.47266,33976.67188,38271.41016,35884.42188,35885.48047,33261.19141,35358.44922,34524.32031,38750.28906,37634.28125,38910.07031,36363.80078
P48444,44580.23047,47310.01172,47178.57031,46605.97266,41229.44141,42698.92578,42339.54688,42351.40625,157560.5938,159940.8594,157762.7188,169032.875
P48449,803.3769531,1284.478516,6024.504883,2172.973633,2651.794434,4017.704346,7925.526367,2859.261475,12609.55469,11534.95898,10467.81738,10338.24805
P48506,10030.47949,11811.91895,10103.59863,12170.78613,12739.38477,7365.422852,7765.857422,8483.46582,16578.84961,13598.76074,14462.62598,12034.46582
P48507,50948.48828,50913.62109,52348.55469,50048.28125,51078.03125,51096.17969,49644.45313,52056.55859,18552.24414,19020.61523,18709.52734,15697.79297
P48556,16317.90918,19742.72266,19660.50586,20727.79688,12213.71289,16129.45898,14998.40234,18383.35742,57690.39063,58601.00391,59152.60938,57940.18359
P48634,22046.46875,20219.80273,20879.28711,21258.03125,19297.16797,17637.3125,16732.3125,17079.11719,20360.67383,13593.40039,17885.3457,17638.76758
P48637,34361.42578,23401.53906,28420.05859,27562.78711,27530.54297,18589.3125,19438.44336,23929.97852,69961.77344,73076.03906,70596.29688,75921.92969
P48643,59661.99609,57638.9375,59185.96484,59059.0625,56814.44922,56078.76563,57039.17969,56769.20313,37483.15234,37961.06641,38846.52344,36749.46094
P48681,29703.81836,29649.9668,29529.58008,29484.94727,32728.58789,29012.25391,28133.56836,29696.2207,7863.82959,8045.410156,6547.293457,7422.798828
P48729,25106.62695,28325.73242,26182.36719,27945.75195,24268.37305,29619.16602,28902.32813,28393.8457,27530.57031,30924.29883,30414.10742,23649.76953
P48730,38797.79688,44395.23828,45299.87891,45094.375,20241.22461,29342.00195,34698.15625,28505.06836,13991.10449,12935.90625,13772.04297,18222.39063
P48735,15665.12793,17293.85547,14566.60547,11306.62109,5819.754395,10562.04297,10979.89063,10264.90137,17770.89648,16905.93945,16419.39063,20021.75391
P48739,17552.8418,22899.85352,15748.84277,18687.54883,16715.77344,16236.42969,14267.90723,13427.89844,29537.80469,33414.05859,30626.11133,31188.08203
P49005,64896.72266,63977.69141,63644.10547,65663.25781,63122.91797,63071.38281,63336.30078,64105.86719,22330.62109,22069.08789,19811.01953,20916.96875
P49006,30031.58008,64111.92969,46960.34375,27561.06055,28113.15234,20017.17383,21141.73047,28381.19531,5822.437012,4059.495117,6187.89209,8368.425781
P49023,37326.94531,38126.20313,37811.03906,37683.46484,40558.08984,39135.00391,38436.58984,38049.16797,67611.25,66761.60938,68798.95313,60070.38281
P49116,14616.43262,12133.8125,12532.64258,10675.4668,18065.51367,10632.49707,11368.41406,10131.75391,78501.65625,80551.32031,83122.61719,73328.94531
P49137,32607.44141,32450.9668,29924.625,28956.72266,31694.54492,32679.08789,29673.51367,26018.78906,36776.92188,38516.34375,39047.75,44444.82422
P49189,18422.6582,15120.84766,15404.79102,14989.11328,13203.87891,14316.42578,11741.61328,11847.20508,17392.44531,20336.19336,20191.3457,19861.41602
P49207,70117.95313,60588.69141,61634.13672,62716.80078,77899.96875,73012.03125,68141.90625,70454.55469,26318.02539,22877.54297,23147.78125,21323.32227
P49257,34556,31438.61914,31972.71875,30730.65234,23754.15039,23418.42383,22994.58203,24123.08789,25422.24219,24788.21289,25103.93555,21712.57031
P49321,65111.61328,60367.23047,61406.82422,64218.09766,59493.29688,51654.45703,54895.91406,56685.84766,63830.82813,60679.11328,60938.80078,61247.42969
P49327,90030.33594,89696.44531,89770.75781,90313.16406,92155.32031,91530.48438,90017.92969,90422.34375,33020.89063,31147.05859,35414.33203,27706.47852
P49354,12704.60938,12840.14551,11587.16211,10654.78613,14901.52344,15259.97754,20498.29492,10702.15918,18132.26367,16561.83398,17220.01367,16265.7666
P49368,43509.91797,40166.5625,41416.93359,41696.86719,37836.21484,36861.85156,36508.34766,38099.67188,41241.19531,39704.05859,41418.50781,36377.73047
P49407,16867.58984,17577.7793,17917.24414,16008.47266,20801.10156,13113.47949,14967.68164,15680.23047,303535,320478.9063,341601.3125,379466.5313
P49411,5453.078125,4449.773926,4713.557617,5439.037598,4844.538086,7295.828613,6432.341309,8347.37793,23417.81641,22615.19141,23321.21094,22298.88086
P49419,12991.7373,10589.00586,13591.65918,13248.43848,15214.87793,9081.242188,9354.110352,8139.952148,25537.84766,22702.67773,23130.48633,21337.58594
P49441,27067.01172,22715.43555,22232.97852,22325.99609,26638.18164,23253.19727,21242.68945,17661.33789,29066.20508,28380.80078,30201.43945,30334.17969
P49454,16220.22168,17170.43359,16027.84473,15544.25586,18341.48633,17227.94531,17135.10547,17332.09766,45650.41016,47331.67578,47799.88281,47085.42188
P49458,155015.5,147781.1094,148727.0469,149938.2656,145102.5625,139967.0156,150691.2188,152669.8906,45718.97266,44005.04688,42866.51563,43689.46094
P49459,83272.60938,59569.50391,87289.64844,93027.25,73780.73438,78325.57813,80801.85156,88565.52344,19735.13672,12809.62305,17816.22656,28677.53711
P49585,30325.41602,29769.38672,28499.17383,30765.32617,25620.62695,25688.34375,27342.12305,28157.10938,34735.28906,36124.17188,35320.78125,30690.18359
P49588,36965.14453,37321.35156,37494.33594,37128.36719,33261.125,32837.47656,31919.21484,32532.42383,18536.71875,15827.64648,19848.41016,35439.91406
P49589,17596.42383,15259.45801,15673.19824,16456.53711,17035.88477,14315.20215,12953.40039,15470.07617,40600.25,39782.94531,40827.69922,44352.24219
P49591,68172.97656,70921.70313,67534.5625,68538.57031,55477.51563,55133.46875,56048.19922,54050.82031,64066.94531,63671.46875,60942.74219,58366.82031
P49642,44187.17969,41632.14063,42796.6875,42370.26563,45174.00781,41991.69922,38151.69141,40143.48828,23468.59766,20870.86523,22589.77539,24787.23633
P49643,29143.37305,27512.83398,29144.92773,28373.63672,30493.95508,30960.00391,27759.03125,29076.94727,11161.46875,10749.72461,8502.140625,10580.29492
P49662,17967.04688,16611.99805,17489.51953,16036.10449,16911.69531,21367.06445,18338.58008,18411.03125,21246.64648,12612.75684,14047.41016,14278.19629
P49674,37720.88672,35326.38672,34224.29688,33393.59375,38741.51172,37426.60547,33122.49609,34417.45703,33885.46484,31040.95117,29571.49219,33563.74219
P49711,35925.30859,34657.21484,36288.08594,37894.09375,35796.71094,33655.91797,36813.26172,34554.43359,47483.5625,47793.86328,46658.10156,45407.19141
P49715,11119.18262,3813.397461,8350.145508,8395.181641,18471.82227,2898.713623,2695.10083,2195.067871,18950.99609,16133.71094,16564.62305,17331.29492
P49720,17197.03516,14301.73145,16958.11914,14321.81641,18029.22852,11675.19434,14179.33203,13533.50488,12633.95703,12911.34863,13513.30078,11887.99219
P49736,86155.91406,85965.32813,82020.39063,85536.60156,92558.57031,86429.01563,90747.71094,89979.73438,25276.89844,26580.08594,25692.79688,25554.41406
P49748,3413.694092,2961.203125,3842.398682,5011.554199,3203.632324,4329.958496,3105.721924,4171.796875,116120.7734,119596.6328,116405.7031,132368.2813
P49750,26102.06641,25712.61133,25943.74414,24954.9082,26628.45508,26100.32617,25095.52539,26229.375,27751.92383,31410.93945,30017.35938,29378.79102
P49755,35568.875,39254.58984,34828.85938,32632.62109,26960.35547,29969.57813,28388.82031,32905.91406,57796.35547,57999.41406,58279.66016,55647.07813
P49756,60318.14063,61859.95703,58472.67188,61402.01563,62584.99609,62268.20313,61753.31641,64107.07813,41361.42188,54141.07422,56644.94141,40919.24609
P49757,39129.96094,39769.86719,37194.84375,39912.48047,42756.78125,36761.91406,38788.34766,37806.35547,115633.5391,119449.8203,115501.4375,116673.4844
P49759,7300.896973,7795.790039,5453.756836,6859.432617,3959.817383,7876.05127,4418.272461,5661.600586,134087.0781,128077.5625,133858.25,128397.6172
P49760,31729.60547,30183.16016,21581.74219,31089.88477,2220.94043,28845.63086,25580.24805,22113.56445,136532.9219,134500.3438,140935.625,153860.9844
P49761,11387.65332,10612.98145,10772.83203,8991.868164,12765.84375,13691.71191,12891.74512,8828.709961,117965.1797,126944.8281,127774.8281,119549.6484
P49770,21019.83203,22360.01758,22288.82227,19741.74609,18464.61523,22297.06836,25853.10938,21383.0332,17211.36914,17079.85938,19578.19141,19565.05078
P49773,43182.72656,45872.12109,42983.82031,51742.51953,44244.22266,40453.36719,40322.57031,42882.59375,39999.69531,40863.37109,46275.22656,48938.64063
P49790,51498.91406,54146.30859,53532.98438,53642.26563,57501.97266,57544.32422,57382.42578,54982.59375,36166.42969,28080.87891,26542.74609,24214.95703
P49792,46120.53125,48753.11328,47439.57813,48950.07422,48747.89063,50408.74609,49491.0625,49297.14844,49514.41406,48247.42578,50748.32422,47828.51172
P49815,16708.41992,18134.875,18844.68555,19160.48047,17860.91602,20005.71875,19103.64648,17516.40625,70216.25781,77830.22656,68335.32031,77135.875
P49840,16928.42383,17894.24805,21437.86133,19719.92383,16793.89648,15361.64844,12581.12305,14643.95117,55704.30859,56725.70703,66226.29688,68541.125
P49841,34309.23438,28225.37109,34423.15625,29567.32227,31222.29688,35587.67578,31169.30273,21382.06055,63846.21484,67333.48438,70740.28906,69575.98438
P49848,41970.30469,38954.26953,37094.73438,39881.04297,35084.25781,32141.13281,36602.64844,40001.90625,44342.14844,39798.99609,42239.58203,45717.09766
P49902,29337.9043,25798.29883,26811.73242,26519.09961,24750.2207,24088.50781,22532.16211,25527.89648,102785.6875,110919.75,113610.7266,115127.3906
P49903,11509.78711,11915.08203,9222.994141,11871.52539,7545.800781,8282.060547,9853.808594,10117.98828,41656.49219,54506.73828,55476.375,55357.96875
P49914,41936.03906,42878.11719,35853.43359,37624.16406,30627.6582,35989.45703,37799.83203,38445.85938,69717.5625,69629.72656,72081.02344,73783.42969
P49915,89165.625,84280.14063,88832.86719,88020.05469,86924.91406,85639.47656,89470.95313,88115.60156,18978.45898,17631.08203,17850.58789,18030.0918
P49916,30535.47266,31453.09961,29420.375,29611.61914,27989.82813,29815.20508,28758.71094,29456.70508,40430.25,38189.36328,38205.02344,38529.91797
P49917,18989.26172,15390.4248,14085.69531,13539.34277,17459.14648,15069.31836,13059.07227,12079.71191,25578.63672,25630.48242,25661.25586,26983.01758
P49918,60977.29297,52173.30078,53608.80859,52274.66016,45317.97656,30985.60352,29179.25586,29934.01563,22221.71094,23731.19727,21510.0332,27592.18164
P49959,49780.41406,45219.36328,46293.07422,48597.40234,51012.92188,46237.88672,41380.92969,41535.55078,58379.74609,66228.17969,62693.50391,54596.95703
P50238,102035.2969,94813.89063,93731,98722.73438,103768.0156,94028.14063,93764.64844,94743.72656,30594.79883,29576.50586,30912.55273,28976.98828
P50395,38367.58984,38750.28906,37634.28125,38910.07031,36363.80078,37626.59375,36858.64063,35700.69531,23979.83203,21132.60547,19672.31641,24176.25
P50402,152906.8906,157560.5938,159940.8594,157762.7188,169032.875,159378.2656,165689.2188,165110.5156,46866.74609,47419.85938,46789.46484,45567.46094
P50416,11300.3252,12609.55469,11534.95898,10467.81738,10338.24805,9265.469727,10087.26953,9494.414063,72976.63281,66701.11719,71462.8125,66764.99219
P50452,13118.18359,16578.84961,13598.76074,14462.62598,12034.46582,12903.88281,14986.11719,16918.07617,66538.8125,64134.27344,63385.60156,68180.40625
P50454,20049.15625,18552.24414,19020.61523,18709.52734,15697.79297,12176.69922,11889.29199,10739.18262,45997.09766,44799.83594,47841.48047,37776.78125
P50502,62006.73047,57690.39063,58601.00391,59152.60938,57940.18359,53489.8125,56458.12109,54169.28906,20595.31055,18896.60938,19964.97656,17566.43164
P50548,20625.63867,20360.67383,13593.40039,17885.3457,17638.76758,19443.1875,9014.671875,13681.30469,38959.07813,37500.24609,38708.83984,41102.44922
P50552,75573.875,69961.77344,73076.03906,70596.29688,75921.92969,73210.60938,72616.28125,70163.42969,56513.75,60548.46484,64262.34766,57075.94922
P50570,38587.4375,37483.15234,37961.06641,38846.52344,36749.46094,34925.82031,33955.70703,35523.92578,16842.23828,11946.13184,18331.33203,15154.99219
P50579,7893.923828,7863.82959,8045.410156,6547.293457,7422.798828,6206.784668,8469.344727,3066.415283,48049.97266,49014.10547,52222.46875,46054.02344
P50583,30862.70508,27530.57031,30924.29883,30414.10742,23649.76953,26869.71875,27519.19336,30064.10156,58255.61328,56543.36719,58720.57422,56175.53125
P50613,16997.42578,13991.10449,12935.90625,13772.04297,18222.39063,13019.6582,12888.5293,12448.60254,24509.41602,27423.44141,28838.88867,25505.36719
P50748,18016.70703,17770.89648,16905.93945,16419.39063,20021.75391,16811.32617,16730.75781,16074.51172,7163.652344,27605.29492,25579.35547,6408.992188
P50750,34488.44922,29537.80469,33414.05859,30626.11133,31188.08203,31035.38477,30752.81445,32758.00195,32821.49219,28525.36523,28862.32617,26052.26953
P50851,21346.28125,22330.62109,22069.08789,19811.01953,20916.96875,18191.35156,18766.10156,16787.46289,31484.40039,31898.14648,32437.21289,29755.13672
P50914,6916.393066,5822.437012,4059.495117,6187.89209,8368.425781,9996.944336,5595.213379,7944.827148,49296.80859,49879.46484,51065.85547,47854.64844
P50990,66826.00781,67611.25,66761.60938,68798.95313,60070.38281,57475.125,58928.84766,60291.80859,31587.88477,24404.46094,23270.27148,20820.05469
P50991,82548.89844,78501.65625,80551.32031,83122.61719,73328.94531,70758.10156,71915.875,75047.69531,45553.19141,50522.12891,45369.33594,47902.01172
P50995,43950.625,36776.92188,38516.34375,39047.75,44444.82422,35275.22656,34551.94531,31988.16992,19478.87891,17621.10938,18019.04688,13700.00977
P51003,24522.66992,17392.44531,20336.19336,20191.3457,19861.41602,18653.28906,16812.15039,14624.2373,53775.55469,49567.85938,52246.29297,47352.32422
P51114,26918.75,26318.02539,22877.54297,23147.78125,21323.32227,21366.55273,23258.83398,21230.59375,82100.35938,81637.45313,79639.65625,75023.28906
P51116,26181,25422.24219,24788.21289,25103.93555,21712.57031,24075.51758,24603.38281,23204.44141,240680.4844,248004.9531,251556.8906,252269.0469
P51148,64016.93359,63830.82813,60679.11328,60938.80078,61247.42969,45867.49219,48279.43359,38546.89063,96226.09375,79795.27344,63269.89063,67426.89063
P51149,35533.97266,33020.89063,31147.05859,35414.33203,27706.47852,25080.93945,32568.13477,38963.80859,21374.9707,18299.57813,17654.56055,21109.50781
P51151,19636.90234,18132.26367,16561.83398,17220.01367,16265.7666,15090.7627,12026.79297,11719.59473,26694.22656,27249.27734,27907.07227,24599.07422
P51153,42989.25781,41241.19531,39704.05859,41418.50781,36377.73047,37421.82031,33664.05078,35311.09375,22663.02539,23669.15625,26548.08594,19658.65234
P51397,327727.1563,303535,320478.9063,341601.3125,379466.5313,323043.2813,369896.3438,330744.4375,6263.485352,3594.195313,4025.236816,5708.362305
P51452,24267.11914,23417.81641,22615.19141,23321.21094,22298.88086,20353.55664,21934.86914,19286.54297,32042.42578,29053.20117,30500.17578,27370.53516
P51530,25972.54688,25537.84766,22702.67773,23130.48633,21337.58594,24317.38086,25426.51172,22935.28711,38943.46875,39311.47266,36306.80859,32473.7207
P51531,29575.37695,29066.20508,28380.80078,30201.43945,30334.17969,29534.75,28704.38867,28050.96875,51866.78125,49738.66406,50013.67188,45959.60547
P51532,44617.625,45650.41016,47331.67578,47799.88281,47085.42188,50165.04297,49935.97266,49311.14063,15892.14941,11742.3584,14651.88379,10734.11328
P51570,48900.50781,45718.97266,44005.04688,42866.51563,43689.46094,42654.45313,41742.97656,43628.34766,312799.8438,326640.375,322818,311274.75
P51571,21367.77539,19735.13672,12809.62305,17816.22656,28677.53711,15844.98535,10443.12793,16923.7207,27688.31641,30030.01563,29947.28516,31739.98633
P51572,31081.83203,34735.28906,36124.17188,35320.78125,30690.18359,26937.53516,31519.33789,35084.53125,39080.59766,36767.62109,47212.77734,37501.13281
P51580,11378.28516,18536.71875,15827.64648,19848.41016,35439.91406,13172.00293,17886.42578,6472.352051,8150.77832,7381.174805,10772.41113,7302.318848
P51608,40995.15234,40600.25,39782.94531,40827.69922,44352.24219,39483.28125,41324.52734,40358.54297,5259.733398,5490.483398,3733.868896,6863.262695
P51610,61810.84375,64066.94531,63671.46875,60942.74219,58366.82031,56118.45703,56390.00781,54969.30078,19621.22656,18680.40625,19165.13477,18999.85938
P51617,24576.42578,23468.59766,20870.86523,22589.77539,24787.23633,24747.33203,22072.18359,19495.41602,23754.87891,25933.5,24667.98438,21592.98828
P51648,12781.00586,11161.46875,10749.72461,8502.140625,10580.29492,11532.05566,10034.08691,9623.326172,25585.1875,23735.02344,25756.42383,25841.11133
P51659,17431.38086,21246.64648,12612.75684,14047.41016,14278.19629,13412,10187.36035,10624.40527,13846.79785,11935.4668,13791.28125,10796.01465
P51665,34706.35547,33885.46484,31040.95117,29571.49219,33563.74219,26151.50977,24285.07422,23758.98828,15789.55664,11788.83887,17227.42578,17861.48047
P51692,47107.36328,47483.5625,47793.86328,46658.10156,45407.19141,44674.78516,43036.49219,44137.63281,113714.2656,114205.6563,118651.2656,108819.0625
P51784,16248.00586,18950.99609,16133.71094,16564.62305,17331.29492,15252.00195,16993.63867,14750.12305,60180.42969,62445.98438,61724.80859,57156.12891
P51809,15542.99902,12633.95703,12911.34863,13513.30078,11887.99219,13482.03809,6061.116211,6798.901367,59110.50391,60357.00781,63285.71094,64680.85156
P51812,27656.31836,25276.89844,26580.08594,25692.79688,25554.41406,23981.13672,24659.41016,26973.23828,65005.34375,69459.32813,64329.73438,62178.32813
P51858,125437.8125,116120.7734,119596.6328,116405.7031,132368.2813,105979.0703,104937.8047,114104.5,8833.323242,10592.84668,11612.21094,7802.166016
P51946,29465.10352,27751.92383,31410.93945,30017.35938,29378.79102,31215.29102,31079.83203,31537.31641,11374.37305,15259.87598,16089.30469,13846.47266
P51948,54593.80469,57796.35547,57999.41406,58279.66016,55647.07813,60690.38672,62827.125,62404.51953,23734.71094,22425.87305,22566.50586,25727.40039
P51965,48914.40625,41361.42188,54141.07422,56644.94141,40919.24609,45670.60547,46053.64063,46636.08203,13735.39746,15619.11719,16011.8418,17851.72656
P51991,120826.1406,115633.5391,119449.8203,115501.4375,116673.4844,112794.1563,116514.9922,109341.5234,53144.42188,48700.48828,52491.30859,51318.64063
P52209,129130.3203,134087.0781,128077.5625,133858.25,128397.6172,129178.75,126968.0625,129603.4922,31506.08789,31729.20508,30725.9375,27729.41797
P52272,152036.4844,136532.9219,134500.3438,140935.625,153860.9844,139888.4063,147416.2656,146512.5,38605.92969,37304.80078,40211.01563,39937.53125
P52292,121621.3359,117965.1797,126944.8281,127774.8281,119549.6484,123196.5938,119784.4922,125832.7188,47914.46484,47081.26953,44305.18359,46297.51953
P52294,17982.77148,17211.36914,17079.85938,19578.19141,19565.05078,19673.94531,19889.51758,20366.9668,53148.49219,55330.42578,57060.25,55146.53516
P52298,42054.26563,39999.69531,40863.37109,46275.22656,48938.64063,42917.51563,45417.87891,46598.34375,34351.875,40494.58984,45605.22656,34544.35547
P52306,24886.21875,36166.42969,28080.87891,26542.74609,24214.95703,34707.95313,39827.125,34238.80078,33262.07422,30023.14648,29521.57617,29588.08789
P52434,50127.46094,49514.41406,48247.42578,50748.32422,47828.51172,42461.375,49419.13281,49277.30859,108141.0781,115426.7656,108468.5391,103960.2969
P52435,73230.05469,70216.25781,77830.22656,68335.32031,77135.875,70345.07031,79989.13281,85798.59375,26224.97461,24844.38672,27009.61328,22189.23242
P52564,61997.66406,55704.30859,56725.70703,66226.29688,68541.125,56380.74609,51977.55078,55369.26172,38889.02734,42872.32813,39210.5,39039.56641
P52565,69862.34375,63846.21484,67333.48438,70740.28906,69575.98438,57855.94922,61672.79297,62114.44922,4708.250488,7388.183105,7399.129395,4404.435059
P52594,40989.22656,44342.14844,39798.99609,42239.58203,45717.09766,43819.63281,42878.78125,42742.29688,179121.2188,179219.3594,180785.0469,180016.6875
P52597,119985.8828,102785.6875,110919.75,113610.7266,115127.3906,107988.5938,108592.3047,109261.9531,23386.85938,25417.79297,27461.54102,24608.17773
P52630,57067.8125,41656.49219,54506.73828,55476.375,55357.96875,51183.92188,41074.64453,53625.98047,472698.8125,458489.25,456273.8438,488106.25
P52701,73466.84375,69717.5625,69629.72656,72081.02344,73783.42969,75481.39063,74823.96875,74693.48438,46468.72266,53032.08984,47904.09766,51948.03516
P52732,18989.64258,18978.45898,17631.08203,17850.58789,18030.0918,18103.70313,15683.80762,15302.8623,32427.66211,31241.82227,32357.52148,24899.36328
P52735,38530.33984,40430.25,38189.36328,38205.02344,38529.91797,38615.19531,37127.69531,38422.29297,30339.28711,31721.66406,31732.56836,31667.92188
P52739,28540.42578,25578.63672,25630.48242,25661.25586,26983.01758,25855.73242,25170.9082,24437.54883,18280.25391,17333.97266,16180.44824,16975.22656
P52756,24161.33984,22221.71094,23731.19727,21510.0332,27592.18164,23052.95313,22192.0293,20747.73828,42340.17969,61596.98828,56145.03125,51471
P52788,58787.41797,58379.74609,66228.17969,62693.50391,54596.95703,57722.96484,55586.60156,59490.58984,10157.91211,20776.0293,14933.77637,12380.40234
P52789,31029.36328,30594.79883,29576.50586,30912.55273,28976.98828,27291.625,25176.79297,24123.38086,118633.4688,123039.8047,122226.5938,125323.2188
P52888,24048.44922,23979.83203,21132.60547,19672.31641,24176.25,15979.44043,17393.73047,17168.81445,65439.58203,62353.42969,65740.42188,58508.97656
P52907,48998.60156,46866.74609,47419.85938,46789.46484,45567.46094,43302.95313,43492.05469,44520.20703,28706.41602,29722.38281,27816.43555,39843.73828
P52943,71846.90625,72976.63281,66701.11719,71462.8125,66764.99219,66559.00781,62553.79297,64908.22266,29414.19531,21388.72656,30081.41016,42362.07031
P52948,64316.25,66538.8125,64134.27344,63385.60156,68180.40625,67285.23438,67130.74219,65729.58594,30292.07422,32516.57031,31960.00977,32338.65039
P53004,44911.94922,45997.09766,44799.83594,47841.48047,37776.78125,42587.74609,41146.99219,43166.64063,16206.63867,17799.2168,14890.99414,15738.57813
P53041,17071.20898,20595.31055,18896.60938,19964.97656,17566.43164,20257.37695,17365.06445,19307.31641,72530.3125,66405.01563,52894.52344,58134.48438
P53350,41820.79688,38959.07813,37500.24609,38708.83984,41102.44922,37923.54688,35308.40625,34438.11328,20249.94922,19350.05469,20918.50977,18068.46289
P53365,62695.96484,56513.75,60548.46484,64262.34766,57075.94922,55002.19531,52261.05859,56831.69922,33760.11328,31721.91406,32857.73047,32079.75391
P53367,19245.03711,16842.23828,11946.13184,18331.33203,15154.99219,13634.81738,14696.6582,15044.91797,26771.43555,26753.6875,25121.56055,24817.00781
P53384,50087.91797,48049.97266,49014.10547,52222.46875,46054.02344,50239.78125,48720.32813,53029.98047,15122.73047,16632.04102,14341.69824,15749.45996
P53396,57555.09766,58255.61328,56543.36719,58720.57422,56175.53125,56015.19531,56800.05078,55805.47656,61914.41406,61576.55078,62811.83984,73736.36719
P53582,26985.70703,24509.41602,27423.44141,28838.88867,25505.36719,24108.72852,22188.99219,25001.22852,55951.21875,56651.12109,56341.25781,49652.4375
P53597,5910.219238,7163.652344,27605.29492,25579.35547,6408.992188,17664.3125,4461.924316,11712.15625,3207965.25,3090943.5,2895403.5,4261238.5
P53611,23080.68945,32821.49219,28525.36523,28862.32617,26052.26953,24973.15234,26711.63867,27722.33984,74556.32031,94425.39063,100145.6641,88897.16406
P53618,32540.53125,31484.40039,31898.14648,32437.21289,29755.13672,30433.9082,30007.28516,28825.00586,62436.27344,63063.48438,65110.0625,56873.14063
P53621,49167.22656,49296.80859,49879.46484,51065.85547,47854.64844,47419.65625,49745.48047,47547.02734,26148.06055,24282.70703,23616.04688,19490.24609
P53680,23996.35352,31587.88477,24404.46094,23270.27148,20820.05469,26999.45703,19538.53125,26442.38477,29751.73438,20945.54688,27173.59766,22238.51367
P53814,47655.9375,45553.19141,50522.12891,45369.33594,47902.01172,43282.03125,45991.10547,50803.91406,19529.67969,20554.16992,22258.83594,20899.02734
P53816,20515.64063,19478.87891,17621.10938,18019.04688,13700.00977,9733.969727,13859.2998,11051.18066,189509.1719,184679.8438,189701.1563,194402.2656
P53990,50615.67969,53775.55469,49567.85938,52246.29297,47352.32422,49255.51563,51120.96094,53686.15234,136793.125,142320.8594,157167.7813,163193.9063
P53992,78864.96094,82100.35938,81637.45313,79639.65625,75023.28906,77318.33594,78795.21094,76353.89063,71361.69531,78056.70313,74987.39063,72853.34375
P53999,263938.75,240680.4844,248004.9531,251556.8906,252269.0469,244640.8125,259124.2188,264039.3125,52030.51953,42835.92969,43228.47656,56716.62891
P54105,68769.42969,96226.09375,79795.27344,63269.89063,67426.89063,60854.68359,63372.52344,66736.90625,59764.51953,58382.69531,59412.47656,46237.65234
P54132,18348.49219,21374.9707,18299.57813,17654.56055,21109.50781,20357.19727,21010.58008,18072.53711,9429.439453,8261.771484,9515.662109,8187.833984
P54136,27477.94727,26694.22656,27249.27734,27907.07227,24599.07422,24724.37305,22926.81641,22495.97656,136053.1719,119048.0469,140528.4844,121580.9141
P54198,20805.78516,22663.02539,23669.15625,26548.08594,19658.65234,22199.06836,17033.74609,15330.59375,51728.05859,57155.40234,59056.93359,52768.66797
P54252,4011.687012,6263.485352,3594.195313,4025.236816,5708.362305,8308.228516,2574.637939,1340.43396,30532.92188,29722.00781,31915.74023,29689.0625
P54278,29150.42383,32042.42578,29053.20117,30500.17578,27370.53516,30860.2207,29235.55273,27631.36914,85458.21875,35687.82031,32063.44531,13982.61035
P54577,37066.41406,38943.46875,39311.47266,36306.80859,32473.7207,34482.64844,32849.64844,32916.11328,44044.33203,47476.15234,47036.41016,42416.50391
P54578,50062.19531,51866.78125,49738.66406,50013.67188,45959.60547,46288.55078,47017.76563,47442.16016,35330.63672,33494.76953,30035.98438,30332.33594
P54619,10276.4209,15892.14941,11742.3584,14651.88379,10734.11328,17180.01367,14897.84082,15750.54004,27570.24219,24789.95898,21327.88867,24495.55859
P54652,340135.4375,312799.8438,326640.375,322818,311274.75,311355.3438,322802.125,319447.1563,132737.5313,132897.375,134499.7344,148316.0469
P54709,33078.53125,27688.31641,30030.01563,29947.28516,31739.98633,30123.12305,30618.99219,33182.08984,37585.51172,35378.72656,38941.52734,32003.56055
P54727,43750.11328,39080.59766,36767.62109,47212.77734,37501.13281,43608.71484,37251.42969,39899.63672,105252.0156,95827.21875,94896.53125,89845.00781
P54819,8609.96582,8150.77832,7381.174805,10772.41113,7302.318848,12046.90137,6214.592285,9896.52832,17510.84766,14625.10938,15367.71875,11265.1377
P54886,5975.794922,5259.733398,5490.483398,3733.868896,6863.262695,3850.961182,4173.532715,3519.601074,63255.38672,65542.60938,79866.34375,67610.01563
P54920,23849.45898,19621.22656,18680.40625,19165.13477,18999.85938,16862.29883,13933.3125,14867.00195,27455.32617,23911.25586,26495.23047,24287.00781
P55010,25257.95313,23754.87891,25933.5,24667.98438,21592.98828,23802.85352,22065.89453,23147.79102,27388.64258,26677.23633,28390.78125,23068.85352
P55036,25243.44141,25585.1875,23735.02344,25756.42383,25841.11133,20805.05859,25030.43555,25241.35938,35531.97266,32782.75,31613.98242,30721.79883
P55039,13019.96582,13846.79785,11935.4668,13791.28125,10796.01465,14727.13574,13892.07422,13764.65527,62311.45703,65290.80859,63904.03906,54602.32422
P55055,18016.60156,15789.55664,11788.83887,17227.42578,17861.48047,14363.27246,14232.59668,17620.04883,26370.55078,24504.64453,24281.9668,24129.39844
P55060,112509.0391,113714.2656,114205.6563,118651.2656,108819.0625,112328.4766,112855.5547,116037.7422,64366.56641,81174.71094,86739.29688,74410.49219
P55072,62893.69531,60180.42969,62445.98438,61724.80859,57156.12891,54775.76563,54936.85938,57357.95313,51805.07813,51880.57422,49878.50391,41393.77734
P55081,63149.15234,59110.50391,60357.00781,63285.71094,64680.85156,62580.66016,61880.0625,63954.82031,26942.50195,26050.71289,21333.21094,11746.67676
P55196,66476.78125,65005.34375,69459.32813,64329.73438,62178.32813,59212.45313,66528.67188,62461.67578,54911.59375,55269.91016,53903.81641,66863.92969
P55197,7451.778809,8833.323242,10592.84668,11612.21094,7802.166016,9830.105469,11107.32715,9663.851563,38399.86328,37693.02344,40582.77344,68664.98438
P55198,11612.81152,11374.37305,15259.87598,16089.30469,13846.47266,10886.50781,9021.282227,8677.831055,75311.57031,74663.24219,74584.82813,79142.14844
P55199,23300.78516,23734.71094,22425.87305,22566.50586,25727.40039,23195.67773,22676.79492,22691.875,46842.97266,49521.29297,46889.90625,67794.67969
P55201,17990.58984,13735.39746,15619.11719,16011.8418,17851.72656,15145.06445,12804.88867,22174.16992,68593.48438,67296.48438,73217.19531,57420.14453
P55209,56707.96875,53144.42188,48700.48828,52491.30859,51318.64063,47859.92188,43683.78906,47872.92578,48209.44141,46204.02344,44740.20703,56891.77344
P55210,28620.83789,31506.08789,31729.20508,30725.9375,27729.41797,33725.01563,34718.98438,37676.23828,7668.954102,4658.849609,16971.42773,7286.244629
P55211,36114.63672,38605.92969,37304.80078,40211.01563,39937.53125,40553.37109,39316.80469,38945.38281,51833.97266,50893.28125,50974.47656,51253.45703
P55263,50970.44922,47914.46484,47081.26953,44305.18359,46297.51953,42309.46875,42499.32813,42231.83203,13901.95996,10199.15039,12405.77637,16282.21973
P55265,57007.33594,53148.49219,55330.42578,57060.25,55146.53516,54261,54809.01172,55862.64453,43424.78516,45598.77344,46257.45703,45212.52344
P55327,39941.01563,34351.875,40494.58984,45605.22656,34544.35547,30098.00195,27615.44141,27992.5332,15374.28223,12205.36621,15918.9375,17434.57227
P55735,29590.50586,33262.07422,30023.14648,29521.57617,29588.08789,26084.04688,28204.70703,30052.20898,33329.79297,33914.5625,35018.32422,33036.91016
P55769,107060.0078,108141.0781,115426.7656,108468.5391,103960.2969,115143.5703,116426.625,112523.1406,30027.72266,27846.15234,28454.57031,26094.94727
P55786,25576.69336,26224.97461,24844.38672,27009.61328,22189.23242,24061.06641,25238.64258,23813.86523,43272.10547,46072.71094,50965.35156,45426.16016
P55795,41794.58203,38889.02734,42872.32813,39210.5,39039.56641,39790.71484,40423.1875,44298.85938,55361.13672,63115.85547,69341.77344,63840.92188
P55809,7718.080566,4708.250488,7388.183105,7399.129395,4404.435059,5947.889648,5442.852539,5246.941895,185268.75,229486.9063,224791.1719,190553.9844
P55854,180065.375,179121.2188,179219.3594,180785.0469,180016.6875,176394.9063,171751.9375,166088.0625,42654.76172,29389.7832,35578.74609,12610.93555
P55884,23795.66016,23386.85938,25417.79297,27461.54102,24608.17773,22069.28125,21923.52148,23965.56055,23652.6543,19895.84375,25614.43945,24522.36719
P55957,444423.5,472698.8125,458489.25,456273.8438,488106.25,548617.3125,566476.125,490489.0625,51029.80859,53428.25,54195.05078,55694.875
P56182,49641.09375,46468.72266,53032.08984,47904.09766,51948.03516,50221.875,49371.24609,53072.25,79728.58594,113686.8516,123019.125,99579.80469
P56192,31004.82031,32427.66211,31241.82227,32357.52148,24899.36328,24608.12305,26682.19336,24320.92773,80624.5,84932.71875,90258.57031,73109.73438
P56270,31005.19727,30339.28711,31721.66406,31732.56836,31667.92188,30730.2793,33175.32813,32288.19922,169298.75,185095.3906,191596.25,207119.7344
P56282,13868.58398,18280.25391,17333.97266,16180.44824,16975.22656,15427.3877,17142.30664,16089.92383,247847.9375,255008.9844,247066.2656,248464.7344
P56377,55459.00391,42340.17969,61596.98828,56145.03125,51471,46020.75781,45755.15625,49863.82813,100258.0859,89608.47656,133908.2969,37147.78906
P56524,14758.09375,10157.91211,20776.0293,14933.77637,12380.40234,4972.189941,7530.781738,7104.34668,25021.07031,26912.63281,27807.25,29745.95508
P56537,133099.75,118633.4688,123039.8047,122226.5938,125323.2188,104146.7031,109157.7734,104132.6797,72786.28125,84613.3125,84818.41406,93737.52344
P56545,66278.19531,65439.58203,62353.42969,65740.42188,58508.97656,62463.66797,64247.54688,65360.03125,57464.48047,65203.67188,61803.27344,64445.3125
P56945,33704.89453,28706.41602,29722.38281,27816.43555,39843.73828,30349.22266,26688.26563,27929.89844,25449.03516,27466.76172,26349.04883,25047.07031
P57076,32532.14648,29414.19531,21388.72656,30081.41016,42362.07031,18184.5293,19411.72266,28158.25391,23591.08203,23877.42383,24501.93555,23228.49219
P57081,35632.25,30292.07422,32516.57031,31960.00977,32338.65039,24867.625,27387.76367,25556.67969,74021.72656,78717.35938,75529.58594,103181.4375
P57678,16989.82422,16206.63867,17799.2168,14890.99414,15738.57813,16354.86719,16165.8252,16329.52539,8286.155273,55643.91406,60975.80859,15379.4834
P57721,83282.09375,72530.3125,66405.01563,52894.52344,58134.48438,52226.24609,48860.39844,51073.28125,11283.83496,17016.89844,9547.890625,18275.96484
P57737,22159.99023,20249.94922,19350.05469,20918.50977,18068.46289,18703.54883,18615.33398,17086.8125,24497.08594,27975.72266,32994.62109,29065.04492
P57740,32990.45703,33760.11328,31721.91406,32857.73047,32079.75391,34013.65234,34986.74219,33998.78516,85555.75781,95605.71094,92730.19531,105149.9141
P57772,25594.76172,26771.43555,26753.6875,25121.56055,24817.00781,25207.73633,22483.32422,20877.74805,62168.32813,56397.37891,61100.18359,71170.28125
P58012,19568.60742,15122.73047,16632.04102,14341.69824,15749.45996,15462.36719,17174.37109,9361.277344,24344.54492,23561.41797,23344.73828,42241.34766
P58107,61362.46875,61914.41406,61576.55078,62811.83984,73736.36719,70544.78906,71351.30469,71187.9375,23651.10742,27250.75977,29917.09961,30479.0957
P58546,57941.63672,55951.21875,56651.12109,56341.25781,49652.4375,43686.27344,43043.36719,45832.45703,155148.8438,168836.0938,175196.1094,176495.625
P58876,3642512.75,3207965.25,3090943.5,2895403.5,4261238.5,2969019.75,2997975,3118518.25,24318.34375,25654.73828,27972.7832,29393.98633
P59998,100228.3047,74556.32031,94425.39063,100145.6641,88897.16406,29552.08203,113271.5781,121877.3438,50180.19141,59142.23828,63733.75391,66272.54688
P60174,65746.75781,62436.27344,63063.48438,65110.0625,56873.14063,53220.13281,54515.38672,52740.98047,179447.2344,190939.1094,157316.8281,204335.0781
P60228,26714.40625,26148.06055,24282.70703,23616.04688,19490.24609,21349.40039,20083.11523,16769.74609,17669.28711,13284.60547,13365.86426,20051.63867
P60468,28618.60742,29751.73438,20945.54688,27173.59766,22238.51367,12590.59082,10839.06738,11354.25391,40955.42188,41532.87109,43382.41797,44846.19922
P60510,22552.9707,19529.67969,20554.16992,22258.83594,20899.02734,16926.55859,15653.43652,18073.03711,148328.3281,142238.5156,155918.5938,152933.5781
P60660,178314.8594,189509.1719,184679.8438,189701.1563,194402.2656,196731.3281,195586.1875,200513.7656,90149.125,84917.875,85053.84375,85115.71094
P60709,162887.6719,136793.125,142320.8594,157167.7813,163193.9063,132639.6094,143471.2813,143098.9375,33887.05859,37169.21875,39017.00781,33552.12891
P60842,78416.80469,71361.69531,78056.70313,74987.39063,72853.34375,67106.03125,69142.35938,72250,24565.00195,23024.00586,22886.91992,22032.70508
P60866,50983.57813,52030.51953,42835.92969,43228.47656,56716.62891,43922.89844,43764.69922,34093.03125,36450.29688,41337.48438,33698.52734,31659.71289
P60891,59119.84375,59764.51953,58382.69531,59412.47656,46237.65234,40639.51563,39958.33984,37758.13672,50014.87109,50698.89453,51655.28125,61460.64844
P60900,9670.799805,9429.439453,8261.771484,9515.662109,8187.833984,6611.458496,5508.288086,6594.417969,46095.13281,47207.58594,48095.85156,55093.45703
P60903,114710.1172,136053.1719,119048.0469,140528.4844,121580.9141,110298.1875,133936.5938,165566.6875,70690.91406,74564.76563,74449.91406,66877.19531
P60953,57116.51953,51728.05859,57155.40234,59056.93359,52768.66797,51577.1875,52935.29688,46952.20703,26062.45508,27534.96289,26153.42383,27651.56641
P60981,29290.86523,30532.92188,29722.00781,31915.74023,29689.0625,28059.11328,30715.37891,27922.03125,252189.6406,260071.7969,255057.4375,266790.75
P60983,38469.85156,85458.21875,35687.82031,32063.44531,13982.61035,79947.25781,37186.28125,43419.54688,66918.29688,72420.25,74929.22656,50080.63281
P61006,47328.59375,44044.33203,47476.15234,47036.41016,42416.50391,40163.51563,39863.97656,39350.1875,37741.64063,38851.41797,37864.41406,54101.19531
P61019,34361.9375,35330.63672,33494.76953,30035.98438,30332.33594,29173.31641,29055.71094,25414.30078,19469.67969,21658.9707,21136.32422,21913.14063
P61020,27774.85547,27570.24219,24789.95898,21327.88867,24495.55859,23443.22852,24315.32422,22814.5918,8216.016602,8340.083008,4688.503906,7122.62207
P61024,148455.4063,132737.5313,132897.375,134499.7344,148316.0469,114494.6016,115253.8906,121725.7734,30334.54297,32838.59766,32747.70898,40819.74609
P61026,35971.21875,37585.51172,35378.72656,38941.52734,32003.56055,29918.47656,28030.54688,28208.89844,41831.22656,37239.67969,36779.59375,62012.63281
P61081,98257.1875,105252.0156,95827.21875,94896.53125,89845.00781,86179.64063,78523.72656,91852.26563,672926.8125,681533.875,683942.625,777450.25
P61086,21626.82617,17510.84766,14625.10938,15367.71875,11265.1377,13529.30762,13858.74219,13538.47363,45630.31641,46004.45313,43230.4375,49075.80469
P61088,70356.91406,63255.38672,65542.60938,79866.34375,67610.01563,56243.39063,52194.57422,57904.09375,186512.3906,189923.0313,182611.9844,177911.2344
P61106,26978.53125,27455.32617,23911.25586,26495.23047,24287.00781,26937.17773,25904.89063,23405.69922,31411.16211,33364.35938,32450.89648,36741.71094
P61158,25360.36719,27388.64258,26677.23633,28390.78125,23068.85352,24304.7168,24038.22852,23888.42383,18153.35352,17723.07813,14682.77344,17656.74609
P61160,33630.14063,35531.97266,32782.75,31613.98242,30721.79883,28343.28711,27314.29883,26386.29883,11799.07129,12970.08789,13951.41699,15889.00684
P61163,61946.17969,62311.45703,65290.80859,63904.03906,54602.32422,53614.41797,54409.47656,53161.79688,106781.625,101125.3438,96774.53125,132690.125
P61201,25027.46094,26370.55078,24504.64453,24281.9668,24129.39844,23249.79102,23455.48047,23550.89258,36576.95703,40806.42578,65743.57813,44943.57422
P61204,89772.86719,64366.56641,81174.71094,86739.29688,74410.49219,62403.64063,59364.86328,61892.90234,54436.36328,54342.42188,64347.80078,73548.44531
P61221,50764.02344,51805.07813,51880.57422,49878.50391,41393.77734,40567.41016,41112.66406,41013.39844,18201.42578,18386.76172,18124.88477,21187.47461
P61224,18843.34961,26942.50195,26050.71289,21333.21094,11746.67676,18208.25781,23018.24609,21902.17773,21115.91602,18692.70508,19408.27539,24197.61914
P61247,52539.91016,54911.59375,55269.91016,53903.81641,66863.92969,70967.20313,68112.34375,68644.34375,10534.89551,10481.67773,12332.68457,8886.036133
P61254,39566.02734,38399.86328,37693.02344,40582.77344,68664.98438,61729.65625,61689.01953,65025.58984,93741.80469,75660.00781,86813.28125,95760.76563
P61289,80186.49219,75311.57031,74663.24219,74584.82813,79142.14844,68232.86719,68353.50781,67732.20313,87378.64063,87870.32031,87761.77344,75839.79688
P61313,53187.82031,46842.97266,49521.29297,46889.90625,67794.67969,76915.35938,72467.92188,71863.17188,30833.76172,25621.30078,28078.87695,35824.80469
P61326,59811.28906,68593.48438,67296.48438,73217.19531,57420.14453,70070.125,74602.5,76730.6875,21311.37695,23340.54688,23563.75781,41503.60547
P61353,55331.55078,48209.44141,46204.02344,44740.20703,56891.77344,61360.82422,63227.79688,57189.36719,51758.4375,48802.83203,49596.59766,60311.03906
P61421,8383.233398,7668.954102,4658.849609,16971.42773,7286.244629,6741.273438,4788.217773,9164.335938,66994.04688,68509.82031,68373.48438,101406.2422
P61457,55783.69922,51833.97266,50893.28125,50974.47656,51253.45703,44169.75391,52303.58203,50139.49219,43060.35156,44097.83594,41762.86328,70091.61719
P61513,9303.676758,13901.95996,10199.15039,12405.77637,16282.21973,18890.28711,18129.75781,18238.54883,20499.42773,25448.8418,20360.49805,24378.58594
P61586,46691.875,43424.78516,45598.77344,46257.45703,45212.52344,39929.69531,40048.10938,36078.6875,215607.6875,235443.8438,231970.7656,238916.9531
P61619,13568.92871,15374.28223,12205.36621,15918.9375,17434.57227,10036.7998,8542.540039,10420.96387,57133.69141,78255.07031,57844.36328,64994.35938
P61758,36206.90625,33329.79297,33914.5625,35018.32422,33036.91016,27635.64844,28701.58203,28497.45703,275931.6563,317978.4375,335384.0938,344462.9063
P61764,27172.24414,30027.72266,27846.15234,28454.57031,26094.94727,25375.50391,26340.17188,27348.36328,46093.01953,41016.82031,42295.49609,42307.44141
P61769,57551.86328,43272.10547,46072.71094,50965.35156,45426.16016,36791.65234,40654.99609,37450.05469,82157.33594,86927.08594,85723.32031,94987.92188
P61923,68901.96875,55361.13672,63115.85547,69341.77344,63840.92188,54330.70313,51119.95703,42623.50781,47133.51563,79878.57813,59897.85156,62664.95703
P61956,226481.7656,185268.75,229486.9063,224791.1719,190553.9844,233732.6875,223896.6875,239215.5938,54526.84766,54084.04688,55232.97266,53312.09375
P61960,45330.78906,42654.76172,29389.7832,35578.74609,12610.93555,30555.64063,22194.45117,22524.05664,15167.65723,11354.23926,14401.1084,15543.82617
P61962,26325.21484,23652.6543,19895.84375,25614.43945,24522.36719,20174.02148,19741.79492,19794.37305,11977.62891,12909.9502,9398.666992,9441.525391
P61964,54933.40625,51029.80859,53428.25,54195.05078,55694.875,50801.64063,50086.76563,53002.66016,62805.32813,67420.70313,69952.67969,68443.41406
P61966,119163.9063,79728.58594,113686.8516,123019.125,99579.80469,77777.57813,76871.94531,88653.8125,23328.80273,24681.64258,22381.95898,26959.29102
P61970,79516.20313,80624.5,84932.71875,90258.57031,73109.73438,77559.10156,79418.30469,81114.34375,128021.3984,125778.5625,134276.5156,124974.5547
P61978,197561.7344,169298.75,185095.3906,191596.25,207119.7344,176276.8125,180386.75,174220.2031,150929.1563,174288.6563,164012.8594,163934.875
P61981,265668.125,247847.9375,255008.9844,247066.2656,248464.7344,238498.9688,252655.1719,252488.125,29384.28711,32928.11719,34662.84766,31953.10938
P62070,83575.03125,100258.0859,89608.47656,133908.2969,37147.78906,97286.07813,96491.4375,80387.02344,7242.058594,6561.577148,6876.123047,8774.030273
P62081,25230.69141,25021.07031,26912.63281,27807.25,29745.95508,33445.05078,35639.46094,40814.00391,59282.72656,62275.37891,63324.96484,59924.51563
P62136,86450.85938,72786.28125,84613.3125,84818.41406,93737.52344,79960.35938,76367.48438,76979.3125,24519.78516,25685.24805,26209.75195,19647.89648
P62140,69048.82813,57464.48047,65203.67188,61803.27344,64445.3125,51719.21484,51503.07422,50337.20703,19234.54297,17987.94922,20615.2207,40772.1875
P62191,27112.24805,25449.03516,27466.76172,26349.04883,25047.07031,25489.90234,24310.34766,26608.10547,231412.5781,238931.8594,245802.2813,252163.6719
P62195,25599.68359,23591.08203,23877.42383,24501.93555,23228.49219,22716.99414,22015.60938,23575.13867,45451.9375,45644.33594,45531.26563,44064.62891
P62241,79343.39063,74021.72656,78717.35938,75529.58594,103181.4375,110801.7656,104484.2266,100926.9688,359325.375,401646.3438,395983.2188,391681.8125
P62244,8695.869141,8286.155273,55643.91406,60975.80859,15379.4834,6298.633301,5055.449707,56817.13281,59126.05078,61005.88281,60575.53516,53783.96875
P62249,9237.75,11283.83496,17016.89844,9547.890625,18275.96484,14567.83594,16005.94043,14706.38281,208524.7813,206380.5938,258986.4844,246647.2969
P62256,35863.87109,24497.08594,27975.72266,32994.62109,29065.04492,22052.70508,20554.94336,22381.62109,13782.25977,19767.5332,15694.62891,21370.10352
P62258,109390.3125,85555.75781,95605.71094,92730.19531,105149.9141,79512.15625,84678.66406,85695.07813,138016,135408.5313,145759.8906,148490.7031
P62263,61788.95313,62168.32813,56397.37891,61100.18359,71170.28125,69182.71094,67749.53906,68789.58594,79347.64063,78506.39844,75757.51563,67827.71875
P62266,23561.50977,24344.54492,23561.41797,23344.73828,42241.34766,43072.30859,46220.45313,44390.80859,59657.95703,68992.64844,59468.27344,80178.35938
P62269,27271.50781,23651.10742,27250.75977,29917.09961,30479.0957,28812.51953,26643.52734,30336.65039,177902.3594,182107.4688,183517.7969,196315.2344
P62277,165520.7188,155148.8438,168836.0938,175196.1094,176495.625,175218.1563,172789.7188,185012.3594,36063.42969,26730.01172,22659.79102,32923.8125
P62280,23903.88281,24318.34375,25654.73828,27972.7832,29393.98633,34734.10547,33551.42969,32229.875,53932.5625,49599.82031,64708.83984,61507.14844
P62304,76323.34375,50180.19141,59142.23828,63733.75391,66272.54688,57420.90234,65585.88281,57863.17578,164224.7813,157095.4844,159971.2344,170778.8594
P62306,197732.5156,179447.2344,190939.1094,157316.8281,204335.0781,153942.9844,172927.5781,165894.3906,446444.5313,449817.1563,511744.0625,366726.1875
P62312,16946.27539,17669.28711,13284.60547,13365.86426,20051.63867,9185.650391,12762.29688,5875.59375,161726.2188,170942.0469,162744.6094,168575.25
P62314,47247.07813,40955.42188,41532.87109,43382.41797,44846.19922,36830.48828,38530.99609,39144.70703,24716.23438,27614.17969,26931.0918,29356.4043
P62316,155253.5,148328.3281,142238.5156,155918.5938,152933.5781,138454.375,149732.75,148013.4688,75654.63281,73521.07813,79732.78125,67393.875
P62318,82153.51563,90149.125,84917.875,85053.84375,85115.71094,72810.28906,88246.94531,80975.01563,1470426.5,1642108.875,1580454.5,1897663.125
P62328,40256.29297,33887.05859,37169.21875,39017.00781,33552.12891,33841.21484,33511.76172,33428.11719,43333.00781,57186.91016,55211.17969,62199.17578
P62333,28241.65625,24565.00195,23024.00586,22886.91992,22032.70508,18941.83984,21634.40234,19030.09375,38129.65234,33081.57813,25083.86719,33526.79688
P62380,40210.12109,36450.29688,41337.48438,33698.52734,31659.71289,31793.38477,30765.58203,33480.85156,21118.60352,20085.30469,20689.05078,21482.9082
P62424,49655.55859,50014.87109,50698.89453,51655.28125,61460.64844,63262.92969,64793.17188,61212.60156,34729.9375,33703.09766,36251.28906,33955.67188
P62487,57251.19141,46095.13281,47207.58594,48095.85156,55093.45703,42046.15625,47498.80859,39686.91406,32164.82617,32150.02539,31529.53711,35432.48047
P62491,78152.30469,70690.91406,74564.76563,74449.91406,66877.19531,67748.36719,70734.03125,67258.03125,8750.05957,8806.015625,9996.080078,10027.62988
P62495,30095.58398,26062.45508,27534.96289,26153.42383,27651.56641,23245.07031,23783.45313,21949.68555,46919.14844,46872.65625,46781.30469,43121.84375
P62633,254078.7031,252189.6406,260071.7969,255057.4375,266790.75,243407.2344,253213.1719,246000.7344,37335.01953,38829.19141,36525.14453,43185.47266
P62699,92399.02344,66918.29688,72420.25,74929.22656,50080.63281,54861.76563,74397.54688,67191.74219,76759.17969,89904.46875,86964.58594,88218.76563
P62701,38493.07422,37741.64063,38851.41797,37864.41406,54101.19531,48718.21875,54193.17969,56634.56641,65139.33984,65869.32031,66433.125,72150.20313
P62714,21846.37109,19469.67969,21658.9707,21136.32422,21913.14063,19398.8125,20429.89844,20701.71289,11790.7334,5183.576172,15551.36133,12274.3418
P62745,9440.436523,8216.016602,8340.083008,4688.503906,7122.62207,5999.424316,6656.444824,7552.361816,45939.89063,46086.41016,47528.66016,45243.48047
P62750,33799.52734,30334.54297,32838.59766,32747.70898,40819.74609,43691.82813,43814.76563,46277.58594,1401699.75,1604556.625,1630523.25,1414225.875
P62753,38053.64453,41831.22656,37239.67969,36779.59375,62012.63281,58590.79688,60891.51172,61711.24219,42888.79688,41299.56641,43629.10547,41117.57422
P62805,771892.4375,672926.8125,681533.875,683942.625,777450.25,705168.1875,705371.5,681797.5,21433.5625,25285.54688,24103.90039,22389.57031
P62820,48894.45313,45630.31641,46004.45313,43230.4375,49075.80469,40553.53125,39823.64063,40152.45313,72736.53125,73143.53906,74971.11719,70754.03906
P62826,187424.0313,186512.3906,189923.0313,182611.9844,177911.2344,168443.1875,160438.8125,159868.4219,23921.23828,25828.53516,25929.9375,32473.31445
P62829,45933.75781,31411.16211,33364.35938,32450.89648,36741.71094,30922.63672,28111.57031,27074.11914,23127.67969,25235.26367,24572.20703,34733.09766
P62834,16100.54297,18153.35352,17723.07813,14682.77344,17656.74609,12250.49219,11684.45605,11278.04102,26709.2793,26794.32617,26281.92969,28890.09375
P62837,14394.91699,11799.07129,12970.08789,13951.41699,15889.00684,12403.49414,12410.44727,15174.83984,24805.32031,23098.82227,8682.470703,13630.38281
P62841,106674.6172,106781.625,101125.3438,96774.53125,132690.125,120685.7109,115835.9922,102349.75,48860.82813,53100.43359,50391.22656,48747.98047
P62847,44349.08203,36576.95703,40806.42578,65743.57813,44943.57422,56434.02344,50091.54297,53970.92969,32028.50781,31283.28125,31725.47852,32848.32422
P62851,54725.01953,54436.36328,54342.42188,64347.80078,73548.44531,82281.42969,90000.46094,87528.78906,14132.83008,2204.256836,6109.932617,16036.82813
P62854,17334.69922,18201.42578,18386.76172,18124.88477,21187.47461,21940.44336,22879.59766,20388.18555,2886.603516,31478.76367,31318.95508,22423.55859
P62857,16747.75,21115.91602,18692.70508,19408.27539,24197.61914,23521.35742,21607.71094,21980.84961,58205.99609,58772.21484,61720.01172,61484.15625
P62873,11141.18164,10534.89551,10481.67773,12332.68457,8886.036133,9691.598633,9616.707031,9856.960938,143658.6563,156940.1563,162228.3906,146426.8281
P62877,88051.1875,93741.80469,75660.00781,86813.28125,95760.76563,96563.63281,84148.71875,80356.63281,20707.48242,20055.66211,20091.51172,20886.125
P62879,85433.85938,87378.64063,87870.32031,87761.77344,75839.79688,73853.82031,70999.03125,67681.25781,63101.45313,65623.94531,55248.14063,87409.78906
P62888,36289.5,30833.76172,25621.30078,28078.87695,35824.80469,32653.27539,32077.83594,28902.08398,9217.792969,9054.513672,11350.44043,10659.14844
P62899,19453.64258,21311.37695,23340.54688,23563.75781,41503.60547,34519.74609,35798.10938,36627.23047,15714.32813,16973.59961,17774.06445,32341.12695
P62906,54670.08984,51758.4375,48802.83203,49596.59766,60311.03906,54624.77734,59382.60156,54782.59375,29479.45703,27501.34375,27566.71484,25308.04102
P62910,74289.44531,66994.04688,68509.82031,68373.48438,101406.2422,99966.25781,97158.99219,99751.33594,32487.13086,36687.13672,32328.51563,30526.87891
P62913,46843.37891,43060.35156,44097.83594,41762.86328,70091.61719,62334.28516,62096.21875,56600.17188,371843.125,384227.3438,388189.0938,373647.6875
P62917,24170.37109,20499.42773,25448.8418,20360.49805,24378.58594,23968.27148,21140.28906,20855.59375,22154.36914,22990.27539,22513.12891,19826.54102
P62937,256579.4063,215607.6875,235443.8438,231970.7656,238916.9531,209549.7031,221786.7344,215131.3281,125361.7813,133290.2656,129637.2813,135578.1719
P62942,69432.25,57133.69141,78255.07031,57844.36328,64994.35938,58731.39453,62685.63281,48797.26563,232648.9531,226411.4688,242304.8438,226684.5938
P62979,332592.0938,275931.6563,317978.4375,335384.0938,344462.9063,291223.2188,302224.0625,320392.8125,735291.625,1023193.25,846699.8125,1154689.25
P62993,39896.17578,46093.01953,41016.82031,42295.49609,42307.44141,40263.72656,41465.17969,40740.45703,26273.35742,24369.00195,22040.83984,31012.71875
P62995,89386.71875,82157.33594,86927.08594,85723.32031,94987.92188,85490.25781,90322.09375,82761.63281,21649.17773,21917.38477,22326.78906,20696.40039
P63000,71750.47656,47133.51563,79878.57813,59897.85156,62664.95703,43699.82813,37947.62109,33214.40234,38347.62891,40917.99219,41349.60938,50818.46875
P63010,55986.71875,54526.84766,54084.04688,55232.97266,53312.09375,56881.1875,53846.20703,52006.82813,25596.55469,27313.73633,25047.85156,14584.92188
P63092,17199.14648,15167.65723,11354.23926,14401.1084,15543.82617,11155.02148,13478.37207,11144.39355,10818.51074,6508.950195,9227.804688,17261.78125
P63096,13155.88184,11977.62891,12909.9502,9398.666992,9441.525391,10736.04297,9743.217773,10995.64746,17100.53906,14063.85645,15934.40723,17146.97656
P63104,71500.78125,62805.32813,67420.70313,69952.67969,68443.41406,59071.69531,60844.95313,62063.76953,76971.76563,73896.4375,73951.47656,80316.25
P63151,26567.25195,23328.80273,24681.64258,22381.95898,26959.29102,21754.14258,21452.46484,18963.36914,131847.2031,138232.2813,140641.25,147302.1875
P63165,125381.0547,128021.3984,125778.5625,134276.5156,124974.5547,135936.25,134357.0469,126467.2188,38542.25,33094.47266,39969.62891,31537.97461
P63167,167520.2188,150929.1563,174288.6563,164012.8594,163934.875,154462.75,160864.6094,162288.875,5241.285645,30648.25195,3251.948975,21680.11719
P63172,34250.96875,29384.28711,32928.11719,34662.84766,31953.10938,28226.2832,28618.91406,30663.20898,39953.42188,33072.67578,31771.76172,33326.73828
P63173,5944.155273,7242.058594,6561.577148,6876.123047,8774.030273,9089.354492,7579.703613,5183.746094,25557.01367,24086.86523,23110.75391,15820.2627
P63208,59412.76172,59282.72656,62275.37891,63324.96484,59924.51563,59100.14844,59656.17188,56843.72656,4418.752441,7206.202148,3346.125977,4939.061035
P63218,23613.86328,24519.78516,25685.24805,26209.75195,19647.89648,22178.24805,23601.32813,23386.99219,46144.83984,43868.34766,45624.34766,44331.59375
P63220,19890.26563,19234.54297,17987.94922,20615.2207,40772.1875,35478.28516,40563.00781,39247.57813,38997.79688,38838.24609,38810.09766,40749.17969
P63241,255783.6563,231412.5781,238931.8594,245802.2813,252163.6719,227663.2188,240466.9063,235493.8906,33538.20313,34645.72656,31625.69727,34790.96875
P63244,41007.32813,45451.9375,45644.33594,45531.26563,44064.62891,50158.34375,47231.52344,52745.13672,36170.23047,27709.63086,34823.1875,27404.88477
P63272,369301.1563,359325.375,401646.3438,395983.2188,391681.8125,385458.875,418620.125,410081.3438,48073.98828,42537.21094,38903.81641,33160.76953
P63279,49111.77734,59126.05078,61005.88281,60575.53516,53783.96875,52507.78516,49772.94141,47292.67578,19655.66797,20557.29688,20722.68164,26488.99414
P63313,254426.7344,208524.7813,206380.5938,258986.4844,246647.2969,208939.4844,217739.0938,222971.5313,95898.11719,92564.51563,95128.26563,95428.95313
P63316,25092.51758,13782.25977,19767.5332,15694.62891,21370.10352,13797.03613,15158.98047,15705.54688,45306.05469,44870.73047,48406.69531,44003.14844
P67775,144142.2031,138016,135408.5313,145759.8906,148490.7031,130207.4375,114085.2813,114495.0938,38186.96094,36926.36328,38603.23828,44057.25391
P67809,76730.13281,79347.64063,78506.39844,75757.51563,67827.71875,80741.53125,78529.92188,75105.53125,49110.22266,38232.16797,33222.01563,27598.10156
P67870,61502.32422,59657.95703,68992.64844,59468.27344,80178.35938,54129.73047,57241.54297,64533.71484,26153.81055,23904.89258,25342.31055,21700.64648
P67936,192721.25,177902.3594,182107.4688,183517.7969,196315.2344,169178.1875,179187.1875,172108.25,159626.9063,169209.2031,170259.1875,166518.5938
P68032,38131.44531,36063.42969,26730.01172,22659.79102,32923.8125,35867.62891,32361.93359,27748.68555,61889.93359,62144.98438,63808.23047,65458.04297
P68036,61261.14844,53932.5625,49599.82031,64708.83984,61507.14844,48638.29297,46588.67969,45085.15625,73446.14844,72063.65625,79697.57031,76240.59375
P68104,163778.25,164224.7813,157095.4844,159971.2344,170778.8594,149553.1563,151563.2344,152408.9063,9019.701172,7494.185547,8936.700195,5586.132813
P68366,442189.125,446444.5313,449817.1563,511744.0625,366726.1875,394696.625,472801.0313,454229.375,109962.6172,116070.3516,119724.7422,130462.3359
P68371,184793.0938,161726.2188,170942.0469,162744.6094,168575.25,151671.2969,153224.0156,162600.7813,419255.7813,447354.3438,447982.8438,492943.4063
P68400,28707.01563,24716.23438,27614.17969,26931.0918,29356.4043,26376.51563,28081.58984,27296.12305,32210.91992,34924.86719,34894.11328,39419.75781
P68402,72624.08594,75654.63281,73521.07813,79732.78125,67393.875,63689.04297,53747.17578,66884.66406,28377.47266,28330.72266,26720.29492,29983.32422
P68431,1932802.5,1470426.5,1642108.875,1580454.5,1897663.125,1392221.25,1444699.5,1560201.5,33869.32813,33356.30469,35956.06641,31458.24023
P69905,61955.20313,43333.00781,57186.91016,55211.17969,62199.17578,58615.23438,60045.24219,56111.19531,36447.80078,35008.34375,35673.18359,30260.1543
P78310,57383.91406,38129.65234,33081.57813,25083.86719,33526.79688,41155.26563,47084.83984,42954.29297,25064.95898,25330.97266,25031.41211,34690.77734
P78316,21046.19141,21118.60352,20085.30469,20689.05078,21482.9082,21550.6582,22625.86328,21453.42578,60703.69531,59648.40625,61004.86719,59893.33594
P78318,34800.65234,34729.9375,33703.09766,36251.28906,33955.67188,33301.59375,35756.70703,35748.23047,27534.48438,28474.08398,30665.86133,34813.91406
P78332,32233.23438,32164.82617,32150.02539,31529.53711,35432.48047,33500.28125,31835.15234,31075.2793,50438.53125,57520.96875,59464.10156,54460.20703
P78337,7716.86084,8750.05957,8806.015625,9996.080078,10027.62988,2950.945801,5818.256836,4976.165527,37493.04688,37810.14063,38267.51563,38750.03906
P78344,46915.57813,46919.14844,46872.65625,46781.30469,43121.84375,46275.89844,44637.28125,41753.05859,15776.17188,27798.48633,23960.41406,21926.74219
P78345,41241.15625,37335.01953,38829.19141,36525.14453,43185.47266,36393.9375,34494.36328,38915.59375,21423.75195,21384.49609,21169.80469,18857.55078
P78346,89871.20313,76759.17969,89904.46875,86964.58594,88218.76563,62118.95703,65328.50391,66493.16406,16763.27734,17002.20508,16613.05469,17561.53906
P78347,66920.75,65139.33984,65869.32031,66433.125,72150.20313,68585.50781,67428.10938,69404.14844,193706.5781,197375.9844,196189.4375,216385.9844
P78362,12959.22754,11790.7334,5183.576172,15551.36133,12274.3418,16554.60742,15329.97168,8073.106934,72114.42188,66729.55469,88753,60702.38672
P78371,48265.375,45939.89063,46086.41016,47528.66016,45243.48047,40975.67578,42449.75781,41179.64453,85295.8125,50126.69531,61313.23828,137854.7188
P78386,1468393,1401699.75,1604556.625,1630523.25,1414225.875,1679994.125,1765540.25,2020282.125,31432.58398,31113.31445,29594.19141,33674.30859
P78406,43411.94922,42888.79688,41299.56641,43629.10547,41117.57422,41032.52734,39741.83594,38840.92188,28231.73828,36840.75781,24577.25,28454.33594
P78417,26102.24219,21433.5625,25285.54688,24103.90039,22389.57031,24045.12109,23284.35742,26219.79688,49912.09766,68605.88281,54920.96875,94380.16406
P78527,71587.44531,72736.53125,73143.53906,74971.11719,70754.03906,74993.00781,74734.91406,75076.79688,27189.14453,29269.4375,29342.63867,32915.34375
P78545,28187.90625,23921.23828,25828.53516,25929.9375,32473.31445,28822.125,25673.99219,24012.98828,40867.42578,47281.8125,41238.24219,39227.33984
P78549,43166.96484,23127.67969,25235.26367,24572.20703,34733.09766,26885.83594,34423.05859,21276.4082,20815.32617,21317.58203,23197.12109,20196.32617
P78563,30233.17578,26709.2793,26794.32617,26281.92969,28890.09375,25364.4668,25415.17578,24296.44922,126631.3438,144078.6406,150647.8125,178753
P80217,14048.42285,24805.32031,23098.82227,8682.470703,13630.38281,17653.62109,10772.2998,16517.01172,35248.52344,32872.08203,35514.36328,50654.46484
P80723,54731.40234,48860.82813,53100.43359,50391.22656,48747.98047,48040.16406,45551.73438,43505.98047,41347.72656,45445.83594,44822.96875,40428.58594
P82094,32169.88086,32028.50781,31283.28125,31725.47852,32848.32422,29646.4082,30812.01172,29341.54102,43856.92188,44387.02734,44093.91797,38341.625
P82650,17089.10938,14132.83008,2204.256836,6109.932617,16036.82813,11626.44629,11299.96289,28998.16016,15572.51855,14548.45996,16152.02344,12139.72949
P82933,25606.73438,2886.603516,31478.76367,31318.95508,22423.55859,3797.466064,2716.713135,46304.82813,35373.82422,38536.01953,36544.66406,36790.49609
P82970,62334.16797,58205.99609,58772.21484,61720.01172,61484.15625,54148.58594,58300.39063,59556.78516,44037.35156,48049.54297,45286.36719,62369.35547
P82979,157881,143658.6563,156940.1563,162228.3906,146426.8281,141727.6563,147732.9375,153715.5313,35967.67969,33375.45313,34404.97266,35393.34375
P83436,21311.27148,20707.48242,20055.66211,20091.51172,20886.125,20067.23438,18512.09766,18391.61328,17952.44336,11742.88867,16983.88672,18046.9043
P83731,60057.71484,63101.45313,65623.94531,55248.14063,87409.78906,82117.28125,84807.94531,97205.67188,20820.47461,20672.6582,24089.32813,17948.375
P83876,10910.11426,9217.792969,9054.513672,11350.44043,10659.14844,10531.23145,9865.664063,7718.019531,13045.30273,12815.21094,18391.75586,9170.321289
P83881,16607.83789,15714.32813,16973.59961,17774.06445,32341.12695,39613.34766,40273.76563,42094.60938,22820.19141,18166.99805,20157.16406,30400.49414
P83916,30863.49414,29479.45703,27501.34375,27566.71484,25308.04102,24773.88086,26893.6582,26309.875,23379.58008,34891.93359,33962.28906,32484.43164
P84085,37380.12109,32487.13086,36687.13672,32328.51563,30526.87891,30075.96484,31943.79492,30571.50977,34595.9375,31697.01367,32366.73633,37378.66016
P84090,400794.125,371843.125,384227.3438,388189.0938,373647.6875,365504.2813,403582.8125,416383.6875,24755.97461,23485.04883,24014.16992,24407.17969
P84095,23805.99609,22154.36914,22990.27539,22513.12891,19826.54102,20597.8418,21077.07617,24462.37695,18191.26367,15866.38867,14871.14258,15769.98145
P84098,120806.9766,125361.7813,133290.2656,129637.2813,135578.1719,146298.3281,154963.7344,154938.1563,42185.40625,43920.43359,42453.48047,48168.84375
P84103,243353.0313,232648.9531,226411.4688,242304.8438,226684.5938,228722.0313,231506.2344,214479.2031,34985.36719,43190.30469,32171.17969,34275.50781
P84243,1126164,735291.625,1023193.25,846699.8125,1154689.25,901950.3125,864457.875,1184062.75,30981.31836,29855.63867,28976.99609,29507.38086
P85037,23846.86914,26273.35742,24369.00195,22040.83984,31012.71875,35301.23438,32835.15234,30851.78516,4038.504883,2554.565918,5313.691895,4394.036133
P86790,29775.24414,21649.17773,21917.38477,22326.78906,20696.40039,23565.0918,20348.38086,19878.71484,22333.60547,22221.69727,21217.67578,22703.14258
P98082,42125.12109,38347.62891,40917.99219,41349.60938,50818.46875,42841.85938,41938.71875,42547.45313,18882.06641,18857.54883,16433.68359,15564.15527
P98088,26476.31055,25596.55469,27313.73633,25047.85156,14584.92188,20171.7168,18501.82227,15502.90527,66584.76563,73460.75781,72939.48438,75039.22656
P98168,4780.956055,10818.51074,6508.950195,9227.804688,17261.78125,17114.99023,19061.50195,15826.33105,65743.10156,63777.9375,66259.14844,72486.08594
P98170,16537.06836,17100.53906,14063.85645,15934.40723,17146.97656,15663.08203,13871.87012,12851.52637,44025.67188,41598.23828,44641.66797,38713.81641
P98175,76120.92969,76971.76563,73896.4375,73951.47656,80316.25,78245.19531,79689.55469,77176.42969,34357.89063,34149.48438,32733.77344,27759.26953
P98179,126549.8516,131847.2031,138232.2813,140641.25,147302.1875,113836.9688,125455.6641,140819.2969,160839.7188,169205.3438,168988.2656,247497.9688
P98194,43543.30859,38542.25,33094.47266,39969.62891,31537.97461,31790.66797,27633.10547,25694.86719,40736.21875,42550.27344,42214.48047,40421.97266
P99999,4770.525391,5241.285645,30648.25195,3251.948975,21680.11719,6201.738281,6268.155762,27178.70117,39049.41406,36721.39063,35032.53125,39848.62891
Q00013,34800.38281,39953.42188,33072.67578,31771.76172,33326.73828,37704.91797,36101.91016,43280.84766,107943.8594,114862.5938,121882.5547,92855.45313
Q00169,23116.14453,25557.01367,24086.86523,23110.75391,15820.2627,22277.75391,25556.3125,24868.61523,33117.75391,28488.2793,29031.58203,25606.27148
Q00325,5355.876953,4418.752441,7206.202148,3346.125977,4939.061035,5955.567871,7705.41748,2543.522217,9060.983398,12389.88672,10696.63867,10063.31641
Q00341,42190.13281,46144.83984,43868.34766,45624.34766,44331.59375,46105.22656,45983.33203,46906.625,27154.18359,23909.23438,22672.76953,35143.07031
Q00403,37127.40625,38997.79688,38838.24609,38810.09766,40749.17969,36521.13672,37144.70703,39671.13281,21414.82227,22319.95117,21396.68164,20778.21289
Q00534,35879.81641,33538.20313,34645.72656,31625.69727,34790.96875,33830.77734,38363.98828,40591.85547,12264.21777,12813.27246,8235.285156,16875.45313
Q00535,28661.20117,36170.23047,27709.63086,34823.1875,27404.88477,35598.90234,36077.08594,37276.69531,33359.31641,32039.42773,33942.09766,31031.45508
Q00536,44715.06641,48073.98828,42537.21094,38903.81641,33160.76953,39136.71484,37819.58203,39097.46484,20475.13086,17597.66797,17420.99609,16535.57813
Q00587,24174.44531,19655.66797,20557.29688,20722.68164,26488.99414,19026.29688,15735.73242,16168.28223,24527.10938,24618.07813,25662.375,24757.86523
Q00610,92786.29688,95898.11719,92564.51563,95128.26563,95428.95313,92853.75781,94713.83594,92448.27344,23614.14453,22895.3418,22793.43164,27113.43945
Q00613,46984.52734,45306.05469,44870.73047,48406.69531,44003.14844,46880.19922,46573.08203,45446.19141,69915,64804.82031,66821.80469,91065
Q00653,39009.45313,38186.96094,36926.36328,38603.23828,44057.25391,44748.94922,41695.31641,40682.33984,98389.71875,96654.78125,87913.60156,76673.07813
Q00688,38372.3125,49110.22266,38232.16797,33222.01563,27598.10156,20859.70313,33459.88281,32693.31055,15755.31836,13783.94922,14454.76953,14249.1875
Q00796,24070.35547,26153.81055,23904.89258,25342.31055,21700.64648,22412.18359,22254.56055,22699.12109,59923.64063,60871.69922,60470.10156,61762.21484
Q00839,171695.9219,159626.9063,169209.2031,170259.1875,166518.5938,161267.8438,163963,158897.4063,22899.71875,26216.04688,26219.42383,29070.99609
Q01082,63259.20313,61889.93359,62144.98438,63808.23047,65458.04297,63000.84375,62223.94922,63757.77734,9223.317383,12551.81836,15308.11035,5360.782715
Q01085,80069.41406,73446.14844,72063.65625,79697.57031,76240.59375,72459.86719,69865.25,80094.84375,29824.68945,33777.47656,31412.89648,39839.01953
Q01094,5967.22998,9019.701172,7494.185547,8936.700195,5586.132813,8033.114746,7187.831055,6619.697754,30046.81055,28788.11133,30266.77344,31581.07813
Q01105,129984.7578,109962.6172,116070.3516,119724.7422,130462.3359,109721.8984,114103.6406,119637.1172,38124.28125,44942.63281,43023.74219,35650.43359
Q01130,467708.4688,419255.7813,447354.3438,447982.8438,492943.4063,429755.4688,451560.7813,450136.9688,49514.08203,50258.91797,49996.22656,47436.32031
Q01167,36370.31641,32210.91992,34924.86719,34894.11328,39419.75781,37969.51953,44073.71484,43499.40625,38644.09375,39867.91406,38318.94922,36378.05859
Q01415,27358.84766,28377.47266,28330.72266,26720.29492,29983.32422,27305.70898,28044.75195,29037.09766,23174.17773,24117.95117,28498.06445,26351.06641
Q01469,38979.90625,33869.32813,33356.30469,35956.06641,31458.24023,27266.84375,28582.99805,27302.30078,23004.58008,22516.41016,24325.48047,29075.8457
Q01518,35958.21875,36447.80078,35008.34375,35673.18359,30260.1543,31144.94336,31009.40234,30418.99023,20997.21484,19574.06641,20233.88281,19160.19141
Q01581,26506.1543,25064.95898,25330.97266,25031.41211,34690.77734,31358.83789,28998.88477,29154.75391,30556.72461,30317.44336,23996.02539,43637.09766
Q01650,69012.79688,60703.69531,59648.40625,61004.86719,59893.33594,66533.64063,67320.75781,62701.45703,34343.17578,35107.57031,35025.75391,31836.65625
Q01658,35149.73438,27534.48438,28474.08398,30665.86133,34813.91406,26483.62109,26629.56641,21685.45703,10684.36426,10265.47168,8763.441406,11475.70313
Q01664,35538.64844,50438.53125,57520.96875,59464.10156,54460.20703,49047.09375,47087.16016,57181.19922,50919.76172,46999.48047,50912.28516,48344.16406
Q01780,39497.58594,37493.04688,37810.14063,38267.51563,38750.03906,38359.53125,39954.17188,39025.65234,202532.7188,206815.3438,210434.2031,196052.875
Q01804,32300.46484,15776.17188,27798.48633,23960.41406,21926.74219,19776.63672,21324.04688,15787.72852,15369.78125,14969.45801,14881.14844,21210.05273
Q01813,22379.45703,21423.75195,21384.49609,21169.80469,18857.55078,20483.26367,20721.44336,20542.90625,3694.27832,2898.697021,8034.837402,2909.735107
Q01831,18689.84961,16763.27734,17002.20508,16613.05469,17561.53906,17662.79688,16549.20313,16760.2832,25284.37695,25094.90234,26964.59375,18869.28906
Q01844,216936.0313,193706.5781,197375.9844,196189.4375,216385.9844,190616.4063,199987.6406,203303.4375,27724.16211,27755.07422,26332.72266,28189.54883
Q01970,95461.58594,72114.42188,66729.55469,88753,60702.38672,51541.11719,40559.32813,48436.88281,130990.3516,144833.0156,137887.0781,151614.7031
Q01995,98783.53125,85295.8125,50126.69531,61313.23828,137854.7188,90448.78125,105983.7891,72975.42969,21111.79102,20943.23047,20679.95313,20564.34375
Q02040,31340.33789,31432.58398,31113.31445,29594.19141,33674.30859,33632.95313,32974.69531,32558.04492,29238.59961,25615.08984,25639.7207,26239.02734
Q02078,32938.60938,28231.73828,36840.75781,24577.25,28454.33594,29102.2168,35178.65234,23128.16797,124422.6484,128053.2266,125610.7578,140384.125
Q02086,85928.17969,49912.09766,68605.88281,54920.96875,94380.16406,68746.15625,61214.79688,64573.76953,28338.66406,26350.57813,28931.23438,24806.43359
Q02241,29968.62695,27189.14453,29269.4375,29342.63867,32915.34375,33225.34766,32478.83398,30870.11914,34317.125,58451.06641,79212.1875,67625.8125
Q02388,49137.98438,40867.42578,47281.8125,41238.24219,39227.33984,30281.83789,33103.01172,32679.06445,16113.59375,16875.375,14549.39453,15096.02051
Q02447,24040.74219,20815.32617,21317.58203,23197.12109,20196.32617,18506.98438,18856.0957,16852.43359,91445.23438,97045.82031,93769.35156,96842.25
Q02539,147883.7031,126631.3438,144078.6406,150647.8125,178753,149021.4063,143418.3594,165095.0156,14807.05469,13740.5,14848.71484,13155.6582
Q02543,33290.10547,35248.52344,32872.08203,35514.36328,50654.46484,51147.66016,49202.50781,48745.00781,91939.26563,95053.42188,95279.69531,98387.64844
Q02750,45149.68359,41347.72656,45445.83594,44822.96875,40428.58594,39920.56641,40031.17578,39444.70703,20926.22852,11268.46777,12656.62012,11206.10449
Q02790,43171.60938,43856.92188,44387.02734,44093.91797,38341.625,38125.76563,38681.26953,38333.16797,20708.93164,20274.64844,19575.17383,21796.37891
Q02809,16266.91504,15572.51855,14548.45996,16152.02344,12139.72949,7597.104004,8654.168945,7195.367188,47506.01172,46172.17578,46543.9375,47969.40625
Q02833,38438.84766,35373.82422,38536.01953,36544.66406,36790.49609,35256.16797,38290.23438,33214.48047,37497.33594,37282.71875,30719.64844,33241.86328
Q02878,44919.89453,44037.35156,48049.54297,45286.36719,62369.35547,64917.80469,63479.28906,66307.36719,34369.20703,34146.08594,34478.82813,36640.34375
Q02880,32648.45117,35967.67969,33375.45313,34404.97266,35393.34375,34447.21094,35252.53125,34269.9375,69472.13281,70493.94531,68493.9375,71756.17969
Q03001,19307.18945,17952.44336,11742.88867,16983.88672,18046.9043,17511.91797,15334.60449,12188.04688,33892.94531,33325.53906,37949.74609,33226.58594
Q03013,20011.36328,20820.47461,20672.6582,24089.32813,17948.375,21559.43945,23514.07227,34098.33203,26531.9375,30376.02148,35748.60547,32947.91016
Q03111,22589.2207,13045.30273,12815.21094,18391.75586,9170.321289,18614.66602,16780.49414,18516.03906,13502.57422,9341.898438,11192.9707,9969.213867
Q03112,24552.48828,22820.19141,18166.99805,20157.16406,30400.49414,26240.91211,26405.8125,28455.19922,72984.98438,72253.16406,71868.96875,68986.16406
Q03154,35223.65234,23379.58008,34891.93359,33962.28906,32484.43164,29924.16992,29283.49414,26355.28516,241409.9063,254478.4063,255897.1094,254044.6563
Q03164,35813.01563,34595.9375,31697.01367,32366.73633,37378.66016,34354.10547,33313.98828,32410.125,30901.95313,29053.16211,30022.25586,36288.62109
Q03169,28827.54883,24755.97461,23485.04883,24014.16992,24407.17969,23054.11719,24713.08203,20783.90039,13024.82129,14103.19434,13767.29004,14979.89941
Q03188,16611.72461,18191.26367,15866.38867,14871.14258,15769.98145,15839.4541,18585.9668,16871.39258,88279.69531,90287.33594,91692.55469,88367.91406
Q03252,46781.39063,42185.40625,43920.43359,42453.48047,48168.84375,44483.59375,43897.21484,41124.77344,10757.34082,11428.82324,11069.52246,14351.2998
Q03426,48312.66016,34985.36719,43190.30469,32171.17969,34275.50781,30443.34961,31949.49805,36223.65625,28730.94727,24313.17578,23196.95703,21349.12891
Q03468,30146.55078,30981.31836,29855.63867,28976.99609,29507.38086,29847.0332,29511.69336,29039.4707,11110.73242,11041.44336,8072.546387,7735.017578
Q03518,7547.730469,4038.504883,2554.565918,5313.691895,4394.036133,5993.734375,4521.053711,4961.105957,15195.09082,16727.83984,15157.39355,14606.48242
Q03701,23150.21289,22333.60547,22221.69727,21217.67578,22703.14258,23455.18359,22772.87695,21404.88867,20817.45508,20284.51758,23155.71875,18512.83984
Q03933,17644.56836,18882.06641,18857.54883,16433.68359,15564.15527,18556.13672,17275.20313,17051.65039,6207.362305,4082.334717,4491.105957,3505.701904
Q04206,66619.09375,66584.76563,73460.75781,72939.48438,75039.22656,73527.63281,73615.4375,68819.02344,66460.10156,64575.59375,65623.5625,63263.27344
Q04323,67894.52344,65743.10156,63777.9375,66259.14844,72486.08594,62694.94531,61681.01563,62277.50391,38016.48828,36740.08203,38080.45313,36276.86328
Q04446,42047.83594,44025.67188,41598.23828,44641.66797,38713.81641,42560.60547,42788.88672,43347.85547,20599.4375,23241.83594,23994.78516,21581.24414
Q04637,34191.33984,34357.89063,34149.48438,32733.77344,27759.26953,29269.61328,27093.77148,27895.03906,49165.52734,46398.65625,46870.55078,47052.65234
Q04695,180464.4063,160839.7188,169205.3438,168988.2656,247497.9688,222218.5938,225622.0625,221053.2813,18173.11328,16780.91992,17368.45898,13420.2832
Q04724,43521.11719,40736.21875,42550.27344,42214.48047,40421.97266,43250.91406,43297.53906,44701.59766,23935.23633,23702.08008,23577.79102,25817.49805
Q04726,37021.17578,39049.41406,36721.39063,35032.53125,39848.62891,35249.94141,37987.28516,37502.16406,33146.6875,31517.98828,31846.59961,31881.91992
Q04760,106002.3984,107943.8594,114862.5938,121882.5547,92855.45313,98778.02344,100834.6641,110378.1484,28065.31055,28987.08008,27903.58594,27262.96094
Q04828,31696.95117,33117.75391,28488.2793,29031.58203,25606.27148,22497.33594,21577.26172,19318.55273,54500.35156,57599.52344,56285.08984,54641.37109
Q04837,13012.26367,9060.983398,12389.88672,10696.63867,10063.31641,6630.930664,9534.702148,10655.30762,5927.708496,8927.143555,4669.254883,5275.662598
Q04864,21895.73242,27154.18359,23909.23438,22672.76953,35143.07031,27001.16016,32335.93359,18473.3457,21466.53906,17736.54688,20716.69922,18904.26172
Q04917,22801.80859,21414.82227,22319.95117,21396.68164,20778.21289,21256.0332,21602.76563,20954.45313,19679.04102,19973.31055,19067.20898,18264.98047
Q04941,16288.95898,12264.21777,12813.27246,8235.285156,16875.45313,4264.34375,4736.961426,3286.526855,44211.99219,43222.05078,46025.02344,46408.94531
Q05048,32396.19336,33359.31641,32039.42773,33942.09766,31031.45508,33240.69531,35201.46484,31311.98047,22096.11328,20945.82227,22594.4668,22755.85352
Q05086,21379.625,20475.13086,17597.66797,17420.99609,16535.57813,17874.89063,18703.17578,16826.76953,26182.68359,27586.39453,23535.51563,24670.18945
Q05209,25411.76563,24527.10938,24618.07813,25662.375,24757.86523,22187.08789,21485.45703,22173.92578,37264.91016,32355.91211,35693.27344,23645.61719
Q05397,24270.83398,23614.14453,22895.3418,22793.43164,27113.43945,22712.83008,21238.625,19908.37305,318854.6563,328122.5938,282898.375,280312.5625
Q05519,71986.35938,69915,64804.82031,66821.80469,91065,66325.8125,70272.53125,64243.42969,38304.52734,39253.24219,38275.70703,42693.53516
Q05639,167237.3438,98389.71875,96654.78125,87913.60156,76673.07813,78483.55469,108496.7891,62207.625,23807.65625,21378.97852,21644.10352,23757.62891
Q05655,13853.1416,15755.31836,13783.94922,14454.76953,14249.1875,16880.39453,17722.54102,16519.81055,37133.01563,35284.78125,35848.25391,36783.79297
Q05682,61192.94531,59923.64063,60871.69922,60470.10156,61762.21484,61497.17188,61618.92969,63618.73438,38623.08984,38398.11328,39034.10938,36635.20703
Q05932,23099.02539,22899.71875,26216.04688,26219.42383,29070.99609,26993.36523,26046.08594,25557.48828,45936.12891,46574.27344,45046.36719,46200.82422
Q05BQ5,15953.73242,9223.317383,12551.81836,15308.11035,5360.782715,11235.01953,9123.223633,7016.544922,16927.61133,15138.10742,17392.85156,22295.22656
Q05D32,37165.90234,29824.68945,33777.47656,31412.89648,39839.01953,31443.49609,35511.33594,32783.73828,22377.10156,20952.19531,22954.37109,22475.72266
Q06124,32847.38672,30046.81055,28788.11133,30266.77344,31581.07813,26895.49023,26974.24414,25737.33398,29369.13281,30291.66602,31200.07227,24025.74609
Q06203,39973.12109,38124.28125,44942.63281,43023.74219,35650.43359,38098.94531,40825.29688,41787.36719,30905.75586,36012.42188,35541.89063,36420.79688
Q06210,52423.05078,49514.08203,50258.91797,49996.22656,47436.32031,44961.5625,43326.04297,44222.01172,54229.80859,58147.63672,56168.03906,62909.03125
Q06265,43532.52344,38644.09375,39867.91406,38318.94922,36378.05859,35928.45703,36910.39453,38362.29688,14552.65527,14779.83398,10475.9082,14806.9375
Q06323,30505.59766,23174.17773,24117.95117,28498.06445,26351.06641,22600.13672,21773.57813,22435.13477,7549.309082,6684.650879,6808.012695,7108.776367
Q06330,27624.43945,23004.58008,22516.41016,24325.48047,29075.8457,18813.37109,20242.21094,17193.93359,31115.35547,27845.31055,29423.65625,26222.75781
Q06546,19200.93945,20997.21484,19574.06641,20233.88281,19160.19141,20772.32422,20663.28125,20109.81445,7749.546875,6235.816895,10637.27832,20724.17969
Q06547,33447.95313,30556.72461,30317.44336,23996.02539,43637.09766,32709.18555,27186.86523,24067.43555,18400.52344,21825.96094,18466.52539,26263.84375
Q06587,34552.25781,34343.17578,35107.57031,35025.75391,31836.65625,35055.99219,34777.22266,35541.46484,28654.32227,28142.78516,33247.59375,28827.18945
Q06609,9862.233398,10684.36426,10265.47168,8763.441406,11475.70313,7837.567871,11009.48242,9745.208984,37827.41406,35743.22266,35551.77344,32466.32813
Q06787,37034.71875,50919.76172,46999.48047,50912.28516,48344.16406,40933.74219,52586.16016,45310.83203,47671.39844,51073.16406,49476.15625,48123.66797
Q06830,211064.125,202532.7188,206815.3438,210434.2031,196052.875,185699.0625,196471.7656,198238.4531,30414.68164,26724.33008,27331.32617,18159.09961
Q07020,19918.87305,15369.78125,14969.45801,14881.14844,21210.05273,16246.05469,14030.44336,10814.67578,24928.53711,23633.21484,18835.7168,23121.55859
Q07021,3155.292236,3694.27832,2898.697021,8034.837402,2909.735107,2546.651123,2203.414063,6107.596191,10453.16211,8267.724609,5319.85791,8754.431641
Q07065,24749.27734,25284.37695,25094.90234,26964.59375,18869.28906,21922.34375,22530.10156,20874.30859,64439.55078,64518.43359,66172.84375,65638.77344
Q07157,25230.88281,27724.16211,27755.07422,26332.72266,28189.54883,28331.69141,27021.57031,26694.54297,2348.535156,3326.467285,4891.418457,3313.848633
Q07666,141301.2969,130990.3516,144833.0156,137887.0781,151614.7031,121563.5078,134416.2969,136777.7188,14482.5918,12617.75684,12406.42773,16373.57813
Q07864,20258.38281,21111.79102,20943.23047,20679.95313,20564.34375,21474.48242,20230.93164,21477.0957,15789.93555,13515.50684,12620.59766,10314.86133
Q07866,26508.14258,29238.59961,25615.08984,25639.7207,26239.02734,25681.75781,24634.30859,22929.11523,39720.49609,44215.05078,41084.72656,55226.40625
Q07955,131444.5625,124422.6484,128053.2266,125610.7578,140384.125,118134.5,124653.5,123246.5547,26660.94727,23850.94922,24205.74219,23812.25586
Q07960,30333.62109,28338.66406,26350.57813,28931.23438,24806.43359,21888.87305,19651.78906,19435.29297,7367.34668,3010.89624,4941.602051,5505.624023
Q08043,27733.32422,34317.125,58451.06641,79212.1875,67625.8125,58430.21094,76786.50781,67015.3125,31622.67578,28897.08008,30302.80078,27660.36133
Q08117,16767.4043,16113.59375,16875.375,14549.39453,15096.02051,17490.70898,16682.78125,14011.15527,39042.32813,37749.30859,38259.76563,36870.76563
Q08170,91690.17969,91445.23438,97045.82031,93769.35156,96842.25,93761.85156,92460.11719,95414.25781,54624.96094,48813.28125,52199.75781,50950.84375
Q08209,15200.90137,14807.05469,13740.5,14848.71484,13155.6582,13338.73047,12087.82227,12644.77734,7014.761719,8969.125,9551.831055,8340.942383
Q08211,100221.3047,91939.26563,95053.42188,95279.69531,98387.64844,92760.16406,93253.13281,93437.25781,20669.13086,20196.76953,19929.75195,22996.05078
Q08257,17229.77734,20926.22852,11268.46777,12656.62012,11206.10449,12667.81836,9670.085938,8670.59375,23637.36914,29590.38672,30996.89844,23395.28711
Q08378,20990.77539,20708.93164,20274.64844,19575.17383,21796.37891,20880.57813,20229.61719,19495.33203,13518.2041,13616.73535,15471.73535,25161.01563
Q08379,46260.44141,47506.01172,46172.17578,46543.9375,47969.40625,47620.61328,45902.90234,44834.82031,51908.58203,52596.375,54794.19531,58925.07422
Q08623,36627.12891,37497.33594,37282.71875,30719.64844,33241.86328,23467.75977,29287.48242,28324.19531,47654.41016,46794.21875,46603.9375,40401.50391
Q08752,34670.72266,34369.20703,34146.08594,34478.82813,36640.34375,37055,35418.02734,37812.33984,32383.08398,28644.39648,29942.33398,32620.62695
Q08945,69796.73438,69472.13281,70493.94531,68493.9375,71756.17969,73142.73438,71231.50781,71260.39844,28715.44336,28350.96484,31295.40039,27035.75586
Q08AD1,36712.36719,33892.94531,33325.53906,37949.74609,33226.58594,31444.29102,28890.11328,27485.46289,25015.08398,23213.85352,24333.91211,24248.56445
Q08AG7,32159.47852,26531.9375,30376.02148,35748.60547,32947.91016,24374.67969,30763.64258,34103.21094,90581.84375,96859.60938,95094.86719,92672.5
Q08AM6,12894.10645,13502.57422,9341.898438,11192.9707,9969.213867,9118.418945,9435.081055,10663.69434,120596.5234,120118.5156,122741.6016,127018.0781
Q08J23,75589.21875,72984.98438,72253.16406,71868.96875,68986.16406,68336.625,67396.17188,69031.47656,45260.88281,46993.625,47623.375,38124.75391
Q09028,258438.2031,241409.9063,254478.4063,255897.1094,254044.6563,249863.0313,249635.9844,268732.9688,4827.654785,3214.868408,2917.61792,8056.60498
Q09161,30289.49805,30901.95313,29053.16211,30022.25586,36288.62109,33440.31641,31618.26172,32270.05078,64346.05469,64265.23047,65286.28125,54279.25391
Q09472,12659.1416,13024.82129,14103.19434,13767.29004,14979.89941,15356.3623,13255.57813,16388.3125,43106.63672,40933.17578,45303.25391,37384.53516
Q09666,91347.50781,88279.69531,90287.33594,91692.55469,88367.91406,85283.71094,86679.67188,87254.24219,125143.0469,121232.1406,119858.5391,120202.3125
Q0JRZ9,12244.69238,10757.34082,11428.82324,11069.52246,14351.2998,15834.43848,15212.39941,13451.25195,37595.35156,38297.83594,38023.82422,33343.10938
Q0VDF9,25065.26563,28730.94727,24313.17578,23196.95703,21349.12891,22196.68164,20429.26172,19537.72266,23516.28906,24211.91992,24912.57813,21686.2207
Q0VDG4,10562.0166,11110.73242,11041.44336,8072.546387,7735.017578,9085.435547,9486.861328,9998.349609,20670,21107.5,21935.30078,23691.94727
Q0VG06,16787.95898,15195.09082,16727.83984,15157.39355,14606.48242,15520.00879,12251.01367,14440.76855,29220.14063,29136.61914,31453.22266,45723.14844
Q10471,22676.04883,20817.45508,20284.51758,23155.71875,18512.83984,16971.23828,17180.10742,15089.17285,21389.78906,19625.66406,20765.21875,19053.39453
Q10472,2274.529297,6207.362305,4082.334717,4491.105957,3505.701904,3490.479736,4577.724121,7358.543945,42037.92578,28841.38086,27487.54492,34964.11719
Q10567,62608.55469,66460.10156,64575.59375,65623.5625,63263.27344,65662.25781,60277.47656,61787,61823.31641,58672.25781,57748.07422,64186.22656
Q10570,38278.35156,38016.48828,36740.08203,38080.45313,36276.86328,38318.37109,37843.45313,38549.17969,121785.5,131937.2813,132792.9688,136309.9219
Q10589,22635.59766,20599.4375,23241.83594,23994.78516,21581.24414,18623.72461,15657.53125,14147.97754,164371.125,165218.9688,163244.0469,177785.875
Q12765,47757.11719,49165.52734,46398.65625,46870.55078,47052.65234,44555.27734,44622.82422,44580.61719,40043.13281,40905.84766,50453.50391,63735.24219
Q12768,18035.53125,18173.11328,16780.91992,17368.45898,13420.2832,18269.64453,16845.89648,17128.04883,207297.2969,221465.2656,222882.7031,232470.7969
Q12769,23465.41992,23935.23633,23702.08008,23577.79102,25817.49805,24948.11523,24514.14844,25635.08984,24675.20508,30419.76367,28518.13281,22397.77539
Q12788,31919.67188,33146.6875,31517.98828,31846.59961,31881.91992,33163.14063,31264.97266,28776.54688,8629.741211,5914.513184,3762.155273,5099.44873
Q12789,28022.82813,28065.31055,28987.08008,27903.58594,27262.96094,28769.83398,29047.98242,29180.81445,16547.60547,16437.85938,18522.77148,19149.76367
Q12792,57153.05469,54500.35156,57599.52344,56285.08984,54641.37109,51987.27344,53449.39453,53269.60938,21244.03516,19804.58008,19176.68945,18117.3125
Q12797,7061.773926,5927.708496,8927.143555,4669.254883,5275.662598,5601.249512,3919.739746,2523.322998,20402.75,19293.94922,19933.00781,20509.43164
Q12800,20052.49414,21466.53906,17736.54688,20716.69922,18904.26172,18360.96484,18212.70313,20290.50781,21514.24023,17843.91797,15760.53223,16210.12988
Q12802,19173.58789,19679.04102,19973.31055,19067.20898,18264.98047,19919.06836,18843.89258,20066.48242,18621.74609,15705.19141,16259.58789,21871.18164
Q12824,46232.89453,44211.99219,43222.05078,46025.02344,46408.94531,41468.375,44571.58594,45619.42188,29307.15625,30684.32617,29983.67969,24523.54297
Q12830,23670.89063,22096.11328,20945.82227,22594.4668,22755.85352,23012.38281,22039.86133,21784.66016,33487.55859,35973.27344,36233.14844,37903.03125
Q12834,21610.55273,26182.68359,27586.39453,23535.51563,24670.18945,20596.38477,19278.32031,20565.20117,20436.91602,23439.10938,21737.12695,27215.74609
Q12846,37453.54297,37264.91016,32355.91211,35693.27344,23645.61719,29599.08984,32118.58203,23789.625,20123.7793,15624.00977,16264.67285,20537.7207
Q12851,283544.125,318854.6563,328122.5938,282898.375,280312.5625,323066,234175.0938,362165,6291.962891,12111,4764.625488,7032.842773
Q12857,39934.63281,38304.52734,39253.24219,38275.70703,42693.53516,30332.12109,33010.78125,31079.125,25031.74805,22648.9707,27261.99805,31790.84766
Q12872,22916.43945,23807.65625,21378.97852,21644.10352,23757.62891,21489.79102,22108.56836,20657.36133,258229.5625,266510.5,264697.375,226854.6563
Q12873,36122.49219,37133.01563,35284.78125,35848.25391,36783.79297,38893.09766,38514.85938,37054.33594,32433.75586,29777.19141,34014.05078,29236.67383
Q12874,36509.88281,38623.08984,38398.11328,39034.10938,36635.20703,34544.52734,33822.09375,36406.35156,29424.14648,31171.0293,29337.69727,32428.10938
Q12888,46120.26172,45936.12891,46574.27344,45046.36719,46200.82422,43449.14844,44145.06641,43572.30078,41535.24609,43014.86719,44162.13672,40861.85938
Q12894,15559.64355,16927.61133,15138.10742,17392.85156,22295.22656,19159.49805,16802.86719,21404.30078,22898.67578,24149.98242,24106.44141,26935.56641
Q12899,22473.10742,22377.10156,20952.19531,22954.37109,22475.72266,19461.78906,20938.91797,20381.35742,8209.31543,23418.06836,20935.63672,26873.73438
Q12904,29464.36328,29369.13281,30291.66602,31200.07227,24025.74609,24714.76953,23459.96875,24315.34766,13647.76367,12196.45313,11244.43359,9616.766602
Q12905,36899.78516,30905.75586,36012.42188,35541.89063,36420.79688,30751.5332,33175.97266,34391.39844,26250.26953,21856.88672,25701.93945,19565.48633
Q12906,61922.41016,54229.80859,58147.63672,56168.03906,62909.03125,52234.72266,52338.70313,54206.58203,61087.89453,59486.77734,63489.51563,65475.48438
Q12907,15701.20703,14552.65527,14779.83398,10475.9082,14806.9375,7976.215332,5566.705566,4884.024902,67903.80469,68557.46875,68771.10156,67818.16406
Q12931,6489.758301,7549.309082,6684.650879,6808.012695,7108.776367,5062.208984,5587.054199,3906.629639,74366.76563,73404.09375,75926.66406,82918.75781
Q12933,27761.78906,31115.35547,27845.31055,29423.65625,26222.75781,29332.45898,28686.5332,30505.86719,16584.06836,15339.50586,15692.0498,17792.9707
Q12948,10267.85254,7749.546875,6235.816895,10637.27832,20724.17969,10852.37695,8955.165039,4695.419434,66262.57031,68662.10156,70977.32813,63967.34375
Q12959,25201.17578,18400.52344,21825.96094,18466.52539,26263.84375,19944.05664,13864.58496,15048.82227,30699.74414,30421.21094,31196.40234,26273.80273
Q12962,28017.45508,28654.32227,28142.78516,33247.59375,28827.18945,30812.72266,34453.79297,31936.15625,16852.83984,16179.42969,16243.97852,16175.86426
Q12965,36645.05859,37827.41406,35743.22266,35551.77344,32466.32813,33254.12891,33469.02344,27873.26367,21215.91797,23408.26172,23196.30664,24018.01563
Q12972,45501.73828,47671.39844,51073.16406,49476.15625,48123.66797,48917.02344,47907.33594,55216.32422,18775.1582,16605.9043,16889.52539,15993.99902
Q12974,24626.18359,30414.68164,26724.33008,27331.32617,18159.09961,24106.93164,17023.41797,21821.45117,24008.02344,23570.69531,22371.35156,18881.8125
Q12979,21600.32031,24928.53711,23633.21484,18835.7168,23121.55859,20075.00195,20620.63477,19131.17773,47575.59766,43487.125,46855.05078,47900.36719
Q12986,5306.307129,10453.16211,8267.724609,5319.85791,8754.431641,12007.82031,8227.947266,14849.67285,48614.18359,51300.5625,53427.35547,45018.33984
Q12996,64906.83203,64439.55078,64518.43359,66172.84375,65638.77344,61875.71875,62982.19922,62561.88672,33721.04688,36499.55078,35414.95703,39475.23047
Q13011,3055.951904,2348.535156,3326.467285,4891.418457,3313.848633,7276.39209,4376.12793,6434.895996,16707.31445,11427.27637,12496.44824,16930.46875
Q13033,14557.53613,14482.5918,12617.75684,12406.42773,16373.57813,14788.99219,11533.58203,12459.66602,28938.90039,12136.00684,23064.36719,18588.60938
Q13042,15678.40234,15789.93555,13515.50684,12620.59766,10314.86133,15693.27832,13550.01855,15467.24609,23029.12109,21754.04102,22118.23242,28448.07617
Q13043,42438.74609,39720.49609,44215.05078,41084.72656,55226.40625,39924.875,38113.50391,43443.64844,18557.7168,20694.73438,17709.79688,19037.09375
Q13045,25652.28906,26660.94727,23850.94922,24205.74219,23812.25586,24365.63867,21158.63086,24549.70313,24808.30859,23511.9668,24397.11133,24933.52344
Q13049,9087.536133,7367.34668,3010.89624,4941.602051,5505.624023,4086.669678,4563.739258,7176.792969,62398.89453,67507.34375,62685.9375,72044.78906
Q13057,30282.90039,31622.67578,28897.08008,30302.80078,27660.36133,26266.83398,25003.13867,25587.07422,16186.2666,14880.70996,17923.38867,16681.07031
Q13085,38204.03125,39042.32813,37749.30859,38259.76563,36870.76563,37579.52344,36344.38281,37245.82422,22208.75977,21001.38672,18997.67188,16997.32422
Q13098,53715.64844,54624.96094,48813.28125,52199.75781,50950.84375,47570.87891,49863.69141,46317.83594,15318.83887,17305.92773,17021.33594,20038.59961
Q13105,7351.774902,7014.761719,8969.125,9551.831055,8340.942383,11020.97461,7972.060547,9702.276367,21288.83008,20854.76172,21345.74414,23182.0332
Q13111,19885.86914,20669.13086,20196.76953,19929.75195,22996.05078,19889.06445,19845.03125,20042.85938,43267.65625,44145.80078,45260.85156,45800.27344
Q13112,29342.46289,23637.36914,29590.38672,30996.89844,23395.28711,28110.71875,26391.48047,22933.10156,22364.44141,20521.78711,20820.97656,16876.26563
Q13118,13422.37793,13518.2041,13616.73535,15471.73535,25161.01563,23180.98828,25618.48242,27599.75781,13308.83008,15541.72656,15160.75293,11902.55859
Q13123,53849.03516,51908.58203,52596.375,54794.19531,58925.07422,54696.85547,55081.52734,54869.64063,74878.99219,79159.55469,79350.84375,73526.1875
Q13126,48042.32813,47654.41016,46794.21875,46603.9375,40401.50391,52435.84766,44436.62891,44358.23438,25589.80664,27792.11133,28808.41602,23016.24414
Q13129,33756.80078,32383.08398,28644.39648,29942.33398,32620.62695,29020.28906,29960.10156,28983.56445,66017.57813,67358.4375,66134.25,74285.09375
Q13131,25796.64453,28715.44336,28350.96484,31295.40039,27035.75586,31029.68555,30685.53906,28333.89648,10300.60938,11271.77051,10806.78418,10109.44824
Q13136,25553.26953,25015.08398,23213.85352,24333.91211,24248.56445,24392.46094,23399.29688,21474.37305,19505.54102,20348.2207,20671.54297,18869.7207
Q13148,102816.375,90581.84375,96859.60938,95094.86719,92672.5,86022.45313,85884.48438,92982.1875,52809.23047,49621.83203,61272.26953,69593.66406
Q13151,127789.8906,120596.5234,120118.5156,122741.6016,127018.0781,116851.1016,121537.2813,118464.0313,18896.13672,19514.36914,24875.94922,21574.11719
Q13155,49014.77734,45260.88281,46993.625,47623.375,38124.75391,35450.9375,40667.45703,36544.00391,49541.51953,50664.4375,53287.40625,50949.89844
Q13158,3114.609863,4827.654785,3214.868408,2917.61792,8056.60498,2992.930908,2610.259277,3838.266846,54612.24219,51968.95703,61842.78516,63258.55469
Q13162,65508.72266,64346.05469,64265.23047,65286.28125,54279.25391,47329.51563,50655,49079.74219,40058.89453,17324.95898,25999.43359,15897.07324
Q13177,42980.96094,43106.63672,40933.17578,45303.25391,37384.53516,39874.36719,41798.14844,42524.91406,28817.38281,25651.35156,27273.05664,18621.39453
Q13185,121965.3438,125143.0469,121232.1406,119858.5391,120202.3125,118598.1172,115014.3516,119959.3906,31278.74609,31716.37305,32240.95313,29227.26172
Q13190,34080.98828,37595.35156,38297.83594,38023.82422,33343.10938,35093.00781,36777.66016,43233.48828,20707.65234,21624.66406,20334.32617,18316.77539
Q13200,24334.43555,23516.28906,24211.91992,24912.57813,21686.2207,22562.95117,22010.23047,21133.00586,16094.08398,14398.9043,14629.47266,16006.62207
Q13206,22048.48242,20670,21107.5,21935.30078,23691.94727,21517.1875,20628.20898,19883.37695,47189.07813,47560.90234,46729.44141,46710.49609
Q13227,31764.05859,29220.14063,29136.61914,31453.22266,45723.14844,24264.3457,21640.74023,22562.84961,42093.35156,42729.60547,42596.30078,43142.00391
Q13228,22163.36328,21389.78906,19625.66406,20765.21875,19053.39453,17473.1875,18662.94141,14468.01367,27370.40625,25227.91016,26466.94141,29216.82031
Q13232,42629.13281,42037.92578,28841.38086,27487.54492,34964.11719,39698.19141,43325.51563,20193.85352,24444.16602,23799.08203,20745.51563,25198.18164
Q13242,65417.50391,61823.31641,58672.25781,57748.07422,64186.22656,53834.32813,61973.90625,60388.80859,37731.86328,34645.88672,34262.52344,27640.28906
Q13243,125071.9297,121785.5,131937.2813,132792.9688,136309.9219,128450.1875,129131.2813,130792.6016,15803.6582,15283.89258,14307.65332,17663.21484
Q13247,160970.3281,164371.125,165218.9688,163244.0469,177785.875,178066.0625,173088.0156,173482.7031,31905.50391,30605.44922,30715.70117,33531.15625
Q13257,55374.48828,40043.13281,40905.84766,50453.50391,63735.24219,37110.77734,44658.16797,41885.53906,17985.5,14370,16896.12695,22656.79102
Q13263,223019.6719,207297.2969,221465.2656,222882.7031,232470.7969,222107.2031,233730.1406,234951.8281,23542.01172,21537.97852,19600.67969,31009.64258
Q13283,27504.03906,24675.20508,30419.76367,28518.13281,22397.77539,22451.62305,26439.35938,22607.46289,21531.62305,21607.32617,19576.18945,22426.97461
Q13287,5759.649902,8629.741211,5914.513184,3762.155273,5099.44873,5009.905273,4950.29834,2004.52124,35573.61719,36334.43359,35385.92188,29935.5293
Q13309,17357.17969,16547.60547,16437.85938,18522.77148,19149.76367,17675.57813,17593.06445,19393.23633,13529.27539,12094.46387,14380.10742,13240.05859
Q13310,20370.73047,21244.03516,19804.58008,19176.68945,18117.3125,17015.71484,16715.27344,16932.42773,28893.73633,30584.37305,28529.34766,31459.16602
Q13315,19964.11523,20402.75,19293.94922,19933.00781,20509.43164,20238.31641,18749.11133,19301.81641,58097.49609,58581.79297,58587.23828,59825.0625
Q13325,17272.11523,21514.24023,17843.91797,15760.53223,16210.12988,16973.70898,14868.66699,18161.39063,26892.97852,27319.10352,29035.90234,31367.76953
Q13330,17098.46094,18621.74609,15705.19141,16259.58789,21871.18164,18938.5332,14613.09863,12142.30176,122839.2656,85858.83594,101298.3203,115916.5156
Q13347,25565.60742,29307.15625,30684.32617,29983.67969,24523.54297,24477.75781,24511.01367,24912.99414,72282.875,77842.27344,83656.73438,75813.61719
Q13356,34960.43359,33487.55859,35973.27344,36233.14844,37903.03125,34421.35547,34319.62891,35566.5,53657.83984,51984.20313,51840.16797,53427.81641
Q13362,29430.70313,20436.91602,23439.10938,21737.12695,27215.74609,20352.56836,20846.95703,16456.73438,132518.375,168819.5469,132345.1719,159578.4219
Q13363,28978.25977,20123.7793,15624.00977,16264.67285,20537.7207,13391.56348,12328.43848,11297.87305,56562.04688,54622.13672,53476.79688,65767.29688
Q13371,7626.355469,6291.962891,12111,4764.625488,7032.842773,4782.768555,6657.738281,3621.779541,13887.10742,14810.85156,13636.50488,18107.54688
Q13395,31249.90234,25031.74805,22648.9707,27261.99805,31790.84766,25153.93164,22605.68945,21527.67969,25615.08984,28706.25391,26241.73242,32476.62695
Q13404,269997.875,258229.5625,266510.5,264697.375,226854.6563,206037.3281,219939.9531,249835.5156,35563.91797,35547.57031,37614.05859,49315.58984
Q13409,35262.57422,32433.75586,29777.19141,34014.05078,29236.67383,25542.39258,28662.62695,25323.44141,74327.42188,72611.74219,68919.36719,76116.00781
Q13415,30394.75781,29424.14648,31171.0293,29337.69727,32428.10938,33835.36719,33104.35938,33647.63672,38796.12109,41072.65234,41436.15625,41503.80078
Q13416,37192.17188,41535.24609,43014.86719,44162.13672,40861.85938,41991.44141,44116.5625,41573.01563,89688.15625,91100.85938,90962.79688,90490.17969
Q13418,23637.75586,22898.67578,24149.98242,24106.44141,26935.56641,24498.57422,26104.92969,24138.04492,17844.48828,18343.09766,18820.72266,19530.00781
Q13423,3563.382568,8209.31543,23418.06836,20935.63672,26873.73438,6240.224121,5102.769531,7503.38916,23837.50195,23192.45703,24359.77344,22549.39453
Q13425,12092.57129,13647.76367,12196.45313,11244.43359,9616.766602,13254.58301,9175.114258,8708.549805,39799.51172,37487.85547,36001.38672,40416.98828
Q13426,28095.38086,26250.26953,21856.88672,25701.93945,19565.48633,20355.10156,23313.68555,15435.58496,12915.90039,7415.873047,7697.982422,11707.12012
Q13427,64976.65234,61087.89453,59486.77734,63489.51563,65475.48438,67530.07813,62215.63281,62520.5625,43724.23047,41783.6875,47031.24609,41624.29297
Q13428,67728.17969,67903.80469,68557.46875,68771.10156,67818.16406,68351.05469,68840.1875,67348.85156,94842.78906,96648.07813,100453.1797,102927.7109
Q13435,78366.16406,74366.76563,73404.09375,75926.66406,82918.75781,72517.90625,74327.25,74038.44531,21539.18359,21528.91602,36789.74219,16172.99414
Q13439,16748.63672,16584.06836,15339.50586,15692.0498,17792.9707,17247.03125,15647.37891,16110.00098,21127.66602,19945.79297,19937.88672,21462.10352
Q13442,66220.22656,66262.57031,68662.10156,70977.32813,63967.34375,60428.30859,66656.48438,65523.08984,29853.92969,31770.76563,32814.55078,31974.21094
Q13451,29355.23828,30699.74414,30421.21094,31196.40234,26273.80273,29114.14063,29234.75586,31181.38086,61869.87891,61693.73047,63496.39063,68480.71094
Q13464,16124.4248,16852.83984,16179.42969,16243.97852,16175.86426,13493.62305,13681.99902,14889.49023,13564.33789,16540.30078,16406.38867,21406.92578
Q13470,24136.43555,21215.91797,23408.26172,23196.30664,24018.01563,21409.58789,19196.09961,20164.875,60843.83594,63741.83594,58806.52734,62142.60156
Q13472,16432.05078,18775.1582,16605.9043,16889.52539,15993.99902,17331.71875,16534.40625,16470.31641,10006.94629,11018.31543,11745.89063,11129.50391
Q13485,22865.47266,24008.02344,23570.69531,22371.35156,18881.8125,22808.87109,25963.78125,23999.55273,59028.66797,64914.67578,65371.78906,52727.39844
Q13487,48727.26563,47575.59766,43487.125,46855.05078,47900.36719,43154.3125,44945.69531,38559.39063,18607.61719,17468.1875,17230.7832,18237.75
Q13492,53046.69141,48614.18359,51300.5625,53427.35547,45018.33984,50270.60938,48118.88672,50915.17188,31185.00391,35623.38672,35176.29688,37801.88672
Q13501,34878.99609,33721.04688,36499.55078,35414.95703,39475.23047,37320.85938,38536.98047,40166.07031,15270.21094,11516.46973,12424.36328,11446.3916
Q13503,17039.38477,16707.31445,11427.27637,12496.44824,16930.46875,14900.75488,15928.94238,11584.375,81938.4375,82763.04688,84788.59375,85950.10156
Q13505,30899.52734,28938.90039,12136.00684,23064.36719,18588.60938,30915.24219,25114.78125,24570.72656,31621.06641,28665.13281,29687.6543,22766.24414
Q13506,27280.39258,23029.12109,21754.04102,22118.23242,28448.07617,27769.03711,25029.50977,21097.65039,30176.39648,26055.35938,24743.96484,24843.32031
Q13509,20839.02539,18557.7168,20694.73438,17709.79688,19037.09375,17192.5625,18825.88477,15454.53223,27394.05273,27670.77734,26445.78711,27505.51563
Q13523,22236.95898,24808.30859,23511.9668,24397.11133,24933.52344,25566.52344,25475.39453,25621.47656,25633.03906,24789.42773,28950.2832,25770.33203
Q13526,76805.39063,62398.89453,67507.34375,62685.9375,72044.78906,71456.20313,76814.46094,68499.11719,22918.22852,22535.91992,26936.35742,26210.26172
Q13535,16754.2207,16186.2666,14880.70996,17923.38867,16681.07031,16319.04297,16884.29688,18678.86328,21145.29492,16773.4043,27371.92969,29121.64648
Q13541,20069.71875,22208.75977,21001.38672,18997.67188,16997.32422,17018.47852,18478.85547,10304.51758,19233.70898,18256.21289,17476.90234,18002.33008
Q13542,18506.41016,15318.83887,17305.92773,17021.33594,20038.59961,15710.0918,19114.84961,15619.34961,46764.47656,42101.57813,43167.89063,44979.29297
Q13546,21036.67773,21288.83008,20854.76172,21345.74414,23182.0332,24583.76563,20538.66211,21532.38086,17005.48828,17604.49609,15937.25684,19407.55273
Q13547,44979.74609,43267.65625,44145.80078,45260.85156,45800.27344,43454.24609,44845.41797,44473,51211.74609,47543.89453,49926.68359,57903.46484
Q13555,18859.89063,22364.44141,20521.78711,20820.97656,16876.26563,18707.85156,16235.1543,14202.70605,26903.03906,23956.58398,26285.54102,25838.04492
Q13557,19107.92969,13308.83008,15541.72656,15160.75293,11902.55859,14065.57324,10898.80957,7314.17041,31163.66406,29489.87891,29624.86328,29133.15625
Q13561,75220.66406,74878.99219,79159.55469,79350.84375,73526.1875,72093.65625,77442.07031,76554.27344,35982.66406,35326.17969,35979.83984,32510.80469
Q13564,31049.24023,25589.80664,27792.11133,28808.41602,23016.24414,26227.39258,26902.17773,29571.07422,35778.58594,35452.33594,35583.33984,34487.70313
Q13573,72856.14844,66017.57813,67358.4375,66134.25,74285.09375,67574.69531,67797.03906,67932.46875,26229.55859,24507.70313,22270.02148,18476.52148
Q13576,15269.23438,10300.60938,11271.77051,10806.78418,10109.44824,9151.810547,8766.844727,7172.391113,31635.37891,33086.03906,33735.28516,35253.82422
Q13586,22168.46289,19505.54102,20348.2207,20671.54297,18869.7207,20072.15039,22626.41797,19846.49219,48826.47266,49239.95703,48363.63281,51744.50391
Q13595,58684.20703,52809.23047,49621.83203,61272.26953,69593.66406,54592.00781,54968.55469,54803.30859,89737.71875,88762.65625,91061.1875,87374.39063
Q13596,21134.91406,18896.13672,19514.36914,24875.94922,21574.11719,18039.74609,19523.79688,23817.55664,14074.70703,14149.40332,13202.77344,13072.81152
Q13601,49563.76172,49541.51953,50664.4375,53287.40625,50949.89844,48171.04297,49004.25781,50962.96875,43107.02344,43350.00391,43101.53906,41852.1875
Q13610,54877.26563,54612.24219,51968.95703,61842.78516,63258.55469,52682.61328,59674.75,56930.95703,48111.30859,48376.96484,48156.35156,49601.42969
Q13613,33037.10938,40058.89453,17324.95898,25999.43359,15897.07324,13918.56641,34003.84375,29510.9707,49977.96484,49999.83594,54765.55469,42132.02734
Q13614,24412.06836,28817.38281,25651.35156,27273.05664,18621.39453,27913.36328,27165.34375,27769.60547,59698.41016,61090.03516,56664.51953,66560.77344
Q13616,32391.73047,31278.74609,31716.37305,32240.95313,29227.26172,32267.11133,30737.90625,30999.87305,18801.64453,18323.62305,17097.72461,19743.48438
Q13617,20819.22266,20707.65234,21624.66406,20334.32617,18316.77539,21756.23633,20672.89453,21101.69531,23740.22852,18755.45898,20030.55273,28826.5293
Q13618,16255.02344,16094.08398,14398.9043,14629.47266,16006.62207,14255.375,16209.51367,14353.01855,42144.13672,42915.35547,45643.53906,21676.72461
Q13619,46083.66016,47189.07813,47560.90234,46729.44141,46710.49609,45269.73438,45164.4375,43250.96484,29376.36133,31904.03711,34747.14844,30254.33008
Q13620,44151.14063,42093.35156,42729.60547,42596.30078,43142.00391,41612.60156,40173.20703,38917.37109,38780.62891,39575.41406,37161.125,35427.19141
Q13625,28319.79883,27370.40625,25227.91016,26466.94141,29216.82031,25589.58594,23689.00195,24862.75781,28980.12305,27447.21289,29260.69141,25410.75391
Q13627,25253.80078,24444.16602,23799.08203,20745.51563,25198.18164,24071.11914,21525.99805,19485.81445,24418.05859,21154.37109,21791.42188,11364.7373
Q13630,47795.81641,37731.86328,34645.88672,34262.52344,27640.28906,26729.82813,22467.94336,25305.53711,6670.158203,4230.328125,6240.708008,8414.665039
Q13637,18266.58594,15803.6582,15283.89258,14307.65332,17663.21484,12173.09766,15399.84766,12711.19727,5342.560059,5960.143066,2150.217773,5315.797852
Q13642,33464.97266,31905.50391,30605.44922,30715.70117,33531.15625,30221.1543,27578.74805,24746.68945,49257.58594,55609.95313,54652.45313,63031.48047
Q13643,16166.91895,17985.5,14370,16896.12695,22656.79102,18531.9668,16289.36035,15550.7998,45957.48438,45844.08594,47095.53125,47118.69531
Q13670,29383.41406,23542.01172,21537.97852,19600.67969,31009.64258,25757.08789,23334.98242,21919.5332,42285.81641,42047.28906,40149.71094,30522.3418
Q13671,19024.59766,21531.62305,21607.32617,19576.18945,22426.97461,20138.7832,16215.14941,18946.14844,45510.91016,44373.17578,46399.375,47031.4375
Q13685,39296.08203,35573.61719,36334.43359,35385.92188,29935.5293,27145.17578,25138.48242,23207.81641,141587.2031,141031.2188,146244.8594,141699.0938
Q13761,14628.64551,13529.27539,12094.46387,14380.10742,13240.05859,15083.78027,14501.16992,13983.06738,29558.44141,24728.96875,27782.82031,22638.57227
Q13769,29500.4375,28893.73633,30584.37305,28529.34766,31459.16602,27650.54688,26713.52734,25947.46289,29273.83008,28784.55664,29722.43555,32244.63086
Q13813,58279.12109,58097.49609,58581.79297,58587.23828,59825.0625,59726.30078,58533.19531,59060.41797,11745.31445,14089.97852,13790.15234,15504.94336
Q13823,30529.59375,26892.97852,27319.10352,29035.90234,31367.76953,30614.60742,30741.4375,31125.91602,38618.43359,38263.55078,38221.82422,25630.61133
Q13829,85784.64844,122839.2656,85858.83594,101298.3203,115916.5156,112440.1875,124308.5703,111228.75,15476.04492,13728.70703,13417.9248,14152.66797
Q13838,87617.85938,72282.875,77842.27344,83656.73438,75813.61719,72332.63281,74640.86719,77738.07813,19911.95898,18722.91992,18223.37305,18812.17578
Q13868,52230.16797,53657.83984,51984.20313,51840.16797,53427.81641,50496.48047,52354.48047,51519.97266,14831.625,13242.1123,14704.57031,12542.38867
Q13885,189754.0313,132518.375,168819.5469,132345.1719,159578.4219,129750.4844,124565.8906,157177.4844,47355.92188,125566.2656,128980.2656,112828.3438
Q13887,50731.35156,56562.04688,54622.13672,53476.79688,65767.29688,53639.36719,57323.64844,63061.05078,28313.50195,28658.30469,29896.77344,28302.35352
Q13888,16676.95703,13887.10742,14810.85156,13636.50488,18107.54688,15221.9043,13715.05176,14483.44336,55281.49609,54555.03125,55779.10547,53836.62891
Q13889,32801.88672,25615.08984,28706.25391,26241.73242,32476.62695,22961.05859,20073.68164,21006.33008,40770.79297,40736.69922,41734.10156,38280.75
Q13895,37646.32422,35563.91797,35547.57031,37614.05859,49315.58984,49915.48828,50058.57813,49368.42188,51679.29688,52567.68359,53526.05078,57533.10938
Q13901,77406.95313,74327.42188,72611.74219,68919.36719,76116.00781,68721.90625,79410.77344,77044.92969,43217.46484,43607.71875,43932.85938,46110.42578
Q13907,40068.53125,38796.12109,41072.65234,41436.15625,41503.80078,37304.13281,38716.57813,40977.65234,31851.25391,18723.29297,23360.45508,20444.30664
Q13951,87876.19531,89688.15625,91100.85938,90962.79688,90490.17969,98382.71094,88267.89063,92516.91406,39544.29688,31884.69141,39291.10156,47092.50391
Q14004,20971.52344,17844.48828,18343.09766,18820.72266,19530.00781,20194.76367,20040.90039,19113.08008,28124.37109,28000.46875,27550.62109,30659.15039
Q14008,24445.0293,23837.50195,23192.45703,24359.77344,22549.39453,22792.18555,21240.58203,20746.78906,106197.0078,111571.1875,110930.5547,106704.4297
Q14011,39245.44922,39799.51172,37487.85547,36001.38672,40416.98828,32844.96875,34788.99609,38186.67188,42341.61328,42062.69531,40235.28906,45698.79688
Q14012,9343.856445,12915.90039,7415.873047,7697.982422,11707.12012,7289.214355,8848.359375,8362.576172,30902.65625,30049.90234,29229.73828,23967.0918
Q14019,45046.62891,43724.23047,41783.6875,47031.24609,41624.29297,36086.98438,37723.65234,38424.07031,23884.50781,25607.33984,26923.51367,25427.29688
Q14103,104192.8125,94842.78906,96648.07813,100453.1797,102927.7109,88312.14844,91522.91406,91154.97656,21505.76367,23203.98438,26064.83594,25913.44727
Q14116,33215.85938,21539.18359,21528.91602,36789.74219,16172.99414,15423.6582,15364.28125,35514.50391,20731.72852,21702.23047,18407.1543,20065.31641
Q14119,20007.91602,21127.66602,19945.79297,19937.88672,21462.10352,19965.29883,17261.64648,20211.78125,31794.43164,30591.86133,33233.92969,35438.54688
Q14126,33829.82031,29853.92969,31770.76563,32814.55078,31974.21094,29111.73828,29901.87891,29865.08594,34927.58594,34324.55859,34343.23438,36641.66406
Q14134,60046.41016,61869.87891,61693.73047,63496.39063,68480.71094,68635.49219,69397.57813,72002.40625,44626.55469,41383.9375,45481.73438,29838.02734
Q14135,16220.51172,13564.33789,16540.30078,16406.38867,21406.92578,14039.05762,16019.4707,15823.00977,24715.32227,26386.63477,26149.18555,27863.20703
Q14137,58283.72266,60843.83594,63741.83594,58806.52734,62142.60156,59511.41016,58706.55859,56574.17188,14380.80371,14684.22266,8337.819336,13426.7666
Q14139,12117.17676,10006.94629,11018.31543,11745.89063,11129.50391,11574.69238,10031.17676,11323.85645,57089.89453,56388.51172,56092.15625,58253.59766
Q14141,62942.53516,59028.66797,64914.67578,65371.78906,52727.39844,55843.86328,55052.98828,54286.50781,123276.8828,127139.7266,127821.0391,136947.0156
Q14146,17465.06641,18607.61719,17468.1875,17230.7832,18237.75,19279.0957,17067.42969,16612.22461,34414.80078,33537.16797,33665.84766,38864.32031
Q14147,35142.49609,31185.00391,35623.38672,35176.29688,37801.88672,34608.78906,33173.41797,31163.48047,49581.99609,50585.50391,45132.85156,41613.35547
Q14149,15421.06543,15270.21094,11516.46973,12424.36328,11446.3916,14925.67676,13133.10156,12424.43652,27408.91992,28454.70898,25910.6582,35120.65625
Q14151,80718.57813,81938.4375,82763.04688,84788.59375,85950.10156,84575,83623.30469,87207.0625,33053.58594,32205.53516,32701.93359,32620.68945
Q14152,28532.73438,31621.06641,28665.13281,29687.6543,22766.24414,26855.0918,25315.60938,25969.61523,65717.64063,64987.65234,68024.45313,65236.25391
Q14155,24784.14648,30176.39648,26055.35938,24743.96484,24843.32031,25928.72852,25766.40625,23967.62695,171558.2969,169797.75,172318.8281,192385.2969
Q14157,26749.16211,27394.05273,27670.77734,26445.78711,27505.51563,27844.71094,27496.83203,28899.81836,86503.99219,87985.83594,89040.24219,93754.15625
Q14160,29539.93945,25633.03906,24789.42773,28950.2832,25770.33203,21157.82422,16586.10156,18053.63867,19189.94727,18500.80078,17680.58008,14563.89648
Q14161,26972.96875,22918.22852,22535.91992,26936.35742,26210.26172,20044.64648,18250.63281,19627.375,14687.16504,14387.33789,5942.162109,12777.92969
Q14165,29465.66797,21145.29492,16773.4043,27371.92969,29121.64648,22893.82813,7476.073242,15233.75195,38547.85156,41926.91016,33162.00391,33967.26563
Q14166,17535.08594,19233.70898,18256.21289,17476.90234,18002.33008,17566.11133,15902.84277,14250.25488,9150.181641,9362.536133,9029.019531,10624.93262
Q14181,42816.64453,46764.47656,42101.57813,43167.89063,44979.29297,43863.34375,42815.53125,43700.54688,29795.30469,30518.4668,30551.17578,31273.46094
Q14191,16574.53711,17005.48828,17604.49609,15937.25684,19407.55273,17623.3418,19124.60742,11462.2998,42567.73828,47503.77344,37829.60156,52450.17969
Q14192,47907.96094,51211.74609,47543.89453,49926.68359,57903.46484,58766.84766,57755.47266,56496.24219,21131.9668,25263.68555,21814.29102,23257.37695
Q14202,25044.82422,26903.03906,23956.58398,26285.54102,25838.04492,25923.68164,24904.5,25427.56641,26739.98633,24271.75977,24802.63672,25293.11523
Q14203,31572.78711,31163.66406,29489.87891,29624.86328,29133.15625,28308.12695,27338.64063,27764.00586,38737.33203,34755.10547,34824.51563,47333.89844
Q14204,35174.12891,35982.66406,35326.17969,35979.83984,32510.80469,33322.05078,32174.14063,32187.16602,42478.45703,44019.58594,38526.08203,40858.58594
Q14232,37955.49609,35778.58594,35452.33594,35583.33984,34487.70313,31060.2207,30635.91406,32053.14844,47788.57031,47653.34375,44667.82813,49720.85938
Q14240,23757.47266,26229.55859,24507.70313,22270.02148,18476.52148,23242.08789,22498.11328,20807.08789,10936.33398,13691.79492,14844.55566,13455.97266
Q14241,31420.64453,31635.37891,33086.03906,33735.28516,35253.82422,31349.23828,32286.00781,34880.01563,24851.60938,24141.23242,22473.55273,27577.0625
Q14244,48811.33203,48826.47266,49239.95703,48363.63281,51744.50391,52078.48828,47905.99219,48586.51172,53173.82031,48767.12109,54197.75781,46458.22656
Q14247,89396.57813,89737.71875,88762.65625,91061.1875,87374.39063,85532.22656,86104.21875,87204.60938,39180.57031,39335.37109,39350.64063,39657.85156
Q14254,17795.54297,14074.70703,14149.40332,13202.77344,13072.81152,11770.83887,10546.34961,11665.40527,35639.05469,36147.89844,36748.22656,31460.23828
Q14258,44021.56641,43107.02344,43350.00391,43101.53906,41852.1875,42575.375,41087.18359,40566.66406,23469.25781,23111.22656,22196.97656,21110.25391
Q14315,49255.4375,48111.30859,48376.96484,48156.35156,49601.42969,49416.00781,48062.87891,49177.17578,50295.70313,55511.06641,54403.24219,52338.93359
Q14318,54025.74609,49977.96484,49999.83594,54765.55469,42132.02734,48316.29688,44596.95703,52352.67969,6707.838867,11895.48535,7567.658203,7593.850098
Q14320,61015.34766,59698.41016,61090.03516,56664.51953,66560.77344,61545.32031,61326.44141,63705.9375,73598.03906,73599.60156,73742.86719,69078.92188
Q14331,21486.20508,18801.64453,18323.62305,17097.72461,19743.48438,19824.875,19228.25195,18768.41992,19825.6543,22605.26367,25436.48047,7621.777344
Q14353,22383.16992,23740.22852,18755.45898,20030.55273,28826.5293,15790.59277,15336.59766,16281.88281,25880.07617,16887.05078,18036.16602,16289.14258
Q14376,44010.92969,42144.13672,42915.35547,45643.53906,21676.72461,23664.60938,28920.63672,27692.58594,14680.71094,16567.82617,11467.01953,13989.18164
Q14432,31795.21484,29376.36133,31904.03711,34747.14844,30254.33008,27971.26758,27867.60352,27860.2793,46785.33984,49121.53125,48479.88672,38689.41797
Q14444,42192.55469,38780.62891,39575.41406,37161.125,35427.19141,34176.22266,31132.30273,31393.49805,19561.03711,20467.97852,23335.15234,22613.41406
Q14451,28795.76172,28980.12305,27447.21289,29260.69141,25410.75391,25870.57422,25156.2832,24292.76367,1330884.875,1352497,1300246.125,1183579.625
Q14457,23986.1582,24418.05859,21154.37109,21791.42188,11364.7373,19902.31445,20761.37695,21646.26563,42264.05078,35873.40625,40742.64844,43708.25781
Q14469,7490.853516,6670.158203,4230.328125,6240.708008,8414.665039,8196.881836,12000.0625,10125.70898,30183.2793,32282.89063,31817.82227,34052.10156
Q14493,3195.855713,5342.560059,5960.143066,2150.217773,5315.797852,5698.411133,7840.85498,2828.715088,87951.07031,92373.71094,92658.24219,91903.80469
Q14498,52240.32031,49257.58594,55609.95313,54652.45313,63031.48047,50246.22656,55171.55078,60004.35156,21621.04102,19932.20313,21067.3418,20419.22852
Q14527,45781.69531,45957.48438,45844.08594,47095.53125,47118.69531,46358.85156,45699.4375,45708.03516,22657.25586,19435.72266,17846.77344,27555.07813
Q14558,43301.09766,42285.81641,42047.28906,40149.71094,30522.3418,29387.07031,28917.66992,29772.54883,37749.21875,35455.62109,38715.60156,34611.69922
Q14562,42917.70313,45510.91016,44373.17578,46399.375,47031.4375,48831.55469,45821.95313,47338.88672,35326.05859,34023.49219,35169.30859,32597.2793
Q14566,140308.2344,141587.2031,141031.2188,146244.8594,141699.0938,142094.1094,145048.2188,146115.7031,27028.83789,27269.39063,27343.32422,27981.38281
Q14571,29165.00586,29558.44141,24728.96875,27782.82031,22638.57227,31040.08008,27146.28125,30603.94336,32408.99023,31557.73047,29172.98242,26703.03516
Q14573,29304.02344,29273.83008,28784.55664,29722.43555,32244.63086,30267.89453,29158.11914,30266.53516,35171.55469,44723.33203,41162.48828,37101.60938
Q14592,9661.009766,11745.31445,14089.97852,13790.15234,15504.94336,15862.06934,16341.03906,14577.61621,28202.03906,43540.63281,32309.51563,46898.97656
Q14643,41223.91797,38618.43359,38263.55078,38221.82422,25630.61133,35067.25,35124.80078,32542.58203,13621.93164,19070.63281,15825.84668,10316.41016
Q14651,15653.4043,15476.04492,13728.70703,13417.9248,14152.66797,15643.03223,13026.24609,14454.40625,29612.05469,27546.29492,26585.68359,25805.42578
Q14669,18734.15234,19911.95898,18722.91992,18223.37305,18812.17578,20340.0293,20978.99805,21759.66992,100392.75,100346.7109,102601.2578,107871.8281
Q14671,14383.84375,14831.625,13242.1123,14704.57031,12542.38867,11848.69531,10380.14941,11702.85742,35622.82031,35207.76172,34131.53516,36381.21484
Q14674,55325.23047,47355.92188,125566.2656,128980.2656,112828.3438,74093.58594,157105.2969,100881.0703,6179.366699,12668.09082,11214.47852,14687.11816
Q14676,31601.72461,28313.50195,28658.30469,29896.77344,28302.35352,26777.56055,27261.20117,28359.96289,71172.92969,76000.09375,78012.04688,73757.66406
Q14677,56962.92188,55281.49609,54555.03125,55779.10547,53836.62891,49381.99219,51251.44531,49872.28516,119754.3828,121810.2031,119750.6875,115680.8984
Q14678,39852.87109,40770.79297,40736.69922,41734.10156,38280.75,39820.71484,38417.56641,37975.68359,31688.53125,35287.93359,36723.27344,25525.33984
Q14683,53986.5625,51679.29688,52567.68359,53526.05078,57533.10938,56058.44531,55256.44922,54317.20313,143814.3125,153869.1094,160288.875,187061.4531
Q14684,41581.85156,43217.46484,43607.71875,43932.85938,46110.42578,43824.35938,44406.19141,46057.19531,54176.14844,51491.07422,50578.625,46447.15234
Q14686,23189.51953,31851.25391,18723.29297,23360.45508,20444.30664,21586.54492,21843.63086,13969.22168,28179.57422,27577.86719,28827.01953,31145.47461
Q14687,37260.62891,39544.29688,31884.69141,39291.10156,47092.50391,25083.25586,29782.51758,22801.57813,18132.79102,18287.80273,16009.94336,20168.44531
Q14690,29580.16797,28124.37109,28000.46875,27550.62109,30659.15039,29305.73438,26710.91797,26876.64648,13819.43652,14232.22168,15396.77051,11553.40625
Q14691,115413.1797,106197.0078,111571.1875,110930.5547,106704.4297,107785.2656,106861.6094,98074.42188,56832.11719,53618.5,60341.18359,64063.42188
Q14692,43216.05078,42341.61328,42062.69531,40235.28906,45698.79688,42069.55469,42411.67969,40875.09375,20724.44531,17902.43555,19783.4043,18159.96484
Q14697,32497.60938,30902.65625,30049.90234,29229.73828,23967.0918,24330.52539,23706.86719,23838.16602,14364.13184,16132.94824,16271.12402,14684.45996
Q14738,28197.52344,23884.50781,25607.33984,26923.51367,25427.29688,23355.88281,25704.86914,25407.10352,67985.22656,61960.16406,73704.5625,78174.5625
Q14739,24742.06836,21505.76367,23203.98438,26064.83594,25913.44727,23260.65234,23181.20117,20704.97852,17401.50586,13302.63965,8307.96875,10457.33691
Q14746,24442.69727,20731.72852,21702.23047,18407.1543,20065.31641,21602.26953,19640.08008,14423.71191,32729.58203,29184.2832,32896.56641,30947.30859
Q14764,32864.30859,31794.43164,30591.86133,33233.92969,35438.54688,31642.66602,32312.84766,32178.76953,38529.66797,36184,38102.66016,39514.59375
Q14789,33542.67578,34927.58594,34324.55859,34343.23438,36641.66406,37511.9375,36502.77734,36614.89063,23897.60156,20191.60547,20652.83008,15269.55762
Q14790,35415.49609,44626.55469,41383.9375,45481.73438,29838.02734,38252.83984,36515.32813,34809.98828,84573.70313,90954.5,96917.22656,103036.1016
Q14807,25053.66797,24715.32227,26386.63477,26149.18555,27863.20703,28752.16406,26193.94531,27280.48047,190385.5781,202592.6094,206964.75,209826.8594
Q14814,14720.90918,14380.80371,14684.22266,8337.819336,13426.7666,4949.898926,6374.475586,7474.433594,51856.48438,49225.84375,49444.08594,46288.53906
Q14839,57079.74609,57089.89453,56388.51172,56092.15625,58253.59766,58886.50391,59864.00781,57151.49219,27907.03906,26903.88086,28457.64453,29233.95117
Q14847,138696.625,123276.8828,127139.7266,127821.0391,136947.0156,117299.0547,122863.1641,124913.375,26712.71094,28148.44336,31826.75977,25747.38281
Q14865,34728.20313,34414.80078,33537.16797,33665.84766,38864.32031,35463.76172,34790.62109,31543.4707,6738.857422,3357.436279,6184.257324,5921.818848
Q14914,48699.43359,49581.99609,50585.50391,45132.85156,41613.35547,38069.04297,38086.54688,37703.21484,62988.93359,63991.44141,65833.67188,63762.28906
Q14919,27636.1582,27408.91992,28454.70898,25910.6582,35120.65625,23561.41211,19594.75,21651.75586,27127.56836,27937.88867,28685.9375,26128.91797
Q14966,31208.71484,33053.58594,32205.53516,32701.93359,32620.68945,33300.19922,34153.01563,33846.98828,15006.10449,14431.75195,18637.24219,12910.33496
Q14974,66171.47656,65717.64063,64987.65234,68024.45313,65236.25391,60912.67188,61081.41406,63066.66016,19135.08203,23448.9375,26840.70703,22299.99219
Q14978,176542.3906,171558.2969,169797.75,172318.8281,192385.2969,187159.3125,191004.7813,192643.6406,41313.50781,41840.46484,41579.83984,43246.00781
Q14980,88227.35938,86503.99219,87985.83594,89040.24219,93754.15625,91196.85156,90337.17969,90719.21875,31113.70703,32209.71289,32711.66406,32189.78906
Q14997,16569.72266,19189.94727,18500.80078,17680.58008,14563.89648,16557.18555,14619.22852,14664.8252,86691.83594,87058.28906,88524.35156,93875.26563
Q14999,9536.641602,14687.16504,14387.33789,5942.162109,12777.92969,10039.82324,13131.69824,11289.05176,51682.71875,47586.69922,47370.32813,50908.44141
Q149N8,37793.17578,38547.85156,41926.91016,33162.00391,33967.26563,43568.55078,40439.31641,42710.08984,79297.00781,90105.82031,86552.86719,88651.09375
Q14BN4,13226.70898,9150.181641,9362.536133,9029.019531,10624.93262,9542.753906,8196.878906,9384.09375,18850.47266,22211.22852,21106.30664,29871.22266
Q14C86,31087.74414,29795.30469,30518.4668,30551.17578,31273.46094,28132.02539,27099.07617,28176.63672,33718.18359,33043.27344,32573.53711,29229.08789
Q14CN4,47266.90234,42567.73828,47503.77344,37829.60156,52450.17969,62591.32813,65359.62891,60350.45703,79645.76563,79557.60156,80225.08594,68133.14844
Q14CW9,25786.22656,21131.9668,25263.68555,21814.29102,23257.37695,23965.75586,24827.32813,21776.65234,36354.16406,35220.33984,39362.50781,33385.71484
Q15003,27510.85156,26739.98633,24271.75977,24802.63672,25293.11523,26338.38867,24765.94727,24453.48242,72274.78906,73239.23438,74258.83594,78706.40625
Q15004,38209.90625,38737.33203,34755.10547,34824.51563,47333.89844,43406.19531,48208.91406,49534.98438,20141.0293,19672.80664,18206.375,20822.61914
Q15005,43448.09375,42478.45703,44019.58594,38526.08203,40858.58594,44655.04297,44718.48828,39637.89453,33314.42578,34042.08984,35988.5625,36806.66016
Q15007,46393.61328,47788.57031,47653.34375,44667.82813,49720.85938,48569.57031,48604.87891,49173.17578,37036.95313,48089.20703,39078.40625,33123.41406
Q15008,11859.12402,10936.33398,13691.79492,14844.55566,13455.97266,12477.86523,13038.80176,10334.70313,53662.78516,54400.48047,49551.02344,61808.94141
Q15014,28756.84375,24851.60938,24141.23242,22473.55273,27577.0625,29234.34961,29264.58789,29030.5293,20662.76563,14789.88379,23111.44531,28866.57422
Q15019,57067.17188,53173.82031,48767.12109,54197.75781,46458.22656,42022.34766,43444.76172,39610.51172,24128.93359,31628.11523,40907.51563,39180.76563
Q15020,37841.36719,39180.57031,39335.37109,39350.64063,39657.85156,40076.73828,40213.58203,39776.48047,17802.26367,18353.45898,15094.96973,19678.45703
Q15021,35245.20703,35639.05469,36147.89844,36748.22656,31460.23828,33597.78125,35163.57813,32107.08203,10558.79785,8801.746094,10532.21191,11671.77344
Q15022,23479.24805,23469.25781,23111.22656,22196.97656,21110.25391,17321.62109,22392.18164,18965.20313,5090.738281,2280.940186,3354.018311,2272.287598
Q15024,59541.10938,50295.70313,55511.06641,54403.24219,52338.93359,45852.47266,47018.32031,48162.92578,6417.086426,5329.915039,5732.648438,7210.164551
Q15025,10701.57617,6707.838867,11895.48535,7567.658203,7593.850098,6820.595215,7606.373535,5141.04541,10989.80762,7302.141602,9761.654297,9341.97168
Q15029,70429,73598.03906,73599.60156,73742.86719,69078.92188,74886.74219,76468.03125,75530.42188,17397.41211,16246.43066,18192.23242,19178.73242
Q15032,21026.35938,19825.6543,22605.26367,25436.48047,7621.777344,12387.06934,5772.961426,8056.455078,50505.58203,55676.96875,47552.375,52842.45703
Q15036,20692.42383,25880.07617,16887.05078,18036.16602,16289.14258,18728.01953,17947.56836,17385.7168,80420.875,72541.42969,72909.75781,82219.89063
Q15042,13775.32227,14680.71094,16567.82617,11467.01953,13989.18164,12820.92188,12532.28711,11889.97461,16469.88281,14282.73047,15369.90234,17813.75
Q15046,49751.09766,46785.33984,49121.53125,48479.88672,38689.41797,37829.24219,37270.87109,37782.16406,14576.07813,14057.01074,12961.24707,15597.43164
Q15047,16833.19141,19561.03711,20467.97852,23335.15234,22613.41406,21267.35352,23537.77539,25838.3418,36539.91797,35083.38672,34669.19922,34213.78906
Q15049,1313582,1330884.875,1352497,1300246.125,1183579.625,1350836.375,1268869.625,1245366.875,20098.20508,19603.36328,18835.74023,18345.41602
Q15050,38283.25,42264.05078,35873.40625,40742.64844,43708.25781,39034.19531,38065.82813,36971.02734,38278.80469,42206.95313,41252.80469,27845.61523
Q15054,34259.42578,30183.2793,32282.89063,31817.82227,34052.10156,29581.86328,29456.99414,29388.10547,47428.48438,51684.57031,56402.41797,54113.82422
Q15056,96118.88281,87951.07031,92373.71094,92658.24219,91903.80469,79525.46094,79497.16406,72471.71875,23250.9668,23266.39648,22136.78516,24497.50586
Q15057,20433.80664,21621.04102,19932.20313,21067.3418,20419.22852,19305.32031,13160.36621,17584.69141,30123.85156,31093.90234,27080.89453,26046.16016
Q15058,22439.6543,22657.25586,19435.72266,17846.77344,27555.07813,12111.16992,10058.20605,15074.29199,89085.53125,88065.17969,87884.10156,91932.64844
Q15059,38755.74219,37749.21875,35455.62109,38715.60156,34611.69922,32885.06641,32620.00781,34416.42969,38194.55859,37871.94922,40958.95703,37677.66016
Q15061,33123.46484,35326.05859,34023.49219,35169.30859,32597.2793,36728.34375,34289.63281,34715,18927.78125,16514.8457,16652.50781,21112.16797
Q15075,27226.93555,27028.83789,27269.39063,27343.32422,27981.38281,27298.21484,27473.59375,28206.51758,13497.07715,14510.61523,10035.2168,14683.37695
Q15084,40110.91797,32408.99023,31557.73047,29172.98242,26703.03516,25324.97266,23724.64258,23619.49219,81783.96094,83182.96094,84934.6875,79962.50781
Q15102,47699.49609,35171.55469,44723.33203,41162.48828,37101.60938,26386.79492,32166.02344,27655.15234,23695.53125,24995.51953,21527.26172,27814.03711
Q15121,40680.74609,28202.03906,43540.63281,32309.51563,46898.97656,21317.62891,15720.91406,11827.23242,17701.01367,20369.15234,20933.80078,26097.83594
Q15125,12375.1416,13621.93164,19070.63281,15825.84668,10316.41016,16419.3457,11741.87012,9752.611328,20779.25781,18707.03711,21477.00781,17494.5
Q15126,26930.47852,29612.05469,27546.29492,26585.68359,25805.42578,23771.25195,25273.06641,26667.79883,16737.01758,13821.17871,14832.04297,14711.24121
Q15149,99373.45313,100392.75,100346.7109,102601.2578,107871.8281,110145.2188,109174.1953,110691.7734,16497.68945,15051.0957,17367.31641,16745.45117
Q15154,34544.09766,35622.82031,35207.76172,34131.53516,36381.21484,36761.41016,37219.35547,34963.68359,28403.41016,30184.02539,29971.33203,38074.35938
Q15172,10690.3252,6179.366699,12668.09082,11214.47852,14687.11816,6612.98584,8817.541016,7453.932129,3222.550049,4634.818359,8340.263672,6839.615723
Q15181,76209.59375,71172.92969,76000.09375,78012.04688,73757.66406,70456.85156,72513.92969,77095.88281,54673.43359,61891.16406,65369.75391,59494.57813
Q15185,117818.8125,119754.3828,121810.2031,119750.6875,115680.8984,113838.9766,113576.9531,123771.9219,30684.07813,27263.88672,29814.22461,29334.52734
Q15208,35925.62109,31688.53125,35287.93359,36723.27344,25525.33984,33213.73438,36945.84375,33253.73828,27104.40039,25385.19141,27462.34375,28960.84766
Q15233,178882.5781,143814.3125,153869.1094,160288.875,187061.4531,151413.4375,167999.8281,161705.0781,15579.05859,17448.56641,17069.78711,13470.00098
Q15257,50244.99609,54176.14844,51491.07422,50578.625,46447.15234,47938.23438,42449.35156,32798.61328,2848890.75,3632681.75,3527251.75,4646894.5
Q15269,29477.29102,28179.57422,27577.86719,28827.01953,31145.47461,28964.40039,27712.01367,26304.77539,55315.125,62066.67188,59181.125,56111.36719
Q15276,19776.72461,18132.79102,18287.80273,16009.94336,20168.44531,15893.79883,15577.25,15132.83887,40138.03516,41525.19531,37527.32031,40722.37891
Q15286,13740.5127,13819.43652,14232.22168,15396.77051,11553.40625,11608.02344,12631.1709,13433.84961,65999.70313,68478.99219,68401.15625,74701.13281
Q15287,58415.10938,56832.11719,53618.5,60341.18359,64063.42188,57027.57813,53745.16016,52466.37891,106608.2813,99273.85156,103780.5156,112332.0078
Q15291,17872.3418,20724.44531,17902.43555,19783.4043,18159.96484,21954.53906,19807.85156,19391.45313,28471.56445,28559.96484,25137.44531,24408.97852
Q15293,18298.9082,14364.13184,16132.94824,16271.12402,14684.45996,11869.43652,11137.32129,10574.88184,26735.94727,23062.34375,27563.625,29863.00781
Q15311,64514.85938,67985.22656,61960.16406,73704.5625,78174.5625,58043.57422,57986.08594,55615.55859,20139.85938,21976.37305,63916.62891,70667.84375
Q15334,28439.22266,17401.50586,13302.63965,8307.96875,10457.33691,14309.17383,12321.08594,18591.5918,127530.1719,123974.4453,128122.8828,144279.2813
Q15345,32087.76758,32729.58203,29184.2832,32896.56641,30947.30859,31390.16602,31342.39258,27983.84961,76743.65625,76631.27344,75208.85938,69597.36719
Q15361,40202.02734,38529.66797,36184,38102.66016,39514.59375,44208.91406,35907.5,36126.87891,44112.59375,44306.92969,44611.82813,40864.34766
Q15363,18653.43164,23897.60156,20191.60547,20652.83008,15269.55762,18494.16016,13945.57031,13427.69531,41942.99609,39042.27344,39886.66797,43459.16797
Q15365,103325.1719,84573.70313,90954.5,96917.22656,103036.1016,83992.1875,91340.94531,94384.96094,24207.98633,22881.33984,22347.20508,22872.17578
Q15366,212029.5938,190385.5781,202592.6094,206964.75,209826.8594,205377.0625,204582,209582.5313,57331.40625,57377.25,58789.57813,63593.25391
Q15369,45972.20313,51856.48438,49225.84375,49444.08594,46288.53906,44452.12891,47596.00391,46154.09375,40365.22266,41442.33594,42666.21094,37609.17578
Q15370,26854.33008,27907.03906,26903.88086,28457.64453,29233.95117,24896.62109,25338.76758,26088.08203,17688.11328,16051.31055,21280.94531,18610.29688
Q15382,23494.24805,26712.71094,28148.44336,31826.75977,25747.38281,20659.1582,24876.21484,24237.03125,36424.72656,34703.32031,33403.02734,36249.3125
Q15386,7903.186035,6738.857422,3357.436279,6184.257324,5921.818848,3371.351807,3525.373047,3721.536621,32640.55664,29416.36914,31728.16016,30687.64844
Q15393,64687.05078,62988.93359,63991.44141,65833.67188,63762.28906,64062.9375,66118.49219,65616.28125,54870.68359,54881.94922,57745.24609,50148.20313
Q15397,24591.61719,27127.56836,27937.88867,28685.9375,26128.91797,29747.8457,28728.11133,32838.62891,34123.59766,34220.74609,34616.42578,35295.99219
Q15398,18643.52539,15006.10449,14431.75195,18637.24219,12910.33496,15417.65039,14025.58691,13487.22559,27284.73438,25755.98047,26522.03516,23657.31445
Q15404,21606.91016,19135.08203,23448.9375,26840.70703,22299.99219,23521.74805,22089.19531,25823.8125,47318.625,47905.89453,47064.23438,45511.91016
Q15417,42971.32031,41313.50781,41840.46484,41579.83984,43246.00781,41760.08203,41530.70703,38676.25,142985.5625,134108,136317.4375,141447.6875
Q15418,34340.32813,31113.70703,32209.71289,32711.66406,32189.78906,28468.45703,29412.78516,26580.98828,46527.91406,38192.78516,38769.90234,36532.33203
Q15424,89854.625,86691.83594,87058.28906,88524.35156,93875.26563,93175.80469,91110.14844,92675.71875,202735.5781,200395.0781,201141.4219,225887.9063
Q15427,50598.42578,51682.71875,47586.69922,47370.32813,50908.44141,48130.71875,45559.17188,51773.59375,111694.5078,110427.0938,114365.8516,122414.8281
Q15428,88369.05469,79297.00781,90105.82031,86552.86719,88651.09375,77682.78125,85756.80469,83491.90625,37241.0625,33004.65625,35273.44922,40647.63672
Q15434,26941.45703,18850.47266,22211.22852,21106.30664,29871.22266,23575.08398,20621.66016,13725.04883,34220.48047,33519.22656,32497.19336,32619.06055
Q15435,20000.80664,33718.18359,33043.27344,32573.53711,29229.08789,29939.37109,31202.65625,27383.97266,126727.1797,126788.6484,126700.0859,114399.2422
Q15436,78695.42969,79645.76563,79557.60156,80225.08594,68133.14844,76249.30469,72714.50781,75181.82031,53520.95313,53027.85156,50777.9375,51758.25
Q15437,39075.125,36354.16406,35220.33984,39362.50781,33385.71484,36600.98047,35391.89453,34966.57813,6218.49707,5590.147949,8155.437988,5001.180176
Q15459,77968.53906,72274.78906,73239.23438,74258.83594,78706.40625,67934.45313,69305.07813,68857.32031,27414.5293,28004.44531,32046.10547,31999.62891
Q15477,21465.14844,20141.0293,19672.80664,18206.375,20822.61914,17900.6543,16790.80664,15984.83691,31605.17969,38803.11719,34961.46094,42582.01953
Q15527,31087.29883,33314.42578,34042.08984,35988.5625,36806.66016,35962.19922,36633.5625,33875.75781,24495.21289,22334.63086,22031.26367,23526.77539
Q15528,47875.17578,37036.95313,48089.20703,39078.40625,33123.41406,27854.79297,34081.80859,37855.84766,15905.49609,11787.2168,14919.79785,12466.79492
Q15532,61071.10547,53662.78516,54400.48047,49551.02344,61808.94141,51824.55859,58612.42578,60242.20313,8016.830566,9929.063477,5996.191895,9701.026367
Q15542,28652.12695,20662.76563,14789.88379,23111.44531,28866.57422,21384.3457,21816.90039,17770.85938,8874.357422,18864.71094,15356.49121,20322.95117
Q15545,45228.56641,24128.93359,31628.11523,40907.51563,39180.76563,26852.13477,36123.48828,22753.85156,25160.36719,25897.34961,27509.46875,29692.68359
Q15554,18079.25391,17802.26367,18353.45898,15094.96973,19678.45703,14273.80664,14263.99316,14772.22656,11552.61523,12124.3877,13830.78809,9131.855469
Q15555,11608.55469,10558.79785,8801.746094,10532.21191,11671.77344,8435.196289,6415.904785,6555.426758,19754.16797,19633.32031,19762.88672,20164.75391
Q15560,6336.602051,5090.738281,2280.940186,3354.018311,2272.287598,3341.295166,3000.686768,8281.902344,58990.50391,60533.98047,62521.27344,59666.89453
Q15583,9520.324219,6417.086426,5329.915039,5732.648438,7210.164551,7878.459961,9171.542969,9404.392578,39636.32031,38427.91406,39733.76172,36934.41406
Q15599,11684.69043,10989.80762,7302.141602,9761.654297,9341.97168,5871.8125,5274.568359,5344.243164,68647.98438,68387.16406,69806.78906,67130.3125
Q15628,19721.33789,17397.41211,16246.43066,18192.23242,19178.73242,14193.60645,15825.96387,18060.19141,22817.63477,24105.80078,22024.47852,23502.17383
Q15631,52956.12109,50505.58203,55676.96875,47552.375,52842.45703,42399.73828,44709.93359,42854,16381.56738,15823.14844,24625.91602,21152.01758
Q15637,78924.89063,80420.875,72541.42969,72909.75781,82219.89063,64617.33594,76788.05469,66543.36719,28741.61523,49629.33203,26771.04297,37329.17969
Q15642,14948.52148,16469.88281,14282.73047,15369.90234,17813.75,13781.73535,12176.03906,14092.08887,8329.169922,13060.78418,12674.21387,11391.63867
Q15643,14657.29688,14576.07813,14057.01074,12961.24707,15597.43164,14738.18457,14448.18457,14417.23633,16089.54199,12182.71777,7878.855469,17779.63867
Q15645,36702.30469,36539.91797,35083.38672,34669.19922,34213.78906,35038.53906,33869.46094,31820.91016,27045.16797,26735.72461,27659.4668,32484.43945
Q15648,18245.28906,20098.20508,19603.36328,18835.74023,18345.41602,18356.70313,18378.72656,19658.11523,3271.846436,3106.583252,8908.073242,6119.777344
Q15650,31491.30469,38278.80469,42206.95313,41252.80469,27845.61523,39041.26172,21791.85352,45655.96094,33599.47656,33578.44922,36334.30469,36647.84766
Q15651,53142.40625,47428.48438,51684.57031,56402.41797,54113.82422,52474.82813,58330.12891,52153.28906,104343.8906,103178.9609,103450.3125,108522.7813
Q15652,22410.07813,23250.9668,23266.39648,22136.78516,24497.50586,24977.71289,24483.00391,23230.57031,29504.29492,30219.39648,30783.51758,34701.125
Q15653,28993.99609,30123.85156,31093.90234,27080.89453,26046.16016,19890.82422,21693.46875,23453.55664,16924.84766,18529.00781,18778.00195,18172.79688
Q15654,88192.60156,89085.53125,88065.17969,87884.10156,91932.64844,86929.32813,86205.4375,87522.6875,26870.57813,26441.07617,25797.80469,24079.44531
Q15691,36632.14844,38194.55859,37871.94922,40958.95703,37677.66016,36923.84375,39392.4375,39454.35547,30721.05273,30085.33008,24975.37695,23293.59766
Q15695,23704.21484,18927.78125,16514.8457,16652.50781,21112.16797,15592.07227,12660.0625,12583.92676,18871.89063,20323.09766,16472.81445,17218.97656
Q15714,13907.76172,13497.07715,14510.61523,10035.2168,14683.37695,12828.55664,10979.64258,11512.09277,42136.67578,49066.32422,43980.92578,39264.61328
Q15717,82933.35156,81783.96094,83182.96094,84934.6875,79962.50781,77653.94531,88161.02344,89090.40625,21159.94141,19472.98438,20756.75391,15766.77734
Q15723,25581.33008,23695.53125,24995.51953,21527.26172,27814.03711,23975.58398,23927.66602,25888.51172,14880.19531,15139.19238,13803.75098,15159.79395
Q15738,24692.76172,17701.01367,20369.15234,20933.80078,26097.83594,23664.10547,27431.99219,30366.10547,33720.95703,32200.85742,15964.83789,21252.67578
Q15742,20782.30859,20779.25781,18707.03711,21477.00781,17494.5,18072.16406,20199.51953,18266.76367,9492.314453,14420.35742,13646.41211,12699.99414
Q15746,16809.65625,16737.01758,13821.17871,14832.04297,14711.24121,16821.75586,14793.13672,13555.05469,23330.07031,23333.32422,23284.53125,21116.12305
Q15750,18609.74219,16497.68945,15051.0957,17367.31641,16745.45117,12259.59375,12481.35449,17132.78516,93132.38281,96605.89063,89762.36719,94546.94531
Q15773,32370.82617,28403.41016,30184.02539,29971.33203,38074.35938,23384.86133,23043.9707,24948.97266,21830.54492,20685.78125,21077.03125,21100.4668
Q15776,4322.061035,3222.550049,4634.818359,8340.263672,6839.615723,6363.986328,2138.635742,6624.259277,41868.06641,36296.16016,38943.20313,47552.55469
Q15785,56357.53516,54673.43359,61891.16406,65369.75391,59494.57813,55070.32031,56251.24219,57119.15234,20922.39063,19145.00195,18567.41797,17084.12891
Q15796,27336.59961,30684.07813,27263.88672,29814.22461,29334.52734,24810.23438,24887.15234,25669.33398,18281.05078,19339.63672,19547.24805,19424.9707
Q15811,27973.55469,27104.40039,25385.19141,27462.34375,28960.84766,27733.58008,27522.50977,24944.58789,33815.92969,26495.53906,28831.78711,29725.99219
Q15813,18946.23047,15579.05859,17448.56641,17069.78711,13470.00098,14022.23926,11911.16992,12429.75195,34334.47656,45908.01172,44470.97266,44091.38672
Q15814,4910874.5,2848890.75,3632681.75,3527251.75,4646894.5,4230766,3700394.5,3525335.75,3426.635498,4473.780762,3642.003906,4184.40332
Q15819,63190.50391,55315.125,62066.67188,59181.125,56111.36719,46168.41406,48712.55078,49184.07031,23300.11719,23565.94531,23478.5,24300.97852
Q15833,39912.51953,40138.03516,41525.19531,37527.32031,40722.37891,36040.30859,37354.60547,34437.45703,19925.34766,18244.66406,19893.71484,19216.2793
Q15836,75716.91406,65999.70313,68478.99219,68401.15625,74701.13281,58357.89453,63534.82031,65743.60156,23076.78906,27122.81836,23246.3125,18811.70508
Q15843,131333.5938,106608.2813,99273.85156,103780.5156,112332.0078,104383.0625,105698.9219,75817.22656,43545.95313,36073.20313,40212.01563,32204.04883
Q15853,23608.39258,28471.56445,28559.96484,25137.44531,24408.97852,25744.72266,28700.87891,26986.3125,25678.46094,23274.67383,23595.19531,23479.32617
Q15910,25085.16211,26735.94727,23062.34375,27563.625,29863.00781,26971.67188,26265.72461,26655.33984,33413.56641,34464.91406,33066.26172,35460.94531
Q15911,58291.44531,20139.85938,21976.37305,63916.62891,70667.84375,39041.60156,29546.54492,24708.44727,58284.34375,62708.42969,59534.30469,64370.15625
Q15942,130528.1094,127530.1719,123974.4453,128122.8828,144279.2813,143817.25,140951.9531,141489.8594,21409.14258,26649.61914,24054.0918,26663.34766
Q16181,77336.07813,76743.65625,76631.27344,75208.85938,69597.36719,67538.67969,67669.38281,65037.85938,74340.40625,76240.71094,77244.34375,78364.80469
Q16186,43807.93359,44112.59375,44306.92969,44611.82813,40864.34766,36465.04297,37712.91406,38209.33984,52574.14844,46904,3059.196777,22535.01172
Q16204,42113.5,41942.99609,39042.27344,39886.66797,43459.16797,40887.77344,40770.63281,38489.84375,29093.6875,29789.03711,25843.39453,25661.69727
Q16222,25450.51953,24207.98633,22881.33984,22347.20508,22872.17578,21208.60547,21662.9668,21164.1582,16708.58594,14168.19629,14951.55273,19510.48242
Q16352,54443.90625,57331.40625,57377.25,58789.57813,63593.25391,62164.46484,61698.07422,64801.14453,62978.82422,64218.32031,66184.41406,60897.89844
Q16401,40668.57813,40365.22266,41442.33594,42666.21094,37609.17578,38440.92969,40004.65234,38081.74219,9321.978516,14979.12598,8758.375,8372.09082
Q16512,20745.63867,17688.11328,16051.31055,21280.94531,18610.29688,18589.51563,15803.4541,12309.14648,38300.94531,26862.35156,38974.44922,40529.13281
Q16513,38886.49219,36424.72656,34703.32031,33403.02734,36249.3125,32343.57813,33570.84766,33264.99219,30743.24414,33073.67578,31625.97852,32119.9375
Q16527,32014.8125,32640.55664,29416.36914,31728.16016,30687.64844,30867.57227,30236.08398,29054.65234,31707.08984,32050.61719,32083.11914,38378.92578
Q16531,52519.05078,54870.68359,54881.94922,57745.24609,50148.20313,54140.78516,53656.49219,56198.25,7308.812988,7260.63916,5722.48291,10853.57617
Q16539,35086.60547,34123.59766,34220.74609,34616.42578,35295.99219,27991.87891,32464.17383,32375.08398,15388.36816,16315.65234,17886.39648,18274.66016
Q16543,25809.21875,27284.73438,25755.98047,26522.03516,23657.31445,23913.20117,24041.17773,22837.26563,28097.01563,28354.67578,28848.72852,31336.89063
Q16555,46734.73438,47318.625,47905.89453,47064.23438,45511.91016,40781.94141,44675.98828,43345,13029.69141,9777.305664,11884.40039,3646.518799
Q16576,138859.4063,142985.5625,134108,136317.4375,141447.6875,132254.25,137799.3594,140091.0156,28758.85742,25187.92188,34726.81641,25592.48633
Q16594,40770.02344,46527.91406,38192.78516,38769.90234,36532.33203,30192.81641,39685.37891,29106.14258,23357.13672,18045.95508,24359.45117,26221.71875
Q16629,204084.8125,202735.5781,200395.0781,201141.4219,225887.9063,206850.2188,205395.6406,222160.2188,14745.22949,14280.21191,14563.46582,13966.11523
Q16630,113749.0313,111694.5078,110427.0938,114365.8516,122414.8281,112415.4766,114784.4141,109591.9297,28929.59375,23598.96875,23380.15234,24642.70508
Q16637,28896.54102,37241.0625,33004.65625,35273.44922,40647.63672,34535.04688,37066.67188,37520.22656,17825.89453,19834.9375,21151.88477,17560.64844
Q16643,33987.24609,34220.48047,33519.22656,32497.19336,32619.06055,29963.92383,31692.64844,29583.48438,34864.25391,33138.69531,35776.29688,27610.92188
Q16658,124042.2109,126727.1797,126788.6484,126700.0859,114399.2422,117665.5469,113813.4141,116291.3828,14164.16406,13786.74805,9394.048828,13715.65039
Q16666,54302.09766,53520.95313,53027.85156,50777.9375,51758.25,52345.37109,51053.29297,51298.07422,1894.556396,1014.09729,2681.254395,3957.675049
Q16706,7411.186523,6218.49707,5590.147949,8155.437988,5001.180176,5741.460449,5231.496094,4576.325684,25481.4668,11495.40527,17382.35156,17047.84375
Q16719,29808.15039,27414.5293,28004.44531,32046.10547,31999.62891,30655.62109,30077.57422,30848.66016,125588.5391,14940.16211,147454.3281,123870.5
Q16763,40014.57031,31605.17969,38803.11719,34961.46094,42582.01953,44594.88281,38759.32422,36087.88281,16089.57422,9378.138672,9977.242188,14922.34473
Q16775,28325.01172,24495.21289,22334.63086,22031.26367,23526.77539,20364.76172,19506.42969,17002.4043,47325.45313,37532.47656,44073.76172,39942.80469
Q16831,15065.625,15905.49609,11787.2168,14919.79785,12466.79492,13430.1875,11835.59961,12121.90527,35920.14063,36097.08594,36531.59375,38917.36719
Q16850,8827.599609,8016.830566,9929.063477,5996.191895,9701.026367,14880.91504,11270.50293,9204.636719,20584,20034.07227,21733.01758,23461.32813
Q16875,19720.41602,8874.357422,18864.71094,15356.49121,20322.95117,8083.791504,10969.4707,11859.24805,40027.90234,40357.14063,41566.33984,36884.93359
Q16881,26459.33984,25160.36719,25897.34961,27509.46875,29692.68359,29656.94727,27993.67188,28684.01367,32359.61914,29930.19727,27939.82422,27630.33008
Q16891,13112.89355,11552.61523,12124.3877,13830.78809,9131.855469,10206.32227,10724.4873,9895.697266,27557.82617,27718.29883,27348.64453,24670.59766
Q1ED39,19942.94336,19754.16797,19633.32031,19762.88672,20164.75391,19871.09961,20184.17773,20886.29297,40753.45703,47500.69922,42723.0625,119092.6563
Q1KMD3,63469.74219,58990.50391,60533.98047,62521.27344,59666.89453,58989.10156,56479.98438,57841.91406,31911.77734,30959.63086,31111.05859,29454.81836
Q27J81,38775.95313,39636.32031,38427.91406,39733.76172,36934.41406,37851.48047,38353.06641,37374.15625,30839.12109,28525.32227,29810.67188,27823.16406
Q29RF7,66923.01563,68647.98438,68387.16406,69806.78906,67130.3125,71604.25,71407.32813,71438.50781,3615.754883,3247.168701,33397.17188,53201.58594
Q2KHR3,22585.89648,22817.63477,24105.80078,22024.47852,23502.17383,21053.03906,20886.37891,20704.05078,19279.72461,17581.80078,16279.3252,16784.71289
Q2M1P5,20202.80859,16381.56738,15823.14844,24625.91602,21152.01758,13197.57813,14357.92188,16029.26563,22428.11523,21665.79297,21320.47656,24819.22852
Q2M2I8,54705.40625,28741.61523,49629.33203,26771.04297,37329.17969,15872.9375,17662.31836,13134.47754,32373.58203,33136.05469,33336.55078,32776.60938
Q2M389,14706.14258,8329.169922,13060.78418,12674.21387,11391.63867,9063.672852,11804.91602,9028.27832,19170.99023,17730.58789,18543.61133,20720.07617
Q2NKX8,5355.825684,16089.54199,12182.71777,7878.855469,17779.63867,2844.714844,3626.594238,2466.308594,16793.48633,18387.01367,18805.82422,18569.93945
Q2NL82,26884.79883,27045.16797,26735.72461,27659.4668,32484.43945,34027.01172,32468.89453,30665.25977,32766.69336,33343.90234,33667.14453,36309
Q2QGD7,6627.491699,3271.846436,3106.583252,8908.073242,6119.777344,8853.349609,12684.4502,9253.869141,4046.349121,2910.071533,5019.806152,4735.153809
Q2TAL8,35346.30078,33599.47656,33578.44922,36334.30469,36647.84766,35620.22266,34609.66406,37283.68359,52727.25391,50873.83203,52789.52344,53618.17188
Q2TAY7,103244.8203,104343.8906,103178.9609,103450.3125,108522.7813,105152.6094,111658.5313,110935.0078,20320.58789,19960.74219,14682.88477,17295.61914
Q2TB90,29317.70898,29504.29492,30219.39648,30783.51758,34701.125,36001.16406,35786,34851.94922,18483.42578,17224.02148,18755.80469,16350.43555
Q2TBE0,16883.5918,16924.84766,18529.00781,18778.00195,18172.79688,17218.36328,17528.84766,18081.09375,379167.5625,337281.2188,519830.9688,286989.0938
Q32MZ4,26061.76172,26870.57813,26441.07617,25797.80469,24079.44531,23058.44727,25097.17188,27445.98047,61834.91797,15024.42969,31063.04883,41264.19141
Q32NC0,33496.75391,30721.05273,30085.33008,24975.37695,23293.59766,28775.08203,28496.46875,25893.30469,16537.95313,15209.45508,14675.9707,12790.1123
Q32P28,21738.09375,18871.89063,20323.09766,16472.81445,17218.97656,9317.024414,10419.85059,8390.417969,23727.04883,24909.69141,25422.5918,25682.28125
Q32P41,44832.89063,42136.67578,49066.32422,43980.92578,39264.61328,29254.24023,29951.16016,31480.41016,25603.72461,21657.75,22951.04492,26195.95703
Q32P44,21832.67578,21159.94141,19472.98438,20756.75391,15766.77734,20224.63477,17253.39063,18722.42383,14444.9873,15381.55273,12670.72949,13033.41699
Q3B726,15862.05859,14880.19531,15139.19238,13803.75098,15159.79395,13538.46484,13166.64453,9488.699219,24515.84961,23164.74219,24117.36523,25484.24023
Q3KQU3,28707.80469,33720.95703,32200.85742,15964.83789,21252.67578,40884.23438,36009.4375,23774.36133,60598.50781,57777.50781,64413.53125,65361.17578
Q3KQV9,12223.38477,9492.314453,14420.35742,13646.41211,12699.99414,8703.962891,6710.226074,2745.595459,30143.17383,26363.2207,32520.26953,36029.51563
Q3LXA3,26434.79883,23330.07031,23333.32422,23284.53125,21116.12305,18970.55859,20424.57813,21148.18164,85622.92188,80158.77344,83577.4375,63822.07813
Q3MHD2,99309.5,93132.38281,96605.89063,89762.36719,94546.94531,85810.42188,73133.03125,77152.03906,22072.73633,17102.50781,19722.41016,21065.56836
Q3V6T2,21653.79883,21830.54492,20685.78125,21077.03125,21100.4668,20647.67969,19628.23438,20277.74805,33750.46875,32992.73438,34156.60547,36170.75391
Q3YEC7,43946.17188,41868.06641,36296.16016,38943.20313,47552.55469,39193.51953,36550.81641,40425.74609,53045.94141,53325.61328,56832.51172,60012.57813
Q460N5,19529.08789,20922.39063,19145.00195,18567.41797,17084.12891,16297.36621,14653.41895,14750.61914,8572.227539,6903.692383,6565.535645,4460.13916
Q49A26,18913.24219,18281.05078,19339.63672,19547.24805,19424.9707,18173.6582,18699.21094,18196.07031,14154.22559,15584.94629,14606.8252,15991.60742
Q49A88,29828.19336,33815.92969,26495.53906,28831.78711,29725.99219,32310.79883,29805.51563,31873.38281,19524.15039,20820.47656,25850.99414,22527.08398
Q49AR2,38584.08203,34334.47656,45908.01172,44470.97266,44091.38672,37784.11328,42153.53125,47192.23828,42649.51563,81563.97656,76103.00781,76990.27344
Q4G0F5,6368.063477,3426.635498,4473.780762,3642.003906,4184.40332,4225.819336,3467.467285,5094.921875,26704.9668,17044.61914,36324.06641,28520.37891
Q4G0J3,24833.73633,23300.11719,23565.94531,23478.5,24300.97852,23225.5293,22726.56445,23769.77734,50256.5625,50524.66797,54198.01172,53637.19531
Q4J6C6,19844.91016,19925.34766,18244.66406,19893.71484,19216.2793,18688.46484,18667.23633,18556.44141,19796.06055,17365.57422,18533.42578,17947.60547
Q4KMP7,24913.40234,23076.78906,27122.81836,23246.3125,18811.70508,20288.40625,16035.74316,12635.76855,20115.75977,22892.42969,22929.875,26541.94141
Q4KMQ1,44290.26172,43545.95313,36073.20313,40212.01563,32204.04883,43792.17969,45924.30859,49505.83984,28082.85938,26005.94531,28217.19531,26595.91602
Q4LE39,26835.22461,25678.46094,23274.67383,23595.19531,23479.32617,23426.97266,21596.98047,22250.51172,39739.32031,37168.12891,38405.07031,30174.97852
Q4V328,35579.875,33413.56641,34464.91406,33066.26172,35460.94531,30385.08594,32170.14453,30615.02539,40979.39453,39599.63672,48388.76563,27942.92969
Q52LJ0,65093.11328,58284.34375,62708.42969,59534.30469,64370.15625,56234.08984,58817.46875,57916.97656,26828.25,27215.58984,27300.83789,29509.16797
Q52LW3,26890.11523,21409.14258,26649.61914,24054.0918,26663.34766,27795.02734,26929.22656,21725.89063,19130.06641,17373.12109,18241.70898,16968.04297
Q53EL6,74850.16406,74340.40625,76240.71094,77244.34375,78364.80469,78044.60156,81999.54688,80969.13281,44767.61328,43618.85938,44913.89453,45139.50781
Q53ET0,15915.63574,52574.14844,46904,3059.196777,22535.01172,51288.77734,68952.71875,4024.520996,20977.80078,24014.69141,24179.96094,25329.79492
Q53EZ4,30920.2793,29093.6875,29789.03711,25843.39453,25661.69727,30374.47461,20907.60547,27500.16016,31318.99219,29744.92969,37052.68359,38568.27344
Q53F19,14832.26172,16708.58594,14168.19629,14951.55273,19510.48242,14940.83301,17729.50781,13158.24414,26321.19336,25284.28711,24604.16211,23242.79883
Q53FT3,63882.91016,62978.82422,64218.32031,66184.41406,60897.89844,55298.07422,59558.88281,63404.03516,23555.32031,23222.55859,21733.37305,23629.125
Q53GA4,9548.648438,9321.978516,14979.12598,8758.375,8372.09082,9443.198242,9096.663086,11178.99902,9479.996094,10447.69922,8332.081055,12038.61328
Q53GL7,46452.14453,38300.94531,26862.35156,38974.44922,40529.13281,39675.61328,33842.09375,43382.55859,25443.93359,29709.81836,29197.61914,24788.58789
Q53GS7,33504.16406,30743.24414,33073.67578,31625.97852,32119.9375,30733.05469,29760.86133,31338.89258,58703.74219,62645.99609,60190.86328,59348.41406
Q53GS9,35040.98047,31707.08984,32050.61719,32083.11914,38378.92578,33322.66797,33037.07422,29808.49609,25298.39453,21835.09375,21255.67773,26723.09375
Q53H47,7129.185059,7308.812988,7260.63916,5722.48291,10853.57617,4138.803223,6200.348633,5401.217773,11746.78516,9044.411133,11174.93262,13643.88477
Q53H82,18399.83594,15388.36816,16315.65234,17886.39648,18274.66016,12513.64355,12528.90918,13449.56152,59072.32031,60179.08203,58320.27344,64379.71875
Q53H96,29388.20313,28097.01563,28354.67578,28848.72852,31336.89063,33269.51172,31303.44922,28975.73633,7807.933594,7012,2529.692139,6985.400879
Q53HC9,13992.85352,13029.69141,9777.305664,11884.40039,3646.518799,8726.239258,8648.167969,8708.380859,12246.55566,13256.4668,13484.23242,13892.80859
Q53HL2,29357.18164,28758.85742,25187.92188,34726.81641,25592.48633,27211.44336,26627.76563,24325.4043,10445.27148,8811.352539,10925.00781,18201.16016
Q53LP3,28053.41992,23357.13672,18045.95508,24359.45117,26221.71875,19578.37695,19759.37891,21981.91211,15831.6084,17201.14258,15812.81738,16762.4707
Q53RE8,16958.27539,14745.22949,14280.21191,14563.46582,13966.11523,14223.29004,15468.55566,11835.49219,18087.69922,19717.88672,17724.92578,21097.80273
Q567U6,28049.36914,28929.59375,23598.96875,23380.15234,24642.70508,26607.47852,27470.04297,19060.55273,16370.76855,15866.54688,20138.63672,15584.2627
Q56NI9,19627.70508,17825.89453,19834.9375,21151.88477,17560.64844,20196.08594,16760.33789,17929.4082,34542.21484,36081.42578,36192.03906,26439.20898
Q56P03,30023.53125,34864.25391,33138.69531,35776.29688,27610.92188,36638.32813,36085.83984,37527.17969,23233.94141,22746.32617,22451.45898,23987.97461
Q58FF6,12540.92383,14164.16406,13786.74805,9394.048828,13715.65039,11176.95605,9069.080078,20535.25,24631.87695,30686.19336,32592.13672,36437.96875
Q58FG1,4291.669922,1894.556396,1014.09729,2681.254395,3957.675049,409.3610229,2996.972656,8307.245117,36799.82422,36929.90234,37782.39844,39307.42188
Q58WW2,17096.38086,25481.4668,11495.40527,17382.35156,17047.84375,17484.46875,19224.33008,5909.084473,1671.762573,5172.055664,7605.271484,5152.435547
Q5BJF2,120513.1797,125588.5391,14940.16211,147454.3281,123870.5,4186.071777,7606.754883,123083.2813,3459.702393,2602.61792,2154.416504,7234.004395
Q5BJF6,11858.08203,16089.57422,9378.138672,9977.242188,14922.34473,9564.132813,9828.561523,14848.7334,156560.7188,160380.9063,150089.0781,135432.3438
Q5BKY9,47160.36328,47325.45313,37532.47656,44073.76172,39942.80469,49406.01172,47469.67578,49193.22266,37632.10547,39521.25,38290.11328,42345.97266
Q5BKZ1,36576.54297,35920.14063,36097.08594,36531.59375,38917.36719,33501.48047,31112.43555,32966.21484,18060.93164,16622.46094,14249.74023,28713.56641
Q5C9Z4,21425.26367,20584,20034.07227,21733.01758,23461.32813,18382.08398,18657.00391,21831.88086,67007.10938,72285.36719,71265.26563,72636.10938
Q5EG05,38588.22656,40027.90234,40357.14063,41566.33984,36884.93359,39149.39844,40395.36719,40560.14063,16798.88477,18457.53125,19487.59375,23069.29102
Q5F1R6,30450.17773,32359.61914,29930.19727,27939.82422,27630.33008,26161.73633,25687.08594,27145.93945,40219.92969,40757.56641,37222.20313,43190.71875
Q5GLZ8,27935.91016,27557.82617,27718.29883,27348.64453,24670.59766,29166.54102,28413.25781,29320.49023,23826.29102,22659.19141,22858.20508,25157.60352
Q5H9R4,44849.69922,40753.45703,47500.69922,42723.0625,119092.6563,265919.9375,191920.4531,199885.1094,46290.07422,35957.99219,40026.83984,36787.32031
Q5H9R7,27646.48438,31911.77734,30959.63086,31111.05859,29454.81836,32519.45898,30068.99023,32072.94531,21431.11133,20972.33984,20214.80859,26233.25781
Q5HYJ3,28807.0625,30839.12109,28525.32227,29810.67188,27823.16406,33254.55078,32189.78906,32044.0332,32629.88281,29675.57227,28762.89453,29159.55078
Q5HYK7,2983.102051,3615.754883,3247.168701,33397.17188,53201.58594,4756.700195,8860.868164,6281.496582,11880.45801,8548.061523,7443.645508,11052.64844
Q5JPI3,16961.1582,19279.72461,17581.80078,16279.3252,16784.71289,15533.98535,19575.92188,17276.12695,13860.98828,13778.1543,6873.843262,14908.7666
Q5JRA6,22294.56836,22428.11523,21665.79297,21320.47656,24819.22852,24216.89258,23966.30469,23589.64453,6865.500488,24231.28125,12427.38184,32096.66602
Q5JSH3,39235.125,32373.58203,33136.05469,33336.55078,32776.60938,31224.62109,34121.07031,31286.42383,18523.56055,25988.84375,25566.63477,26846.48242
Q5JSZ5,18668.74805,19170.99023,17730.58789,18543.61133,20720.07617,18687.25977,17468.7168,14382.07227,59249.53516,58478.42578,54917.01953,52128.09766
Q5JTD0,22074.58594,16793.48633,18387.01367,18805.82422,18569.93945,16041.18652,15820.76758,16168.63672,10479.85254,11494.7168,12286.68262,9160.475586
Q5JTH9,34657.27734,32766.69336,33343.90234,33667.14453,36309,34644.58594,35063.19922,34198.29297,18523.08203,19173.25586,14964.91406,14174.14941
Q5JTJ3,4362.474121,4046.349121,2910.071533,5019.806152,4735.153809,5500.518555,4567.702148,6603.796875,16815.03906,15158.57617,15820.07031,16715.48047
Q5JTV8,53970.07031,52727.25391,50873.83203,52789.52344,53618.17188,49681.34375,52354.96875,50071.73438,6470.508301,5999.760254,8544.677734,6866.418945
Q5JTW2,20823.38477,20320.58789,19960.74219,14682.88477,17295.61914,19108.75586,19021.64844,18438.06445,32243.5957,40866.47656,42358.37891,41263.11719
Q5JVF3,19738.17578,18483.42578,17224.02148,18755.80469,16350.43555,19663.06445,19234.82422,19983.06055,26567.78125,25813.19922,26561.94727,24069.21484
Q5JZY3,363794.2813,379167.5625,337281.2188,519830.9688,286989.0938,262179.3438,375943.125,289534.0313,21484.97461,18770.18359,19987.31055,17380.05078
Q5K4L6,51442.46875,61834.91797,15024.42969,31063.04883,41264.19141,15550.01855,39083.25,14143.3125,16434.98242,14650.61133,13471.16895,12837.05176
Q5K651,12911.5127,16537.95313,15209.45508,14675.9707,12790.1123,15136.25977,13469.91016,13848.14941,16105.95898,15604.01953,15322.94238,17943.64063
Q5M775,26027.4082,23727.04883,24909.69141,25422.5918,25682.28125,25376.80469,24851.24609,27004.70313,32908.69141,21695.16406,23756.86328,23488.73242
Q5MIZ7,23649.35156,25603.72461,21657.75,22951.04492,26195.95703,25592.12695,23325.69141,21505.72266,14168.96191,12248.4043,13263.54492,6185.254883
Q5MNZ6,13526.06348,14444.9873,15381.55273,12670.72949,13033.41699,12357.79785,9935.795898,8433.908203,17281.39063,18984.33398,19699.33789,18152.14063
Q5QJE6,24554.99805,24515.84961,23164.74219,24117.36523,25484.24023,27553.26172,26381.68945,25795.71484,19074.64063,20381.54883,20836.13672,19414.06445
Q5R3I4,71555.14844,60598.50781,57777.50781,64413.53125,65361.17578,51175.27734,52477.23047,47776.78125,28248.73438,28058.08008,29502.03516,30428.08203
Q5RKV6,34681.5,30143.17383,26363.2207,32520.26953,36029.51563,25736.69336,23081.58789,24587.2793,35686.80078,32058.48633,31766.44531,32343.05664
Q5RL73,77346.94531,85622.92188,80158.77344,83577.4375,63822.07813,71563.53906,80003.09375,76827.95313,80810.17969,71360.82813,85562.07813,84827.16406
Q5SNT2,19358.08398,22072.73633,17102.50781,19722.41016,21065.56836,22024.55078,21175.12695,22081.88281,59873.90625,46084.32031,39501.17969,59633.88672
Q5SRE5,34617.08984,33750.46875,32992.73438,34156.60547,36170.75391,35861.43359,34215.01563,34464.75,15201.44141,15415.5127,14526.08105,16340.56738
Q5SSJ5,56840.04688,53045.94141,53325.61328,56832.51172,60012.57813,55492.67188,53368.15625,58007.4375,9140.652344,8972.551758,7317.561523,3419.759521
Q5SVZ6,6922.292969,8572.227539,6903.692383,6565.535645,4460.13916,7202.15332,7073.339355,10084.63477,96834.67969,105196.1641,103863.7656,100038.3516
Q5SW79,15804.77246,14154.22559,15584.94629,14606.8252,15991.60742,12262.20215,13426.00684,14726.04395,27181.05273,24900.52148,25766.13477,26315.35352
Q5SW96,20067.55078,19524.15039,20820.47656,25850.99414,22527.08398,18838.25586,17932.65625,19386.14648,24661.11133,22195.03516,22711.50781,25534.45313
Q5SWX8,73582.78906,42649.51563,81563.97656,76103.00781,76990.27344,12448.65527,10100.50781,39753.38672,41543.24219,39273.59375,39642.32422,38248.23438
Q5SXM2,27749.89258,26704.9668,17044.61914,36324.06641,28520.37891,31541.73633,17626.7207,22572.49023,22854.86328,21127.44727,23318.3457,20084.83203
Q5SY16,49032.40625,50256.5625,50524.66797,54198.01172,53637.19531,57704.83984,59060.45313,58060.17578,12583.5498,13656.79199,14726.23633,16848.86914
Q5T0F9,19558.89453,19796.06055,17365.57422,18533.42578,17947.60547,18685.81836,17995.48047,19008.90625,30531.51172,31431.35352,30968.03906,34058.61719
Q5T0N5,24246.74219,20115.75977,22892.42969,22929.875,26541.94141,16997.99219,15933,17968.90234,30898.57617,30065.78125,27825.67969,26440.93164
Q5T1J5,28101.7832,28082.85938,26005.94531,28217.19531,26595.91602,30230.58203,37946.14453,29011.69336,24348.33398,22771.04102,22415.06055,23798.13281
Q5T1M5,36721.13281,39739.32031,37168.12891,38405.07031,30174.97852,34171.47656,34453.23047,30229.22266,17421.90234,19609.39063,20596.97656,18251.01953
Q5T1V6,46761.10938,40979.39453,39599.63672,48388.76563,27942.92969,49537.55859,42778.35938,48244.61328,31077.95703,27680.07617,28594.35742,29270.94531
Q5T200,26277.45703,26828.25,27215.58984,27300.83789,29509.16797,29842.92578,25170.48047,26735.52344,28268.68555,27322.12305,30174.44531,23501.18555
Q5T280,19073.27734,19130.06641,17373.12109,18241.70898,16968.04297,17181,16659.32617,16919.08203,26543.23828,28862.07422,29395.39648,32258.18164
Q5T3I0,44760.94922,44767.61328,43618.85938,44913.89453,45139.50781,46602.1875,43942.54688,46775.5625,17930.7793,18187.21289,19610.35352,17256.82031
Q5T3J3,24715.55273,20977.80078,24014.69141,24179.96094,25329.79492,25733.95703,23671.88477,22692.29102,77339.17969,93716.03125,82078.46875,88663.92969
Q5T447,39351.44141,31318.99219,29744.92969,37052.68359,38568.27344,28337.08789,34617.85547,32955.85156,35204.22656,34904.62891,35246.28906,39084.08594
Q5T4S7,25451.43945,26321.19336,25284.28711,24604.16211,23242.79883,23799.06641,24067.28711,23283.62695,30090.21094,37509.71875,33063.53906,29603.50195
Q5T5U3,24978.90039,23555.32031,23222.55859,21733.37305,23629.125,23030.4707,22632.4043,27734.33594,43876.54688,42755.42969,47683.11719,45664.77734
Q5T5X7,9212.351563,9479.996094,10447.69922,8332.081055,12038.61328,7523.03125,8215.637695,9427.53125,34700.46094,32424.84766,29682.73242,34292.29688
Q5T6F2,29814.66211,25443.93359,29709.81836,29197.61914,24788.58789,29466.43555,26606.78906,27363.36719,30552.54297,29864.66211,21677.31836,28544.7793
Q5T6V5,65536.42969,58703.74219,62645.99609,60190.86328,59348.41406,65856.67969,70420.53906,60448.35938,19192.14648,20544.34766,20347.23828,23752.31836
Q5T7V8,25225.71094,25298.39453,21835.09375,21255.67773,26723.09375,20221.92969,16873.57813,18689.5625,26746.05078,28029.15234,27622.17969,26834.60352
Q5T8I3,10198.46484,11746.78516,9044.411133,11174.93262,13643.88477,8688.289063,10263.88965,7450.445313,23325.20898,18370.77539,14032.09766,17326.83789
Q5T8P6,61595.46484,59072.32031,60179.08203,58320.27344,64379.71875,62126.94922,61868.19922,61344.40234,37281.16406,37139.21484,37057.83594,33312.10156
Q5T9A4,6441.769043,7807.933594,7012,2529.692139,6985.400879,2520.095947,2263.199951,3327.932129,28254.57227,24506.11328,23557.6875,27436.03711
Q5T9S5,14533.1709,12246.55566,13256.4668,13484.23242,13892.80859,12920.68164,12159.56055,11956.40723,19916.25,14743.875,20697.98242,18150.22461
Q5TA45,13773.77344,10445.27148,8811.352539,10925.00781,18201.16016,12344.14453,9706.478516,8898.480469,28247.77148,27351.42773,27640.80664,25192.12695
Q5TAQ9,16525.57617,15831.6084,17201.14258,15812.81738,16762.4707,17030.13477,13009.35059,13481.66406,17618.00977,14082.24414,15779.04785,16972.67188
Q5TBB1,20684.39844,18087.69922,19717.88672,17724.92578,21097.80273,19136.4668,17361.81445,16270.95117,61658.75781,110032.5703,57719.44141,92190.05469
Q5TDH0,19257.53125,16370.76855,15866.54688,20138.63672,15584.2627,14989.6416,12585.62598,13596.25195,7676.305664,2255.919678,7231.972656,10074.37988
Q5TFE4,35281.07422,34542.21484,36081.42578,36192.03906,26439.20898,31542.32617,34380.65625,30604.28711,25507.11523,25152.61133,27261.50586,27277.52148
Q5TGY3,24630.9707,23233.94141,22746.32617,22451.45898,23987.97461,16413.3125,19115.24805,19148.07813,21630.94922,19970.71875,21094.22461,30520.64063
Q5TKA1,37056.76563,24631.87695,30686.19336,32592.13672,36437.96875,18181.78125,21104.08398,19075.76172,33107.91016,33625.23438,33499.91016,34869.13281
Q5UIP0,35923.38672,36799.82422,36929.90234,37782.39844,39307.42188,38647.51563,38422.40625,39771.04688,12995.33496,14302.41602,11198.77148,15509.88379
Q5VIR6,4751.452637,1671.762573,5172.055664,7605.271484,5152.435547,359.3010254,6804.087891,2454.68457,46674.39063,47702.72266,53203.04688,46709.18359
Q5VSL9,6671.025879,3459.702393,2602.61792,2154.416504,7234.004395,3481.673096,5718.527832,2536.068115,13154.84277,12696.90625,15225.1123,9236.364258
Q5VT25,156226.5,156560.7188,160380.9063,150089.0781,135432.3438,154786.0625,152297.4531,179865.2188,11708.55566,12879.26953,23247.83594,9846.046875
Q5VT52,40781.82422,37632.10547,39521.25,38290.11328,42345.97266,38323.71094,38649.76172,37985.83594,28228.98828,33031.18359,29765.35547,17691.32813
Q5VT66,29977.36719,18060.93164,16622.46094,14249.74023,28713.56641,21819.19531,18678.29492,16616.93945,32761.03125,30140.3457,33792.61328,29704.20703
Q5VT79,72804.17969,67007.10938,72285.36719,71265.26563,72636.10938,69622.54688,69382.38281,72967.45313,22786.35938,24134.33008,26196.18359,27740.3418
Q5VTB9,18399.46094,16798.88477,18457.53125,19487.59375,23069.29102,16834.63477,19988.29297,13947.52539,23749.34766,25345.9668,24790.79883,21492.16211
Q5VTL8,40260.91406,40219.92969,40757.56641,37222.20313,43190.71875,38924.51563,38958.55469,38637.23828,7666.645508,5484.765625,3729.980225,6858.997559
Q5VTR2,23355.00391,23826.29102,22659.19141,22858.20508,25157.60352,24068.89648,23544.77344,22822.48633,25584.98438,23385.91797,26739.54492,25171.20313
Q5VU43,43107.41016,46290.07422,35957.99219,40026.83984,36787.32031,39483.23828,44382.10547,43395.16797,23374.77344,17430.25586,18446.48047,19253.37891
Q5VUA4,23042.79688,21431.11133,20972.33984,20214.80859,26233.25781,22203.94531,18993.86133,20846.625,35375.64063,41574.16016,30052.41602,38946.92578
Q5VV41,30816.00195,32629.88281,29675.57227,28762.89453,29159.55078,29667.62695,29411.51758,27670.5625,214779.7188,244637.7969,246134.5625,246234.1563
Q5VV42,8046.889648,11880.45801,8548.061523,7443.645508,11052.64844,11280.26855,7081.066895,3913.541504,29919.32422,32357.03516,30293.45313,26588.9707
Q5VV52,15198.64648,13860.98828,13778.1543,6873.843262,14908.7666,10169.12891,9392.844727,10664.32129,37343.3125,36150.68359,36154.70313,39746.25781
Q5VV67,26875.62305,6865.500488,24231.28125,12427.38184,32096.66602,24797.85352,20482.61719,2201.235107,46493.05078,48124.94531,49881.67969,51697.52734
Q5VVQ6,23510.67969,18523.56055,25988.84375,25566.63477,26846.48242,21644.86914,18773.58398,16285.86426,28311.50391,28125.88086,34114.57422,30991.05469
Q5VW32,50515.40234,59249.53516,58478.42578,54917.01953,52128.09766,57160.39844,54376.4375,55136.07422,24677.16602,23948.64453,22220.07227,21182.11719
Q5VW36,11295.52441,10479.85254,11494.7168,12286.68262,9160.475586,12996.06543,6992.937012,10685.95996,19132.82617,15543.79883,16742.27734,14853.96582
Q5VWN6,18801.62695,18523.08203,19173.25586,14964.91406,14174.14941,20864.98633,20494.01563,18047.89063,31244.77344,34646.53516,29853.66602,36225.12891
Q5VWQ0,17031.67383,16815.03906,15158.57617,15820.07031,16715.48047,16342.41406,14056.73145,15607.47949,14302.51367,13380.11426,16567.81445,19859.93555
Q5VWQ8,7006.43457,6470.508301,5999.760254,8544.677734,6866.418945,8512.264648,7644.532715,2757.888672,38620.01953,35237.6875,39616.17188,42022.57031
Q5VWZ2,45640.83594,32243.5957,40866.47656,42358.37891,41263.11719,33375.78125,30138.31445,30226.44141,38786.05469,36870.64844,40921.10547,35627.71484
Q5VYK3,26523.89844,26567.78125,25813.19922,26561.94727,24069.21484,25826.87109,26884.09375,25147.36523,26882.29688,21969.44727,23487.20898,28628.85742
Q5VZ89,18961.92383,21484.97461,18770.18359,19987.31055,17380.05078,20524.19336,20347.01172,18960.05469,77020.30469,78256.94531,80010.50781,79913.40625
Q5VZK9,14092.44629,16434.98242,14650.61133,13471.16895,12837.05176,10896.59863,13276.54688,11347.04785,27438.80469,30471.93555,24243.47656,28493.1543
Q5VZL5,17407.33008,16105.95898,15604.01953,15322.94238,17943.64063,17658.96094,15215.76074,14883.25586,18161.38477,15089.80273,15249.4541,16370.42773
Q5W0V3,21380.32422,32908.69141,21695.16406,23756.86328,23488.73242,33115.99609,29833.10938,35936.34375,5369.572754,9091.956055,3523.621094,3142.773926
Q5XPI4,9032.676758,14168.96191,12248.4043,13263.54492,6185.254883,11002.64063,11699.77539,10755.24707,13963.98926,12466.80078,11080.57324,9636.201172
Q60I27,19453.63867,17281.39063,18984.33398,19699.33789,18152.14063,8285.818359,22700.31445,20459.93555,17071.95117,21570.875,24099.22852,18638.99219
Q63HN8,21011.26172,19074.64063,20381.54883,20836.13672,19414.06445,20535.95508,18537.68164,20341.17578,22128.62891,22362.2207,22022.83203,20568.89648
Q63ZY3,27439.69141,28248.73438,28058.08008,29502.03516,30428.08203,28138.74414,28324.20117,25417.75586,25882.57422,26579.89258,26676.74414,22126.97852
Q641Q2,36970.21094,35686.80078,32058.48633,31766.44531,32343.05664,28689.2832,31070.47266,27100.13086,40482.54688,38141.19531,40220.61719,37160.97656
Q659A1,76291.9375,80810.17969,71360.82813,85562.07813,84827.16406,90858.19531,73779.33594,67417.45313,49323.73828,54017.34375,52365.64844,46789.82422
Q66K74,36855.25391,59873.90625,46084.32031,39501.17969,59633.88672,29744.72852,32598.4375,36810.69922,17393.74805,19317.875,19330.02148,18671.26563
Q66K89,14514.41602,15201.44141,15415.5127,14526.08105,16340.56738,16478.57813,13433.42285,14796.20703,41716.59375,41277.64844,41299.13281,40842.76563
Q66LE6,6230.703613,9140.652344,8972.551758,7317.561523,3419.759521,6529.631348,5905.501953,4909.071777,20950.02344,19751.83594,19862.50781,19045.72852
Q66PJ3,99960.40625,96834.67969,105196.1641,103863.7656,100038.3516,92117.20313,92459.1875,89477.98438,71479.02344,77549.45313,72500.14063,63006.51172
Q68CP9,25793.9082,27181.05273,24900.52148,25766.13477,26315.35352,27166.14648,27586.54492,25695.29688,34090.02344,31596.76563,30014.55078,34524.46094
Q68CQ4,24501.76953,24661.11133,22195.03516,22711.50781,25534.45313,23866.95508,22443.72656,22148.65039,31463.22461,31799.61914,21714.32617,38679.54688
Q68CZ2,41332.63672,41543.24219,39273.59375,39642.32422,38248.23438,39971.54297,39105.31641,37569.72656,20666.37305,28276.85352,30275.63281,33862.13281
Q68CZ6,22647.04102,22854.86328,21127.44727,23318.3457,20084.83203,23535.01563,21031.68555,16978.73633,30373.69141,26154.4375,26869.21875,25473.75
Q68D10,13514.90625,12583.5498,13656.79199,14726.23633,16848.86914,14190.18457,14890.1709,16616.23047,30572.80078,31958.87891,31844.68555,35817.03516
Q68E01,33641.01563,30531.51172,31431.35352,30968.03906,34058.61719,32336.12305,30071.35352,31672.55273,47192.09766,46220.9375,46086.16016,47389.58984
Q69YH5,30573.07227,30898.57617,30065.78125,27825.67969,26440.93164,31353.83984,29242.71094,30729.35742,45269.58984,45443.6875,47409.11719,48200.92188
Q69YN2,22884.92383,24348.33398,22771.04102,22415.06055,23798.13281,23476.3457,22518.74414,24211.20508,13974.37012,13351.41992,14744.31543,12856.2373
Q69YN4,19549.81055,17421.90234,19609.39063,20596.97656,18251.01953,20279.28516,19406.3418,19641.54883,18316.80469,18303.45313,19081.88281,21501.49805
Q69YQ0,26816.77539,31077.95703,27680.07617,28594.35742,29270.94531,32863.38672,33561.25,30860.72266,16174.90137,16474.50586,16957.3418,15738.71289
Q6DCA0,26389.83008,28268.68555,27322.12305,30174.44531,23501.18555,26383.83008,33615.44141,34564.93359,24569.25586,25717.0918,22742.33008,23725.35547
Q6DD87,31907.23047,26543.23828,28862.07422,29395.39648,32258.18164,29169.03516,28889.17383,27741.63477,16719.22461,15931.03418,16253.57617,13779.80469
Q6DD88,20932.10742,17930.7793,18187.21289,19610.35352,17256.82031,16645.61133,14884.54297,15098.22363,32143.42773,28479.75977,29530.28711,32063.73047
Q6DKI1,91984.17969,77339.17969,93716.03125,82078.46875,88663.92969,89291.32031,99785.25781,88621.14063,27799.32031,26068.51367,25697.76367,30095.05859
Q6DKJ4,43062.33203,35204.22656,34904.62891,35246.28906,39084.08594,31149.01563,27093.48438,25773.20898,34380.03125,23565.43555,20519.41211,24512.81836
Q6EEV4,40139.07422,30090.21094,37509.71875,33063.53906,29603.50195,24322.13867,30988.74219,28067.33594,16505.21484,12169.49316,13715.11328,11506.18457
Q6FI81,48323.90625,43876.54688,42755.42969,47683.11719,45664.77734,43368.32813,43561.42188,43770.67578,61758.52344,65505.90625,63995.16797,75386.89063
Q6FIF0,36129.30859,34700.46094,32424.84766,29682.73242,34292.29688,35617.60938,34058.46094,39384.96094,31243.98242,33152.53125,30348.19531,36774.30469
Q6GMV2,29203.4082,30552.54297,29864.66211,21677.31836,28544.7793,21770.50586,21159.60352,22535.62695,64753.15234,67875.125,58304.63672,79575.17188
Q6GQQ9,24936.49805,19192.14648,20544.34766,20347.23828,23752.31836,18494.90234,16947.35352,16935.46289,22507.95117,22849.25391,24827.14258,23256.82227
Q6I9Y2,26079.17578,26746.05078,28029.15234,27622.17969,26834.60352,27429.76172,25207.7832,26858.92578,28990.43555,30498.30273,31699.43359,28581.74414
Q6IA86,19290.85156,23325.20898,18370.77539,14032.09766,17326.83789,14314.28125,17235.60156,10279.90137,27339.16016,46916.13672,54890.46484,19104.84375
Q6IBS0,35738.77734,37281.16406,37139.21484,37057.83594,33312.10156,37315.56641,38821.69531,38390.11328,50566.07031,51269.50391,53116.85938,49403.37109
Q6IBW4,34711.27734,28254.57227,24506.11328,23557.6875,27436.03711,26541.51758,22415.68164,25866.97852,11415.17773,12594.12598,10769.74707,10308.18359
Q6IE81,19389.83203,19916.25,14743.875,20697.98242,18150.22461,22536.53125,24151.86719,23266.34766,35207.82031,34411.22656,40572.39453,34185.27344
Q6IN85,26757.51563,28247.77148,27351.42773,27640.80664,25192.12695,29592.44531,27696.91992,25653.36328,19512.66406,22510.81836,22934.53711,21878.79688
Q6IQ21,16879.29297,17618.00977,14082.24414,15779.04785,16972.67188,16309.15527,18634.57617,14393.12305,38931.43359,38272.97656,38485.45313,41416.88672
Q6IQ26,101843.9141,61658.75781,110032.5703,57719.44141,92190.05469,50689.88281,52289.48047,49351.48438,7096.492676,43509.41406,22474.04688,36606.71484
Q6IQ32,8847.564453,7676.305664,2255.919678,7231.972656,10074.37988,10807.2793,12329.55664,11221.83496,22389.08008,22577.41602,21259.23633,21769.63086
Q6IQ49,27960.11719,25507.11523,25152.61133,27261.50586,27277.52148,25571.38477,28263.27148,23658.26563,48328.63281,41155.17969,39250.57422,36250.52734
Q6KB66,23362.54102,21630.94922,19970.71875,21094.22461,30520.64063,29006.30469,28152.87109,26486.4668,19939.99805,17682.5957,17856.79883,9930.030273
Q6KC79,34063.94531,33107.91016,33625.23438,33499.91016,34869.13281,35638.12109,34839.82813,35136.50391,353940.9688,46718.09375,298239,26786.59961
Q6L8Q7,14285.71484,12995.33496,14302.41602,11198.77148,15509.88379,13308.86816,12609.20703,12529.13965,2580.880371,8100.034668,5508.525391,4644.423828
Q6MZP7,50868.77344,46674.39063,47702.72266,53203.04688,46709.18359,43810.25781,48092.94141,45166.61328,11025.26465,10046.18848,10055.30859,6122.277832
Q6NS38,10675.54297,13154.84277,12696.90625,15225.1123,9236.364258,7550.472168,14418.70996,6958.537109,46308.125,50873.40234,53623.93359,50279.39453
Q6NTE8,17069.49805,11708.55566,12879.26953,23247.83594,9846.046875,12290.86914,10452.6748,10433.38379,10213.66309,10993.94141,8514.915039,11951.80957
Q6NUP7,30872.79883,28228.98828,33031.18359,29765.35547,17691.32813,23094.19922,23998.56836,19453.7832,24593.4668,40218.93359,36355.25391,46643.72656
Q6NUQ4,33697.41016,32761.03125,30140.3457,33792.61328,29704.20703,30206.39063,27945.20313,28353.87305,13341.86914,9770.291992,10585.82715,4572.27832
Q6NW34,29003.95703,22786.35938,24134.33008,26196.18359,27740.3418,18323.19531,20061.96875,22077.00195,86004.10156,105246.0781,89662.125,58972.78906
Q6NXE6,21581.38477,23749.34766,25345.9668,24790.79883,21492.16211,24264.75781,20731.79297,24584.91406,24736.96875,26078.32617,26317.39063,24541.48242
Q6NXR4,4655.944824,7666.645508,5484.765625,3729.980225,6858.997559,2474.493896,4169.186035,2835.304932,18563.35352,17041.46094,18433.80664,18218.53125
Q6NXT1,24274.67969,25584.98438,23385.91797,26739.54492,25171.20313,22151.40234,17246.67969,23158.0625,21162.98438,18456.5957,19156.38672,19891.23828
Q6NYC1,20006.66211,23374.77344,17430.25586,18446.48047,19253.37891,14928.75977,17637.83594,15757.73535,330.0429077,3209.757813,4244.463379,2875.54834
Q6NYC8,39748.35156,35375.64063,41574.16016,30052.41602,38946.92578,29147.7832,33250.42969,25554.91211,32633.55273,31896.36328,34551.75391,24278.02344
Q6NZ67,254645.2344,214779.7188,244637.7969,246134.5625,246234.1563,201122.2188,240113.1875,248571.2188,11476.12793,11942.36719,10702.64258,9132.859375
Q6NZI2,26875.04297,29919.32422,32357.03516,30293.45313,26588.9707,26945.55859,16336.63379,26857.45508,22647.27148,22130.75586,18891.78906,28005.51367
Q6NZY4,39337.25781,37343.3125,36150.68359,36154.70313,39746.25781,34652.56641,33888.35156,33394.53516,27001.08203,24297.43945,25375.38672,30581.56055
Q6P1J9,48921.15234,46493.05078,48124.94531,49881.67969,51697.52734,49778.35547,50173.66797,48733.90234,21384.96289,22059.47656,18768.23438,19817.89844
Q6P1K2,33680.97266,28311.50391,28125.88086,34114.57422,30991.05469,27259.2207,28803.17383,25835.82617,92822.03906,96449.45313,91045.23438,116286.8594
Q6P1M3,24585.81055,24677.16602,23948.64453,22220.07227,21182.11719,16498.76758,21055.49219,19259.01563,46114.16016,41373.80078,41662.47656,27940.08398
Q6P1N0,15778.81348,19132.82617,15543.79883,16742.27734,14853.96582,15458.83301,14230.88184,14053.86719,28387.66406,28104.83789,28972.55664,29027.875
Q6P1Q9,37877.99219,31244.77344,34646.53516,29853.66602,36225.12891,32581.85547,27249.36523,28949.91797,38566.03125,35654.54297,34413.51563,35614.31641
Q6P1R4,21234.70898,14302.51367,13380.11426,16567.81445,19859.93555,14238.91797,13823.95508,12008.28027,13338.10254,11543.6875,13056.06152,13715.84863
Q6P2C8,36361.98047,38620.01953,35237.6875,39616.17188,42022.57031,30372.86328,22156.91797,26013.03125,26791.73242,29962.42383,26883.13867,28261.52148
Q6P2E9,39548.91797,38786.05469,36870.64844,40921.10547,35627.71484,40184.14063,38881.92578,38671.67969,33341.34766,31992.10352,32397.02734,32978.25391
Q6P2H3,27328.73047,26882.29688,21969.44727,23487.20898,28628.85742,26125.09766,23826.43945,24539.88672,25919.8457,22975.0332,22369.9707,21009.35547
Q6P2Q9,79049.60938,77020.30469,78256.94531,80010.50781,79913.40625,82324.78125,82874.14063,83893.76563,17524.14258,17327.27734,14479.71973,22197.45703
Q6P3W7,23839.73438,27438.80469,30471.93555,24243.47656,28493.1543,26185.3418,28099.00391,27754.54492,18767.06641,20207.12695,16371.14258,22462.44922
Q6P3X3,16847.00586,18161.38477,15089.80273,15249.4541,16370.42773,17095.13477,15014.36621,13536.7207,50102.35547,46421.62891,50379.92969,37058.44141
Q6P4E1,11532.28906,5369.572754,9091.956055,3523.621094,3142.773926,4621.305664,2719.995605,6102.700195,204874.3125,218963.1563,217094.8594,207317.2344
Q6P4I2,14377.50391,13963.98926,12466.80078,11080.57324,9636.201172,9312.510742,12192.55664,9438.961914,9577.724609,16206.07031,11488.95215,25289.99219
Q6P4Q7,19762.35547,17071.95117,21570.875,24099.22852,18638.99219,16768.02539,18618.55859,22547.37305,20813.0332,16859.84961,17701.37109,19736.35156
Q6P4R8,21582.71289,22128.62891,22362.2207,22022.83203,20568.89648,21390.54102,20278.18164,21978.67578,20529.73438,16322.86719,18940.01563,18537.55273
Q6P6C2,29183.8457,25882.57422,26579.89258,26676.74414,22126.97852,24183.36133,24064.08594,20737.98047,12471.88867,12903.33789,12114.36523,14215.37891
Q6P996,39037.34375,40482.54688,38141.19531,40220.61719,37160.97656,39597.55078,37998.72656,39652.58594,35445.83203,37199.39063,35787.55078,37245.16797
Q6P9B9,52207.03516,49323.73828,54017.34375,52365.64844,46789.82422,45599.93359,47842.05078,41375.41016,59530.25391,59500.57422,60272.46484,52246.19141
Q6PCB5,19058.44922,17393.74805,19317.875,19330.02148,18671.26563,21444.07813,22492.55469,20879.24219,30602.16211,27631.03906,30359.19727,17538.09375
Q6PD62,40988.11328,41716.59375,41277.64844,41299.13281,40842.76563,43242.07813,42173.92578,42378.80469,62393.26172,64058.57031,64446.15234,65876.38281
Q6PGP7,19712.55664,20950.02344,19751.83594,19862.50781,19045.72852,18499.24805,16861.70898,15899.1582,5606.32959,5679.727051,4245.425781,6266.476074
Q6PH81,70994,71479.02344,77549.45313,72500.14063,63006.51172,77716.35938,62296.9375,65792.60156,50468.56641,54980.91016,55718.70703,47821.31641
Q6PID6,33207.83984,34090.02344,31596.76563,30014.55078,34524.46094,27340.375,29198.56836,24954.61914,2689.432129,29919.13477,4271.410156,2893.804443
Q6PIW4,42833.75,31463.22461,31799.61914,21714.32617,38679.54688,25271.79102,21478.31641,24191.26563,31143.17578,38112.41797,45460.25781,25459.30078
Q6PJ69,28192.4043,20666.37305,28276.85352,30275.63281,33862.13281,31211.58789,25200.79883,27636.51367,23076.81445,23489.98242,23012.81836,25378.77539
Q6PJG2,27179.94531,30373.69141,26154.4375,26869.21875,25473.75,25166.7793,26055.68555,22874.2168,5840.568359,5812.518066,5409.052246,10675.12598
Q6PJG6,32640.11914,30572.80078,31958.87891,31844.68555,35817.03516,29941.48633,28986.69531,26888.48047,16221.66699,16939.57617,16474.47461,21098.22461
Q6PJT7,47542.13281,47192.09766,46220.9375,46086.16016,47389.58984,48709.82813,46544.28906,48346.46484,24928.77344,22009.33398,23043.49219,19718.71484
Q6PK04,46987.94531,45269.58984,45443.6875,47409.11719,48200.92188,43336.36719,48840.35938,42812.74219,7159.766602,15339.5498,16322.87793,17453.80469
Q6PKG0,12978.69141,13974.37012,13351.41992,14744.31543,12856.2373,13909.50098,13391.82129,13635.16504,23473.23047,22426.9043,23417.32422,25400.44922
Q6PL18,18928.33789,18316.80469,18303.45313,19081.88281,21501.49805,20112.5625,20343.39453,19621.90039,8652.729492,7754.484375,9042.079102,12161.67969
Q6R327,16097.64746,16174.90137,16474.50586,16957.3418,15738.71289,14772.36035,14297.68066,14223.72949,18135.06836,19449.88672,20433.62891,21204.51758
Q6RFH5,25905.57227,24569.25586,25717.0918,22742.33008,23725.35547,20590.92383,20906.10156,21482.3418,5342.178223,4501.95459,7123.135742,3683.763672
Q6SJ93,17188.76563,16719.22461,15931.03418,16253.57617,13779.80469,16336.48828,15424.62695,16706.6875,84653.48438,83610.10156,89085.125,82797.375
Q6SPF0,34190.25391,32143.42773,28479.75977,29530.28711,32063.73047,24173.33203,31988.12695,25877.81836,29655.94922,29499.69336,29431.38867,30376.39844
Q6STE5,27850.08594,27799.32031,26068.51367,25697.76367,30095.05859,22334.87891,26677.37891,29785.66406,51697.64844,48825.73047,54695.65234,49631.33984
Q6T4R5,32189.99023,34380.03125,23565.43555,20519.41211,24512.81836,32545.26172,26512.29297,29550.40625,28431.32031,29886.67188,28630.34961,35842.12891
Q6UB98,13183.43066,16505.21484,12169.49316,13715.11328,11506.18457,16665.50195,18587.93359,18040.7832,127718.5313,132998.4688,133813.0938,129931.6016
Q6UN15,70046.875,61758.52344,65505.90625,63995.16797,75386.89063,65147.50391,66876.57813,69130.61719,29423.11328,29023.79688,28050.82813,30614.50391
Q6UUV7,33642.07422,31243.98242,33152.53125,30348.19531,36774.30469,34635.01563,34686.01563,34331.02734,26327.24805,24803.93945,24045.93555,24488.34375
Q6UVJ0,66140.13281,64753.15234,67875.125,58304.63672,79575.17188,59419.78125,59789.20703,59151.91016,37768.92969,36148.28906,34746.64844,35528.47656
Q6UWE0,26089.71289,22507.95117,22849.25391,24827.14258,23256.82227,24103.11523,23449.37695,20677.79688,12260.99121,8835.652344,12420.89941,10210.05664
Q6UX04,36371.32813,28990.43555,30498.30273,31699.43359,28581.74414,29918.03516,32711.30469,29707.5625,13951.04785,12241.58301,12206.17871,12751.83398
Q6UX53,14026.38965,27339.16016,46916.13672,54890.46484,19104.84375,34321.30078,37035.62109,33340.6875,17366.85547,25020.66797,16914.88281,17202.87109
Q6UXN9,51068.32031,50566.07031,51269.50391,53116.85938,49403.37109,53484.92969,58717.01953,55984.73047,10924.93652,9345.145508,7704.458984,12492.16895
Q6VN20,12399.64551,11415.17773,12594.12598,10769.74707,10308.18359,10538.19434,9860.104492,10489.91797,61785.48047,61945.66406,66023.08594,53821.75781
Q6VY07,42872.30078,35207.82031,34411.22656,40572.39453,34185.27344,36275.59766,33915.70313,31802.04102,57212.15234,61552.50781,63431.53516,62483.89844
Q6W2J9,22025.62305,19512.66406,22510.81836,22934.53711,21878.79688,21358.39453,20472.53711,24032.99414,11030.71094,9656.373047,13224.74316,15776.08105
Q6WCQ1,38377.66406,38931.43359,38272.97656,38485.45313,41416.88672,40582.90625,39927.56641,40332.26172,30336.08594,30207.22461,33475.33594,32027.67188
Q6WKZ4,43503.42188,7096.492676,43509.41406,22474.04688,36606.71484,25259.92969,5902.949707,13530.32227,22505.98438,24376.63867,25690.75781,28207.58984
Q6XQN6,23143.17188,22389.08008,22577.41602,21259.23633,21769.63086,21855.59961,20682.75391,18898.40039,20916.51367,19411.87109,21617.97266,19254.23438
Q6XZF7,33355.72266,48328.63281,41155.17969,39250.57422,36250.52734,26475.92383,36113.02734,23523.59961,25430.02539,24376.41797,25535.99805,28371.68555
Q6Y7W6,16273.70703,19939.99805,17682.5957,17856.79883,9930.030273,11429.18066,13269.46484,10812.87695,15132.26172,14140.96777,13691.20313,14118.00586
Q6YI46,65420.50391,353940.9688,46718.09375,298239,26786.59961,262477.6875,258547.0156,209775.0625,63198.57813,57312.62109,67566.04688,72265.35938
Q6YN16,4282.976563,2580.880371,8100.034668,5508.525391,4644.423828,4002.794189,6157.155273,4187.24707,25384.18945,24582.17969,24046.57617,24799.71484
Q6ZMI0,10706.20703,11025.26465,10046.18848,10055.30859,6122.277832,8512.109375,7687.686035,5488.250488,18736.58203,20846.67578,18918.61914,18020.74219
Q6ZN18,48289.36719,46308.125,50873.40234,53623.93359,50279.39453,47238.71875,43776.93359,47788.36719,27026.69922,24611.14648,23116.98828,24011.83008
Q6ZN55,10775.3125,10213.66309,10993.94141,8514.915039,11951.80957,10576.79492,13445.14453,11202.67676,40358.80078,40811.43359,40974.05469,47798.03516
Q6ZN57,25942.8125,24593.4668,40218.93359,36355.25391,46643.72656,44281.375,37604.22266,38060.59375,47767.53125,47618.67578,48049.60156,46177.83984
Q6ZRI6,10390.29688,13341.86914,9770.291992,10585.82715,4572.27832,14564.63281,11821.19531,7517.429199,79817.89063,78301.92188,78416.61719,86754.3125
Q6ZRQ5,86165.65625,86004.10156,105246.0781,89662.125,58972.78906,112689.2031,97853.29688,117103.2109,32934.50391,33339.17969,35349.23828,35629.16406
Q6ZRS2,25919.26367,24736.96875,26078.32617,26317.39063,24541.48242,24987.89258,26712.8125,28259.31055,29422.52734,25630.05664,24439.40625,20694.99805
Q6ZRV2,18932.29102,18563.35352,17041.46094,18433.80664,18218.53125,19210.29297,19638.9375,17845.99609,25304.27344,23143.87695,25823.27539,22664.54297
Q6ZS17,21005.24023,21162.98438,18456.5957,19156.38672,19891.23828,16782.16211,14395.89746,13118.31445,79753.82031,89599.71094,91445.26563,54415.51563
Q6ZSJ8,2299.638916,330.0429077,3209.757813,4244.463379,2875.54834,4228.362793,2439.863037,5583.796387,29351.94141,26977.375,28277.97852,28195.6582
Q6ZSR9,27510.79102,32633.55273,31896.36328,34551.75391,24278.02344,32320.36328,30785.2793,29809.84961,29968.83398,29646.25,29103.2168,30597.32422
Q6ZSZ5,10636.04004,11476.12793,11942.36719,10702.64258,9132.859375,8616.40625,10062.60254,8903.12793,77460.91406,80581.35938,80681.84375,86500.59375
Q6ZU65,31613.10547,22647.27148,22130.75586,18891.78906,28005.51367,18736.08398,24514.65625,28123.70898,13092.05371,10394.38379,10726.55957,9601.269531
Q6ZUT1,38748.40625,27001.08203,24297.43945,25375.38672,30581.56055,25760.22852,23379.35938,21401.19531,14736.77539,12254.44824,15525.69727,11177.87402
Q6ZVF9,23307.84961,21384.96289,22059.47656,18768.23438,19817.89844,18693.79688,19473.74219,17334.30664,22674.16992,21915.77344,24142.40234,22951.43164
Q6ZVX7,115623.4297,92822.03906,96449.45313,91045.23438,116286.8594,79470.88281,79953.60156,73469.04688,398423.1875,521026.5,744370.5,934470.125
Q6ZW31,37544.42188,46114.16016,41373.80078,41662.47656,27940.08398,36714.27734,31203.46289,44266.60547,40752.86719,39900.24219,40491.98047,31701.87305
Q6ZW49,28130.52344,28387.66406,28104.83789,28972.55664,29027.875,28588.86328,28165.72656,29080.43555,16324.73828,13596.87695,14286.10254,14926.27051
Q6ZW76,33256.9375,38566.03125,35654.54297,34413.51563,35614.31641,32285.00586,30225.73242,29176.39258,31775.76563,30719.91211,28358.35742,34472.03125
Q70CQ2,12610.15723,13338.10254,11543.6875,13056.06152,13715.84863,11955.64453,10982.88379,10742.37598,12675.97168,13198.16797,14776.20801,9721.322266
Q70E73,30665.46484,26791.73242,29962.42383,26883.13867,28261.52148,24795.94531,28027.54883,25446.16016,112694.6172,118664.75,135280.3125,160680.375
Q70J99,31308.11328,33341.34766,31992.10352,32397.02734,32978.25391,30893.93555,29787.19727,29757.63477,13557.38574,9413.605469,10688.73047,7952.129883
Q70UQ0,26682.30859,25919.8457,22975.0332,22369.9707,21009.35547,19489.5293,21281.31055,10143.05371,30230.69727,30498.07813,30023.98242,27507.73438
Q70Z53,19946.90039,17524.14258,17327.27734,14479.71973,22197.45703,18723.51953,16712.2832,15057.77148,27061.08203,26403.03711,24233.1875,24708.14648
Q71RC2,22793.61523,18767.06641,20207.12695,16371.14258,22462.44922,17394.05664,15876.45117,12595.04004,37976.36719,41919.31641,38203.08984,48424.375
Q71SY5,44345.11719,50102.35547,46421.62891,50379.92969,37058.44141,42836.1875,34418.28906,20229.50391,36028.98047,39405.82813,41808.10156,42808.76953
Q71U36,223557.3125,204874.3125,218963.1563,217094.8594,207317.2344,198577.5,203415.6094,202802.2188,46019.58984,47450.27734,46851.18359,49406.89063
Q71UM5,18809.35352,9577.724609,16206.07031,11488.95215,25289.99219,22299.51758,18420.79688,12238.7666,17531.96875,20825.57422,19656.0957,23526.33789
Q75N03,20768.71875,20813.0332,16859.84961,17701.37109,19736.35156,17169.13281,16711.33789,17392.76953,69756.90625,62670.72656,73868.13281,61953.33594
Q75QN2,20238.72852,20529.73438,16322.86719,18940.01563,18537.55273,19566.58594,17782.45898,21769.83594,22676.72656,33202.51563,32412.31836,25501.29688
Q76FK4,12770.27441,12471.88867,12903.33789,12114.36523,14215.37891,12093.97852,12559.68359,9999.835938,29287.51953,28100.11914,29246.26758,22730.45508
Q7KZ85,35307.57422,35445.83203,37199.39063,35787.55078,37245.16797,36814.09766,36233.39844,36781.14063,46064.13281,43406.55469,46095.30469,42184.46875
Q7KZF4,60469.80078,59530.25391,59500.57422,60272.46484,52246.19141,54568.94922,52889.71484,50676.78906,9442.915039,8840.506836,14630.49707,13423.39941
Q7KZI7,32675.75586,30602.16211,27631.03906,30359.19727,17538.09375,24736.27734,25613.46484,23614.05859,35181.19531,38363.33594,38676.14453,39159.07813
Q7L014,64151.51563,62393.26172,64058.57031,64446.15234,65876.38281,63913.79688,67251.47656,65292.84766,40793.80469,39102.15234,42179.39453,41282.43359
Q7L0Y3,6795.314453,5606.32959,5679.727051,4245.425781,6266.476074,4261.591797,7471.955078,3227.115479,22464.80078,22469.66406,19528.84375,21146.32031
Q7L1Q6,51263.76953,50468.56641,54980.91016,55718.70703,47821.31641,48549.55469,50765.92188,50502.09375,913631.3125,863351.9375,42386.89844,717476.0625
Q7L273,2668.597168,2689.432129,29919.13477,4271.410156,2893.804443,8332.582031,35125.05469,5619.245605,17310.52148,16525.13477,16792.2207,18743.45117
Q7L2H7,29408.86719,31143.17578,38112.41797,45460.25781,25459.30078,37154.12109,36922.78516,39690.42188,42486.88672,42338.28125,42447.0625,43006.28125
Q7L2J0,26211.86914,23076.81445,23489.98242,23012.81836,25378.77539,22127.29883,20454.35156,19406.64844,23628.59961,23393.14063,19979.91602,22071.93945
Q7L2R6,5134.787109,5840.568359,5812.518066,5409.052246,10675.12598,3549.919434,3273.498047,7316.54541,26110.63281,20203.41992,30448.04297,22317.03516
Q7L4I2,21635.38086,16221.66699,16939.57617,16474.47461,21098.22461,13348.99414,14846.41113,13653.99512,32247.42188,33456.53906,33406.53125,19710.47461
Q7L576,22143.03125,24928.77344,22009.33398,23043.49219,19718.71484,23300.5,21902.24414,21622.29883,23230.47852,22598.16016,22473.50195,18619.51367
Q7L590,16539.86914,7159.766602,15339.5498,16322.87793,17453.80469,21655.60938,15683.08594,11784.09082,72844.88281,82039.98438,85342.23438,84469.25
Q7L5N1,25950.79297,23473.23047,22426.9043,23417.32422,25400.44922,21193.9375,21329.31836,22149.1543,72594.86719,73279.07031,72363.99219,78351.875
Q7L5Y9,10806.62695,8652.729492,7754.484375,9042.079102,12161.67969,8835.166016,11744.22852,6565.913574,19524.54102,19782.61133,18770.93164,21049.50781
Q7L775,23820.24023,18135.06836,19449.88672,20433.62891,21204.51758,19052.88672,18242.4707,14889.32422,24532.35156,23756.73633,23952.44336,25660.07813
Q7L7X3,4114.852051,5342.178223,4501.95459,7123.135742,3683.763672,1717.409058,2621.825439,1592.685425,27286.00391,26327.69336,26401.90234,25130.51367
Q7L9L4,92175.47656,84653.48438,83610.10156,89085.125,82797.375,77607.29688,88403.72656,87392.17188,34369.85938,34204.34375,34395.46875,35554.59375
Q7LBC6,30551.19727,29655.94922,29499.69336,29431.38867,30376.39844,30210.18945,29028.93945,28992.83984,42492.52344,48440.41797,56061.48828,47600.32422
Q7LBR1,50961.71875,51697.64844,48825.73047,54695.65234,49631.33984,47485.11328,39659.08203,46891.34766,31406.83594,29266.67188,27048.15234,28147.65625
Q7RTP6,33852.96484,28431.32031,29886.67188,28630.34961,35842.12891,29654.04297,25831.44531,20978.44727,64849.74219,66121.76563,65968.45313,73465.45313
Q7RTV0,132374.8125,127718.5313,132998.4688,133813.0938,129931.6016,116843.3906,121764.1094,124409.7891,13189.19434,11845.19531,10758.49316,14416.04297
Q7Z2E3,27069.17188,29423.11328,29023.79688,28050.82813,30614.50391,30256.84766,30222.25391,29772.38477,42932.76563,41651.55469,42020.53906,39788.34375
Q7Z2T5,25930.09961,26327.24805,24803.93945,24045.93555,24488.34375,25248.5918,24364.50586,24205.04492,16722.75781,13179.78125,9007.214844,9637.485352
Q7Z2W4,35857.28516,37768.92969,36148.28906,34746.64844,35528.47656,35805.76172,35471.01563,36766.56641,26510.24609,23966.96875,26481.96289,24582.92969
Q7Z2Z2,8733.052734,12260.99121,8835.652344,12420.89941,10210.05664,8078.061035,7229.717773,9237.745117,26209.31641,27053.48242,29735.04297,36647.44922
Q7Z333,12968.91211,13951.04785,12241.58301,12206.17871,12751.83398,14733.74609,13923.50293,12199.83789,30240.60742,32252.28906,32188.94531,32353.87891
Q7Z340,28172.78711,17366.85547,25020.66797,16914.88281,17202.87109,16128.33398,17618.60156,20676.47852,30635.37109,31031.65039,28729.57617,30199.69336
Q7Z392,13756.74512,10924.93652,9345.145508,7704.458984,12492.16895,8876.838867,8182.5625,8686.208008,31329.73047,32381.55859,35496.44531,33400.54688
Q7Z3B3,47521.74219,61785.48047,61945.66406,66023.08594,53821.75781,56814.625,44780.82031,55945.38672,17294.95703,17392.87109,20222.20508,18371.53711
Q7Z3B4,62284.86328,57212.15234,61552.50781,63431.53516,62483.89844,54755.82813,57944.35156,61697.23047,31263.68164,33171.67188,32170.22266,34891.46094
Q7Z3E5,8068.144531,11030.71094,9656.373047,13224.74316,15776.08105,13371.12598,14652.09375,15569.42871,18545.98047,19689.00586,17080.75391,18398.82227
Q7Z3K3,30281.24414,30336.08594,30207.22461,33475.33594,32027.67188,32640,33513.75391,33423.01172,19443.86914,15862.43555,17037.56445,19952.79883
Q7Z3T8,25052.52148,22505.98438,24376.63867,25690.75781,28207.58984,26669.70898,24992.28711,27618.66797,13311.03027,12382.58105,14863.15039,10821.4502
Q7Z3U7,18586.49023,20916.51367,19411.87109,21617.97266,19254.23438,21716.8418,18091.70117,19794.47656,51423.74609,21848.04297,18888.21094,20432.78906
Q7Z406,25034.30469,25430.02539,24376.41797,25535.99805,28371.68555,27918.12305,27189.02539,26922.44727,104515.4063,110922.0938,106983.8594,102600.9844
Q7Z417,15142.09473,15132.26172,14140.96777,13691.20313,14118.00586,13114.88965,9173.597656,11546.45508,31857.66406,27547.73828,28374.81836,25424.99805
Q7Z422,70133.97656,63198.57813,57312.62109,67566.04688,72265.35938,67028.27344,69927.79688,67379.3125,30124.39648,29475.57422,30843.03906,26354.23633
Q7Z460,26449.94141,25384.18945,24582.17969,24046.57617,24799.71484,25800.73828,24821.44336,21347.86328,15286.2334,15898.18945,15868.68164,15579.4248
Q7Z478,20378.4707,18736.58203,20846.67578,18918.61914,18020.74219,17542.12109,17810.65234,18593.4082,21468.51367,8245.462891,13338.86426,5896.763672
Q7Z4H7,29566.44531,27026.69922,24611.14648,23116.98828,24011.83008,23230.48633,22696.21289,22302.47461,24661.69727,25214.19727,25176.56836,25162.44336
Q7Z4Q2,42369.67188,40358.80078,40811.43359,40974.05469,47798.03516,43717.14063,45264.02734,44681.28125,21355.13867,22611.5293,27339.0957,24167.42383
Q7Z4S6,47359.35938,47767.53125,47618.67578,48049.60156,46177.83984,45452.58594,44695,46159.78516,17547.35742,14869.26563,15618.7041,23242.66406
Q7Z4V5,83366.59375,79817.89063,78301.92188,78416.61719,86754.3125,72723.78125,77725.34375,73969.11719,6852.651855,6533.993164,8238.728516,10008.58008
Q7Z4W1,33650.60156,32934.50391,33339.17969,35349.23828,35629.16406,32797.69531,27883.30664,24862.16406,55737.85938,54851.4375,59187.49219,55022.90625
Q7Z569,25120.42773,29422.52734,25630.05664,24439.40625,20694.99805,27230.02148,28297.85156,21151.30469,22735.54492,23096.08594,20269.36719,19243.14844
Q7Z589,27586.8125,25304.27344,23143.87695,25823.27539,22664.54297,27830.23242,25288.05664,21847.35547,45257.06641,46213.69922,47963.76953,48323.3125
Q7Z5H4,86917.1875,79753.82031,89599.71094,91445.26563,54415.51563,57213.66406,61153.72266,64689.66797,35107.0625,34388.57813,34503.04688,32845.46484
Q7Z5J4,27986.32617,29351.94141,26977.375,28277.97852,28195.6582,29216.70313,27999.17578,25793.01172,14145.95898,5270.655273,18963.96094,20397.53125
Q7Z5K2,30654.56445,29968.83398,29646.25,29103.2168,30597.32422,29022.66211,29052.46875,29295.17578,51246.55469,30860.87305,35460.07813,57073.56641
Q7Z5L9,79548.89063,77460.91406,80581.35938,80681.84375,86500.59375,79853.11719,80937.60156,84527.75,32643.98828,33672.32813,31012.14063,38922.04297
Q7Z6B0,12797.14355,13092.05371,10394.38379,10726.55957,9601.269531,10683.85059,11291.15723,11865.93359,22528.04297,18751.57617,21174.72461,18048.53906
Q7Z6B7,13923.32617,14736.77539,12254.44824,15525.69727,11177.87402,10807.42871,10208.41406,9304.77832,12824.96387,11808.57617,16533.58398,18709.13672
Q7Z6E9,21769.8418,22674.16992,21915.77344,24142.40234,22951.43164,23850.70313,23543.64648,23330.86719,13904.61719,11628.27637,7902.885742,8722.067383
Q7Z6G8,665973.25,398423.1875,521026.5,744370.5,934470.125,126371.8125,116785.5078,180696.7656,17074.75977,16855.125,22872.66016,16849.06836
Q7Z6I8,42416.81641,40752.86719,39900.24219,40491.98047,31701.87305,35009.05078,44403.19141,43049.77344,35945.37109,33382.00391,32860.60938,34900.91016
Q7Z6J9,16519.58203,16324.73828,13596.87695,14286.10254,14926.27051,13806.35254,11435.60156,9203.958008,29621.44922,29654.95703,30324.97656,33255.15234
Q7Z6K5,31443.94727,31775.76563,30719.91211,28358.35742,34472.03125,26705.63086,25725.0332,23806.78711,175754.8438,83058.01563,239817.2656,107844.3438
Q7Z6M1,18970.33594,12675.97168,13198.16797,14776.20801,9721.322266,7343.39209,11444.11914,7195.151367,23913.73047,15214.99512,22849.66406,21005.64453
Q7Z6R9,124262.2031,112694.6172,118664.75,135280.3125,160680.375,155008.7188,164275.3594,170912,293157.25,342520.3438,346987.0938,417642.4375
Q7Z6V5,7010.658203,13557.38574,9413.605469,10688.73047,7952.129883,8774.667969,9231.993164,7132.164551,33528.33203,27893.41211,33096.49609,36339.10156
Q7Z6Z7,30438.12891,30230.69727,30498.07813,30023.98242,27507.73438,27311.39258,26440.55664,27089.91211,32638.83008,32170.02148,29830.04688,41761.75781
Q7Z739,26118.01172,27061.08203,26403.03711,24233.1875,24708.14648,22067.24805,21299.62695,19038.87891,31641.29102,30768.05664,33584.59766,27933.78125
Q7Z7C8,49123.17188,37976.36719,41919.31641,38203.08984,48424.375,35428.57813,35434.86328,36406.05469,23344.21484,19690.66797,29682.91016,23949.76172
Q7Z7F0,42474.6875,36028.98047,39405.82813,41808.10156,42808.76953,37943.76953,37558.60547,38371.91797,9830.0625,6272.675293,4257.393066,8560.874023
Q7Z7K6,48840.41406,46019.58984,47450.27734,46851.18359,49406.89063,43465.47266,45217.19141,47397.52344,33525.92578,34075.48047,36642.12109,26908.3457
Q86SQ0,21695.99219,17531.96875,20825.57422,19656.0957,23526.33789,19852.32422,21201.25391,19849.71094,45148.80469,42859.82813,35714.02734,33563.00391
Q86T24,63044.96094,69756.90625,62670.72656,73868.13281,61953.33594,68865.375,66333.8125,77768.9375,32969.67188,31444.19141,32442.12305,29027.58203
Q86TB9,22678.59961,22676.72656,33202.51563,32412.31836,25501.29688,29389.06836,15304.67285,22814.20703,28847.92383,25347.77734,28046.34375,26156.01367
Q86TG7,35436.03906,29287.51953,28100.11914,29246.26758,22730.45508,27537.08594,25807.53906,28325.96289,42602.95703,41967.38281,44958.88281,52459.21094
Q86TI2,44642.61719,46064.13281,43406.55469,46095.30469,42184.46875,43953.04297,45075.72266,46669.80469,43952.74219,44933.48047,42502.39453,50386.66406
Q86U06,10841.1709,9442.915039,8840.506836,14630.49707,13423.39941,10667.58691,9142.019531,7646.969238,26595.88477,27583.58984,26237.91602,26163.50195
Q86U38,41463.73047,35181.19531,38363.33594,38676.14453,39159.07813,35294.52344,35407.375,36503.19141,23664.52148,25034.3418,24119.45508,24001.50781
Q86U42,38228.73047,40793.80469,39102.15234,42179.39453,41282.43359,39246.03516,39530.39063,39354.0625,15531.77344,14908.75879,16138.35742,12408.01465
Q86U44,20746.34961,22464.80078,22469.66406,19528.84375,21146.32031,22481.55273,21079.53125,22871.83984,19722.84766,19738.43164,23720.24219,25172.02148
Q86U70,53532.54297,913631.3125,863351.9375,42386.89844,717476.0625,133596.1563,876241.875,45405.60547,397299.2813,21130.47852,364622.8438,17020.89648
Q86U86,15913.71875,17310.52148,16525.13477,16792.2207,18743.45117,16637.05273,17168.45508,16918.48047,16781.00586,18481.5957,16918.04297,17882.52734
Q86UA1,49799.62109,42486.88672,42338.28125,42447.0625,43006.28125,22536.00195,28092.88281,29039.25977,27098.95117,25753.64453,25836.09961,26301.00391
Q86UE4,23128.3457,23628.59961,23393.14063,19979.91602,22071.93945,16889.79102,16676.375,16708.72266,19665.46094,17959.6582,24020.0918,14312.37109
Q86UE8,24534.46875,26110.63281,20203.41992,30448.04297,22317.03516,23150.01953,30221.8457,25386.05859,30363.52148,29209.30273,28196.10156,27834.79492
Q86UK7,35273.25391,32247.42188,33456.53906,33406.53125,19710.47461,29570.63281,29258.46289,28723.94922,11308.48145,10889.28906,13477.40332,11130.48242
Q86UP2,22076.64648,23230.47852,22598.16016,22473.50195,18619.51367,20327.11523,18730.35742,20083.48828,35299.74609,34144.5625,27938.24414,31184.54102
Q86UT8,68434.07813,72844.88281,82039.98438,85342.23438,84469.25,78498.44531,70297.25,88051.50781,15922.83496,17456.09766,20790.82422,19996.42969
Q86UU0,72535.96094,72594.86719,73279.07031,72363.99219,78351.875,80036.78125,76840.08594,75170.07813,13211.63086,10785.54102,11063.78027,12921.5332
Q86UU1,20254.54492,19524.54102,19782.61133,18770.93164,21049.50781,20937.13281,20409.51563,20840.01953,43544.64453,42887.13672,42909.24219,44184.71094
Q86UV5,24718.63086,24532.35156,23756.73633,23952.44336,25660.07813,26373.83008,25946.87695,25440.86523,23126.99805,25001.68945,23235.0332,22367.59961
Q86V21,26236.21289,27286.00391,26327.69336,26401.90234,25130.51367,22724.58789,20176.37109,23396.26563,32324.76172,31209.64258,32728.4043,39589.39063
Q86V48,34496.64063,34369.85938,34204.34375,34395.46875,35554.59375,33349.57422,32396.73438,32972.77344,23648.15039,23711.93164,23436.85938,24110.79492
Q86V81,50952.23047,42492.52344,48440.41797,56061.48828,47600.32422,41903.72656,43411.49609,50481.63672,21736.0957,26535.60742,26296.33203,28925.84766
Q86VI3,26621.6543,31406.83594,29266.67188,27048.15234,28147.65625,30540.63281,30247.74414,35589.75391,60792.89844,47651.10156,50847.79297,26297.9082
Q86VM9,68107.88281,64849.74219,66121.76563,65968.45313,73465.45313,68125.27344,66956.35938,67276.69531,59551.91797,60926.625,61622.21875,63923.09375
Q86VN1,15001.37109,13189.19434,11845.19531,10758.49316,14416.04297,10127.08984,8006.84082,8232.746094,27582.00781,26207.67578,26212.79492,23828.41016
Q86VP6,42799.53516,42932.76563,41651.55469,42020.53906,39788.34375,41873.28906,41268.04297,41063.9375,5425.460449,5853.625,4568.56543,4726.785645
Q86VS8,14969.54395,16722.75781,13179.78125,9007.214844,9637.485352,14696.62695,12123.49023,7499.15918,36478.08594,36735.44531,40797.64453,38986.01563
Q86W42,26273.2168,26510.24609,23966.96875,26481.96289,24582.92969,27907.49609,24426.04297,25011.74414,27832.37695,26881.60547,26866.21875,29342.02148
Q86W50,34491.38281,26209.31641,27053.48242,29735.04297,36647.44922,34389.35156,15064.03125,7596.506348,2776.216309,414.4688721,400.1094666,808.4384155
Q86W56,34904.35156,30240.60742,32252.28906,32188.94531,32353.87891,29542.91211,30270.91602,29452.36328,25544.61328,25041.58984,23722.43359,29084
Q86W92,29154.27344,30635.37109,31031.65039,28729.57617,30199.69336,28026.9707,28572.0918,27979.2168,23002.2168,21488.74219,21294.76563,29733.50781
Q86WB0,38278.07031,31329.73047,32381.55859,35496.44531,33400.54688,30042.11719,28792.82422,32943.86719,181012.3906,228012.8438,221802.9375,236939.5469
Q86WJ1,18103.2168,17294.95703,17392.87109,20222.20508,18371.53711,15965.64063,15611.66699,17787.07031,24822.44531,23155.21875,24544.50586,28760.93555
Q86WQ0,34796.36328,31263.68164,33171.67188,32170.22266,34891.46094,27576.78125,27286.04492,25028.19727,15109.95898,12104.10645,31708.13281,41952.37891
Q86WR0,20917.45508,18545.98047,19689.00586,17080.75391,18398.82227,17045.30469,15093.45898,17480.44531,27635.12695,28370.23047,28759.31641,27034.79688
Q86WX3,20433.24609,19443.86914,15862.43555,17037.56445,19952.79883,14387.80469,14838.1377,12713.46484,28510.5,26981.64844,27024.51367,30448.60742
Q86X02,12354.72852,13311.03027,12382.58105,14863.15039,10821.4502,14741.73242,14136.69434,13090.8916,29635.64648,29992.67188,29319.88867,34779.4375
Q86X29,19777.41211,51423.74609,21848.04297,18888.21094,20432.78906,61579.3125,16795.31055,13883.49707,70328.76563,74540.95313,73989.32813,67513.78906
Q86X53,106115.0938,104515.4063,110922.0938,106983.8594,102600.9844,102125.9531,98242.84375,109550.9766,97911.22656,100914.2656,101293.5781,99177.42188
Q86X55,26182.01172,31857.66406,27547.73828,28374.81836,25424.99805,27126.43555,24714.68945,22908.11523,19862.05859,16167.10742,15657.29102,24163.51563
Q86X76,27301.0293,30124.39648,29475.57422,30843.03906,26354.23633,27686.99609,26164.55078,27419.59375,54548.46094,55864.76172,55486.95703,56870.01563
Q86X95,14228.59473,15286.2334,15898.18945,15868.68164,15579.4248,15671.15332,15271.70313,14985.92871,15043.39746,15823.95117,13678.55859,17303.73242
Q86XA9,7615.407227,21468.51367,8245.462891,13338.86426,5896.763672,11275.67383,9811.139648,6958.543945,24682.81445,26521.98242,25257.77344,29994.01563
Q86XI2,25585.06055,24661.69727,25214.19727,25176.56836,25162.44336,26794.51758,26874.3418,25589.07031,19961.35938,17982.88281,20624.54492,18574.93555
Q86XK2,22547.88477,21355.13867,22611.5293,27339.0957,24167.42383,24779.99609,19909.16992,19787.19922,5938.70166,2183611.75,7884.354004,2324092.25
Q86XK3,20733.36914,17547.35742,14869.26563,15618.7041,23242.66406,18656.92578,19744.54102,16024.58887,42110.125,39530.60156,36572.21875,35812.95313
Q86XL3,10408.88281,6852.651855,6533.993164,8238.728516,10008.58008,10864.07715,10482.7168,8507.851563,16852.55664,14991.73145,15906.38086,13744.58984
Q86XP3,54306.37891,55737.85938,54851.4375,59187.49219,55022.90625,56960.64453,56337.35156,56063.9375,8937.496094,5705.321777,3739.065674,11907.48438
Q86XZ4,20975.79883,22735.54492,23096.08594,20269.36719,19243.14844,21199.58398,17172.02734,18182.32813,13237.94043,12340.5,10004.9541,16104.05664
Q86Y37,50206.09375,45257.06641,46213.69922,47963.76953,48323.3125,49073.26953,46719.27344,50011.55469,19844.39844,19445.51563,20592.03516,17111.96289
Q86Y56,31906.63867,35107.0625,34388.57813,34503.04688,32845.46484,32665.19531,33794.25781,31483.80859,44418.67969,44307.88281,43893.91406,50045.5625
Q86Y79,15605.71289,14145.95898,5270.655273,18963.96094,20397.53125,8091.572266,5636.900879,14109.07227,18597.08203,18031.35352,21261.36719,17569.63281
Q86Y91,37933.07422,51246.55469,30860.87305,35460.07813,57073.56641,35410.125,30506.31445,29581.82813,19259.41602,16287.33691,17692.91406,16193.84766
Q86YP4,35708.86719,32643.98828,33672.32813,31012.14063,38922.04297,31659.66016,30582.7793,30019.33984,50149.23438,46447.31641,52447.75,47745.17578
Q86YQ8,25366.33203,22528.04297,18751.57617,21174.72461,18048.53906,19091.99023,19236.41016,17014.7168,13747.4541,13000.82227,2944.980469,9716.766602
Q86YR5,10135.77734,12824.96387,11808.57617,16533.58398,18709.13672,15343.55273,11270.91797,13688.26367,9522.384766,7357.379883,12315.68457,4837.575195
Q86YT6,13288.30566,13904.61719,11628.27637,7902.885742,8722.067383,6918.825195,8631.994141,5265.907715,8483.43457,8624.055664,8917.25,14823.29004
Q86YV9,19699.46484,17074.75977,16855.125,22872.66016,16849.06836,16326.84082,13050.43945,14037.41211,37589.72656,40510.0625,33990.58594,80689.46094
Q8IU81,31857.71094,35945.37109,33382.00391,32860.60938,34900.91016,34055.94922,33458.44141,32770.66797,47585.34375,45448.40234,48354.41406,45594.91797
Q8IUD2,30821.97266,29621.44922,29654.95703,30324.97656,33255.15234,30833.09766,30346.44141,29620.23242,6495.672852,6155.420898,10473.24414,12040.30859
Q8IUE6,88628.07031,175754.8438,83058.01563,239817.2656,107844.3438,93728.21094,92344.74219,177738.0156,35399.27344,34557.09375,33280.52734,47288.30469
Q8IUF8,17962.18164,23913.73047,15214.99512,22849.66406,21005.64453,20205.18359,19787.48047,23772.01953,25274.125,27968.41992,28394.18164,20851.82813
Q8IUG5,332922.6875,293157.25,342520.3438,346987.0938,417642.4375,378856.6875,377915.0938,372323.7188,273780.8438,295736.625,320395.375,342957.0313
Q8IUH3,30239.89648,33528.33203,27893.41211,33096.49609,36339.10156,28191.44727,33239.96094,30836.95117,18550.08203,18340.49414,27026.69922,22768.79102
Q8IUI8,22651.37109,32638.83008,32170.02148,29830.04688,41761.75781,13761.61133,22539.16602,12746.40723,73463.625,72225.75,72977.36719,69382.24219
Q8IUR0,31847.33984,31641.29102,30768.05664,33584.59766,27933.78125,29296.88086,28717.6543,29696.11133,29240.09961,33676.76953,33268.58594,31040.84375
Q8IV32,26830.20313,23344.21484,19690.66797,29682.91016,23949.76172,16625.62891,22274.09375,19187.97461,12356.42285,9445.399414,13375.81738,13250.22461
Q8IV38,9326.744141,9830.0625,6272.675293,4257.393066,8560.874023,4589.202637,3090.620605,4771.987305,53102.21484,53555.67578,55174.85938,53487.45703
Q8IV48,35056.97656,33525.92578,34075.48047,36642.12109,26908.3457,29460.50781,29803.8125,30389.63281,19959.02539,19663.41211,20668.06641,22600.64844
Q8IVD9,44838.89453,45148.80469,42859.82813,35714.02734,33563.00391,30212.36523,32910.17969,24703.46875,30978.2832,32059.78125,29313.72461,29832.2168
Q8IVF2,29062.71289,32969.67188,31444.19141,32442.12305,29027.58203,28510.61328,26258.10547,26186.22266,20152.4668,19957.9375,20995.17773,16590.13281
Q8IVH8,31136.16602,28847.92383,25347.77734,28046.34375,26156.01367,25715.00781,26507.0918,25513.01563,27740.64258,26556.73047,25471.41211,29076.36914
Q8IVM0,45606.74219,42602.95703,41967.38281,44958.88281,52459.21094,37351.22266,34669.16406,34721.87891,24014.11719,22310.78906,20787.875,25132.39844
Q8IVT2,44120.01563,43952.74219,44933.48047,42502.39453,50386.66406,49457.91406,48031.27344,49351.37891,20409.08203,18268.87891,21645.7832,32810.62891
Q8IW35,28361.23633,26595.88477,27583.58984,26237.91602,26163.50195,26360.17773,28468.5,26099.66602,19553.11523,20092.40625,19878.0625,22532.5332
Q8IWA0,23283.80078,23664.52148,25034.3418,24119.45508,24001.50781,24567.91406,25448.62891,24190.16406,45607.39063,44734.10156,54924.46094,54725.58594
Q8IWB7,18452.0293,15531.77344,14908.75879,16138.35742,12408.01465,13208.16406,14063.59668,12942.7207,79991.75,68703.10938,68960.9375,78570.07031
Q8IWC1,20977.04688,19722.84766,19738.43164,23720.24219,25172.02148,21795.23633,20976.04883,17575.50391,27564.23047,25254.28516,27792.49805,25485.68164
Q8IWD4,23815.91602,397299.2813,21130.47852,364622.8438,17020.89648,27484.66211,28680.36133,27778.22656,27935.1582,24678.08789,25786.39258,25047.93164
Q8IWE2,20921.51563,16781.00586,18481.5957,16918.04297,17882.52734,13639.1582,13256.18262,12794.43262,14166.90137,12482.75391,13719.86133,14365.42773
Q8IWJ2,27917.42188,27098.95117,25753.64453,25836.09961,26301.00391,25958.2207,25265.8457,25585.85938,50406.74609,49497.39063,49879.97266,47042.69922
Q8IWR0,17237.33984,19665.46094,17959.6582,24020.0918,14312.37109,20085.34375,17491.18555,21764.8457,33214.05469,34138.82422,35055.12109,33227.10938
Q8IWS0,28204.76172,30363.52148,29209.30273,28196.10156,27834.79492,31737.08203,33260.78516,31974.84961,33205.76172,30050.93945,35008.46094,38984.15625
Q8IWT6,12921.02246,11308.48145,10889.28906,13477.40332,11130.48242,9344.269531,11111.86914,10021.61816,28796.24609,27602.68164,28792.30664,28758.41992
Q8IWU2,35501.02344,35299.74609,34144.5625,27938.24414,31184.54102,27881.50586,26655.81641,34456.64844,23840.86328,21201.98242,17040.57813,20232.30859
Q8IWV7,19687.89648,15922.83496,17456.09766,20790.82422,19996.42969,16037.66699,15666.29102,15894.13086,17477.47266,15941.70996,11702.2793,10006.99805
Q8IWV8,17191.125,13211.63086,10785.54102,11063.78027,12921.5332,16940.42773,15031.94922,13763.14355,34595.31641,34188.34766,29125.82813,19698.19336
Q8IWX8,39122.3125,43544.64453,42887.13672,42909.24219,44184.71094,47745.82031,47072.8125,46229.75,24241.86133,25460.10742,24180.18359,26619.17188
Q8IWZ3,25158.29688,23126.99805,25001.68945,23235.0332,22367.59961,22365.07422,23485.29688,21179.02539,39897.58594,29579.05664,44139.37109,53361.26953
Q8IWZ8,40087.42969,32324.76172,31209.64258,32728.4043,39589.39063,33765.58594,32480.77734,33251.25781,10529.33105,8095.192871,7000.810547,7952.696289
Q8IX01,23276.14453,23648.15039,23711.93164,23436.85938,24110.79492,25399.22461,22757.71094,23176.81836,25852.62305,27907.61523,27139.0957,27447.49609
Q8IX03,14706.08008,21736.0957,26535.60742,26296.33203,28925.84766,34692.5625,22548.59961,31915.35742,24436.29883,25157.06836,24950.51563,25996.76172
Q8IX04,46311.74609,60792.89844,47651.10156,50847.79297,26297.9082,41652.55078,48031.56641,39350.49219,22614.07422,19980.03711,22145.11914,19541.83398
Q8IX12,64458.49219,59551.91797,60926.625,61622.21875,63923.09375,58610.23438,58919.67969,60620.35547,36218.74219,39423.02344,38469.42578,41655.79688
Q8IX18,28529.32813,27582.00781,26207.67578,26212.79492,23828.41016,27508.51953,23662.67383,24886.22266,18510.86719,20016.44922,17405.82617,26151.54688
Q8IX90,6033.838867,5425.460449,5853.625,4568.56543,4726.785645,3300.894287,5091.174316,3625.634766,24679.24414,25944.54883,27938.16797,34745.49609
Q8IXH7,37493.17969,36478.08594,36735.44531,40797.64453,38986.01563,38353.76953,38441.82031,38124.66016,44751.94922,44748.69531,48267.32031,43234.28516
Q8IXK0,28731.23438,27832.37695,26881.60547,26866.21875,29342.02148,28717.82227,30250.15625,30885.31836,9987.439453,19994.35938,10277.68262,20887.76563
Q8IXM2,1913.067993,2776.216309,414.4688721,400.1094666,808.4384155,8601.462891,3701.977539,5443.588867,9158.584961,14349.71582,11054.24121,12064.28711
Q8IXQ4,25237.66992,25544.61328,25041.58984,23722.43359,29084,22200.14063,22614.82617,23425.51563,113112.3516,111509.3359,111390.2109,111323.2578
Q8IXQ5,22713.69922,23002.2168,21488.74219,21294.76563,29733.50781,17591.17578,18014.38867,15335.30566,28257.26172,28090.66211,26314.34961,24502.72461
Q8IXQ6,197415.2656,181012.3906,228012.8438,221802.9375,236939.5469,173444.7656,167144.0938,185885.6406,5962.345215,5158.362793,6437.329102,2594.481201
Q8IXT5,26707.12305,24822.44531,23155.21875,24544.50586,28760.93555,23943.61914,22705.82617,21906.11328,41725.54297,41297.71094,39882.23438,43011.44922
Q8IXW5,17770.57031,15109.95898,12104.10645,31708.13281,41952.37891,9061.679688,21636.17383,16486.73633,15210.12305,15057.11816,16621.67188,13220.4248
Q8IY18,26406.4082,27635.12695,28370.23047,28759.31641,27034.79688,29841.18945,29848.55469,29969.31445,20067.88281,24292.98047,20827.41211,17521.19922
Q8IY37,26994.37891,28510.5,26981.64844,27024.51367,30448.60742,26972.85938,25850.61719,23716.80859,28317.55469,30061.76758,29262.98242,27978.91406
Q8IY57,31566.25195,29635.64648,29992.67188,29319.88867,34779.4375,29945.47656,32165.8418,31368.68359,16932.77734,12676.13184,13839.62305,18015.93555
Q8IY67,71937.23438,70328.76563,74540.95313,73989.32813,67513.78906,70271.50781,69680.08594,71680.82813,47170.1875,50952.44531,47831.86328,52542.85156
Q8IY81,98568.10156,97911.22656,100914.2656,101293.5781,99177.42188,105331.0313,106121.9766,108688.7031,5675.289063,6198.966797,4196.056152,3200.633789
Q8IYA6,21830.04688,19862.05859,16167.10742,15657.29102,24163.51563,9396.660156,8298.804688,6368.523926,36045.91797,36230.69531,35962.94141,38305.91406
Q8IYB3,52218.49609,54548.46094,55864.76172,55486.95703,56870.01563,54307.03906,52909.83594,51813.86328,20662.36328,20880.63086,20238.15039,18527.33594
Q8IYB5,20599.48633,15043.39746,15823.95117,13678.55859,17303.73242,15040.9502,14153.01465,13456.8252,18701.26563,18738.53906,23405.41992,31121.55469
Q8IYI6,29449.03125,24682.81445,26521.98242,25257.77344,29994.01563,19503.07422,19390.02344,17998.80664,47633.35156,52637.89844,49855.54297,52173.92969
Q8IYL3,16720.34375,19961.35938,17982.88281,20624.54492,18574.93555,18607.06445,20792.37109,20917.23047,22598.02344,20128.11328,26121.48047,49152.82031
Q8IYM0,2130830.5,5938.70166,2183611.75,7884.354004,2324092.25,2462779.5,2611273,2634553.25,48997.23047,18705.62109,48940.64453,14998.27832
Q8IYS1,38356.67969,42110.125,39530.60156,36572.21875,35812.95313,38061.85156,40300.62891,40805.23438,35610.80078,35964.29297,33918.88672,34840.23828
Q8IYW5,17065.96289,16852.55664,14991.73145,15906.38086,13744.58984,13806.96387,15903.06934,18317.19141,15881.00879,18464.1543,16152.20117,15517.4707
Q8IZ07,9779.003906,8937.496094,5705.321777,3739.065674,11907.48438,9393.698242,8980.530273,9074.164063,80785.00781,79398.89844,97269.53125,100081.2031
Q8IZ21,15056.76953,13237.94043,12340.5,10004.9541,16104.05664,14424.58398,12408.30957,10453.80371,13735.36523,14081.47754,13019.87891,20856.69922
Q8IZ69,18205.14453,19844.39844,19445.51563,20592.03516,17111.96289,19223.91797,16117.54102,17308.37305,13689.25586,13167.03027,14100.88574,12454.08789
Q8IZ73,47833.34375,44418.67969,44307.88281,43893.91406,50045.5625,42663.07031,43252.89844,42436.09766,55373.66406,49720.97266,57975.78906,50423.52734
Q8IZ83,17617.63477,18597.08203,18031.35352,21261.36719,17569.63281,15816.81543,14120.94922,13847.34961,24038.06836,26341.36719,28920.68945,26663.26563
Q8IZH2,16688.33984,19259.41602,16287.33691,17692.91406,16193.84766,18399.23828,17138.07031,16621.94922,72121.0625,70485.97656,71495.72656,83001.28906
Q8IZL8,49458.83594,50149.23438,46447.31641,52447.75,47745.17578,46037.33984,47719.91406,48640.66797,32774.94922,30768.95313,31667.57813,32514.20508
Q8IZP0,14635.71875,13747.4541,13000.82227,2944.980469,9716.766602,3684.627441,3325.905029,5101.931152,11459.33691,10922.19922,10337.79102,10067.4502
Q8IZQ5,18600.39258,9522.384766,7357.379883,12315.68457,4837.575195,13780.17285,2374.675049,2491.258545,19497.98633,22095.62109,21667.41211,20030.76367
Q8IZT6,13797.68945,8483.43457,8624.055664,8917.25,14823.29004,8752.625,9302.478516,7270.313477,4091.941406,6406.578125,3698.485107,8085.300293
Q8N0T1,57593.73047,37589.72656,40510.0625,33990.58594,80689.46094,31367.75781,33108.00391,35519.76563,19581.06055,37472.76172,35671.66797,35458.11328
Q8N0X7,47915.62891,47585.34375,45448.40234,48354.41406,45594.91797,45329.17969,46259.82031,42065.58594,11921.5293,11380.54785,14244.30859,14890.95996
Q8N0Z3,9382.699219,6495.672852,6155.420898,10473.24414,12040.30859,3932.25415,16449.01367,2921.394775,57188.07422,61272.52344,50358.38672,49503.26953
Q8N108,34068.45703,35399.27344,34557.09375,33280.52734,47288.30469,33943.61328,31538.80078,31170.4668,81332.11719,83366.96875,123115.125,178013.8906
Q8N122,28840.68359,25274.125,27968.41992,28394.18164,20851.82813,24115.9668,20592.4668,21487.70508,51672.79688,45677.34766,46692.02734,35718.71094
Q8N126,319081.9688,273780.8438,295736.625,320395.375,342957.0313,346320.75,349555,338176,2759.475586,488.8569946,134.3873596,2557.441406
Q8N142,23080.54492,18550.08203,18340.49414,27026.69922,22768.79102,17018.76563,17368.15625,14608.19336,32894.5,38160.83984,29259.72852,28212.00391
Q8N163,76570.94531,73463.625,72225.75,72977.36719,69382.24219,69967.02344,68231.67188,68729.42188,26436.14648,19399.55664,20814.16602,18351.66797
Q8N1B3,34541.67188,29240.09961,33676.76953,33268.58594,31040.84375,25182.53906,28750.06445,24564.30664,20182.64648,20715.67773,19415,24946.76563
Q8N1B4,13278.45996,12356.42285,9445.399414,13375.81738,13250.22461,12043.22852,10601.86133,11218.34375,304609.2188,226385.3906,251533.3125,285481.9063
Q8N1F7,53377.54688,53102.21484,53555.67578,55174.85938,53487.45703,53608.39453,51558.21094,55414.21484,31492.51367,33055.51953,34249.43359,32383.88086
Q8N1G0,20173.71484,19959.02539,19663.41211,20668.06641,22600.64844,21581.2168,19170.94531,19914.23633,35987.48438,40361.58594,42980.86719,39738.94531
Q8N1G2,32266.20703,30978.2832,32059.78125,29313.72461,29832.2168,30168.82422,29662.68555,23326.37305,320114,293898.75,287308.6563,281230.6563
Q8N1G4,18701.50781,20152.4668,19957.9375,20995.17773,16590.13281,20835.08594,20238.44727,23217.65039,15950.34473,20712.00586,15845.49414,20563.80859
Q8N1P7,27660.41211,27740.64258,26556.73047,25471.41211,29076.36914,29552.12305,28548.98242,26745.7832,29898.39258,27658.76563,26547.64453,32385.19531
Q8N201,25601.59375,24014.11719,22310.78906,20787.875,25132.39844,23925.66602,21754.65625,20608.72656,56038.42188,53075.25,60635.04297,74137.29688
Q8N2M8,20593.53906,20409.08203,18268.87891,21645.7832,32810.62891,25983.47461,21886.24609,15302.61133,25400.77148,27216.36523,28054.10547,32232.29688
Q8N302,21890.46484,19553.11523,20092.40625,19878.0625,22532.5332,20073.79102,20578.10742,19693.12695,644735.625,648426.375,640235.4375,926473.875
Q8N335,50956.93359,45607.39063,44734.10156,54924.46094,54725.58594,40503.22266,39219.40234,36356.91797,177847.8594,182216.875,184658.25,208531.4219
Q8N392,78020.23438,79991.75,68703.10938,68960.9375,78570.07031,75373.26563,69813.27344,61457.54297,6268.442383,3407.358398,3878.933838,4947.308594
Q8N3D4,27378.58008,27564.23047,25254.28516,27792.49805,25485.68164,24922.88086,23723.46484,23155.29883,19473.71289,17167.24219,21194.06641,19199.02344
Q8N3E9,33339.4375,27935.1582,24678.08789,25786.39258,25047.93164,25374.88867,24657.03711,21853.72266,18556.34375,18020.42383,16062.14063,18807.79492
Q8N3J9,10029.1748,14166.90137,12482.75391,13719.86133,14365.42773,15109.19629,16272.96191,15328.79004,26327.69141,24757.36133,25060.38086,24241.21484
Q8N3R9,51640.41406,50406.74609,49497.39063,49879.97266,47042.69922,51677.5,51928.82422,44405.91406,58058.88281,58074.90234,56571.53516,53597.73828
Q8N3U4,32116.9082,33214.05469,34138.82422,35055.12109,33227.10938,34045.90625,34735.02734,36769.32813,27602.24023,37980.34375,21200.5293,39688.02734
Q8N3V7,36235.66406,33205.76172,30050.93945,35008.46094,38984.15625,26517.16602,35683.82031,31235.18945,118163.0703,132155.9531,141802.5156,140907.5625
Q8N3X1,30761.17383,28796.24609,27602.68164,28792.30664,28758.41992,27044.25977,26256.72852,28543.32227,13223.01465,10631.62793,15482.15625,11270.42871
Q8N488,26115.4375,23840.86328,21201.98242,17040.57813,20232.30859,21937.01758,19708.46094,18045.9707,9821.880859,7555.240723,6411.238281,11059.19043
Q8N4C8,13956.9375,17477.47266,15941.70996,11702.2793,10006.99805,8124.785645,11671.30273,9936.810547,16382.94629,20491.6875,15667.85547,15471.93359
Q8N4S0,30512.11914,34595.31641,34188.34766,29125.82813,19698.19336,20688.40234,25631.08203,18266.77148,22167.10742,22030.67383,22748.18945,19037.79883
Q8N543,23872.20313,24241.86133,25460.10742,24180.18359,26619.17188,23225.08789,23887.54492,23875.60156,18357.99219,16391.23828,18390.33594,17129.51367
Q8N556,29866.04297,39897.58594,29579.05664,44139.37109,53361.26953,42696.62891,42082.54688,41715.48828,22773.6543,23237.66016,27468.00391,21975.60352
Q8N567,6570.15332,10529.33105,8095.192871,7000.810547,7952.696289,9177.481445,8477.532227,7873.256348,31982.18945,33964.9375,35220.78125,35457.59766
Q8N5A5,27915.40039,25852.62305,27907.61523,27139.0957,27447.49609,25714.14063,26177.75195,25687.0625,51112.44141,47084.57031,45763.09766,41994.63281
Q8N5C6,26432.05664,24436.29883,25157.06836,24950.51563,25996.76172,23516.31445,24989.12109,24376.62109,14256.57715,11456.09082,12241.99023,12329.39648
Q8N5C7,24053.5918,22614.07422,19980.03711,22145.11914,19541.83398,20993.98047,20688.58594,14699.06738,17753.83789,18883.80469,19428.29492,20164.91797
Q8N5C8,42956.40625,36218.74219,39423.02344,38469.42578,41655.79688,35265.43359,32667.22656,29239.09375,30447.11719,32911.53516,33651.07422,35899.46484
Q8N5F7,20979.5293,18510.86719,20016.44922,17405.82617,26151.54688,19264.00781,19280.23438,19914.14844,20490.04297,22192.87109,21414.64258,24234.83594
Q8N5G2,26284.07813,24679.24414,25944.54883,27938.16797,34745.49609,21934.43555,15406.16895,17350.02539,38032.26953,37372.66406,38359.94922,39816.25391
Q8N5M4,47481.08594,44751.94922,44748.69531,48267.32031,43234.28516,43116.71094,47208.25391,48065.88672,23185.86914,26217.47461,22533.33984,20694.16016
Q8N5M9,15423.61035,9987.439453,19994.35938,10277.68262,20887.76563,14387.5459,7691.634277,13167.09863,64922.80859,64414.35156,66020.48438,69842.28125
Q8N5P1,11676.77148,9158.584961,14349.71582,11054.24121,12064.28711,9025.333984,8101.666992,10245.16699,76258.50781,59065.42578,57220.88672,52920.70703
Q8N684,109140.1406,113112.3516,111509.3359,111390.2109,111323.2578,111944.7109,117416.7188,112367.4688,124610.7813,114664.6016,166706.4688,170479.5781
Q8N6H7,26849.68945,28257.26172,28090.66211,26314.34961,24502.72461,24722.40625,22911.14063,24403.81055,90521.64063,97861.46094,100914.4609,95997.46094
Q8N6M0,2392.568604,5962.345215,5158.362793,6437.329102,2594.481201,2280.19751,3426.161621,5038.014648,18665.10547,21403.02539,32491.07617,17704.49805
Q8N6N3,44940.53906,41725.54297,41297.71094,39882.23438,43011.44922,43531.41016,41598.16016,42582.07813,25092.60352,24363.42188,26471.21094,35841.58203
Q8N6R0,17836.00586,15210.12305,15057.11816,16621.67188,13220.4248,12811.19141,13272.13086,14947.01172,26951.4375,26284.16211,26309.0293,26939.28516
Q8N6S5,27916.10742,20067.88281,24292.98047,20827.41211,17521.19922,28610.49805,28834.08398,16125.16895,27776.63867,26507.0957,27201.69336,27388.02148
Q8N6T3,28866.79883,28317.55469,30061.76758,29262.98242,27978.91406,26952.56445,29285.14844,27915.86328,20230.2168,20981.10938,21229.63672,23212.29102
Q8N6T7,13942.12402,16932.77734,12676.13184,13839.62305,18015.93555,14794.35547,13008.58984,12714.73242,59373.48828,62225.73438,64094.23828,61692.60547
Q8N6Y1,58021.51563,47170.1875,50952.44531,47831.86328,52542.85156,40650.38672,37436.76172,43439.875,44399.60156,39282.13281,38839.44531,40735.33203
Q8N720,4005.677734,5675.289063,6198.966797,4196.056152,3200.633789,5477.912598,6079.849609,3517.345947,61829.05859,60046.44922,56335.17969,63139.89844
Q8N7H5,36128.91406,36045.91797,36230.69531,35962.94141,38305.91406,37280.25,35637.19922,35212.55469,14518.2002,12746.06445,11882.69824,18969.38281
Q8N806,20864.10156,20662.36328,20880.63086,20238.15039,18527.33594,20027.78711,18289.84766,17847.71094,23329.87109,21238.04883,18425.19922,12878.78027
Q8N884,28635.93945,18701.26563,18738.53906,23405.41992,31121.55469,20333.36328,12973.46777,17619.91406,26057.35547,27543.13477,25170.40625,22277.73633
Q8N8A6,50411.64453,47633.35156,52637.89844,49855.54297,52173.92969,54904.69922,54753.97656,53179.50781,27613.51953,28289.875,25516.36914,27529.40039
Q8N8D1,55040.8125,22598.02344,20128.11328,26121.48047,49152.82031,27231.62305,19090.89844,23320.45898,14124.26172,9344.12793,8942.930664,14779.12598
Q8N8N7,34688.3125,48997.23047,18705.62109,48940.64453,14998.27832,36186.92578,37471.63281,37535.48828,25305.07031,30438.27734,24977.30664,33246.75391
Q8N8S7,34479.89063,35610.80078,35964.29297,33918.88672,34840.23828,32884.41016,32116.39648,37569.39844,21896.72461,20488.14453,19965.25195,23665.2793
Q8N8U2,20228.45898,15881.00879,18464.1543,16152.20117,15517.4707,16686.46289,15336.53809,15574.55078,4159.173828,2480.450684,10692.66406,3721.022705
Q8N9M1,97356.71875,80785.00781,79398.89844,97269.53125,100081.2031,80343.25781,82065.17969,82491.82813,29663.32813,25968.21484,28564.35352,28469.07813
Q8N9N5,18406.27344,13735.36523,14081.47754,13019.87891,20856.69922,11344.42285,7037.279297,7604.611328,25639.92969,23965.58789,25643.61328,28101.39844
Q8N9N8,11550.85254,13689.25586,13167.03027,14100.88574,12454.08789,14084.09473,13513.48047,14631.61523,26897.92773,26788.43945,26658.04883,26237.52539
Q8N9Q2,56249.42969,55373.66406,49720.97266,57975.78906,50423.52734,60851.06641,57825.11719,52234.39453,29906.27734,24591.49805,22943.50195,24512.75
Q8N9T8,27657.26172,24038.06836,26341.36719,28920.68945,26663.26563,25002.72852,26114.94531,27703.40039,29956.74414,27631.9668,32186.19531,33086.76172
Q8NAF0,75348.99219,72121.0625,70485.97656,71495.72656,83001.28906,74051.53906,70601.14844,68149.5,15739.60156,15143.44922,16482.70703,16949.92188
Q8NAV1,31304.97461,32774.94922,30768.95313,31667.57813,32514.20508,33546.19531,31734.1543,30608.56055,20408.43359,27404.36328,23834.98047,19757.23438
Q8NB15,13176.02734,11459.33691,10922.19922,10337.79102,10067.4502,9333.875977,9318.140625,8688.438477,57702.08203,77615.89063,76728.48438,45328.28516
Q8NB16,22600.68555,19497.98633,22095.62109,21667.41211,20030.76367,18332.97266,18511.50586,17928.47461,80774.32813,38408.19922,74694.24219,109524.0156
Q8NB37,4576.566406,4091.941406,6406.578125,3698.485107,8085.300293,2506.054443,2512.905518,3309.38916,55425.55078,57092.10938,56374.65625,56240.11328
Q8NB46,39016.35547,19581.06055,37472.76172,35671.66797,35458.11328,18101.67969,23445.97656,19991.72461,45800.41797,48492.89453,49518.92969,48461.04688
Q8NB78,22633.8125,11921.5293,11380.54785,14244.30859,14890.95996,14933.35742,19277.4375,10753.06641,15721.56934,10918.26172,10806.01074,11205.21191
Q8NBF2,59162.28516,57188.07422,61272.52344,50358.38672,49503.26953,52118.71875,43011.89844,44082.66406,25735.63281,25845.58203,25665.00586,27926.38281
Q8NBJ4,65370.53906,81332.11719,83366.96875,123115.125,178013.8906,72422.79688,78603.92969,74762.84375,19589.04297,19912.14453,27399.40625,18391.36328
Q8NBJ5,54034.61328,51672.79688,45677.34766,46692.02734,35718.71094,25889.51367,22765.48047,24791.38672,13090.27539,15624.86133,17475.39453,17182.74805
Q8NBJ7,2560.581787,2759.475586,488.8569946,134.3873596,2557.441406,754.8393555,3377.248779,4966.090332,18978.4043,16603.35156,18838.31641,20636.95508
Q8NBM4,31013.80078,32894.5,38160.83984,29259.72852,28212.00391,31982.98828,29981.41602,40618.96875,2288.035889,4508.944336,3066.361572,8343.414063
Q8NBS9,23493.19336,26436.14648,19399.55664,20814.16602,18351.66797,16612.08008,14621.32813,14470.83398,17912.02539,16869.21289,13696.76367,17351.83594
Q8NBT2,17170.83594,20182.64648,20715.67773,19415,24946.76563,20545.75977,20324.01563,22478.02539,37015.12891,36815.26172,38851.11719,43183.16797
Q8NBX0,239342.8906,304609.2188,226385.3906,251533.3125,285481.9063,166268.1406,217428.3594,278142.5938,70428.25,60087.98438,58845.33594,63657.55469
Q8NC51,31330.17383,31492.51367,33055.51953,34249.43359,32383.88086,29616.31836,30269.73242,29485.13086,27500.07422,31767.9707,32823.25,30439.20117
Q8NC56,45956.10547,35987.48438,40361.58594,42980.86719,39738.94531,33595.82422,37580.15625,32076.75781,50162.40234,48794.3125,51442.64844,49838.54688
Q8NC60,276486.75,320114,293898.75,287308.6563,281230.6563,289135.4375,315795.9063,345961.625,22712.41797,18089.47852,22360.77734,17020.70703
Q8NCA5,20619.375,15950.34473,20712.00586,15845.49414,20563.80859,10128.5498,12853.5,13056.98535,18970.875,16228.55273,16002.72754,19540.28906
Q8NCE0,37366.95703,29898.39258,27658.76563,26547.64453,32385.19531,24848.14258,20986.23242,19518.41406,21582.22266,21194.52734,23507.11523,22224.48438
Q8NCF5,48467.69141,56038.42188,53075.25,60635.04297,74137.29688,64776.34375,67209.25,75070.42188,35212.98828,32511.9375,35435.77734,23404.60547
Q8NCN4,27825.38477,25400.77148,27216.36523,28054.10547,32232.29688,28661.46875,28322.10547,26903.70508,37608.30469,22659.48828,26986.18164,21855.22461
Q8NCR9,731012.3125,644735.625,648426.375,640235.4375,926473.875,719687.6875,689984.625,657787.375,45678.50781,44864.30859,43716.20703,36998.3125
Q8NCX0,165735.6563,177847.8594,182216.875,184658.25,208531.4219,182282.5,168562.2188,175689.3125,23070.26953,21204.01953,21738.27344,19311.03711
Q8NCY6,7597.847656,6268.442383,3407.358398,3878.933838,4947.308594,4764.890625,5305.753418,3608.240967,35172.46094,38165.66406,38605.30078,41350.67578
Q8ND04,19279.29883,19473.71289,17167.24219,21194.06641,19199.02344,17292.54492,17676.22656,17893.26953,60716.36328,54158.94141,57456.74609,57849.48438
Q8ND24,20930.82422,18556.34375,18020.42383,16062.14063,18807.79492,17564.79102,16029.24316,15394.60156,35309.27344,36603.13672,46037.80469,28331.41797
Q8ND30,28187.56445,26327.69141,24757.36133,25060.38086,24241.21484,21923.19336,22432.15625,21325.29297,12746.33984,14715.00195,15046.76563,21338.43555
Q8ND56,59939.28516,58058.88281,58074.90234,56571.53516,53597.73828,51565.59375,52479.60938,52198.59375,19695.8125,16677.68359,18227.41211,16382.75684
Q8ND82,38918.82422,27602.24023,37980.34375,21200.5293,39688.02734,21851.06055,25154.73047,21936.32227,39219.6875,37894.25391,36155.76953,35940.42578
Q8NDC0,130233.9844,118163.0703,132155.9531,141802.5156,140907.5625,130143.9531,137144.3594,143531.9844,30253.93945,30612.92188,27477.44336,37466.83984
Q8NDD1,15435.83203,13223.01465,10631.62793,15482.15625,11270.42871,14887.39355,14509.75977,10470.30664,16587.70703,19373.66797,13941.32617,16476.40039
Q8NDF8,6566.829102,9821.880859,7555.240723,6411.238281,11059.19043,14117.61523,13660.20898,12695.12891,36723.3125,37026.24609,37271.41797,35588.60938
Q8NDH3,20777.56055,16382.94629,20491.6875,15667.85547,15471.93359,10238.86816,11008.63086,14294.18652,129149.9688,123846.8438,126195.375,116064.1719
Q8NDI1,18396.69531,22167.10742,22030.67383,22748.18945,19037.79883,21312.99609,21137.94922,21053.0918,32792.21875,33340.00391,32319.52148,31134.90625
Q8NDT2,17733.63086,18357.99219,16391.23828,18390.33594,17129.51367,21011.83398,20647.99219,22971.7207,24338.44531,24971.67969,25337.02734,29982.375
Q8NDX5,22649.54102,22773.6543,23237.66016,27468.00391,21975.60352,25816.82617,27008.57422,22870.79102,21805.29883,22009.58789,22760.45703,23976.56641
Q8NDX6,34005.44922,31982.18945,33964.9375,35220.78125,35457.59766,30541.68555,30080.49609,32766.19141,41169.15625,34510.04688,39549.23828,32056.74414
Q8NE71,54050.51563,51112.44141,47084.57031,45763.09766,41994.63281,40482.83984,38840.375,38758.07813,42294.81641,40407.22266,41697.26563,38622.35938
Q8NEB9,11526.07324,14256.57715,11456.09082,12241.99023,12329.39648,10515.80371,11470.41797,10361.18164,34671.70313,36115.83984,31691.16406,21276.38477
Q8NEF9,18066.63867,17753.83789,18883.80469,19428.29492,20164.91797,19922.17188,19365.81836,18027.49609,32719.75586,35110.19141,34794.94531,54745.14063
Q8NEJ9,35032.53125,30447.11719,32911.53516,33651.07422,35899.46484,34411.88281,33253.38672,33288.45313,25093.83984,31682.77539,33549.72266,27717.09961
Q8NEM2,21137.83203,20490.04297,22192.87109,21414.64258,24234.83594,22651.07031,22291.06445,23106.22852,61371.49609,64965.16016,64663.47266,66550.66406
Q8NEM7,39876.125,38032.26953,37372.66406,38359.94922,39816.25391,39031.19531,40300.0625,37611.14844,19381.57227,17862.85547,19132.5957,17380.17578
Q8NEU8,26317.19531,23185.86914,26217.47461,22533.33984,20694.16016,20227.51758,22109.69922,20816.83594,18672.48633,18008.62109,18176.50977,18844.68945
Q8NEY8,67616.25781,64922.80859,64414.35156,66020.48438,69842.28125,65382.34375,69578.69531,68371.23438,23568.98242,23551.95313,21943.27148,25849.98242
Q8NEZ2,80157.89063,76258.50781,59065.42578,57220.88672,52920.70703,53870.16406,60518.21875,48733.25391,27630.99219,29223.45898,31490.48242,34070.21094
Q8NEZ4,161775.375,124610.7813,114664.6016,166706.4688,170479.5781,69363.375,39961.50781,30613.37305,15583.84277,14879.05664,17017.54883,14493.90234
Q8NEZ5,100664.375,90521.64063,97861.46094,100914.4609,95997.46094,97045.92969,91687.17188,99560.48438,25710.17969,25539.11719,27199.52344,25790.34766
Q8NF37,25645.89844,18665.10547,21403.02539,32491.07617,17704.49805,16934.59766,10429.23438,9993.857422,31404.35938,34128.60156,30931.13086,32643.95313
Q8NF64,25826.44336,25092.60352,24363.42188,26471.21094,35841.58203,14254.46094,17535.76563,16383.41211,13079.63477,7830.140625,8720.78418,9011.307617
Q8NFC6,26973.55859,26951.4375,26284.16211,26309.0293,26939.28516,25449.82422,25301.94727,25496.88672,14074.2334,14227.06836,12821.51563,12657.73926
Q8NFD5,26111.70898,27776.63867,26507.0957,27201.69336,27388.02148,24222.3457,31346.76563,27265.48633,36125.78125,35175.66797,35666.88672,37246.06641
Q8NFF5,20446.36133,20230.2168,20981.10938,21229.63672,23212.29102,17117.28125,17062.94141,19716.10938,53743.34766,53783.02734,54340.42578,51505.03125
Q8NFH3,63276.10547,59373.48828,62225.73438,64094.23828,61692.60547,61827.47266,63019.26172,64694.41016,18590.55664,16838.91016,19314.06641,19386.0918
Q8NFH4,39868.70703,44399.60156,39282.13281,38839.44531,40735.33203,40807.86328,41428.1875,41622.95313,14744.16602,18260.54297,15977.3252,22232.51367
Q8NFH5,58142.46094,61829.05859,60046.44922,56335.17969,63139.89844,52894.76172,55762.83594,57896.00391,20919.97656,14636.52148,10556.00781,20779.29492
Q8NFI3,33165.90625,14518.2002,12746.06445,11882.69824,18969.38281,13084.58301,13831.83594,12922.11133,31403.00586,12416.66406,21181.91016,13434.1748
Q8NFJ5,31071.12695,23329.87109,21238.04883,18425.19922,12878.78027,18896.63281,10466.82227,8362.941406,31651.92773,28960.73242,27870.70703,34136.84375
Q8NFW8,27850.44336,26057.35547,27543.13477,25170.40625,22277.73633,24413.96094,24244.12305,23085.66992,45081.03125,45319.38672,47182.41016,43142.49219
Q8NG31,26070.85938,27613.51953,28289.875,25516.36914,27529.40039,26561.25,27568.64063,26502.05078,40569.27734,55642.72266,50330.13281,50733.90234
Q8NHM5,18092.96875,14124.26172,9344.12793,8942.930664,14779.12598,9556.605469,11001.88867,11151.68945,48211.84766,48338.875,43955.83203,48869.5625
Q8NHQ9,31964.68555,25305.07031,30438.27734,24977.30664,33246.75391,23712.41797,21836.54297,23384.25586,16474.15039,17429.04883,17479.60742,16312.84473
Q8NHV4,24716.63867,21896.72461,20488.14453,19965.25195,23665.2793,18015.9082,20344.04688,18702.03906,24053.67969,23551.54883,24754.30078,23589.08203
Q8NHZ8,3431.437988,4159.173828,2480.450684,10692.66406,3721.022705,17384.64258,14433.3125,8473.185547,8326.56543,17783.67383,93315.33594,19933.48047
Q8NI27,25340.93555,29663.32813,25968.21484,28564.35352,28469.07813,28768.68555,27913.50586,29689.59961,30154.54297,29464.97266,30718.6543,29890.59766
Q8NI35,20390.51172,25639.92969,23965.58789,25643.61328,28101.39844,29573.88867,31281.66016,30134.83594,22567.4375,18872.88086,25715.04102,29582.33203
Q8NI36,26173.78516,26897.92773,26788.43945,26658.04883,26237.52539,28299.77734,27068.68555,25327.28711,7609.40918,9044.496094,8582.22168,8008.197266
Q8TA86,21579.00781,29906.27734,24591.49805,22943.50195,24512.75,23802.87109,30010.62109,25532.35352,62443.14844,60375.15625,69597.4375,72291.66406
Q8TAD8,31580.95117,29956.74414,27631.9668,32186.19531,33086.76172,28930.59375,25760.65625,34319.82422,14999.90918,14735.09863,17644.66406,16552.8457
Q8TAF3,18054.0332,15739.60156,15143.44922,16482.70703,16949.92188,15299.60352,13821.22266,15646.79492,40785.13281,41510.36328,40247.72656,42313.68359
Q8TAG9,26834.21094,20408.43359,27404.36328,23834.98047,19757.23438,26489.76367,38033.55859,44224.75391,23067.65625,18566.98828,26004.37695,20046.37891
Q8TAP6,74564.89844,57702.08203,77615.89063,76728.48438,45328.28516,74999.32031,67812.09375,64906.15234,17256.7793,15729.97168,13943.2373,19871.42969
Q8TAP9,75897.34375,80774.32813,38408.19922,74694.24219,109524.0156,31705.45508,41230.68359,36051.92969,65352.93359,71342.85938,69413.92188,69972.64844
Q8TAQ2,54058.03906,55425.55078,57092.10938,56374.65625,56240.11328,52833.42188,52790.03906,56078.98828,34112.55078,40754.92188,36689.29688,28814.86719
Q8TAT6,48243.23828,45800.41797,48492.89453,49518.92969,48461.04688,47166.30859,46856.00781,50148.01563,149360.0625,141065.5313,146421.7188,103128.3125
Q8TAU3,8439.786133,15721.56934,10918.26172,10806.01074,11205.21191,10923.21582,13485.53027,10172.86523,198951.8438,190094.0313,191102.125,172988.9063
Q8TAV0,26748.49219,25735.63281,25845.58203,25665.00586,27926.38281,28797.54297,29871.86523,25760.29492,8760.898438,5043.200195,9965.295898,8847.922852
Q8TB03,20500.22656,19589.04297,19912.14453,27399.40625,18391.36328,21631.70508,17394.39258,18603.87109,44015.77344,44681.59766,43715.24609,49702.44922
Q8TBA6,15844.56445,13090.27539,15624.86133,17475.39453,17182.74805,19226.52539,17316.34961,17975.08984,12477.91406,11779.57422,14651.90625,12146.71777
Q8TBC4,21433.5957,18978.4043,16603.35156,18838.31641,20636.95508,19264.86914,20309.02539,19293.22852,43117.59375,43472.55078,40389.70313,37820.90234
Q8TBE0,7694.097168,2288.035889,4508.944336,3066.361572,8343.414063,3010.021484,3427.42627,2330.862061,30127.5918,30361.05469,30274.51172,32513.72266
Q8TBE9,18910.28711,17912.02539,16869.21289,13696.76367,17351.83594,13613.43359,15061.31934,13425.45996,59432.98047,56832.37109,61030.5625,63142.36719
Q8TBF4,36248.59766,37015.12891,36815.26172,38851.11719,43183.16797,37251.44531,38968.68359,40004.60547,71789.58594,71503.42969,72672.28125,72534.67188
Q8TBK6,55127.96484,70428.25,60087.98438,58845.33594,63657.55469,70927.63281,60854.97656,56874.75781,43566.25,41335.47656,42583.17969,45663.36719
Q8TBN0,31008.33398,27500.07422,31767.9707,32823.25,30439.20117,25593.07227,22598.98633,17196.95117,83961.01563,79445.78125,83347.07031,90564.83594
Q8TC07,52053.07422,50162.40234,48794.3125,51442.64844,49838.54688,46935.375,43112.09375,48541.48438,37015.54297,29340.93555,30475.74219,30366.70508
Q8TC12,16455.61133,22712.41797,18089.47852,22360.77734,17020.70703,19788.375,19663.68359,17922.55078,17784.71484,17012.37695,16191.24707,16588.61914
Q8TCF1,17947.22656,18970.875,16228.55273,16002.72754,19540.28906,14450.50586,13626.6416,13076.86816,63825.72266,68252.4375,69950.35156,74186.90625
Q8TCG1,21187.21484,21582.22266,21194.52734,23507.11523,22224.48438,15830.25293,16091.02539,18222.97656,21600.81445,21500.44141,21498.11328,21498.88867
Q8TCJ2,33908.07813,35212.98828,32511.9375,35435.77734,23404.60547,29462.51172,31660.26172,27134.70508,67713.52344,66953.02344,66890.5625,71824.74219
Q8TD16,50113.01953,37608.30469,22659.48828,26986.18164,21855.22461,30903.38672,38921.34375,29426.9707,14212.45996,14387.41895,14177.93066,15423.94141
Q8TD19,46708.00391,45678.50781,44864.30859,43716.20703,36998.3125,42801.99609,41037.92969,39006.88281,41480.55469,43097.55078,41026.78906,49981.66016
Q8TDB6,22287.71094,23070.26953,21204.01953,21738.27344,19311.03711,21280.23047,20703.1543,20846.08008,65268.72266,72209.29688,9249.238281,52250.69141
Q8TDD1,39494.875,35172.46094,38165.66406,38605.30078,41350.67578,36421.96484,36540.84766,37807.53125,23002.54492,15906.53027,18778.52539,21464.61914
Q8TDN6,58874.76953,60716.36328,54158.94141,57456.74609,57849.48438,57662.22266,61190.98828,54547.10938,5748.274414,6400.761719,8975.999023,9457.439453
Q8TDP1,41929.08203,35309.27344,36603.13672,46037.80469,28331.41797,32880.11328,25375.75586,26615.51367,11380.62109,11164.12402,4212.941895,10925.05273
Q8TE67,17250.20313,12746.33984,14715.00195,15046.76563,21338.43555,10980.25391,13208.31445,12472.21094,29892.57422,29345.17969,30748.13477,29972.01172
Q8TE77,17912.45898,19695.8125,16677.68359,18227.41211,16382.75684,17844.52148,16375.11426,16781.49805,38469.44531,35999.84766,37097.63281,40504.05078
Q8TEA8,41319.08203,39219.6875,37894.25391,36155.76953,35940.42578,33278.99609,37778.14453,33567.17578,19792.85156,17159.42969,16670.85352,13504.46777
Q8TED0,31698.57422,30253.93945,30612.92188,27477.44336,37466.83984,24434.43164,24354.42578,26267.9668,68776.08594,68430.80469,73758.17188,74923.82031
Q8TEH3,19841.47461,16587.70703,19373.66797,13941.32617,16476.40039,15114.61133,15265.1416,14625.10449,11754.15039,11848.44043,14615.14746,13462.85156
Q8TEM1,37760.49609,36723.3125,37026.24609,37271.41797,35588.60938,33731.09766,34061.67188,34453.03906,50139.17969,49063.61719,50588.57422,44048.98828
Q8TEP8,3457.753906,129149.9688,123846.8438,126195.375,116064.1719,118014.6328,103651.8828,133793.4375,38252.15234,38819.19922,37854.06641,37157.69531
Q8TEQ6,33484.80859,32792.21875,33340.00391,32319.52148,31134.90625,30278.50391,29061.49219,30019.89063,14299.76563,14375.01953,15364.65332,16807.01953
Q8TEX9,23677.56641,24338.44531,24971.67969,25337.02734,29982.375,28953.60547,25691.28516,23576.97852,214768.0469,224116.2188,225247.4219,259775.4531
Q8TF01,19425.96094,21805.29883,22009.58789,22760.45703,23976.56641,17026.12109,17169.68555,20415.71094,58724.29297,59854.69141,64720.48828,76293.49219
Q8TF64,39495.94922,41169.15625,34510.04688,39549.23828,32056.74414,39697.51953,49997.02734,31552.61523,18049.06445,17251.00977,17937.51758,17734.4668
Q8TF68,38959.16797,42294.81641,40407.22266,41697.26563,38622.35938,42679.46094,43298.13672,42576.19922,39302.44141,39951.08984,40735.25391,40890.06641
Q8TF74,31971.64063,34671.70313,36115.83984,31691.16406,21276.38477,32870.14453,36072.71094,35109.49219,29517.88281,28901.20898,28912.41602,29104.24414
Q8WTR7,32123.35547,32719.75586,35110.19141,34794.94531,54745.14063,30592.41602,34993.01563,25673.6543,9191.938477,9153.962891,7779.09082,10074.55957
Q8WTS6,29093.93359,25093.83984,31682.77539,33549.72266,27717.09961,20766.85156,4732.406738,18100.67969,34695.24609,29059.16406,35318.51172,36033.28125
Q8WTT2,65562.36719,61371.49609,64965.16016,64663.47266,66550.66406,69050.15625,70641.36719,68296.375,59159.33203,38855.35938,19127.10938,45805.53516
Q8WTW3,16340.12695,19381.57227,17862.85547,19132.5957,17380.17578,19632.11133,21237.09375,19091.76953,20939.62891,20434.18555,20780.43945,21174.03516
Q8WU90,23001.13477,18672.48633,18008.62109,18176.50977,18844.68945,15094.51172,12711.81934,11524.87012,20573.38086,31082.64258,31845.48047,47648.82813
Q8WUA2,22152.65625,23568.98242,23551.95313,21943.27148,25849.98242,23708.29102,22555.7168,23084.9043,40572.84766,40756.3125,41863.75391,36274.39063
Q8WUA4,31373.80859,27630.99219,29223.45898,31490.48242,34070.21094,27260.44922,26843.22852,26991.95313,28530.26367,29404.89453,28440.36523,29665.52344
Q8WUB8,18542.48438,15583.84277,14879.05664,17017.54883,14493.90234,14808.32617,12408.97559,11841.10254,30878.61328,32793.29297,31196.58594,28733.86523
Q8WUD4,25978.96094,25710.17969,25539.11719,27199.52344,25790.34766,25075.98438,24849.44531,24822.62891,20815.81445,20003.92383,18224.45898,13593.33105
Q8WUF5,31669.20508,31404.35938,34128.60156,30931.13086,32643.95313,29547.83008,30315.39453,21835.82813,33298.67188,27979.86914,31082.26172,30982.44727
Q8WUH1,12429.06641,13079.63477,7830.140625,8720.78418,9011.307617,11627.62695,7400.459961,7102.187012,22842.66211,17543.18945,17994.43164,18191.30273
Q8WUI4,17706.00586,14074.2334,14227.06836,12821.51563,12657.73926,12393.51465,11874.65918,15915.97168,34813.71484,35432.48438,36876.40625,37130.45703
Q8WUM0,34570.71484,36125.78125,35175.66797,35666.88672,37246.06641,37469.88672,35287.49219,34533.49219,64076.27344,58393,60728.40234,46610.23828
Q8WUM4,53852.54688,53743.34766,53783.02734,54340.42578,51505.03125,51625.78125,51323.27734,51846.66797,36713.47656,36647.55078,37480.14844,31902.7168
Q8WUP2,16409.1875,18590.55664,16838.91016,19314.06641,19386.0918,20655.08789,16761.92188,20213.0957,13400.13965,14558.12305,11563.04102,12150.4834
Q8WUQ7,19010.79492,14744.16602,18260.54297,15977.3252,22232.51367,15310.39063,14332.12598,12441.40137,30754.50586,29140.36523,29541.4082,33786.48828
Q8WUR7,19228.10156,20919.97656,14636.52148,10556.00781,20779.29492,11074.6377,10544.56445,10278.51465,45595.03125,44041.86719,45521.24219,46976.77344
Q8WUU5,28245.04883,31403.00586,12416.66406,21181.91016,13434.1748,17808.32227,16116.81836,18380.83984,6651.730469,9013.658203,9186.166992,5255.379883
Q8WUX2,28258.50586,31651.92773,28960.73242,27870.70703,34136.84375,31120.91992,36377.13281,35860.21484,5777.802734,11296.74414,10752.70703,10547.48438
Q8WUX9,44187.92578,45081.03125,45319.38672,47182.41016,43142.49219,43091.41016,44769.48047,43333.11328,50322.19141,40922.40625,48418.76563,54443.19531
Q8WUY1,52693.55469,40569.27734,55642.72266,50330.13281,50733.90234,42924.67578,42221.50781,47200.75781,33686.74219,23503.05664,21140.33984,20017.16406
Q8WUZ0,48702.53906,48211.84766,48338.875,43955.83203,48869.5625,42290.60547,41898.1875,44867.35156,45570.98828,46484.15625,47876.01953,55934.80469
Q8WV22,16851.04297,16474.15039,17429.04883,17479.60742,16312.84473,20059.96484,17235.0918,17685.52344,20921.10938,26134.07227,24029.56055,31381.07422
Q8WV41,28467.44336,24053.67969,23551.54883,24754.30078,23589.08203,22061.6875,24966.10547,22825.61133,12741.27539,10868.09766,11361.76953,13556.89648
Q8WV44,11346.3916,8326.56543,17783.67383,93315.33594,19933.48047,24668.42773,29392.0332,17741.37109,44904.58203,42253.40625,40699.93359,37410.48047
Q8WVB6,32079.79688,30154.54297,29464.97266,30718.6543,29890.59766,26852.18359,30091.81836,28271.01172,45745.39063,43468.65234,42922.79688,42892.03906
Q8WVC0,30197.55273,22567.4375,18872.88086,25715.04102,29582.33203,23711.97656,21697.42578,20807.99219,17510.55273,4841.524414,6175.146973,4276.796387
Q8WVD3,11281.19336,7609.40918,9044.496094,8582.22168,8008.197266,5032.355957,7390.26709,7889.06543,28946.79102,31221.17188,37430.72656,42069.96094
Q8WVJ2,67026.46094,62443.14844,60375.15625,69597.4375,72291.66406,53204.48828,58966.42969,55623.72266,61123.29688,61439.92969,61444.50781,59927.60938
Q8WVK2,16413.77148,14999.90918,14735.09863,17644.66406,16552.8457,14580.6377,15179.0166,16572.82617,19015.93359,18517.51758,20070.89258,22200.03125
Q8WVM7,40657.76172,40785.13281,41510.36328,40247.72656,42313.68359,44907.79688,42665.94141,44059.90625,45595.07031,47555.12891,49176.73828,50748.61719
Q8WVM8,25765.61328,23067.65625,18566.98828,26004.37695,20046.37891,14713.86133,14437.32324,15858.20703,95394.00781,95581.05469,95201.75,103163.2578
Q8WVV4,19671.41016,17256.7793,15729.97168,13943.2373,19871.42969,20294.82617,12586.56934,16625.10938,27536.94141,27809.45117,26993.09375,31647.06836
Q8WVV9,70459.14063,65352.93359,71342.85938,69413.92188,69972.64844,64502.10156,66118.35938,67800.71875,20937.16797,19493.99023,17982.20117,22772.69336
Q8WVY7,36523.29688,34112.55078,40754.92188,36689.29688,28814.86719,27617.70508,29771.95313,31824.76758,13991.98535,11921.50195,10839.81445,12331.18945
Q8WW01,131388.9063,149360.0625,141065.5313,146421.7188,103128.3125,160684.8125,163914.9531,166844.7656,25055.60547,22939.125,30455.87891,31840.50781
Q8WW12,193868.25,198951.8438,190094.0313,191102.125,172988.9063,179205.9219,181915.8594,181341.5938,109079.0859,109213.4141,109384.3906,116035.1641
Q8WWH5,8301.073242,8760.898438,5043.200195,9965.295898,8847.922852,6500.104492,7202.330078,11609.92383,33627.92578,33816.11328,34228.18359,32684.20703
Q8WWI1,45526.76172,44015.77344,44681.59766,43715.24609,49702.44922,45451.48047,45125.40234,44573.50781,24968.55859,26763.54883,25414.94336,26962.88672
Q8WWK9,11768.58008,12477.91406,11779.57422,14651.90625,12146.71777,12950.19336,13519.18555,12467.93848,8717.46582,8240.56543,8969.793945,6133.068848
Q8WWM7,42612.01953,43117.59375,43472.55078,40389.70313,37820.90234,39814.86719,40753.12891,40603.46094,43873.89844,41820.87891,43869.45313,37092.21875
Q8WWQ0,31179.11914,30127.5918,30361.05469,30274.51172,32513.72266,32396.4082,31018.0918,30970.82813,20379.64063,21543.70703,20087.99219,20823.43945
Q8WWY3,61774.81641,59432.98047,56832.37109,61030.5625,63142.36719,59304.41406,60404.71875,60649.15234,75063.75781,71529.46094,65799.47656,73187.38281
Q8WX92,73082.67969,71789.58594,71503.42969,72672.28125,72534.67188,71620.23438,71022.96094,69091.35938,26222.54102,24273.47461,27172.85938,16647.20898
Q8WX93,43283.33594,43566.25,41335.47656,42583.17969,45663.36719,45007.95313,44109.11719,41796.625,27606.88672,27613.41797,27185.71094,22051.68164
Q8WXA9,91354.71094,83961.01563,79445.78125,83347.07031,90564.83594,83936.9375,93018.19531,86274.29688,22744.71289,23371.63086,23868.82617,19527.85742
Q8WXE0,29106.80859,37015.54297,29340.93555,30475.74219,30366.70508,30942.42773,28996.11914,24645.86328,4727.624023,3193.837891,5252.458008,6486.303223
Q8WXE1,16640.71094,17784.71484,17012.37695,16191.24707,16588.61914,18098.15039,17922.42969,15718.21777,51437.53125,52154.32422,52695.66406,50200.25391
Q8WXF1,73225.66406,63825.72266,68252.4375,69950.35156,74186.90625,58648.01563,63117.51563,61677.94141,48453.69922,48774.96484,44979.63672,48295.27734
Q8WXH0,22072.68945,21600.81445,21500.44141,21498.11328,21498.88867,21898.26563,20638.57031,19886.92578,56669.35156,56408.38281,61185.5,60698.73438
Q8WXI9,71939.90625,67713.52344,66953.02344,66890.5625,71824.74219,67632.98438,67735.36719,64613.64844,86643.24219,91767.08594,93687.96094,98822.63281
Q8WXW3,13861.67383,14212.45996,14387.41895,14177.93066,15423.94141,14479.28906,15169.86621,13752.01855,89864.04688,94550.39063,96143.90625,93028.82031
Q8WXX5,45937.20313,41480.55469,43097.55078,41026.78906,49981.66016,43249.01172,39906.80078,44254.10547,31919.44727,30817.12305,29820.24609,31940.91016
Q8WY22,89122.63281,65268.72266,72209.29688,9249.238281,52250.69141,44957.92188,2400.345947,27638.69531,19652.71875,20348.26758,28030.2207,25760.36914
Q8WY36,21420.35352,23002.54492,15906.53027,18778.52539,21464.61914,17562.91016,16873.68555,19718.33008,25024.54688,28127.52539,27553.91211,23362.7793
Q8WY91,10138.14746,5748.274414,6400.761719,8975.999023,9457.439453,4369.489746,19410.98047,13958.05762,27930.10547,26721.51953,26718.76953,25351.47852
Q8WYA0,10011.7373,11380.62109,11164.12402,4212.941895,10925.05273,8539.507813,7288.385742,9086.462891,46359.25781,44640.80078,44763.13281,42621.91016
Q8WYA6,26770.79883,29892.57422,29345.17969,30748.13477,29972.01172,29478.98633,29360.54102,30048.79297,57176.77734,63806.60547,70764.26563,38390.58984
Q8WYP5,37780.63672,38469.44531,35999.84766,37097.63281,40504.05078,40167.80469,40068.72266,41108.14063,16396.44922,18335.19922,16836.21484,16425.83789
Q8WYQ5,18691.83008,19792.85156,17159.42969,16670.85352,13504.46777,20401.44727,20356.00977,20253.4082,42633.26953,37167.24219,39299.62109,43891.86719
Q8WZ82,84473.25,68776.08594,68430.80469,73758.17188,74923.82031,65428.57422,68724.47656,63160.625,25760.15625,26401.23633,38163.99219,30018.60742
Q8WZA0,13503.74121,11754.15039,11848.44043,14615.14746,13462.85156,13639.80078,14566.6543,13339.89746,28773.05664,26678.19141,27324.00391,25984.30664
Q92466,45193.09766,50139.17969,49063.61719,50588.57422,44048.98828,48200.14063,47260.17969,45878.83984,25211.36914,23219.58789,24200.43164,20339.16211
Q92499,36531,38252.15234,38819.19922,37854.06641,37157.69531,35606.39063,37496.73047,35174.60156,11323.78906,11688.20605,9116.205078,15502.39063
Q92503,16042.86426,14299.76563,14375.01953,15364.65332,16807.01953,14716.49414,14660.55371,14587.60254,62454.82422,63581.53516,60948.9375,71285.13281
Q92522,227433.375,214768.0469,224116.2188,225247.4219,259775.4531,261400.6563,269885.7188,269002.6563,5311.394531,2903.582031,4022.084473,6195.92334
Q92530,57687.07422,58724.29297,59854.69141,64720.48828,76293.49219,57108.54297,63316.27344,63375.34766,5645.688477,2971.57251,8016.189453,3191.532227
Q92538,18401.51563,18049.06445,17251.00977,17937.51758,17734.4668,21107.4707,18857.94531,19052.13086,7143.113281,9525.295898,8683.700195,9359.233398
Q92541,40840.75781,39302.44141,39951.08984,40735.25391,40890.06641,39756.11719,39459.75391,38700.26563,19558.21484,19250.5957,17734.55078,22507.55469
Q92547,27705.56055,29517.88281,28901.20898,28912.41602,29104.24414,31824.74805,30522.53125,29172.13281,375789.5313,422949.6875,568484,486267.75
Q92570,7636.310547,9191.938477,9153.962891,7779.09082,10074.55957,13687.23535,12238.54883,11763.5166,43967.5,42457.64453,48767.63281,44844.3125
Q92574,34138.43359,34695.24609,29059.16406,35318.51172,36033.28125,32967.78125,29469.64844,30443.67969,49808.96875,54515.22266,59798.17578,61571.77734
Q92575,70503.6875,59159.33203,38855.35938,19127.10938,45805.53516,60651.82422,33758.18359,54781.24219,26576.67578,27281.375,23732.45898,20431.10938
Q92576,20846.72852,20939.62891,20434.18555,20780.43945,21174.03516,22768.29883,19891.00391,20611.85742,24967.43555,24324.25781,24785.59766,25464.2168
Q92585,44265.625,20573.38086,31082.64258,31845.48047,47648.82813,33589.13281,38209.40625,34723.91797,44137.39453,41660.62109,44202.22266,32348.73242
Q92597,42699.84766,40572.84766,40756.3125,41863.75391,36274.39063,31031.96484,30343.71094,31141.08203,25769.82617,30091.77344,27828.4668,30477.67969
Q92598,29243.67773,28530.26367,29404.89453,28440.36523,29665.52344,26892.79492,26860.72266,25380.92188,36839.98047,37159.66016,36084.08203,32355.77734
Q92599,33026.03125,30878.61328,32793.29297,31196.58594,28733.86523,27443.91602,24555.80859,26661.31055,43233.11719,44232.72266,45331.21875,44921.6875
Q92600,15897.94629,20815.81445,20003.92383,18224.45898,13593.33105,15158.97363,16196.85254,10654.5459,24019.41016,20423.11328,22797.70703,22175.84766
Q92610,27284.9375,33298.67188,27979.86914,31082.26172,30982.44727,29966.81055,29846.74219,26527.67578,221157.4844,237749.8125,243851.0469,254452.4531
Q92613,17199.04102,22842.66211,17543.18945,17994.43164,18191.30273,19192.03125,21667.64063,16955.25391,41573.19141,41979.87109,45012.96094,35289.14453
Q92614,35380.65234,34813.71484,35432.48438,36876.40625,37130.45703,36844.29688,35091.26563,35516.73828,40697.57813,44521.22266,47939.07813,47974.99609
Q92615,52701.05078,64076.27344,58393,60728.40234,46610.23828,53507.39844,53084.375,46116,29342.01953,28336.68945,27589.17773,34530.32422
Q92616,35601.19922,36713.47656,36647.55078,37480.14844,31902.7168,31675.11914,30674.80664,30249.47266,18514.85938,17377.18359,17201.54102,15829.31445
Q92619,15566.34082,13400.13965,14558.12305,11563.04102,12150.4834,11288.7334,10606.77246,10546.66406,11979.13867,11122.04297,11550.25879,9876.474609
Q92620,30771.91406,30754.50586,29140.36523,29541.4082,33786.48828,29311.14844,27946.21289,28285.19336,5852.895996,2331.199463,8711.038086,8310.586914
Q92621,43501.94141,45595.03125,44041.86719,45521.24219,46976.77344,46875.08203,46129.52344,45217.83594,43969.51172,35340.36328,37042.41797,29464.42188
Q92664,9252.59668,6651.730469,9013.658203,9186.166992,5255.379883,5166.695801,4528.75,4767.681641,19766.32227,23555.85156,26590.36133,18563.9668
Q92674,6700.065918,5777.802734,11296.74414,10752.70703,10547.48438,5780.737793,10523.57227,9001.518555,33134.34766,32931.20703,34113.89844,30783.35352
Q92688,52008.34766,50322.19141,40922.40625,48418.76563,54443.19531,47202.46484,51053.17969,51029.80078,6410.737305,5781.269043,8260.302734,5480.909668
Q92696,22080.26758,33686.74219,23503.05664,21140.33984,20017.16406,18619.7793,20624.80859,22170.17578,74580.78906,80830.85938,77145.89844,85871.10156
Q92733,48603.26563,45570.98828,46484.15625,47876.01953,55934.80469,44390.71875,44369.35547,46799.66797,6468.268555,6329.601563,5541.868652,4435.583008
Q92747,34345.26953,20921.10938,26134.07227,24029.56055,31381.07422,22392.02539,22009.69531,26424.05664,53017.78125,55526.98047,65809.34375,61090.5625
Q92759,14008.4082,12741.27539,10868.09766,11361.76953,13556.89648,11291.01953,11421.78906,8332.676758,22750.66602,22598.83008,15468.50293,22552.37109
Q92766,43626.26953,44904.58203,42253.40625,40699.93359,37410.48047,44868.04297,40875.16797,44189.00391,18552.03906,16060.95313,26393.50977,18294.18945
Q92769,44914.30859,45745.39063,43468.65234,42922.79688,42892.03906,47807.23828,44468.04688,47109.11328,24865.52734,24622.06055,32130.01172,30299.96875
Q92771,3883.771484,17510.55273,4841.524414,6175.146973,4276.796387,17995.58594,7692.970703,9283.523438,35440.58594,31046.73438,33957.33984,33604.0625
Q92783,27058.64453,28946.79102,31221.17188,37430.72656,42069.96094,27750.67188,31061.43359,30086.27344,24872.87109,24810.58984,25281.11523,26686.46094
Q92785,62991.79688,61123.29688,61439.92969,61444.50781,59927.60938,57204.45703,59800.99219,58328.13281,7381.499023,4313.814941,6343.267578,8250.672852
Q92793,19882.90039,19015.93359,18517.51758,20070.89258,22200.03125,20586.16992,20146.44531,19016.82227,2796.076416,2794.031494,4108.495605,3125.315186
Q92797,47884.25391,45595.07031,47555.12891,49176.73828,50748.61719,49141.01953,50449.01563,53155.36719,24262.53516,21892.91211,20090.83203,39088.73828
Q92804,96850.15625,95394.00781,95581.05469,95201.75,103163.2578,93774.28125,100643.75,104125,474.4070129,2905.274658,1223.867432,2802.033447
Q92805,30616.88477,27536.94141,27809.45117,26993.09375,31647.06836,26800.06641,26901.49805,26619.4668,51644.03906,50016.05469,50105.60156,51107.24219
Q92817,19385.7793,20937.16797,19493.99023,17982.20117,22772.69336,19701.36328,20127.32813,20641.5625,30910.00391,25584.54297,25745.26953,24245.76172
Q92828,13399.06836,13991.98535,11921.50195,10839.81445,12331.18945,10194.6543,9896.033203,7671.911133,29516.00781,33129.68359,30204.69727,39068.61328
Q92830,25995.89648,25055.60547,22939.125,30455.87891,31840.50781,25074.50586,28847.57617,22967.23828,34395.15625,34948.60156,36066.91797,36528.44141
Q92841,118620.2969,109079.0859,109213.4141,109384.3906,116035.1641,110448.5859,109299.2188,110715.7266,40866.94531,42963.5625,38882.77734,43894.62109
Q92878,31838.36719,33627.92578,33816.11328,34228.18359,32684.20703,34447.65234,35306.59375,35067.64844,16835.8418,16205.60156,16613.33594,20190.67578
Q92879,28633.05469,24968.55859,26763.54883,25414.94336,26962.88672,25254.80469,26304.01758,25662.19922,34521.73828,35459.85938,36079.39453,44702.58594
Q92882,7145.05957,8717.46582,8240.56543,8969.793945,6133.068848,7912.575195,7594.736816,6937.619629,40133.76563,41435.57422,45272.62109,47679.07813
Q92888,37839.49219,43873.89844,41820.87891,43869.45313,37092.21875,37937.78906,39569.51953,38438.32422,59840.98828,50940.52734,64100.72656,68900.77344
Q92889,17600.43555,20379.64063,21543.70703,20087.99219,20823.43945,16881.16602,8266.121094,15524.30078,9153.301758,9354.536133,9224.476563,8576.748047
Q92890,65079.48047,75063.75781,71529.46094,65799.47656,73187.38281,72337.75781,70779.47656,64858.82422,183070.625,192449.25,191977.2344,194672.375
Q92896,24955.60156,26222.54102,24273.47461,27172.85938,16647.20898,18992.64453,15959.32227,16547.55664,30042.90039,32694.67773,31054.55078,33918.74219
Q92900,26572.94727,27606.88672,27613.41797,27185.71094,22051.68164,24138.89844,23835.72266,23706.73438,39116.35938,46049.53516,50552.22266,49413.91797
Q92905,20113.54688,22744.71289,23371.63086,23868.82617,19527.85742,18439.71484,18138.08008,20389.91406,37245.5,36583.24609,35045.92969,37535.24219
Q92908,7083.412109,4727.624023,3193.837891,5252.458008,6486.303223,5408.122559,4485.756348,2288.336426,18686.15039,20686.78711,18391.99414,20852.61328
Q92917,51046.00781,51437.53125,52154.32422,52695.66406,50200.25391,50485.58594,52307.56641,55016.91797,49472.94141,49612.02734,46954.82813,44120.04297
Q92922,46661.9375,48453.69922,48774.96484,44979.63672,48295.27734,50152.11328,47902.92188,49226.06641,26570.9707,24640.01563,20602.81055,21500.0918
Q92925,57301.83984,56669.35156,56408.38281,61185.5,60698.73438,62998.26172,64453.77344,65810.78906,21348.78711,18394.89453,20491.10938,26723.00781
Q92945,92301.27344,86643.24219,91767.08594,93687.96094,98822.63281,86928,90201.28906,87940.07813,33334.20313,35137.9375,35508.93359,33206.39063
Q92973,92121.75781,89864.04688,94550.39063,96143.90625,93028.82031,90728.14844,90269.85156,90245.55469,44178.53906,33230.10938,33969.41797,38071.19141
Q92974,30891.09961,31919.44727,30817.12305,29820.24609,31940.91016,29955.79297,26302.4707,26560.70898,34563.28125,32401.16797,30245.59766,46699.76953
Q92979,26289.42773,19652.71875,20348.26758,28030.2207,25760.36914,17658.92188,16606.43555,15708.50879,150508.375,148369.8906,157861.2813,138895.8281
Q92989,22939.4707,25024.54688,28127.52539,27553.91211,23362.7793,29900.39258,27458.33789,26995.8457,30986.49414,30865.12695,39956.46094,26573.40625
Q93008,26564.72852,27930.10547,26721.51953,26718.76953,25351.47852,26048.14844,25519.36328,24530.82617,60083.71875,58497.82031,60839.52344,63021.66406
Q93009,44815.37109,46359.25781,44640.80078,44763.13281,42621.91016,46523.28906,45251.46094,45732.26563,29261.56055,27509.22266,25727.99219,21832.54297
Q93015,24950.13672,57176.77734,63806.60547,70764.26563,38390.58984,58258.04297,76109.96094,40340.1875,4073.042969,7817.846191,2820.414063,4552.644531
Q93034,18921.16406,16396.44922,18335.19922,16836.21484,16425.83789,16449.11523,16472.04102,14009.03418,36105.66406,30086.99805,32420.35938,25270.64844
Q93052,38837.96875,42633.26953,37167.24219,39299.62109,43891.86719,42655.625,38696.88672,37992.30078,135703.1094,137916.9844,139042.5313,147879.0625
Q93062,26462.48828,25760.15625,26401.23633,38163.99219,30018.60742,29167.6875,24494.31641,21351.21875,17463.37109,15457.61816,16199.73633,15623.65039
Q93074,27788.3125,28773.05664,26678.19141,27324.00391,25984.30664,29531.42383,28391.2832,29528.08789,39631.91797,43917.80859,42452.00391,46700.46094
Q969F9,25667.52539,25211.36914,23219.58789,24200.43164,20339.16211,20896.875,21484.70898,21079.87109,34883.53125,32604.00586,31510.72656,29644.99609
Q969G2,13124.28809,11323.78906,11688.20605,9116.205078,15502.39063,9983.663086,11953.30469,11309.98242,39614.83984,43251.76953,40082.29688,38525.79297
Q969G3,67740.11719,62454.82422,63581.53516,60948.9375,71285.13281,57701.75,62361.58594,59339.0625,30979.31836,31357.75781,33038.1875,30279.12109
Q969G6,6437.829102,5311.394531,2903.582031,4022.084473,6195.92334,4037.399902,2324.916992,3057.344727,20471.69922,17494.41211,20152.57813,19997.89453
Q969H6,5482.883789,5645.688477,2971.57251,8016.189453,3191.532227,3325.890625,1752.567627,1917.363403,14239.81055,16165.01563,18520.12695,11887.79395
Q969M3,9539.374023,7143.113281,9525.295898,8683.700195,9359.233398,7493.016113,7396.670898,8252.262695,26070.27734,16800.3457,23076.29883,21223.67383
Q969S3,18027.68945,19558.21484,19250.5957,17734.55078,22507.55469,22078.6875,21838.97266,21174.0293,26012.49219,44106.69141,39196.77734,19673.07617
Q969T4,480337.7813,375789.5313,422949.6875,568484,486267.75,298156.1563,515702.1875,472161.7813,61494.80469,55038.92969,59851.30859,64778.67578
Q969T9,44524.89844,43967.5,42457.64453,48767.63281,44844.3125,39276.1875,39934.48438,38017.57813,38535.67578,36393.72656,44929.86719,44955.21094
Q969U7,61595.17188,49808.96875,54515.22266,59798.17578,61571.77734,42476.43359,46222.28906,40500.32813,23613.27344,20979.32813,22272.8125,20908.79883
Q969X5,25663.47852,26576.67578,27281.375,23732.45898,20431.10938,19700.83203,19705.45117,21698.42969,23354.88672,22680.42188,22244.20508,26646.45313
Q969X6,29326.27344,24967.43555,24324.25781,24785.59766,25464.2168,25832.57031,20630.10547,17734.25977,24748.47852,34175.32813,30848.94336,22886.34766
Q96A33,48858.83203,44137.39453,41660.62109,44202.22266,32348.73242,31690.56445,45093.46094,36777.61719,26186.34766,22575.88477,25623.57813,27333.31836
Q96A49,31663.5957,25769.82617,30091.77344,27828.4668,30477.67969,25349.1875,25267.89453,25056.62305,21109.41211,18174.87305,15003.6377,14930.35742
Q96A65,36869.10938,36839.98047,37159.66016,36084.08203,32355.77734,34720.36719,33959.48828,34474.88281,28655.40625,28400.13672,27819.99023,28390.08203
Q96A72,44504.44531,43233.11719,44232.72266,45331.21875,44921.6875,42668.98438,45237.76172,47598.125,46669.39844,55354.78516,60807.88672,48207.26172
Q96AC1,23389.69922,24019.41016,20423.11328,22797.70703,22175.84766,22199.48438,20956.1543,22154.82422,5965.59668,6233.650879,6585.74707,6668.047363
Q96AE4,243008.0938,221157.4844,237749.8125,243851.0469,254452.4531,229156.6094,240793.6094,243055.5938,9232.537109,9191.087891,9444.939453,10454.04785
Q96AG4,45105.73047,41573.19141,41979.87109,45012.96094,35289.14453,40798.06641,38054.40625,38397.56641,7203.994141,11619.4541,9751.674805,10035.19238
Q96AJ9,54001.30859,40697.57813,44521.22266,47939.07813,47974.99609,39081.08594,37476.05469,11804.68066,37774.84766,37382.60938,38701.73438,35857.76563
Q96AT1,30557.34375,29342.01953,28336.68945,27589.17773,34530.32422,29586.27344,30571.02539,31287.2207,41121.16406,43301.18359,42804.98047,34988.69531
Q96AX1,16571.19531,18514.85938,17377.18359,17201.54102,15829.31445,16067.19043,16681.20898,17070.75391,19877.93359,17424.88867,18437.08008,20989.20508
Q96AY3,10264.37305,11979.13867,11122.04297,11550.25879,9876.474609,6053.678711,7388.084473,7133.95166,28338.04297,30717.40625,26415.92383,33779.16797
Q96AY4,9080.172852,5852.895996,2331.199463,8711.038086,8310.586914,9354.611328,7610.943359,7435.635254,68678.5,73848.26563,71543.05469,65681.25
Q96B01,32868.02344,43969.51172,35340.36328,37042.41797,29464.42188,43560.40625,52332.24609,40427.64453,29633.55273,28666.63867,32883.40625,32333.64453
Q96B23,18489.9043,19766.32227,23555.85156,26590.36133,18563.9668,19091.99414,18475.81641,18214.12891,17432.95117,14678.83984,14785.70117,14479.53125
Q96B26,32812.44922,33134.34766,32931.20703,34113.89844,30783.35352,28328.54883,27357.89844,28041.78516,42916.40234,44275.37109,44038.02734,45334.66797
Q96B36,6192.312988,6410.737305,5781.269043,8260.302734,5480.909668,4906.414551,4276.318359,5732.400879,38484.47266,33493.57813,33656.31641,30043.72852
Q96B54,82436.05469,74580.78906,80830.85938,77145.89844,85871.10156,56234.30859,67119.58594,59335.36719,25037.84766,21780.54102,24510.81641,25587.91992
Q96B70,8678.669922,6468.268555,6329.601563,5541.868652,4435.583008,6782.987305,5566.136719,4293.941895,26292.4668,26406.91992,27459.42383,25810.04102
Q96BD5,58171.59766,53017.78125,55526.98047,65809.34375,61090.5625,64052.63672,61495.34375,66968,81522.17969,79941.82813,87014,75213.57813
Q96BD8,24632.5293,22750.66602,22598.83008,15468.50293,22552.37109,17869.1875,20590.86328,21276.02734,15747.31152,17094.86133,18657.69922,13588.90234
Q96BJ3,19573.27148,18552.03906,16060.95313,26393.50977,18294.18945,13604.44238,15763.39063,14816.88574,59332.48047,55006.78906,55422.86328,57776.80469
Q96BJ8,36928.11719,24865.52734,24622.06055,32130.01172,30299.96875,26637.55664,20827.80859,24381.14453,24767.63477,14869.62598,15671.2168,19673.88867
Q96BN8,34273.60156,35440.58594,31046.73438,33957.33984,33604.0625,29717.71875,29280.61328,27383.77539,19533.54492,18686.64453,16767.61914,31678.79297
Q96BP3,25769.70117,24872.87109,24810.58984,25281.11523,26686.46094,23771.4043,25632.44727,23129.54688,37822.71484,36145.83203,38192.69531,40704.03516
Q96BR5,2195.076904,7381.499023,4313.814941,6343.267578,8250.672852,5610.968262,5675.031738,8344.875,43166.52344,50736.78516,52551.60547,51755.88672
Q96BY9,3389.065674,2796.076416,2794.031494,4108.495605,3125.315186,2327.824219,3675.682861,5404.923828,41913.31641,47002.96484,45222.02344,49495.5
Q96BZ8,23302.06055,24262.53516,21892.91211,20090.83203,39088.73828,21624.17773,20720.89453,21115.97852,27873.4707,21719.17578,20864.82031,20668.62109
Q96C00,3912.619629,474.4070129,2905.274658,1223.867432,2802.033447,1503.435059,2221.41626,1034.554443,20871.85938,18433.93359,18892.32617,21714.80078
Q96C19,54161.21875,51644.03906,50016.05469,50105.60156,51107.24219,46254.85938,47944.96484,47151.73438,30497.19336,29726.82031,29615.06445,34794.76172
Q96C23,29334.33984,30910.00391,25584.54297,25745.26953,24245.76172,19544.23047,19637.49414,18044.94336,11878.17871,7841.108398,10381.6416,11991.95898
Q96C57,34181.62891,29516.00781,33129.68359,30204.69727,39068.61328,29264.99805,30679.24219,32213.35156,18777.50195,21945.52344,18560.14063,13224.2959
Q96C86,39126.78516,34395.15625,34948.60156,36066.91797,36528.44141,29816.18359,33646.71875,32978.36719,26428.75781,29555.64453,27133.48828,26878.82813
Q96C90,41613.60156,40866.94531,42963.5625,38882.77734,43894.62109,35967.35156,40929.91797,35944.49219,12265.66895,17579.80469,13283.63574,22089.59961
Q96C92,11325.58691,16835.8418,16205.60156,16613.33594,20190.67578,15350.15625,11818.4375,18631.01953,25607.71484,18476.0918,19906.84766,17622.2832
Q96CB8,39275.11719,34521.73828,35459.85938,36079.39453,44702.58594,34224.64453,41707.04688,46109.84766,37239.19922,40805.53516,39619.59766,45667.22266
Q96CD0,39696.92578,40133.76563,41435.57422,45272.62109,47679.07813,37183.78125,39880.9375,39826.37891,25124.65234,23641.84766,23298.16016,25168.15625
Q96CN7,38490.07031,59840.98828,50940.52734,64100.72656,68900.77344,40070.23438,32058.16406,35901.40625,41172.9375,42914.875,44977.67188,45264.32813
Q96CN9,10144.26465,9153.301758,9354.536133,9224.476563,8576.748047,7776.03418,8529.451172,8079.441895,40655.12109,43516.12891,42739.54688,44380.46094
Q96CP2,204773.3594,183070.625,192449.25,191977.2344,194672.375,157987.4844,166605.5313,172577.9219,16008.99219,13271.13281,13533.96582,13946.80273
Q96CS2,33855.98438,30042.90039,32694.67773,31054.55078,33918.74219,31607.58398,28195.09961,25572.0293,19205.77539,19760.1582,17575.32227,18530.73438
Q96CS3,49433.90234,39116.35938,46049.53516,50552.22266,49413.91797,37975.82031,39062.57422,40110.28125,18612.0957,14184.27539,15265.25,13461.53027
Q96CT7,35854.15234,37245.5,36583.24609,35045.92969,37535.24219,31142.38672,34552.30469,31320.80664,26514.46289,23284.72656,15510.72559,30969.45313
Q96CV9,22970.25977,18686.15039,20686.78711,18391.99414,20852.61328,16853.62305,18600.0957,17106.46484,22109.70117,18077.64648,19908.4707,16842.08984
Q96CW1,46780,49472.94141,49612.02734,46954.82813,44120.04297,44448.74219,49516.48047,48734.01172,33574.64453,34402.84766,33535.44141,35522.17578
Q96CW5,26716.45703,26570.9707,24640.01563,20602.81055,21500.0918,23200.35938,22493.70703,20371.41602,32751.86523,32612.05469,35659.73438,35796.82031
Q96D15,36428.46484,21348.78711,18394.89453,20491.10938,26723.00781,13602.5791,14492.67969,13969.57813,10799.40332,10078.19043,10274.3916,12702.97754
Q96D46,34494.43359,33334.20313,35137.9375,35508.93359,33206.39063,34461.65234,34207.32813,37450.80469,39133.55859,37809.18359,39276.97656,41871.47266
Q96DC7,40113.66797,44178.53906,33230.10938,33969.41797,38071.19141,46024.52344,57224.83984,37560.17578,19923.22656,21552.61523,20326.95703,25203.69531
Q96DF8,39654.06641,34563.28125,32401.16797,30245.59766,46699.76953,33755.11328,32571.84961,29843.92383,19894.46875,18032.60742,19762.75391,19123.68164
Q96DG6,146528.6875,150508.375,148369.8906,157861.2813,138895.8281,148033.1875,146390.5625,156141.8125,21624.47656,20318.52734,20989.25,21398.63477
Q96DH6,33808.17969,30986.49414,30865.12695,39956.46094,26573.40625,27612.25,26542.49219,26208.25781,17769.4375,23346.08008,21151.8418,17683.60742
Q96DI7,63950.64453,60083.71875,58497.82031,60839.52344,63021.66406,58137.5,57864.17188,58148.39063,41718.63281,42032.65234,40715.83984,39802.62891
Q96DX5,27708.36523,29261.56055,27509.22266,25727.99219,21832.54297,25552.54297,24137.64648,23836.15234,81209.89063,86492.53906,92370.53906,87557.91406
Q96E11,4936.849609,4073.042969,7817.846191,2820.414063,4552.644531,3096.080322,2523.29541,3710.390869,8741.210938,8599.164063,3384.212891,7436.411133
Q96E14,31745.25391,36105.66406,30086.99805,32420.35938,25270.64844,21432.73047,20722.5332,19111.66211,40337.55469,11344.32617,29269.5625,28065.83594
Q96E39,140967.4375,135703.1094,137916.9844,139042.5313,147879.0625,140977.6875,141006.6719,146098.4844,65440.47266,54458.11328,59319.21484,37191.73828
Q96EA4,15565.60059,17463.37109,15457.61816,16199.73633,15623.65039,18704.92188,16382.25195,19220.24609,14049.73242,13263.29883,12803.60254,14959.44727
Q96EB6,44678.39453,39631.91797,43917.80859,42452.00391,46700.46094,44000.36719,41833.87891,45359.625,63398.69922,50487.625,81086.17969,103524.8906
Q96EE3,31742.96875,34883.53125,32604.00586,31510.72656,29644.99609,32827.60156,28895.12891,31111.45117,46672.47266,40896.99219,44061.80859,38907.69531
Q96EI5,43273.54688,39614.83984,43251.76953,40082.29688,38525.79297,35379.30859,34121.02344,36380.05078,36686.41797,32059.33789,34571.60938,40987.09375
Q96EK5,30242.17969,30979.31836,31357.75781,33038.1875,30279.12109,31830.89844,32396.76563,32238.33398,62029.91016,62462.26172,59065.41406,68688.13281
Q96EK6,22138.37305,20471.69922,17494.41211,20152.57813,19997.89453,18826.08008,17776.70508,19916.81055,19040.7793,18137.38867,17546.42188,19129.89844
Q96EK7,15012.43164,14239.81055,16165.01563,18520.12695,11887.79395,16397.10938,12344.71582,11641.70117,29768.26758,29616.53125,31000.83203,27142.55078
Q96EK9,23681.01367,26070.27734,16800.3457,23076.29883,21223.67383,14257.69629,20587.83008,14114.70801,58566.70313,55179.27734,54938.07031,54292.61719
Q96EN8,17830.80078,26012.49219,44106.69141,39196.77734,19673.07617,32067.57031,16451.08594,7733.82666,14933.53418,15597.38379,12998.32031,14639.74707
Q96EP0,41672.44922,61494.80469,55038.92969,59851.30859,64778.67578,47045.87109,66004.17969,99077.44531,13756.96484,12596.83984,13644.50488,11777.42188
Q96EP5,41991.27734,38535.67578,36393.72656,44929.86719,44955.21094,38010.04688,40636.34375,37816.86719,43062.59375,41150.08594,51604.57031,50408.49609
Q96ER3,20510.81836,23613.27344,20979.32813,22272.8125,20908.79883,22599.36328,23601.74609,21419.26953,13606.99219,13744.75977,16064.9707,14378.9541
Q96ES7,24691.20313,23354.88672,22680.42188,22244.20508,26646.45313,21843.89063,20082.35742,19639.51563,19624.50977,19873.09375,19860.58594,19287.72266
Q96EU6,24635.89648,24748.47852,34175.32813,30848.94336,22886.34766,30446.15234,30966.25977,32634.93555,27261.37891,28300.27344,26821.46875,31673.24609
Q96EV2,24099.48047,26186.34766,22575.88477,25623.57813,27333.31836,26079.01367,24420.27539,25460.86133,22049.69141,21509.26758,51253.6875,35482.85156
Q96EX3,18961.8418,21109.41211,18174.87305,15003.6377,14930.35742,19412.73828,18415.88867,20788.11914,56476.18359,53571.78125,53046.07813,52915.45703
Q96EY4,26538.16211,28655.40625,28400.13672,27819.99023,28390.08203,26613.96289,28993.05078,30951.55664,34590.32422,31351.00977,34363.19531,36975.26172
Q96EY5,54207.13672,46669.39844,55354.78516,60807.88672,48207.26172,29276.43555,29128.02344,38307.24219,29225.80859,24177.83398,23193.4668,29907.34766
Q96F24,5533.407227,5965.59668,6233.650879,6585.74707,6668.047363,4534.685059,6137.638672,8049.396484,48938.23438,37056.24219,42740.89453,38066.33594
Q96F44,9793.867188,9232.537109,9191.087891,9444.939453,10454.04785,7213.414551,9574.094727,5048.433594,31078.63281,26730.56055,27052.40039,36396.98438
Q96F45,16487.0332,7203.994141,11619.4541,9751.674805,10035.19238,8815.06543,8970.260742,7786.945313,17077.91016,18424.60938,17135.88281,16632.35742
Q96F63,38808.04297,37774.84766,37382.60938,38701.73438,35857.76563,34756.64063,36704.125,36961.74219,37125.79688,36177.1875,36315.96094,37150.39063
Q96F86,41309.61719,41121.16406,43301.18359,42804.98047,34988.69531,39076.5625,34891.9375,35062.86328,28454.76758,26647.33789,24970.75586,23804
Q96FC9,19057.50586,19877.93359,17424.88867,18437.08008,20989.20508,18583.29492,19448.27148,19182.53516,58745.82422,56060.89844,59869.32031,56111.27344
Q96FF9,31068.76758,28338.04297,30717.40625,26415.92383,33779.16797,21044.01563,25205.2207,24485.81445,34087.71094,33874.52344,34429.65234,36471.15234
Q96FJ2,70068.10938,68678.5,73848.26563,71543.05469,65681.25,65806.42969,76436.38281,76514.24219,27964.46094,18740.45313,25605.87109,23852.83008
Q96FK6,35527.67578,29633.55273,28666.63867,32883.40625,32333.64453,23483.99609,29803.81055,33928.18359,19061.80078,18553.19531,19465.38672,17747.32813
Q96FN4,15979.54492,17432.95117,14678.83984,14785.70117,14479.53125,12653.19629,3638.352295,11776.81055,14665.52539,13859.12207,13319.40918,13165.12793
Q96FQ6,46145.63281,42916.40234,44275.37109,44038.02734,45334.66797,43327.64063,47379.40625,44199.71094,25252.74805,23410.32031,25737.23242,21342.83984
Q96FS4,39064.59375,38484.47266,33493.57813,33656.31641,30043.72852,28378.00195,31254.58984,31360.58984,15167.82227,15619.10645,15902.95703,15604.4502
Q96FV2,27608.00781,25037.84766,21780.54102,24510.81641,25587.91992,24230.56445,20267.4082,24589.76758,49766.41797,52731.34375,53309.78125,51851.69922
Q96FV9,26670.60938,26292.4668,26406.91992,27459.42383,25810.04102,23820.22656,23033.6875,24497.82031,5902.595215,7153.997559,5457.937012,9495.152344
Q96FW1,80335.3125,81522.17969,79941.82813,87014,75213.57813,73788.60938,71111.80469,69573.89844,25461.23047,24720.29297,26073.41406,28855.98828
Q96FX7,17727.65234,15747.31152,17094.86133,18657.69922,13588.90234,9403.925781,13399.65332,12720.91504,50765.12109,40462.53906,56592.04688,43369.75391
Q96FZ2,59441.71094,59332.48047,55006.78906,55422.86328,57776.80469,56929.33594,57881.11328,54437.85156,8772.455078,7806.621094,7583.277832,10042.79492
Q96FZ7,17192.84375,24767.63477,14869.62598,15671.2168,19673.88867,27405.34961,26809.13281,6888.74707,25707.86523,26942.13477,24213.98047,26697.09961
Q96G03,30885.10742,19533.54492,18686.64453,16767.61914,31678.79297,10407.86523,9253.286133,12490.02832,11715.79492,13909.11914,12336.40527,19330.57813
Q96G21,37218.14844,37822.71484,36145.83203,38192.69531,40704.03516,36389.05469,39973.39453,36138.26953,26783.11133,26201.49219,24605.27539,25823.38672
Q96G23,53496.04297,43166.52344,50736.78516,52551.60547,51755.88672,51651.75,46045.61719,45341.70313,30380.32813,30076.38477,30883.58008,30564.68555
Q96G25,47933.5,41913.31641,47002.96484,45222.02344,49495.5,43384.38672,49356.96875,43951.21875,24670.43945,22372.60742,26046.80078,21802.70117
Q96G28,20714.83789,27873.4707,21719.17578,20864.82031,20668.62109,22581.31445,24718.5957,26503.53906,38201.64453,40947.44531,44204.07813,45164.1875
Q96G46,21382.92188,20871.85938,18433.93359,18892.32617,21714.80078,18850.81836,17406.33008,19147.88477,17678.5,15416.72559,19724.98633,16534.63281
Q96G74,30510.98438,30497.19336,29726.82031,29615.06445,34794.76172,32227.76953,31882.20703,34061.5,38212.07031,37350.00781,39636.83594,40295.32422
Q96GA3,8722.088867,11878.17871,7841.108398,10381.6416,11991.95898,13120.11719,13806.25586,10870.14746,9316.545898,10949.36621,13191.20605,10132.83984
Q96GD0,18006.95313,18777.50195,21945.52344,18560.14063,13224.2959,21351.81836,17833.48047,18642.55859,90438.66406,78245.51563,81948.71875,84113.91406
Q96GD4,30133.36523,26428.75781,29555.64453,27133.48828,26878.82813,26080.09961,26056.9668,24227.30273,19334.26367,22288.81055,23050.71484,5734.51123
Q96GG9,29048.14453,12265.66895,17579.80469,13283.63574,22089.59961,11664.57324,14627.58008,10139.21094,58945.67969,62885.39453,59078.71484,55764.09375
Q96GK7,18142.0957,25607.71484,18476.0918,19906.84766,17622.2832,21309.21484,18259.37695,17150.93555,20320.57813,29486.16016,33575.30078,32133.04492
Q96GM5,42235.60156,37239.19922,40805.53516,39619.59766,45667.22266,40919.18359,40059.53516,39330.01563,9501.063477,7480.044434,4003.525146,3758.9104
Q96GM8,26708.8457,25124.65234,23641.84766,23298.16016,25168.15625,25226.22461,23747.97656,25112.09375,44478.16406,44138.29688,41611.75,35498.32813
Q96GN5,43154.92188,41172.9375,42914.875,44977.67188,45264.32813,46922.45703,49977.89844,49057.28906,18763.27734,17704.18945,18895.11523,21287.58789
Q96GQ7,43125.26953,40655.12109,43516.12891,42739.54688,44380.46094,41596.51953,44163.83594,40153.14063,10903.83105,11137.71094,13636.74414,14710.89355
Q96GS4,13436.41406,16008.99219,13271.13281,13533.96582,13946.80273,10703.13574,13185.13184,13222.22266,23254.83789,23991.11523,23537.82813,24964.18164
Q96GX5,16389.78711,19205.77539,19760.1582,17575.32227,18530.73438,17976.39258,17959.47266,20103.4082,56520.90625,54399.19922,56487.78516,61935.1875
Q96GX9,12088.85059,18612.0957,14184.27539,15265.25,13461.53027,13337.92676,17062.71875,16873.41406,81576.55469,55684.95703,68906.79688,73765.14063
Q96GY3,22038.10352,26514.46289,23284.72656,15510.72559,30969.45313,23670.64453,21549.80273,20637.16406,2277.760986,2558.996826,2634.36084,6058.652832
Q96H20,20366.81445,22109.70117,18077.64648,19908.4707,16842.08984,19050.90234,21532.33008,19324.88477,17304.22461,15543.23535,15113.15039,18907.73828
Q96H79,40323.79688,33574.64453,34402.84766,33535.44141,35522.17578,31780.92578,30344.43164,28567.32227,23725.8418,27179.0332,27056.25586,26376.58789
Q96HA1,32108.24609,32751.86523,32612.05469,35659.73438,35796.82031,36977.46094,33494.96484,33495.21484,27156.70508,28755.1543,28040.70703,30319.16797
Q96HA7,10708.82617,10799.40332,10078.19043,10274.3916,12702.97754,11307.01953,11201.33105,10170.28125,28361.83594,26203.40625,27752.46289,26299.08008
Q96HC4,35893.90625,39133.55859,37809.18359,39276.97656,41871.47266,45663.71484,44576.76953,41968.90234,39164.50391,40425.61719,42192.82422,38316.51953
Q96HR3,25871.58789,19923.22656,21552.61523,20326.95703,25203.69531,8569.709961,12478.15039,8014.680176,25388.86523,24483.2207,25989.69727,29104.14258
Q96HR8,17770.42773,19894.46875,18032.60742,19762.75391,19123.68164,21580.03711,20933.83398,18592.01563,19461.84375,23180.94141,25024.65625,27541.07031
Q96HW7,20853.38281,21624.47656,20318.52734,20989.25,21398.63477,22317.76563,20894.97266,20441.92969,34348.32031,31586.71875,31634.73242,18199.80273
Q96HY6,24482.67578,17769.4375,23346.08008,21151.8418,17683.60742,16609.60547,20466.04883,14941.76953,98773.64844,97569.89063,99532.32813,109653.5391
Q96I24,39408.07031,41718.63281,42032.65234,40715.83984,39802.62891,38397.48047,39519.42188,40346.28125,19298.32422,20856.49414,17367.48242,20571.54297
Q96I25,85848.33594,81209.89063,86492.53906,92370.53906,87557.91406,88481.53125,91528.08594,89870.47656,31582.11523,27423.96094,32155.45508,26893.49805
Q96I99,10186.26758,8741.210938,8599.164063,3384.212891,7436.411133,2727.314697,2298.153809,2572.473633,19361.87695,21341.48242,20759.70703,25809.99023
Q96IK1,57175.28516,40337.55469,11344.32617,29269.5625,28065.83594,11589.50879,15353.75684,40830.04297,36565.87891,37816.44141,43146.16016,42869.79297
Q96IQ9,63913.07031,65440.47266,54458.11328,59319.21484,37191.73828,43314.25391,55568,59859.48438,23478.59766,21991.45898,21500.20508,23673.55078
Q96IR2,13583.03516,14049.73242,13263.29883,12803.60254,14959.44727,15006.30273,13541.77246,15704.66113,24175.00586,23700.82813,22428.54883,25305.75
Q96IU2,91636.24219,63398.69922,50487.625,81086.17969,103524.8906,44757.3125,48948.57031,53486.72656,10217.24023,6693.365234,6096.742188,6163.758789
Q96IU4,43070.85938,46672.47266,40896.99219,44061.80859,38907.69531,37912.77734,38665.10547,36659.60547,17589.83594,17444.125,15822.31055,6448.612305
Q96IY1,37177.26953,36686.41797,32059.33789,34571.60938,40987.09375,35076.86328,35269.32031,33533.25,13114.60938,9647.554688,10731.09375,13325.19141
Q96IZ0,66658.74219,62029.91016,62462.26172,59065.41406,68688.13281,57027.84375,60061.00781,60228.57422,59851.32422,59824.12109,60003.89063,58413.24609
Q96IZ7,19514.5293,19040.7793,18137.38867,17546.42188,19129.89844,13199.59668,16295.6084,11556.51074,19594.99023,18796.43555,26740.18555,37556.60547
Q96J01,30193.24023,29768.26758,29616.53125,31000.83203,27142.55078,25604.76758,24324.98242,29570.76367,21134.82617,18800.87305,21798.66406,23278.68359
Q96J02,47204.74219,58566.70313,55179.27734,54938.07031,54292.61719,50403.33984,54506.00781,45520.04297,59417.30859,59761.99609,60714.96875,49700.08984
Q96JB2,13130.54395,14933.53418,15597.38379,12998.32031,14639.74707,13680.81836,13136.08594,11711.69922,14296.76953,15175.99707,15663.04199,11740.88086
Q96JB5,11041.59668,13756.96484,12596.83984,13644.50488,11777.42188,13523.52441,13571.75391,12186.35254,25513.35352,15613.15332,8983.289063,13814.63477
Q96JC1,70846.26563,43062.59375,41150.08594,51604.57031,50408.49609,41613.22656,41910.99219,56401.20313,14163.97363,13712.64355,14793.7334,15841.26367
Q96JG6,14453.7373,13606.99219,13744.75977,16064.9707,14378.9541,13217.96777,13074.43262,8767.154297,17514.37891,17781.70898,16775.33984,18936.36328
Q96JH7,19835.96875,19624.50977,19873.09375,19860.58594,19287.72266,16398.82227,18275.38281,15154.09082,25277.5918,25752.95898,25811.82031,26131.23633
Q96JM3,28614.7832,27261.37891,28300.27344,26821.46875,31673.24609,28440.66406,27259.16797,27651.23828,18916.92188,18462.91016,18660.02734,17764.79492
Q96JN8,50301.65625,22049.69141,21509.26758,51253.6875,35482.85156,16596.56445,31344.25977,29136.48242,29901.41992,31037.50586,25907.47656,28485.48047
Q96JP2,51043.53125,56476.18359,53571.78125,53046.07813,52915.45703,53423.58594,54368.01563,55713.35547,46393.83594,2449.95874,49571.125,68406.55469
Q96JP5,32422.7793,34590.32422,31351.00977,34363.19531,36975.26172,38470.14453,38858.37891,36701.94141,14608.72461,13451.13672,16188.70801,7493.793457
Q96JY6,29725.87109,29225.80859,24177.83398,23193.4668,29907.34766,23823.95898,26077.78711,18998.92383,30052.91016,29290.70898,28495.17188,29004.41602
Q96K21,37302.05469,48938.23438,37056.24219,42740.89453,38066.33594,37689.83203,47447.16016,16483.46484,30161.19336,32607.39063,32053.71875,28830.04883
Q96K37,40320.55859,31078.63281,26730.56055,27052.40039,36396.98438,21362.02148,23787.35547,21591.00586,35650.875,38251.85938,36310.72266,32918.54297
Q96K58,19238.74805,17077.91016,18424.60938,17135.88281,16632.35742,17576.48633,16734.09375,18501.2832,32247.07617,31254.55469,26430.71094,31335.78516
Q96K76,37575.74609,37125.79688,36177.1875,36315.96094,37150.39063,36385.29297,36798.10156,33328.12109,26864.50781,28320.95117,26947.37109,22070.2793
Q96K80,25400.19141,28454.76758,26647.33789,24970.75586,23804,27635.28516,27621.83984,27023.84766,3518.77124,5893.663574,6898.833496,4743.352051
Q96KB5,57677.90625,58745.82422,56060.89844,59869.32031,56111.27344,51515.65625,58032.5,54845.76172,25809.00586,24567.31055,24964.76367,26193.86719
Q96KG9,36032.8125,34087.71094,33874.52344,34429.65234,36471.15234,32485.74414,29599.85547,31783.05664,45508.74219,46197.92578,49061.16797,40670.84766
Q96KM6,26905.36523,27964.46094,18740.45313,25605.87109,23852.83008,25506.13672,21148.33594,25577.58984,16038.64355,16377.93555,17993.86914,14706.02539
Q96KP1,20294.14648,19061.80078,18553.19531,19465.38672,17747.32813,17180.18359,16145.19043,16362.82129,24156.42969,23234.6582,22878.16016,23751.49219
Q96KP4,13575.8291,14665.52539,13859.12207,13319.40918,13165.12793,14154.30664,12061.49316,14580.99902,27274.36523,25945.20313,24969.33789,26464.60547
Q96KQ4,25354.39258,25252.74805,23410.32031,25737.23242,21342.83984,18883.90039,19354.56055,20197.84375,19427.95313,19479.67773,16369.67285,23206.31836
Q96KQ7,15513.25098,15167.82227,15619.10645,15902.95703,15604.4502,15147.69531,16066.35742,15120.70313,13673.23438,13493.52148,14822.53027,13556.61328
Q96KR1,52126.32813,49766.41797,52731.34375,53309.78125,51851.69922,50925.86719,51243.87891,49827.84766,23558.10352,25517.41016,24020.78516,21984.87305
Q96KV7,2580.556396,5902.595215,7153.997559,5457.937012,9495.152344,4207.660156,4373.837402,6431.527344,27612.41211,26692.23438,28464.49023,29344.51758
Q96L91,25591.23633,25461.23047,24720.29297,26073.41406,28855.98828,27833.01563,27540.46484,25440.71875,35006.97266,34556.42969,33938.05469,37136.60547
Q96L92,51364.05469,50765.12109,40462.53906,56592.04688,43369.75391,45885.07813,37755.51953,36891.57813,25641.13477,25538.125,27095.04883,24095.87305
Q96LA8,8445.946289,8772.455078,7806.621094,7583.277832,10042.79492,5109.438965,2953.716553,2629.312012,17230.44336,15925.33203,13388.52441,16883.48047
Q96LD4,26993.33008,25707.86523,26942.13477,24213.98047,26697.09961,24208.09375,23035.85547,23185.41211,22604.77539,26503.71484,23043.0918,24465.4668
Q96LT9,15234.63281,11715.79492,13909.11914,12336.40527,19330.57813,11598.43555,11952.21973,10403.90234,16058.82227,19143.62305,21929.05078,18241.06055
Q96ME1,26839.83984,26783.11133,26201.49219,24605.27539,25823.38672,22931.32813,30044.49609,21842.22461,31774.58594,31756.81836,31499.28125,34052.60156
Q96ME7,33320.91406,30380.32813,30076.38477,30883.58008,30564.68555,31689.23633,31162.25781,31905.10938,43053.39063,44347.46484,43768.30469,44803.96094
Q96MF7,24399.24219,24670.43945,22372.60742,26046.80078,21802.70117,24884.47461,24206.51367,25192.56836,30718.23828,27115.27734,29094.14258,28171.83008
Q96MG7,47251.40234,38201.64453,40947.44531,44204.07813,45164.1875,35580.42188,30011.56055,32092.95508,22794.97266,22325.54297,22745.23633,25060.74219
Q96MH2,18264.06055,17678.5,15416.72559,19724.98633,16534.63281,14892.6582,18624.57813,12489.50488,14654.03906,13227.82227,15515.10547,12571.12598
Q96MU7,38082.65234,38212.07031,37350.00781,39636.83594,40295.32422,40225.1875,39157.54297,38407.01172,16367.88965,17192.20313,15584.99902,16945.43359
Q96MW1,16288.75781,9316.545898,10949.36621,13191.20605,10132.83984,8321.94043,2369.147705,8059.101563,57355.69922,61202.32031,59478.85938,63645.74219
Q96MW5,82923.17188,90438.66406,78245.51563,81948.71875,84113.91406,83392.15625,78952.66406,78892.92188,24902.57617,27181.20117,25656.37695,23097.03125
Q96MX6,25483.14453,19334.26367,22288.81055,23050.71484,5734.51123,14965.31055,21251.16797,3391.282959,21204.21484,25640.84961,23184.39648,27257.33984
Q96MY1,57574.01953,58945.67969,62885.39453,59078.71484,55764.09375,46778.25,55069.14453,55072.54297,38605.70313,35654.60938,37989.42578,36822.94531
Q96N21,39315.75391,20320.57813,29486.16016,33575.30078,32133.04492,34350.76563,28686.96094,32624.06836,58997.45313,57148.78516,58638.34375,56234.16406
Q96N46,5480.324219,9501.063477,7480.044434,4003.525146,3758.9104,7256.631836,6562.002441,6313.663086,14539.31445,13345.48633,14054.0791,9611.396484
Q96N66,45577.00781,44478.16406,44138.29688,41611.75,35498.32813,34186.69141,32503.1543,32637.10352,41510.48047,49985.23828,47468.42969,47201.34375
Q96N67,20794.58398,18763.27734,17704.18945,18895.11523,21287.58789,18901.66406,19334.05859,18698.17188,32728.67578,41530.89844,37275.48828,42923.05078
Q96NA2,15380.66113,10903.83105,11137.71094,13636.74414,14710.89355,8702.275391,9644.470703,7976.616211,51852.93359,53759.62891,55029.47656,56800.25
Q96NB3,24058.48242,23254.83789,23991.11523,23537.82813,24964.18164,23928.92383,22487.74805,21350.94141,21595.41797,20299.2793,21655.21875,17508.64648
Q96NC0,57247.83203,56520.90625,54399.19922,56487.78516,61935.1875,51939.98828,50654.47266,56177.9375,35208.01563,36388.17969,36170.1875,36054.53516
Q96NU1,80167.10938,81576.55469,55684.95703,68906.79688,73765.14063,84800.61719,89621.35156,74958.85156,7467.476074,9702.183594,11280.98633,12316.82617
Q96NY9,34484.37891,2277.760986,2558.996826,2634.36084,6058.652832,42134.46094,38096.14063,36039.28516,70987.75781,71197.35156,71858.15625,65325.65625
Q96P11,17571.26172,17304.22461,15543.23535,15113.15039,18907.73828,16172.34375,15342.44922,12942.39941,62765.85547,59415.91797,59931.53906,58802.40234
Q96P16,29027.74414,23725.8418,27179.0332,27056.25586,26376.58789,23881.55273,20314.64453,27118.26172,10161.96094,12192.26172,11899.12207,13181.48145
Q96P47,32142.67969,27156.70508,28755.1543,28040.70703,30319.16797,28471.34961,26698.29102,26564.85547,24323.48047,24292.26563,23725.88281,22318.50977
Q96P48,25387.58203,28361.83594,26203.40625,27752.46289,26299.08008,27251.60352,28735.29297,27474.98438,20150.74023,19312.19727,23686.56445,23114.98438
Q96P70,38313.58984,39164.50391,40425.61719,42192.82422,38316.51953,34687.79688,35083.89063,36317.24219,38064.08984,35950.99609,38346.10156,36023.64063
Q96PC5,27416.09961,25388.86523,24483.2207,25989.69727,29104.14258,25874.91211,28102.23047,27166.26758,58224.53906,57951.46875,56501.11719,57797.74609
Q96PE2,30771.89063,19461.84375,23180.94141,25024.65625,27541.07031,24916.38477,28780.43555,27226.9043,24849.22852,23047.91016,18274.30078,20729.95508
Q96PE3,22875.34766,34348.32031,31586.71875,31634.73242,18199.80273,26520.59961,35371.09766,28722.21289,14951.87402,13878.79785,15170.99805,12876.69141
Q96PK6,100530.4375,98773.64844,97569.89063,99532.32813,109653.5391,96395.78125,98734.63281,102523.2578,26426.99609,26280.96289,26213.07031,26153.52539
Q96PM5,18976.87305,19298.32422,20856.49414,17367.48242,20571.54297,15027.27148,15235.82617,16396.17578,60545.67188,59162.20313,60503.39063,61433.28906
Q96PM9,24570.86133,31582.11523,27423.96094,32155.45508,26893.49805,32170.94141,29127.125,33259.46484,42252.40625,42847.68359,42033.0625,47254.08984
Q96PU4,21419.46289,19361.87695,21341.48242,20759.70703,25809.99023,25026.40625,24053.51367,16825.25586,8244.388672,9733.1875,15130.91406,9554.765625
Q96PU8,38526.44531,36565.87891,37816.44141,43146.16016,42869.79297,33686.24609,32962.28516,31601.64258,32362.10156,30379.23438,30161.88086,23248.05859
Q96PV6,20843.64648,23478.59766,21991.45898,21500.20508,23673.55078,24320.00195,23318.16992,22721.61328,26329.0332,29114.49609,28170.76172,29313.27148
Q96PZ0,25983.12305,24175.00586,23700.82813,22428.54883,25305.75,22889.25781,23013.5,21595.16016,38224.41016,38542.43359,37182.50781,38462.80078
Q96PZ2,5880.733887,10217.24023,6693.365234,6096.742188,6163.758789,6439.425293,5391.428223,4845.797363,20855.9082,20431.01563,20694.08398,22983.49414
Q96Q06,12048.47363,17589.83594,17444.125,15822.31055,6448.612305,15667.90332,14269.09668,14452.8252,4306.319824,2932.453857,7914.743652,3900.507568
Q96Q11,12834.99609,13114.60938,9647.554688,10731.09375,13325.19141,8778.446289,9262.808594,6323.026855,36802.76563,37343.33984,33743.81641,13510.34277
Q96QC0,57717.41797,59851.32422,59824.12109,60003.89063,58413.24609,61153.07813,59715.01172,59454,22349.33984,23995.46875,24357.65039,25893.58789
Q96QD9,26402.44336,19594.99023,18796.43555,26740.18555,37556.60547,17954.16602,17500.70313,17083.64063,18461.39063,18086.66016,19333.12305,19230.01172
Q96QE3,20679.95898,21134.82617,18800.87305,21798.66406,23278.68359,21008.24609,18190.63867,17153.1543,55938.89063,55521.64844,53956.625,54924.02344
Q96QK1,56466.58594,59417.30859,59761.99609,60714.96875,49700.08984,55822.17188,55583.80469,58299.26563,13866.61914,13378.68164,19231.58203,15313.20313
Q96QR8,12015.59277,14296.76953,15175.99707,15663.04199,11740.88086,15069.77148,14470.60938,13825.64648,20210.37695,17611.8457,19708.44531,21148.96289
Q96QT6,21031.2832,25513.35352,15613.15332,8983.289063,13814.63477,10546.36426,14467.38281,11045.67871,12717.01563,11578.86719,12093.79395,10194.44531
Q96QU8,15260.87109,14163.97363,13712.64355,14793.7334,15841.26367,14241.17676,15348.11035,13972.05273,21913.52148,21342.08203,19798.67383,22858.29492
Q96R06,18205.58594,17514.37891,17781.70898,16775.33984,18936.36328,17918.60156,16456.0332,17584.26953,7627.357422,8431.680664,9932.263672,8506.208008
Q96RE7,26141.30469,25277.5918,25752.95898,25811.82031,26131.23633,25708.72266,26058.91797,25650.06641,52743.67969,45101.17578,46053.90234,47518.375
Q96RL1,19634.34766,18916.92188,18462.91016,18660.02734,17764.79492,14313.66992,15678.04492,14258.16211,56141.26172,59811.0625,58435.79688,58943.93359
Q96RN5,26935.78906,29901.41992,31037.50586,25907.47656,28485.48047,25304.13672,25759.19727,27595.75586,27071.39258,37321.96875,35060.78516,35538.55078
Q96RP9,83778.63281,46393.83594,2449.95874,49571.125,68406.55469,47600.91797,48357.21484,4739.331055,5252.027344,5673.333496,3550.621338,4909.901367
Q96RS0,14152.77637,14608.72461,13451.13672,16188.70801,7493.793457,16565.01758,19776.83008,15380.17676,42021.89453,37334.59766,46354.77734,41671.60156
Q96RS6,29384.25977,30052.91016,29290.70898,28495.17188,29004.41602,25250.55273,27685.46484,26343.62891,28455.21875,27441.86523,30195.10352,25350.86328
Q96RT1,32286.05859,30161.19336,32607.39063,32053.71875,28830.04883,28333.92969,29842.32227,31382.32227,42019.75,40877.92578,38964.89844,35332.34375
Q96RT8,36492.17969,35650.875,38251.85938,36310.72266,32918.54297,38206.39063,33869.84766,35023.94141,87264.94531,91368.0625,92176.57813,84756.28125
Q96RU2,33172.85547,32247.07617,31254.55469,26430.71094,31335.78516,29025.41211,28282.92773,25728.05469,21918.02344,15724.87598,14539.2207,16676.31055
Q96S19,28771.10547,26864.50781,28320.95117,26947.37109,22070.2793,22470.70313,24284.11719,23699.875,69481.79688,72177.35938,73764.09375,77362.69531
Q96S52,8191.643555,3518.77124,5893.663574,6898.833496,4743.352051,3386.681885,4077.017334,2030.479736,20501.57031,24144.29492,19268.91211,14829.72656
Q96S55,25565.74219,25809.00586,24567.31055,24964.76367,26193.86719,23524.12305,22519.93945,22917.1543,33128.95313,31719.93555,32058.6543,24004.78516
Q96S59,43091.26563,45508.74219,46197.92578,49061.16797,40670.84766,43822.69922,44761.00391,45661.31641,94736.92969,92676.40625,98497.72656,84175.07813
Q96S82,25099.32617,16038.64355,16377.93555,17993.86914,14706.02539,16218.99805,15463.43457,22061.84766,39763.08203,43455.18359,45754.07813,44452.66406
Q96SB3,23614.3125,24156.42969,23234.6582,22878.16016,23751.49219,19252.03906,19017.33594,19237.05859,18096.4375,19211.54492,15827.34375,21094.85938
Q96SB4,31985.75781,27274.36523,25945.20313,24969.33789,26464.60547,22479.32031,22306.99414,20967.33203,22589.00781,25219.24414,27735.18359,21434.2832
Q96SB8,20291.98047,19427.95313,19479.67773,16369.67285,23206.31836,19878.08984,17827.14453,19013.04102,10087.55957,9719.875,12923.04883,11864.06738
Q96SI9,13073.76172,13673.23438,13493.52148,14822.53027,13556.61328,11006.12793,11991.89648,13795.60449,26412.9082,27023.31836,28411.50781,28622.0332
Q96SK2,22343.15039,23558.10352,25517.41016,24020.78516,21984.87305,22095.32422,22011.68164,23465.42578,31302.00391,30632.19727,31883.81445,28906.63477
Q96SN8,24172.77539,27612.41211,26692.23438,28464.49023,29344.51758,28913.49023,29376.69727,28310.18359,6175.8125,5977.216797,5207.222168,7966.483398
Q96ST2,37065.1875,35006.97266,34556.42969,33938.05469,37136.60547,32836.91016,33938,35247.65234,36519.54297,36797.83594,40193.80078,37588.08984
Q96ST3,26165.20898,25641.13477,25538.125,27095.04883,24095.87305,25178.37305,27411.07813,28726.375,18752.96094,18025.37109,18322.81055,19270.31445
Q96SU4,20002.25781,17230.44336,15925.33203,13388.52441,16883.48047,12788.19336,12602.55566,16022.09961,30040.00586,31837.00977,32639.4043,29385.38477
Q96SY0,23548.77344,22604.77539,26503.71484,23043.0918,24465.4668,21374.73828,25303.67578,29093.81641,14590.36621,12008.12012,11133.50098,13893.43848
Q96SZ5,18333.26172,16058.82227,19143.62305,21929.05078,18241.06055,15290.07129,17691.04102,21861.07422,63624.30078,68288.85156,69061.66406,68394.64063
Q96T23,34326.22266,31774.58594,31756.81836,31499.28125,34052.60156,31888.0918,31056.37695,31180.59766,78758.39844,76207.53125,81109.34375,67919.32031
Q96T37,44300.63672,43053.39063,44347.46484,43768.30469,44803.96094,44241.64453,42843.48828,44338.69531,43694.29688,43266.83984,45555.46875,48532.3125
Q96T51,29305.78125,30718.23828,27115.27734,29094.14258,28171.83008,26308.19922,27121.99414,26502.07031,56101.68359,54249.73438,54381.77344,47061.13281
Q96T58,22986.20703,22794.97266,22325.54297,22745.23633,25060.74219,23126.74805,22318.75,21662.65234,102080.4141,108239.0625,100624.5391,105026.6406
Q96T60,14400.50586,14654.03906,13227.82227,15515.10547,12571.12598,12165.54004,9949.179688,12718.08496,30003.81641,31471.97461,33363.07422,34700.15625
Q96T76,16946.57617,16367.88965,17192.20313,15584.99902,16945.43359,17020.80859,15957.75684,16063.30176,21339.3418,17135.76758,3777.137451,6773.363281
Q96T88,58331.33594,57355.69922,61202.32031,59478.85938,63645.74219,63261.15625,63449.60156,60499.20313,19533.70117,16588.84766,16909.52344,16367.61816
Q96TA1,27279.39258,24902.57617,27181.20117,25656.37695,23097.03125,24369.50195,23491.35938,23945.69336,113051.1328,121854.3438,120983.2891,135818.7344
Q99081,24430.97656,21204.21484,25640.84961,23184.39648,27257.33984,20847.85938,24223.33984,23148.68164,20646.82031,18536.94336,20025.51172,18996.26758
Q99417,42726.79297,38605.70313,35654.60938,37989.42578,36822.94531,37203.86719,37397.59375,39113.14063,6104.793945,5132.069336,8744.125,5032.564453
Q99426,59017.14844,58997.45313,57148.78516,58638.34375,56234.16406,52094.85938,51770.25,51535.76172,22924.73242,32735.21484,25491.11133,19154.26758
Q99436,15808.28223,14539.31445,13345.48633,14054.0791,9611.396484,13324.15332,13122.95215,11406.89746,142707.1094,151470.0781,155910,182752.5313
Q99439,49495.25,41510.48047,49985.23828,47468.42969,47201.34375,46983.23438,42117.67969,48440.28906,25828.21875,24817.03125,25229.95117,27611.06055
Q99447,40712.89844,32728.67578,41530.89844,37275.48828,42923.05078,33267.07422,31193.875,32887.11719,71297.96875,72182.90625,73771.49219,69675.8125
Q99459,57645.01563,51852.93359,53759.62891,55029.47656,56800.25,55383.1875,55055.08594,56674.85547,22282.33203,23770.79102,23416.71875,25021.13672
Q99460,22239.08203,21595.41797,20299.2793,21655.21875,17508.64648,19563.76172,17852.64063,18214.14648,22921.33594,29103.5,23859.57617,10087.3584
Q99471,40121.84766,35208.01563,36388.17969,36170.1875,36054.53516,34421.10547,34744.35938,32203.36914,27428.79297,25678.2207,24637.70117,25491.32227
Q99496,8192.890625,7467.476074,9702.183594,11280.98633,12316.82617,6882.028809,10829.34863,6620.686035,282271,297985.4375,302897.4688,282810.9375
Q99497,71468.63281,70987.75781,71197.35156,71858.15625,65325.65625,65594.90625,67789.48438,67467.69531,25301.7793,23166.71289,25738.83203,27529.58203
Q99504,56623.39063,62765.85547,59415.91797,59931.53906,58802.40234,59635.98047,55964.28516,59223.09375,44589.63281,44104.69531,45421.36328,47870.41797
Q99536,17486.85547,10161.96094,12192.26172,11899.12207,13181.48145,10870.875,10283.99707,9500.862305,109735.4922,105537.6328,109613.2578,116977.0781
Q99543,24887.70703,24323.48047,24292.26563,23725.88281,22318.50977,20674.91602,20140.15039,18720.66406,25319.20313,25678.95898,29475.73633,24575.89258
Q99547,22441.11328,20150.74023,19312.19727,23686.56445,23114.98438,22670.36719,20640.90625,25766.49219,6902.145508,14928.44434,12631.03418,12976.64453
Q99549,37337.92969,38064.08984,35950.99609,38346.10156,36023.64063,40364.66016,37462.87891,38544.45703,23892.31055,25982.79688,22989.86719,22181.48828
Q99567,55528.76172,58224.53906,57951.46875,56501.11719,57797.74609,58739.66016,57601.82422,58463.30859,31058.46875,32034.63867,36251.02734,36510.91016
Q99569,23554.49219,24849.22852,23047.91016,18274.30078,20729.95508,21661.05469,20747.0918,21248.16797,70233.58594,77440.45313,81176.67969,67470.79688
Q99570,14970.20117,14951.87402,13878.79785,15170.99805,12876.69141,15478.67188,15521.03125,15372.09961,61135.21094,68212.8125,71247.69531,73970.17188
Q99575,29489.28906,26426.99609,26280.96289,26213.07031,26153.52539,26774.92578,25475.82617,24819.83594,24543.86133,23703.04102,24761.21289,21223.96484
Q99584,62372.23828,60545.67188,59162.20313,60503.39063,61433.28906,57072.54297,57458.375,55694.33594,9366.839844,9467.433594,9140.183594,8813.623047
Q99590,43737.125,42252.40625,42847.68359,42033.0625,47254.08984,44827.95313,46078.98438,47305.16406,16945.36914,15100.61133,16552.93359,23519.95703
Q99598,10096.92969,8244.388672,9733.1875,15130.91406,9554.765625,8501.558594,13249.19336,7587.781738,19116.65039,18376.55078,19325.7207,19985.89063
Q99613,30708.88086,32362.10156,30379.23438,30161.88086,23248.05859,26849.70703,25736.58008,26331.03125,24053.0625,21979,24451.60156,26288.45898
Q99614,29749.78906,26329.0332,29114.49609,28170.76172,29313.27148,24031.10156,25083.71094,25214.77344,17832.06641,17178.1582,15577.89941,14780.52148
Q99615,38515.44922,38224.41016,38542.43359,37182.50781,38462.80078,36589.10938,36111.07813,36899.24609,79605.91406,80157.67969,79972.32813,88504.51563
Q99622,25393.01758,20855.9082,20431.01563,20694.08398,22983.49414,22284.51953,23864.81641,20015.58203,7656.516113,6522.394531,7456.641113,7791.002441
Q99623,3959.125977,4306.319824,2932.453857,7914.743652,3900.507568,5405.94873,8413.480469,7125.578613,26434.69727,28235.80859,27781.75781,28273.64063
Q99627,35168.86719,36802.76563,37343.33984,33743.81641,13510.34277,32062.75391,31865.00586,30694.4668,29796.18555,23320.47461,25156.83594,24963.28711
Q99633,31103.53516,22349.33984,23995.46875,24357.65039,25893.58789,27588.37109,26440.1543,21322.62891,18818.68945,15936.27051,17335.76953,26846.95703
Q99638,15027.02246,18461.39063,18086.66016,19333.12305,19230.01172,13458.08105,12318.82617,13064.53223,34568.50391,37246.50781,37006.36719,38147.03906
Q99661,53121.92578,55938.89063,55521.64844,53956.625,54924.02344,54604.91797,50455.875,49671.6875,56928.79688,67375.36719,75848.07813,54520.85938
Q99666,17065.6875,13866.61914,13378.68164,19231.58203,15313.20313,13875.35059,13177.87598,13361.44727,15355.82324,14597.81738,16776.45898,15716.99414
Q99685,20615.47461,20210.37695,17611.8457,19708.44531,21148.96289,19883.48438,19372.29297,19624.64063,27270.86523,27462.17188,26662.20117,27598.68555
Q99700,11746.19238,12717.01563,11578.86719,12093.79395,10194.44531,10372.69238,10675.30273,10407.8584,9780.40332,5997.666992,4149.788574,8491.589844
Q99707,22053.76367,21913.52148,21342.08203,19798.67383,22858.29492,23242.01953,22289.17188,18223.35156,18573.59766,20177.1582,27106.31055,3691.551758
Q99714,10534.01367,7627.357422,8431.680664,9932.263672,8506.208008,10100.77246,10239.55859,7526.600586,23561.75,18510.36914,23933.20703,22614.17969
Q99729,50083.90234,52743.67969,45101.17578,46053.90234,47518.375,46779.32422,53184.01563,48269.70703,16282.41016,16150.39551,14924.60449,12510.92285
Q99733,63586.30469,56141.26172,59811.0625,58435.79688,58943.93359,51821.51953,53292.65625,53866.39844,14166.4082,14028.29395,14178.13574,13209.61914
Q99747,35880.81641,27071.39258,37321.96875,35060.78516,35538.55078,25971.54297,32961.51563,38223.46875,27396.66602,28015.65234,26027.36914,35518.59766
Q99798,3512.041992,5252.027344,5673.333496,3550.621338,4909.901367,3329.205078,4654.708496,3888.101318,68420.48438,68260.60156,67326.25,70438.125
Q99805,46331.71875,42021.89453,37334.59766,46354.77734,41671.60156,31367.62305,41641.16406,35603.30469,44108.58594,40038.92578,47303.85938,44647.43359
Q99816,26641.29102,28455.21875,27441.86523,30195.10352,25350.86328,27625.82227,27958.26172,28247.76758,73324.625,82325.35156,106971.1719,101671.6016
Q99829,39385.55078,42019.75,40877.92578,38964.89844,35332.34375,35708.48828,36217.49609,37852.22266,30459.38672,51009.23438,39031.1875,40898.98438
Q99832,91063.07813,87264.94531,91368.0625,92176.57813,84756.28125,81518.97656,85989.38281,85020.67188,37209.32813,38025.76563,38022.45703,40404.00781
Q99836,18816.35742,21918.02344,15724.87598,14539.2207,16676.31055,25429.94141,14841.00684,16069.66797,20548.90234,21020.66406,20327.95313,25698.1582
Q99848,76772.00781,69481.79688,72177.35938,73764.09375,77362.69531,71094.26563,74012.38281,72724.98438,36530.24219,38574.625,37702.5,35116.30859
Q99865,25091.64648,20501.57031,24144.29492,19268.91211,14829.72656,15739.52734,17109.30469,21896.35742,64736.71875,73356.54688,76519.85156,86832.70313
Q99871,30970.68359,33128.95313,31719.93555,32058.6543,24004.78516,30627.36719,29693.85352,32009.79297,5952.702148,480.7056274,3539.36084,5266.837891
Q99873,90806.74219,94736.92969,92676.40625,98497.72656,84175.07813,91799.76563,94831.21094,93787.97656,34296.97266,32008.13281,32939.67188,49967.21484
Q99933,44216.41406,39763.08203,43455.18359,45754.07813,44452.66406,44640.26953,47761.33984,54163.29688,78558.09375,76490.88281,74782.17188,78298.72656
Q99942,23337.84766,18096.4375,19211.54492,15827.34375,21094.85938,19306.28906,15988.82129,15059.7207,39585.39844,38502.96484,38735.44531,37197.73047
Q99956,25120.91992,22589.00781,25219.24414,27735.18359,21434.2832,23741.00781,22780.29102,29830.50586,21886.98438,18273.40039,27395.32422,16957.77344
Q99958,9363.746094,10087.55957,9719.875,12923.04883,11864.06738,14787.9375,15182.40332,9719.568359,16846.73438,15895.37109,15098.75391,15507.84766
Q99959,31096.42383,26412.9082,27023.31836,28411.50781,28622.0332,25536.71289,26571.5625,25873.82617,27645.07031,26658.05469,26760.31836,28864.76367
Q99961,31979.76758,31302.00391,30632.19727,31883.81445,28906.63477,25846.80469,27475.79883,30577.21289,19424.55273,14791.37207,16614.89258,19149.5625
Q99962,11271.20215,6175.8125,5977.216797,5207.222168,7966.483398,5942.738281,6085.449219,5441.457031,15897.19238,15555.97461,12965.93262,11781.37695
Q99986,33312.48438,36519.54297,36797.83594,40193.80078,37588.08984,35912.64844,40869.84375,39706.89063,44974.25391,46315.33203,42991.41406,45667.22656
Q99996,18799.51563,18752.96094,18025.37109,18322.81055,19270.31445,18357.52539,18374.38672,17873.01758,46686.44141,50975.14453,53136.66797,38260.66797
Q9BPX3,29465.72461,30040.00586,31837.00977,32639.4043,29385.38477,32008.54688,30519.11328,31284.68359,14180.41895,13629.91699,13207.99219,15503.02734
Q9BPX5,15888.28516,14590.36621,12008.12012,11133.50098,13893.43848,14379.42871,8737.948242,4817.171875,69282.03906,72058.17188,72974.21875,71093.77344
Q9BQ04,66980.48438,63624.30078,68288.85156,69061.66406,68394.64063,67192,65153.46875,72155.17188,59226.24219,51997.71484,19649.38086,35749.97656
Q9BQ15,71731.63281,78758.39844,76207.53125,81109.34375,67919.32031,81636.21875,82708.22656,89067.29688,31952.33594,32833.28906,34574.41406,31939.24609
Q9BQ39,46575.32031,43694.29688,43266.83984,45555.46875,48532.3125,45562.70313,45462.05469,45850.84766,13974.01074,13915.32813,14174.2041,13543.37891
Q9BQ52,54503.07813,56101.68359,54249.73438,54381.77344,47061.13281,50298.20703,51846.89063,47992.8125,20035.83984,19818.36914,28112.04883,15213.43359
Q9BQ61,109730.7344,102080.4141,108239.0625,100624.5391,105026.6406,100880.9766,104171.8906,101689.2031,24991.02344,23544.84961,22527.07813,22459.94141
Q9BQ67,34184.85938,30003.81641,31471.97461,33363.07422,34700.15625,30937.88281,32406.57617,29650.30469,53092.40625,53577.35547,53138.48828,53766.00781
Q9BQ69,6246.234375,21339.3418,17135.76758,3777.137451,6773.363281,2443.600342,4221.895996,2871.150879,52985.76953,52470.3125,52724.25,40835.97656
Q9BQ70,17950.60156,19533.70117,16588.84766,16909.52344,16367.61816,13203.45508,11389.46484,12588.26855,15242.01172,995.0472412,5621.374512,17657.19727
Q9BQ75,136618.9531,113051.1328,121854.3438,120983.2891,135818.7344,112396.875,130536.1641,113459.4688,24999.62305,29032.55664,27758.17773,24761.66992
Q9BQA1,21927.73438,20646.82031,18536.94336,20025.51172,18996.26758,16376.45801,14892.78809,15846.76953,29907.82227,29803.01367,28853.94336,28607.26367
Q9BQB6,3433.830078,6104.793945,5132.069336,8744.125,5032.564453,6899.213379,5500.550293,6646.753418,32859.28516,31748.11328,31649.66602,30186.75195
Q9BQC3,25215.79102,22924.73242,32735.21484,25491.11133,19154.26758,22139.21289,24953.26953,15066.61914,29521.01367,32943.47656,25639.8418,29193.38477
Q9BQE3,166870.5625,142707.1094,151470.0781,155910,182752.5313,133604.7188,148229.3125,151847.5625,44023.65234,47484.55078,49554.67578,51093.94922
Q9BQE5,29566.70508,25828.21875,24817.03125,25229.95117,27611.06055,17103.16797,17426.58984,16178.12891,16253.5791,17621.78906,15103.95898,17253.84766
Q9BQG0,72551.34375,71297.96875,72182.90625,73771.49219,69675.8125,73811.38281,73133.59375,71334.72656,65788.42969,69895.53906,71726.75781,64349.02734
Q9BQI0,18333.01563,22282.33203,23770.79102,23416.71875,25021.13672,15522.41992,17698.44336,15551.26758,24570.5625,24550.17773,23969.73242,17016.45898
Q9BR61,22123.01172,22921.33594,29103.5,23859.57617,10087.3584,25565.89844,25048.9668,28913.78906,33179.8125,28492.50781,32268.68945,17559.62109
Q9BR76,33114.5625,27428.79297,25678.2207,24637.70117,25491.32227,17510.67188,17992.17383,17743.81055,27164.02344,28812.50977,22918.39258,32775.70703
Q9BRA2,285446.2188,282271,297985.4375,302897.4688,282810.9375,268963.75,278960.0313,279679.4375,17466.21094,16212.64551,14973.77051,13380.57813
Q9BRD0,24681.95898,25301.7793,23166.71289,25738.83203,27529.58203,24226.68555,24640.68945,23569.23633,28015.70117,27086.16602,27573.37109,25905.34375
Q9BRG1,47982.60156,44589.63281,44104.69531,45421.36328,47870.41797,39947.99219,46933.64453,52136.33594,54738.66016,57466.33984,57660.10547,61852.30078
Q9BRJ6,114962.7031,109735.4922,105537.6328,109613.2578,116977.0781,110952.3906,115196.6641,109243.7813,14561.63965,16395.84375,16335.29688,15798.72461
Q9BRJ7,25419.87695,25319.20313,25678.95898,29475.73633,24575.89258,31951.83008,25440.45313,36539.81641,3227.861816,5671.70752,3641.25,4114.32373
Q9BRK5,17144.25977,6902.145508,14928.44434,12631.03418,12976.64453,5364.357422,5662.740723,5884.272949,32063.45898,31673.98633,31952.8125,34853.04688
Q9BRL6,25395.8418,23892.31055,25982.79688,22989.86719,22181.48828,15201.79688,7802.586914,23986.5,13483.12305,15089.80371,10550.56445,18231.18555
Q9BRP4,37686.54297,31058.46875,32034.63867,36251.02734,36510.91016,21052.83008,22616.56836,20071.74414,58389.80078,57446.875,60169.10938,56883.83984
Q9BRP8,83831.09375,70233.58594,77440.45313,81176.67969,67470.79688,61218.76953,55947.19531,58770.92188,27151.30859,27047.50977,29580.39258,32896.58594
Q9BRQ0,72138.45313,61135.21094,68212.8125,71247.69531,73970.17188,56045.48828,50688.23438,57724.41797,26656.49023,25032.59961,24011.23438,25021.3457
Q9BRQ8,23999.82422,24543.86133,23703.04102,24761.21289,21223.96484,21593.50195,22590.56055,23596.06055,34075.76172,33427.03906,32330.50586,33267.40625
Q9BRR0,7385.454102,9366.839844,9467.433594,9140.183594,8813.623047,9304.676758,11108.38281,10391.52539,53868.97656,42177.52734,52488,35564.21484
Q9BRT6,30497.76563,16945.36914,15100.61133,16552.93359,23519.95703,11776.0752,15278.17773,11901.92871,37153.10547,37320.00781,39645.40625,39460.23828
Q9BRT9,22813.79102,19116.65039,18376.55078,19325.7207,19985.89063,18023.11719,17032.32227,17805.125,17851.98047,18746.41016,18195.77734,19221.33203
Q9BRU9,24317.82617,24053.0625,21979,24451.60156,26288.45898,24396.47266,27664.14258,22046.80078,22726.14648,20997.35156,22882.51953,23511.68164
Q9BRX2,16415.46289,17832.06641,17178.1582,15577.89941,14780.52148,15147.78906,15679.96387,15931.04688,29278.80469,30474.82813,29157.10742,28120.15039
Q9BRX5,90943.85156,79605.91406,80157.67969,79972.32813,88504.51563,78941.75781,80162.32813,86266.49219,340043.2188,356889.7188,380932.7813,387225.2813
Q9BRX9,7608.80957,7656.516113,6522.394531,7456.641113,7791.002441,6678.200195,7811.200195,5759.802734,87179.35156,94953.98438,35234.02344,35897.89063
Q9BRZ2,27231.07813,26434.69727,28235.80859,27781.75781,28273.64063,22960.99609,23259.96875,25104.61523,3622.00708,2949.743164,3364.09375,3684.161133
Q9BS40,24589.02344,29796.18555,23320.47461,25156.83594,24963.28711,26982.21875,14776.40723,17120.48047,22693.74414,24295.93945,25484.08984,22060.32617
Q9BSB4,21519.19922,18818.68945,15936.27051,17335.76953,26846.95703,14641.41309,14272.81641,14533.01172,81430.94531,84619.01563,83326.42188,82701.25
Q9BSC4,37933.73438,34568.50391,37246.50781,37006.36719,38147.03906,35332.87109,35601.38672,37019.375,5642.17041,4562.644043,10015.31055,6417.061523
Q9BSD7,64071.08594,56928.79688,67375.36719,75848.07813,54520.85938,19840.24414,18183.62109,43690.70313,44787.00391,35437.24609,41881.73828,32908.58203
Q9BSJ2,15280.91113,15355.82324,14597.81738,16776.45898,15716.99414,15486.0791,13692.125,16119.90332,25351.32031,26119.68164,28212.7207,26563.7832
Q9BSJ8,30032.76953,27270.86523,27462.17188,26662.20117,27598.68555,27225.38672,24659.3418,24026.89063,142478.3125,128026.5469,135051.875,127614.7344
Q9BSM1,9162.361328,9780.40332,5997.666992,4149.788574,8491.589844,7145.879883,5124.16748,5123.775391,42119.16016,38763.6875,41543.98047,35774.07031
Q9BST9,18170.64258,18573.59766,20177.1582,27106.31055,3691.551758,17876.71875,16681.42773,16860.63086,8665.643555,12156.67383,13052.85059,13083.58301
Q9BSV6,24079.64844,23561.75,18510.36914,23933.20703,22614.17969,16810.94336,19295.47656,20864.31055,23490.79492,24567.61719,22401.19531,25796.06445
Q9BT22,16305.14063,16282.41016,16150.39551,14924.60449,12510.92285,13603.97852,12371.40234,11273.85547,15951.39063,16768.12305,16340.70703,13959.52734
Q9BT78,14165.34277,14166.4082,14028.29395,14178.13574,13209.61914,11801.18555,11929.54492,11993.72363,13071.25977,11329.86426,12076.61035,11645.95313
Q9BTA9,33153.04297,27396.66602,28015.65234,26027.36914,35518.59766,26752.45898,29124.05273,28839.15039,22696.54492,22192.82227,18405.81445,21494.82617
Q9BTC0,67975.88281,68420.48438,68260.60156,67326.25,70438.125,69276.71094,68962.54688,69502.25781,71420.14063,71612.94531,72012.78125,71317.15625
Q9BTC8,45177.32422,44108.58594,40038.92578,47303.85938,44647.43359,40321.24219,38467.78125,40174.55859,9802.196289,10204.61914,6026.28125,17130.20898
Q9BTD8,91788.96875,73324.625,82325.35156,106971.1719,101671.6016,75626.15625,68809.80469,58829.65625,27938.79102,25301.25586,24734.9043,26226.70508
Q9BTE1,43527.85156,30459.38672,51009.23438,39031.1875,40898.98438,35998.80859,31247.3457,32967.38672,42775.92188,42766.375,40358.59375,40330.5
Q9BTE3,38611.10938,37209.32813,38025.76563,38022.45703,40404.00781,38879.27344,39283.40625,38268.07031,20512.71094,21971.37305,20859.08008,21789.53906
Q9BTE6,21250.21875,20548.90234,21020.66406,20327.95313,25698.1582,20362.17578,21908.06836,19965.52539,30234.42383,34162.09766,29912.78906,41074.15625
Q9BTE7,41826.12109,36530.24219,38574.625,37702.5,35116.30859,38369.73828,39369.47266,41665.82422,53821.23828,60325.4375,63289.14453,55000.63281
Q9BTL3,81360.92188,64736.71875,73356.54688,76519.85156,86832.70313,75643.21094,65542.76563,73348.27344,57201.80078,55733.66016,106546.9531,61869.04688
Q9BTL4,2211.243408,5952.702148,480.7056274,3539.36084,5266.837891,6469.269531,3414.061768,6360.712402,47718.71484,47113.04688,49780.06641,53578.125
Q9BTM9,45787.94141,34296.97266,32008.13281,32939.67188,49967.21484,42318.80078,39696.30469,35737.64844,46666.58594,54858.05469,49458.59375,55985.85938
Q9BTT0,82791.17969,78558.09375,76490.88281,74782.17188,78298.72656,74747.07813,74081.21094,66812.58594,24418.08594,26216.42969,25028.69141,20557.19922
Q9BTW9,37632.58203,39585.39844,38502.96484,38735.44531,37197.73047,40524.07422,39743.14453,36362.76563,45190.39844,44181.58984,44903.26172,52575.96094
Q9BTX1,19888.57227,21886.98438,18273.40039,27395.32422,16957.77344,24642.45703,23139.37695,18950.41602,21847.21875,23863.48438,27427.89063,33703.33203
Q9BTY7,19885.19922,16846.73438,15895.37109,15098.75391,15507.84766,13931.69629,11330.68262,13150.21387,62424.93359,63783.62891,60035.93359,62861.16797
Q9BU76,29835.08984,27645.07031,26658.05469,26760.31836,28864.76367,26545.71289,27047.40234,25444.51953,6450.730469,2346.757813,6592.039063,7939.308105
Q9BU89,17586,19424.55273,14791.37207,16614.89258,19149.5625,17729.16211,12995.80371,15739.52148,12317.11621,12929.93262,11724.87891,9456.063477
Q9BUB4,14385.4834,15897.19238,15555.97461,12965.93262,11781.37695,10151.18555,9178.928711,7996.133301,4711.294922,5571.183105,8729.131836,6136.956055
Q9BUF5,49318.83594,44974.25391,46315.33203,42991.41406,45667.22656,43494.80078,43035.04688,42259.35938,17444.98828,15433.91113,16428.45703,20439.66016
Q9BUH6,46242.80859,46686.44141,50975.14453,53136.66797,38260.66797,43524.67578,46051.28516,46477.36719,15442.09082,13913.16797,15939.06641,14543.81543
Q9BUI4,15185.64746,14180.41895,13629.91699,13207.99219,15503.02734,12792.09375,13186.26172,12417.29297,35407.29297,33735.07813,32541.16992,37189.89453
Q9BUJ2,73580.44531,69282.03906,72058.17188,72974.21875,71093.77344,67402.23438,69397.00781,67779.5,20150.55859,19333.86914,20535.05273,19336.10742
Q9BUK6,48893.32422,59226.24219,51997.71484,19649.38086,35749.97656,20916.48828,20855.88672,18451.4082,6871.023926,8312.939453,9558.527344,9809.594727
Q9BUL5,30656.16016,31952.33594,32833.28906,34574.41406,31939.24609,33187.15234,27822.10156,33628.45703,42156.60938,41762.41797,43380.23047,42409.78906
Q9BUL8,15247.68555,13974.01074,13915.32813,14174.2041,13543.37891,10712.02246,8407.101563,10741.69531,99376.92188,111792.1875,87850.39844,83010
Q9BUL9,16724.74609,20035.83984,19818.36914,28112.04883,15213.43359,14812.91895,10722.04492,11461.69824,18972.10156,19981.03711,17356.55078,21726.62891
Q9BUP3,25342.61914,24991.02344,23544.84961,22527.07813,22459.94141,22114.16406,22545.76563,21228.9082,24156.87109,25159.875,23821.23828,20503.60547
Q9BUQ8,53896.36719,53092.40625,53577.35547,53138.48828,53766.00781,57179.82422,57366.15625,56027.73828,17243.11133,16185.83887,14544.10156,19165.06641
Q9BUT9,52436.77734,52985.76953,52470.3125,52724.25,40835.97656,43475.99219,49961.25391,53211.41406,32390.75977,31351.72266,33400.25,33475.70703
Q9BUV0,15097.30273,15242.01172,995.0472412,5621.374512,17657.19727,12121.63574,9906.90332,10751.11133,67976.17969,68666.92969,70185.35156,72251.25781
Q9BUZ4,25106.31836,24999.62305,29032.55664,27758.17773,24761.66992,29472.97266,29661.42773,28945.2207,6220.850586,4786.824707,13227.11035,9159.505859
Q9BV20,29803.13086,29907.82227,29803.01367,28853.94336,28607.26367,30331.06641,29000.72461,30657.92773,18770.78516,23340.17383,19570.80859,21573.87695
Q9BV38,30455.02148,32859.28516,31748.11328,31649.66602,30186.75195,32699.9082,32013.18164,32173.14453,15170.82617,16254.6377,14067.54297,16495.08203
Q9BV44,27412.91211,29521.01367,32943.47656,25639.8418,29193.38477,26093.14258,26291.85156,26385.87305,14819.32227,11653.13477,20562.78711,10547.37109
Q9BV68,52646.70313,44023.65234,47484.55078,49554.67578,51093.94922,43554.67578,47890.98828,45753.20703,55537.88672,54812.87891,54056.41406,58198.01172
Q9BV73,15965.15625,16253.5791,17621.78906,15103.95898,17253.84766,15755.35547,13860.01074,14731.84863,65113.69922,67974.58594,69396.35156,64124.78125
Q9BV86,75158.24219,65788.42969,69895.53906,71726.75781,64349.02734,59705.13672,64431.47656,63797.3125,10826.67969,19795.32227,16765.41016,23720.78125
Q9BVC3,16395.28125,24570.5625,24550.17773,23969.73242,17016.45898,28339.84375,27219.01953,28972.11328,30924.55078,33113.25781,33039.62891,33406.35547
Q9BVC4,34904.09766,33179.8125,28492.50781,32268.68945,17559.62109,8085.103027,20702.4707,22738.89648,19924.87109,26318.09375,28148.44336,27475.61914
Q9BVC5,35299.82813,27164.02344,28812.50977,22918.39258,32775.70703,22642.62695,28002.43359,23384.87305,41521.49609,44373.11719,42273.85156,44157.83984
Q9BVG8,13814.63574,17466.21094,16212.64551,14973.77051,13380.57813,16920.49219,19857.67383,18702.14453,45034.22656,44504.66016,44353.76953,44666.46484
Q9BVI4,27995.12305,28015.70117,27086.16602,27573.37109,25905.34375,26905.07422,25223.02539,22481.61523,29184.57813,29332.03516,32285.01367,31504.92188
Q9BVJ6,57456.17969,54738.66016,57466.33984,57660.10547,61852.30078,56548.85938,59794.23047,58356.66016,79488.07031,126414.9453,126379.2969,67789.05469
Q9BVJ7,16752.34766,14561.63965,16395.84375,16335.29688,15798.72461,14156.7002,14191.56836,13859.05762,29985.42969,30723.37891,24485.25195,22753.0957
Q9BVK6,5892.959961,3227.861816,5671.70752,3641.25,4114.32373,2797.994873,3115.595703,8636.053711,14130.90039,13093.35254,11091.75684,11263.14746
Q9BVL2,33717.18359,32063.45898,31673.98633,31952.8125,34853.04688,29197.92969,30638.91406,27303.3457,47833.92578,47213.01563,47248.60156,52988.08594
Q9BVL4,20750.47656,13483.12305,15089.80371,10550.56445,18231.18555,13726.91504,13836.33398,13550.97852,29693.81836,30338.56641,28914.52344,28306.50195
Q9BVP2,58490.77734,58389.80078,57446.875,60169.10938,56883.83984,56053.80469,58273.17188,58458.27734,35521.76953,39507.77344,40069.14844,48729.77734
Q9BVW5,30999.76563,27151.30859,27047.50977,29580.39258,32896.58594,30617.99219,33857.13281,28149.87891,3628.67334,5372.786621,6447.082031,4741.607422
Q9BW19,26260.24023,26656.49023,25032.59961,24011.23438,25021.3457,26120.17969,25075.35742,23636.64453,23956.33789,22981.84961,25320.18164,19011.87695
Q9BW27,34436.21484,34075.76172,33427.03906,32330.50586,33267.40625,33450.39453,29386.40039,31016.51953,48420.37109,58094.14063,50340.65625,53507.29688
Q9BW61,45744.92969,53868.97656,42177.52734,52488,35564.21484,41793.58203,31534.28516,39723.80078,36352.72266,35115.25,33493.30469,38285.68359
Q9BW71,38214.98828,37153.10547,37320.00781,39645.40625,39460.23828,36795.16016,39619.77344,39992.93359,31098.12305,32868.59766,31073.74609,32495.58008
Q9BW85,18787.29688,17851.98047,18746.41016,18195.77734,19221.33203,18821.50781,18961.06641,16519.9375,30859.06641,32174.27539,31940.36133,36881.44922
Q9BWD1,22868.45508,22726.14648,20997.35156,22882.51953,23511.68164,21417.07617,23481.19336,20487.01563,38757.86719,39109.15234,38498.3125,35981.88672
Q9BWE0,30549.53906,29278.80469,30474.82813,29157.10742,28120.15039,31193.87891,30389.73633,28533.63672,36889.58594,42516.08203,36246.21094,38077.94922
Q9BWF3,375517.5625,340043.2188,356889.7188,380932.7813,387225.2813,396559.4063,405773.5,411327.5313,33096.89453,36346.13672,35322.28516,39256.67188
Q9BWG4,67286.9375,87179.35156,94953.98438,35234.02344,35897.89063,82877.21875,59695.82031,56942.92969,25544.47461,27375.26953,24698.36719,32840.59766
Q9BWG6,4416.582031,3622.00708,2949.743164,3364.09375,3684.161133,3108.003174,3743.811035,4538.799316,35859.23828,46175.57031,39529.75,51192.4375
Q9BWH6,18603.96094,22693.74414,24295.93945,25484.08984,22060.32617,24720.86914,21401.79492,23867.32813,21848.43555,27442.83594,27004.21289,25012.34961
Q9BWJ5,82265.82813,81430.94531,84619.01563,83326.42188,82701.25,79580.21875,83286.25781,80921.07813,50358.875,53789.79688,44229.6875,35318.15234
Q9BWT3,8602.299805,5642.17041,4562.644043,10015.31055,6417.061523,5042.08252,3635.575684,6632.474121,65354.05859,61572.23828,56111.40625,50601.78125
Q9BWT6,49861.55469,44787.00391,35437.24609,41881.73828,32908.58203,48478.59766,31922.89844,30684.6875,33047.86719,30861.15039,38189.12109,36205.29688
Q9BWU0,25915.09375,25351.32031,26119.68164,28212.7207,26563.7832,27006.23047,27916.50195,27763.12305,13346.68262,10994.68262,13088.21777,32936.85547
Q9BWW4,144314.9531,142478.3125,128026.5469,135051.875,127614.7344,144233.6094,156830.8594,132912.5625,26695.75,16384.25,16527.6582,22184.17969
Q9BX40,46356.96094,42119.16016,38763.6875,41543.98047,35774.07031,35381.15234,34281.48828,37740.85938,53645.22266,54336.76563,54916.74219,53798.42188
Q9BXB4,10480.72461,8665.643555,12156.67383,13052.85059,13083.58301,11629.68359,12467.31934,10193.07617,76950.73438,38009.36328,50765.77344,73726.36719
Q9BXB5,24418.08008,23490.79492,24567.61719,22401.19531,25796.06445,25968.82031,23435.02344,25149.06641,25083.59375,23508.97656,25177.9082,22833.20117
Q9BXF6,15052.22852,15951.39063,16768.12305,16340.70703,13959.52734,14782.68555,14178.35938,13410.1582,23210.60547,25543.11914,25959.30469,22385.54102
Q9BXJ9,11913.02539,13071.25977,11329.86426,12076.61035,11645.95313,12633.08398,10654.31543,11257.50195,35268.74609,34753.62891,36947.60547,36542.41016
Q9BXL6,22162,22696.54492,22192.82227,18405.81445,21494.82617,25856.13477,24525.35352,22640.73242,22361.30078,20668.88086,21338.95898,27660.82617
Q9BXP5,69577.20313,71420.14063,71612.94531,72012.78125,71317.15625,72403.39844,73061.33594,73776.02344,19669.01953,20463.66797,21314.37891,21425.22656
Q9BXR0,20451.38672,9802.196289,10204.61914,6026.28125,17130.20898,5788.539063,5452.467773,4239.029297,15069.88965,10884.2041,9104.837891,13815.87988
Q9BXS5,24628.00977,27938.79102,25301.25586,24734.9043,26226.70508,25560.54297,25005.58203,27444.05664,42987.625,44703.13281,44355.73047,50732.74609
Q9BXS6,43738.70313,42775.92188,42766.375,40358.59375,40330.5,40011.62891,41295.48438,38037.85938,20973.19727,21412.97852,22216.77344,20670.07227
Q9BXW9,21292.36328,20512.71094,21971.37305,20859.08008,21789.53906,21968.75391,21304.38086,23127.4375,54157.46484,53826.19922,56124.79297,57060.59766
Q9BXY0,38729.29297,30234.42383,34162.09766,29912.78906,41074.15625,29788.01953,34948.09375,34479.66797,13384.36133,7656.577148,13732.26953,11470.92285
Q9BY32,63744.46484,53821.23828,60325.4375,63289.14453,55000.63281,50030.36719,53755.94922,50641.59375,15942.37109,10726.8877,14946.69043,10681.36035
Q9BY41,63161.16406,57201.80078,55733.66016,106546.9531,61869.04688,49054.06641,45943.61328,75635.5,32917.75391,31309.96484,33519.58203,38029.375
Q9BY42,57728.53906,47718.71484,47113.04688,49780.06641,53578.125,40994.98828,40552.20703,41193.54688,22139.17773,23128.7168,29268.5957,26043.24805
Q9BY43,53413.67188,46666.58594,54858.05469,49458.59375,55985.85938,49696.20313,44715.52344,48294.67188,25470.78125,35199.32031,39587.46875,52539.05859
Q9BY44,24559.74023,24418.08594,26216.42969,25028.69141,20557.19922,21967.71484,22751.81445,23503.10742,33198.80078,37726.20313,36673.77344,34854.69141
Q9BY77,48265.01172,45190.39844,44181.58984,44903.26172,52575.96094,43757.49609,45519.87891,42507.26563,21878.21484,17942.91797,20206.0293,19332.34375
Q9BYE7,28874.92578,21847.21875,23863.48438,27427.89063,33703.33203,22196.12695,24472.56641,27183.22461,7457.214355,8728.555664,9867.091797,9110.693359
Q9BYG3,62773.52344,62424.93359,63783.62891,60035.93359,62861.16797,63643.14844,65944.39063,66967.79688,9931.521484,10288.14355,9653.757813,11252.88379
Q9BYG5,1713.023315,6450.730469,2346.757813,6592.039063,7939.308105,5399.221191,6656.85498,5994.976563,28124.03711,27512.84961,24876.61914,27221.84961
Q9BYJ9,13091.06055,12317.11621,12929.93262,11724.87891,9456.063477,9584.030273,10068.3291,9098.772461,47469.86719,24000.99414,22050.54102,27059.875
Q9BYK8,11448.27441,4711.294922,5571.183105,8729.131836,6136.956055,5918.81543,7593.942383,7698.898926,29849.73438,29334.88867,29837.17188,34419.79297
Q9BYW2,17322.17383,17444.98828,15433.91113,16428.45703,20439.66016,17646.35938,18459.70117,17364.53906,25085.08398,23295.38086,22337.35938,25194.19922
Q9BYX2,13476.31055,15442.09082,13913.16797,15939.06641,14543.81543,12902.02832,14001.00781,12372.30078,31785.88086,28080.91211,30103.01367,36121.64453
Q9BZ95,36075.62891,35407.29297,33735.07813,32541.16992,37189.89453,34305.73047,33500.19531,38420.28516,101377.4688,105110.5391,111134.3906,107124.5391
Q9BZD4,20582.12305,20150.55859,19333.86914,20535.05273,19336.10742,19178.44922,18380.78711,18228.06641,23839.92383,20322.63672,18134.25195,20156.92773
Q9BZE2,6121.219727,6871.023926,8312.939453,9558.527344,9809.594727,6273.425293,5445.668945,7920.867676,10796.62305,14492.89258,12583.23926,7499.397949
Q9BZE4,41139.19531,42156.60938,41762.41797,43380.23047,42409.78906,42900.91406,42277.07813,44221.50781,21242.32031,20596.08398,22850.75586,25381.32227
Q9BZF1,136434.3281,99376.92188,111792.1875,87850.39844,83010,71021.875,66359.57031,61656.69141,15448.98535,16720.14063,20889.70703,17434.6543
Q9BZF9,19880.26172,18972.10156,19981.03711,17356.55078,21726.62891,17775.29297,16916.64844,16632.20313,19554.80859,31363.12695,23474.76563,15278.8457
Q9BZG1,26505.90625,24156.87109,25159.875,23821.23828,20503.60547,22409.69922,20025.98438,20199.05859,18906.26172,17772.61523,16664.15625,17704.28125
Q9BZI7,14933.12598,17243.11133,16185.83887,14544.10156,19165.06641,14598.36426,14643.49902,15521.03516,18229.41992,16243.38477,19504.9668,8600.518555
Q9BZJ0,33588.13672,32390.75977,31351.72266,33400.25,33475.70703,34557.43359,34677.75,31680.15234,50450.78516,60686.33203,59370.16406,57511.36719
Q9BZK7,69641.25781,67976.17969,68666.92969,70185.35156,72251.25781,66297.4375,64968.15234,66191.08594,30432.26563,24822.08203,27008.31836,30313.92188
Q9BZL1,6681.080566,6220.850586,4786.824707,13227.11035,9159.505859,7733.119141,6808.29541,7441.442871,44064.75391,42917.36328,44733.70703,36811.27344
Q9BZL4,25245.2207,18770.78516,23340.17383,19570.80859,21573.87695,20363.19727,18407.14648,18520.37305,22275.00781,20835.52539,20584.01367,24275.54297
Q9BZQ8,16209.7041,15170.82617,16254.6377,14067.54297,16495.08203,11058.26953,12441.5498,9331.994141,24743.90234,23087.79883,22617.54688,22085.3457
Q9BZV1,25087.0332,14819.32227,11653.13477,20562.78711,10547.37109,11094.08008,12725.59375,9065.15625,4290.71582,7508.5,9214.166992,5980.533691
Q9BZX2,62866.24219,55537.88672,54812.87891,54056.41406,58198.01172,61937.08594,54969.27344,49217.05469,32206.04883,30934.83008,30975.90234,35059.11719
Q9BZZ5,69896.07031,65113.69922,67974.58594,69396.35156,64124.78125,62948.90625,61622.45703,63598.45703,26132.70898,28214.91406,27943.15234,25230.9375
Q9C005,17948.89258,10826.67969,19795.32227,16765.41016,23720.78125,27484.41797,9245.717773,10482.78223,26654.05859,28630.59375,27984.07422,28234.00586
Q9C086,36084.51172,30924.55078,33113.25781,33039.62891,33406.35547,33586.91406,35355.78516,32604.3457,49395.77734,48679.53125,48730.94141,52519.93359
Q9C0B1,25004.1582,19924.87109,26318.09375,28148.44336,27475.61914,24937.86914,18553.99023,25254.25977,8320.44043,6033.115234,5262.255859,9412.748047
Q9C0B7,47147.88672,41521.49609,44373.11719,42273.85156,44157.83984,39903.97656,40616.19922,40888.15625,27479.26563,26075.41016,26355.83594,24513.54102
Q9C0C2,44388.46875,45034.22656,44504.66016,44353.76953,44666.46484,43526.38281,42259.84766,43485.12109,22795.04688,25991.84961,24549.37305,22176.40625
Q9C0C7,30664.54297,29184.57813,29332.03516,32285.01367,31504.92188,27644.41602,28939.44922,27695,17384.14063,17055.61133,17584.35742,20100.80078
Q9C0D5,165960.0156,79488.07031,126414.9453,126379.2969,67789.05469,103749.8516,96485.375,102826.8984,59363,61169.27344,63213.55859,66452.35938
Q9C0E2,25328.9707,29985.42969,30723.37891,24485.25195,22753.0957,19599.80469,29632.33789,20598.92383,3699.765381,4374.481445,2975.964844,3725.575195
Q9C0I1,10248.31543,14130.90039,13093.35254,11091.75684,11263.14746,14421.00586,14754.23535,12951.73535,49780.71484,42873.42969,43354.54297,51787.95703
Q9C0J8,50173.67578,47833.92578,47213.01563,47248.60156,52988.08594,44987.34766,46349.73047,45731.75391,28251.05859,26700.92773,19119.5957,22388.54102
Q9GZL7,29888.31641,29693.81836,30338.56641,28914.52344,28306.50195,29683.30078,28468.00195,27852.94922,17176.43164,16064.8457,12725.2373,27003.51758
Q9GZN1,42789.16797,35521.76953,39507.77344,40069.14844,48729.77734,43943.44922,36399.85938,36085.41016,41241.4375,39856.13281,38502.84766,41165.04688
Q9GZN8,8065.394043,3628.67334,5372.786621,6447.082031,4741.607422,5570.141602,3335.039795,6138.887695,72040.80469,73002.96094,79443.97656,79223.39063
Q9GZP4,27007.79883,23956.33789,22981.84961,25320.18164,19011.87695,10628.30469,16357.69531,19961.88477,41680.71094,31918.45508,38335.80859,46146.84375
Q9GZP8,53432.42188,48420.37109,58094.14063,50340.65625,53507.29688,50164.32031,54517.16016,49638.05469,38021.83203,37760.37109,38051.19922,50401.47266
Q9GZR2,36321.45703,36352.72266,35115.25,33493.30469,38285.68359,36044.19141,34350.25391,34537.89844,23968.30664,22136.35352,17995.58789,23890.07813
Q9GZR7,32711.73438,31098.12305,32868.59766,31073.74609,32495.58008,32104.44531,31422.32422,30062.86719,32694.18359,28803.71289,30842.63281,30278.54492
Q9GZS1,31421.00391,30859.06641,32174.27539,31940.36133,36881.44922,29993.67188,29821.93555,27481.01172,31530.56836,30973.43164,31583.33008,29284.65039
Q9GZS3,37047.30078,38757.86719,39109.15234,38498.3125,35981.88672,35127.19531,36688.66797,37576.28125,46360.96875,55723.4375,52223.22266,47932.59375
Q9GZT9,43755.38672,36889.58594,42516.08203,36246.21094,38077.94922,31513.36719,29726.22656,30307.55664,26186.83203,26547.69141,26627.27344,24302.32031
Q9GZU8,37014.60156,33096.89453,36346.13672,35322.28516,39256.67188,35287.49219,31879.56055,35099.61719,10682.45117,6755.284668,12724.02539,25456.75391
Q9GZZ1,25343.64063,25544.47461,27375.26953,24698.36719,32840.59766,23637.60547,21358.76758,19967.36523,72398.28125,67051.61719,73619.29688,77623.83594
Q9GZZ9,48817.82813,35859.23828,46175.57031,39529.75,51192.4375,35581.34375,42148.47656,33727.15625,32892.80469,34905.03906,43852.78516,51817.91406
Q9H000,28255.88281,21848.43555,27442.83594,27004.21289,25012.34961,26109.9375,28668.66211,23106.86719,33544.55078,33911.97266,32818.51172,36478.79688
Q9H063,51769.5625,50358.875,53789.79688,44229.6875,35318.15234,29223.87695,35541.22266,39959.89844,98199.25781,97688.70313,108121.875,102646.2422
Q9H074,54278.62109,65354.05859,61572.23828,56111.40625,50601.78125,47156.44531,44509.50781,42952.89453,31655.39648,37146.75,45370.31641,42302.25
Q9H081,39705.125,33047.86719,30861.15039,38189.12109,36205.29688,28946.49609,31319.26172,31760.83203,22984.71875,21407.06055,24645.98633,24624.80859
Q9H093,11632.72363,13346.68262,10994.68262,13088.21777,32936.85547,33607.45313,36775.82031,34386.3125,57467.12891,58464.17969,55348.53125,54197.23438
Q9H098,24824.16992,26695.75,16384.25,16527.6582,22184.17969,13714.75195,17446.54492,14740.86035,106588.9219,110666.3438,115714.9141,106880.1484
Q9H0A0,52062.73438,53645.22266,54336.76563,54916.74219,53798.42188,57887.49609,57401.61719,55913.64844,36446.0625,37599.31641,36279.10156,32820.35938
Q9H0A8,82552.73438,76950.73438,38009.36328,50765.77344,73726.36719,74240.41406,72091.64063,75618.88281,39985.67578,46146.38672,48442.54297,44815.80078
Q9H0B6,24062.26563,25083.59375,23508.97656,25177.9082,22833.20117,25926.17969,28296.79297,24572.30469,38489.83594,38867.03516,39149.76172,38559.22266
Q9H0C8,25793.23633,23210.60547,25543.11914,25959.30469,22385.54102,24536.34961,26355.04297,25598.51172,25503.61523,19822.21484,19162.90625,17334.20313
Q9H0D6,36165.60547,35268.74609,34753.62891,36947.60547,36542.41016,32729.84766,35120.14063,34838.32031,15197.79199,14625.17969,14402.72852,15553.03027
Q9H0E3,21763.03906,22361.30078,20668.88086,21338.95898,27660.82617,20629.80273,19420.92188,19579.24414,22765.28125,20622.9082,20581.29883,20537.32422
Q9H0E9,23391.65625,19669.01953,20463.66797,21314.37891,21425.22656,17339.08594,17630.62305,18619.97461,33280.07031,33398.85938,34329.37891,31599.83008
Q9H0F6,13721.60938,15069.88965,10884.2041,9104.837891,13815.87988,7073.721191,10264.7168,6588.938477,26524.4668,25889.0957,27226.26172,27069.66406
Q9H0G5,46921.06641,42987.625,44703.13281,44355.73047,50732.74609,43448.29688,43839.94922,43729.35938,31418.72266,28049.47461,29084.04688,33507.20703
Q9H0H0,22708.9082,20973.19727,21412.97852,22216.77344,20670.07227,22246.7207,22763.15625,23407.07617,27321.83398,26940.72852,26580.13281,26822.03516
Q9H0H5,57938.41406,54157.46484,53826.19922,56124.79297,57060.59766,55747.45703,59777.97656,56280.19922,12409.44922,14014.52441,6733.006348,8517.688477
Q9H0J9,11597.55078,13384.36133,7656.577148,13732.26953,11470.92285,12971.2168,13646.11719,11071.35547,17612.61523,21146.70313,19381.50977,17784.0918
Q9H0K6,11128.4248,15942.37109,10726.8877,14946.69043,10681.36035,15088.35059,13051.58398,12818.09082,11814.5625,12116.47852,11418.08105,10782.33301
Q9H0L4,33807,32917.75391,31309.96484,33519.58203,38029.375,33205.41016,34560.70313,35746.79688,22484.36328,28682.19336,16997.9668,37900.67969
Q9H0P0,24766.19336,22139.17773,23128.7168,29268.5957,26043.24805,23918.2207,25771.86133,29479.76172,31095.50781,27724.83203,28747.04102,27186.68945
Q9H0R8,46244.70313,25470.78125,35199.32031,39587.46875,52539.05859,30619.99609,28354.37695,29536.56445,23257.22852,26221.30859,21518.04688,39016.27344
Q9H0S4,37837.34375,33198.80078,37726.20313,36673.77344,34854.69141,34730.72656,33989.15625,36139.71484,15136.99805,12870.78906,13344.56934,12725.00293
Q9H0U4,22265.05664,21878.21484,17942.91797,20206.0293,19332.34375,15692.24902,17076.79688,16671.48242,58819.23438,58799.03906,58770.4375,69558.75
Q9H0U9,11177.80664,7457.214355,8728.555664,9867.091797,9110.693359,7812.46582,6988.993652,7661.347168,33484.35547,34922.92969,37037.03516,34633.43359
Q9H0W8,9500.325195,9931.521484,10288.14355,9653.757813,11252.88379,9093.552734,8723.43457,9610.723633,34094.17969,38411.02344,34178.09375,37865.28125
Q9H0W9,25208.15625,28124.03711,27512.84961,24876.61914,27221.84961,26551.02734,23415.64844,23040.4082,41548.84766,56368.46094,55136.51172,47727.94531
Q9H147,22988.65625,47469.86719,24000.99414,22050.54102,27059.875,33282.98828,22710.55859,31913.5625,58386.375,59743.44922,57851.44531,55532.65625
Q9H1A4,30512.39063,29849.73438,29334.88867,29837.17188,34419.79297,29353.625,30571.69922,29234.80078,38577.60547,42717.79688,40468.04688,37402.05859
Q9H1B7,24145.85352,25085.08398,23295.38086,22337.35938,25194.19922,23915.47461,23913.87109,22976.00781,32707.25586,30789.38477,31945.79688,30019.38086
Q9H1D9,36081.98438,31785.88086,28080.91211,30103.01367,36121.64453,30795.59961,28792.87695,29290.23047,12351.60254,13228.76953,12626.34082,12735.62402
Q9H1E3,92512.71875,101377.4688,105110.5391,111134.3906,107124.5391,80090.83594,81534.57031,101381.6406,29735.88477,30892.24609,26689.08008,30000.07617
Q9H1H9,17800.31641,23839.92383,20322.63672,18134.25195,20156.92773,17917.35742,17386.8457,20789.56836,47116.19141,44583.47266,41625.03516,41927.85938
Q9H1K0,12285.04688,10796.62305,14492.89258,12583.23926,7499.397949,14425.7334,14181.88574,13231.19141,23100.56445,22413.56836,22622.30078,25647.82227
Q9H1Z4,22068.36914,21242.32031,20596.08398,22850.75586,25381.32227,22158.97461,22587.66602,22815.21484,30023.47461,34986.05859,30104.82227,22836.8418
Q9H204,15426.03125,15448.98535,16720.14063,20889.70703,17434.6543,11673.02344,9858.710938,11655.43066,24050.24414,20553.45117,19861.22266,23800.7832
Q9H211,26230.75,19554.80859,31363.12695,23474.76563,15278.8457,8390.69043,7614.318359,9142.547852,23584.91406,25283.53906,14322.85449,13245.09473
Q9H267,19033.81641,18906.26172,17772.61523,16664.15625,17704.28125,17656.63672,16470.86914,14814.40039,27273.55273,28194.49414,30211.73242,40931.42578
Q9H269,14516.77148,18229.41992,16243.38477,19504.9668,8600.518555,15752.22461,16094.57422,16291.0498,7232.330566,7164.269531,6520.775879,11511.08887
Q9H270,55274.33594,50450.78516,60686.33203,59370.16406,57511.36719,54048.58984,51353.68359,50621.99219,19105.91406,15368.7168,15978.24414,16427.56445
Q9H299,36878.69531,30432.26563,24822.08203,27008.31836,30313.92188,25228.0625,25127.38672,20323.86133,154326.2969,169176.5156,150831.5,164091.125
Q9H2C0,39336.19141,44064.75391,42917.36328,44733.70703,36811.27344,42765.69141,42758.58984,39928.39453,6057.508789,6399.299316,5011.573242,7009.515625
Q9H2D6,23399.27734,22275.00781,20835.52539,20584.01367,24275.54297,20694.15234,19562.85938,19114.53125,26644.87891,21760.42773,24430.31641,28617.04297
Q9H2G2,23230.41602,24743.90234,23087.79883,22617.54688,22085.3457,21353.07422,22200.17188,22743.75195,52081.84375,49172.87891,58039.53906,43693.98828
Q9H2G4,5842.314453,4290.71582,7508.5,9214.166992,5980.533691,9604.776367,5323.624023,3133.520752,47803.78125,47858.02734,47938.34766,48824.88672
Q9H2H8,35263.67188,32206.04883,30934.83008,30975.90234,35059.11719,28489.3125,32914.75391,28839.65234,16086.1748,17054.06836,17668.41211,17250.07227
Q9H2J4,30199.99414,26132.70898,28214.91406,27943.15234,25230.9375,24265.70703,24017.39844,26191.34961,22252.11328,20770.83203,21205.60156,19564.88672
Q9H2M9,28157.35547,26654.05859,28630.59375,27984.07422,28234.00586,28695.45508,26513.05664,24020.77539,22447.87695,25733.82422,23535.75,28033.4082
Q9H2P0,50282.49219,49395.77734,48679.53125,48730.94141,52519.93359,51672.39453,51878.03125,50497.03125,22766.45703,20384.34766,21448.1582,17222.39063
Q9H2P9,9264.623047,8320.44043,6033.115234,5262.255859,9412.748047,6640.228516,4634.475098,6614.660156,5111.544434,1876.74939,6750.088867,4064.206055
Q9H2U1,25704.98633,27479.26563,26075.41016,26355.83594,24513.54102,26531.5293,26684.87695,26098.2793,12823.96973,13130.11914,16498.01758,11538.87793
Q9H2U2,33325.60938,22795.04688,25991.84961,24549.37305,22176.40625,24623.32813,16735.3418,19201.42383,58998.89063,72439.21094,70996.30469,80957.59375
Q9H2Y7,19778.0625,17384.14063,17055.61133,17584.35742,20100.80078,18437.1582,19189.13086,17858.31641,42700,40358.72656,41176.10547,43915.73828
Q9H307,61192.70313,59363,61169.27344,63213.55859,66452.35938,62154.3125,61825.96875,63431.66797,20761.72266,18698.3457,18145.25,19085.46875
Q9H3H3,5985.030273,3699.765381,4374.481445,2975.964844,3725.575195,5608.863281,3085.30542,2969.638428,25912.27148,24204.69531,24954.67188,22647.66016
Q9H3K6,51460.50391,49780.71484,42873.42969,43354.54297,51787.95703,42243.73828,47758.51172,36845.91797,19739.86523,18263.83008,21383.5918,17089.82813
Q9H3M7,27539.04492,28251.05859,26700.92773,19119.5957,22388.54102,29690.47461,17254.33203,22346.21875,5649.936035,5073.987305,7461.066895,5054.739258
Q9H3N1,22692.71289,17176.43164,16064.8457,12725.2373,27003.51758,12583.62891,11108.54102,12532.83398,12039.13379,12221.60254,12481.23047,16854.13477
Q9H3P2,45369.53516,41241.4375,39856.13281,38502.84766,41165.04688,41353.73438,39423.37109,40766.25391,15430.30371,12036.17188,10787.22754,16253.53809
Q9H3P7,79710.46875,72040.80469,73002.96094,79443.97656,79223.39063,70152.17969,67350.5625,73368.29688,26865.18359,25046.77148,25603.07031,24905.03906
Q9H3Q1,39600.36719,41680.71094,31918.45508,38335.80859,46146.84375,37458.31641,32162.43555,33061.48438,8894.060547,9795.972656,8520.539063,18623.63867
Q9H3R2,35323.8125,38021.83203,37760.37109,38051.19922,50401.47266,31669.71875,31456.09375,46189.12891,6422.165527,56834.125,52145.60938,49697.66797
Q9H3R5,24833.65234,23968.30664,22136.35352,17995.58789,23890.07813,22404.51367,20231.64844,23876.93555,48135.79688,44592.88281,48534.14063,42363.25781
Q9H3S7,29570.53711,32694.18359,28803.71289,30842.63281,30278.54492,29634.97266,29214.78906,30288.76953,12113.42969,11717.24316,14139.40332,10732.19238
Q9H3U1,29849.52344,31530.56836,30973.43164,31583.33008,29284.65039,31003.29297,30908.90039,30308.22656,92483.875,93842.78906,94970.53125,94933.5
Q9H3Y8,52720.07422,46360.96875,55723.4375,52223.22266,47932.59375,52193.08984,60969.42188,62234.87109,20300.63477,19439.33203,17304.13477,18163.93164
Q9H410,27756.54688,26186.83203,26547.69141,26627.27344,24302.32031,27130.93164,27439.36914,28193.51953,16136.92188,19515.47461,16693.56055,18272.8125
Q9H425,2920.028076,10682.45117,6755.284668,12724.02539,25456.75391,6639.919434,5074.114258,4675.664551,24731.03516,25484.40234,26614.85742,27620.52539
Q9H444,68482.15625,72398.28125,67051.61719,73619.29688,77623.83594,68468.82813,69133.35156,70840.88281,20405.70508,18907.58008,24400.0918,17963.88477
Q9H467,55634.94922,32892.80469,34905.03906,43852.78516,51817.91406,13940.5,17262.57031,21370,17690.96875,17473.11914,18341.38867,17449.09375
Q9H479,37302.67188,33544.55078,33911.97266,32818.51172,36478.79688,30819.11133,30334.63672,29726.94141,102559.9063,99575.49219,94460.28125,90963.3125
Q9H489,94492.49219,98199.25781,97688.70313,108121.875,102646.2422,91670.75781,98050.03906,91196.34375,17792.83008,18251.82422,13653.50977,10634.80176
Q9H496,53327,31655.39648,37146.75,45370.31641,42302.25,52766.75391,52137.91016,52224.73438,10218.74707,11774.50684,9894.860352,12038.06641
Q9H4A3,24473.05078,22984.71875,21407.06055,24645.98633,24624.80859,17426.86523,17025.50195,17337.78125,31528.51172,36599.00391,32738.86133,36154.14453
Q9H4A4,59503.06641,57467.12891,58464.17969,55348.53125,54197.23438,48810.02734,46198.74609,48572.70703,15127.68066,18509.55664,20396.11914,20007.30469
Q9H4A6,113351.5313,106588.9219,110666.3438,115714.9141,106880.1484,93269.86719,94800.45313,91492.44531,24813.03711,25771.11523,25152.51367,28198.29297
Q9H4G0,39764.87109,36446.0625,37599.31641,36279.10156,32820.35938,30831.875,30703.03711,32454.83008,26647.61328,28287.95898,28820.125,22643
Q9H4I2,49914.49609,39985.67578,46146.38672,48442.54297,44815.80078,40283.10156,37327.17969,53335.95313,20267.31445,20867.28125,22038.80469,24224.17188
Q9H4L4,39104.09766,38489.83594,38867.03516,39149.76172,38559.22266,45572.44141,39476.52344,40962.73438,16895.21094,15593.31445,15673.24219,15703.58984
Q9H4L5,20914.4082,25503.61523,19822.21484,19162.90625,17334.20313,19286.44531,17962.63086,15322.29492,14079.53125,18592.33398,18851.43555,25676.91797
Q9H4L7,13884.44336,15197.79199,14625.17969,14402.72852,15553.03027,14128.31543,15427.46875,14448.3457,24231.01953,21322.40625,18368.04883,19295.21289
Q9H4M9,25691.98633,22765.28125,20622.9082,20581.29883,20537.32422,16577.64844,17330.29492,14046.62988,14451.13281,12108.95215,17631.04102,8452.527344
Q9H4Z3,31765.51758,33280.07031,33398.85938,34329.37891,31599.83008,33289.02734,34481.28516,35204.17188,15953.65332,15456.08203,16372.97656,13777.23828
Q9H501,27154.26758,26524.4668,25889.0957,27226.26172,27069.66406,29677.40625,29560.22461,27897.83789,35505.60156,36882.11719,34807.9375,37287.08203
Q9H582,34258.14844,31418.72266,28049.47461,29084.04688,33507.20703,26325.61719,26936.22266,28081.87109,36913.97656,42176.94141,38500.57813,39297.91406
Q9H583,25367.9707,27321.83398,26940.72852,26580.13281,26822.03516,28685.75586,28274.62109,27476.26758,16312.70313,11622.08984,14425.19238,17548.89453
Q9H5H4,17238.15234,12409.44922,14014.52441,6733.006348,8517.688477,11916.56738,16027.79004,10810.03027,61554.01563,60948.57031,60137.5625,65773.82813
Q9H5N1,22571.04883,17612.61523,21146.70313,19381.50977,17784.0918,16295.56152,17471.39063,18379.60156,35275.97656,31217.27148,32977.16797,26960.38867
Q9H5V9,16091.65234,11814.5625,12116.47852,11418.08105,10782.33301,11514.55273,8591.469727,9164.536133,25627.85156,17648.64453,19781.8125,2391.148682
Q9H5Z1,20931.66602,22484.36328,28682.19336,16997.9668,37900.67969,20737.42773,17763.60742,18623.07422,28107.66602,24519.69336,22189.87305,11322.89746
Q9H694,31228.13867,31095.50781,27724.83203,28747.04102,27186.68945,26366.16797,27363.26172,25201.14648,36068.1875,35759.07813,36336.97656,34598.30469
Q9H6D7,20227.99023,23257.22852,26221.30859,21518.04688,39016.27344,24350.72852,22361.34961,24408.78906,11777.43848,9251.485352,9766.099609,14331.26465
Q9H6E5,13238.15918,15136.99805,12870.78906,13344.56934,12725.00293,11888.76465,13286.3252,10486.39844,24048.61914,20377.08594,23137.62695,17111.54297
Q9H6F5,63906.59375,58819.23438,58799.03906,58770.4375,69558.75,61652.03125,60805.08594,63256.57422,4031.687256,7188.571777,3783.772217,7161.302246
Q9H6R0,35871.82422,33484.35547,34922.92969,37037.03516,34633.43359,34475.62891,35363.77344,35848.97266,80764.42188,81610.33594,80964.85156,71713.64063
Q9H6R4,37150.33203,34094.17969,38411.02344,34178.09375,37865.28125,32975.63672,33082.24609,31304.74219,162721.8125,159769.3594,135515.2813,153011.0625
Q9H6S0,47810.99609,41548.84766,56368.46094,55136.51172,47727.94531,44005.85156,39239.69141,41572.66016,23334.72656,25139.26758,26111.68359,27899.88281
Q9H6S3,58966.53516,58386.375,59743.44922,57851.44531,55532.65625,56816.55469,59213,56837.40234,32845.86719,34700.15234,33019.80078,34752.85547
Q9H6T0,43128.31641,38577.60547,42717.79688,40468.04688,37402.05859,41918.95313,42234.43359,38657.625,31696.71875,32619.85742,36745.76172,32725.85156
Q9H6T3,31614.80078,32707.25586,30789.38477,31945.79688,30019.38086,29606.57813,31408.02539,30364.31445,15884.91113,33488.3125,32829.00391,36492.35156
Q9H6V9,13192.77246,12351.60254,13228.76953,12626.34082,12735.62402,6944.42627,9303.094727,5735.033203,13901.05566,15142.01953,14024.99023,13725.25586
Q9H6W3,32852.19922,29735.88477,30892.24609,26689.08008,30000.07617,32604.16602,31925.14844,32967.86719,43376.01953,38529.00391,41243.92578,48891.82422
Q9H6Y2,42436.78906,47116.19141,44583.47266,41625.03516,41927.85938,42652.84766,41344.08203,42574.83203,14222.41211,10734.01563,11242.52246,14096.33691
Q9H6Z4,27264.9043,23100.56445,22413.56836,22622.30078,25647.82227,25377.19141,24666.01172,26601.36523,54834.16016,55915.82813,55945.32422,63682.40234
Q9H773,35074.36328,30023.47461,34986.05859,30104.82227,22836.8418,23800.77539,27176.69336,25619.22266,15107.8916,14929.39746,16185.53906,12764.80566
Q9H788,21397.49023,24050.24414,20553.45117,19861.22266,23800.7832,21431.56836,19446.01758,18894.04883,19824.98047,17734.82031,20501.45703,18046.87891
Q9H792,15293.93848,23584.91406,25283.53906,14322.85449,13245.09473,21542.02539,11924.00781,12841.58789,44619.54688,44708.64453,46593.99609,44640.97266
Q9H7B2,29267.09375,27273.55273,28194.49414,30211.73242,40931.42578,26274.03125,29484.0332,23230.48828,22958.00586,24360.85938,22816.66211,25829.43164
Q9H7C4,7995.716309,7232.330566,7164.269531,6520.775879,11511.08887,6953.814453,5747.75,4412.120117,40470.33594,43341.43359,42627.05469,60262.39844
Q9H7D0,13493.73145,19105.91406,15368.7168,15978.24414,16427.56445,17654.28711,14901.72363,14804.24902,37499.96875,36001.80469,37063.58594,39034.55078
Q9H7D7,164667.7969,154326.2969,169176.5156,150831.5,164091.125,155781.6563,141547.75,158825.7656,28516.83203,32309.23633,27836.93164,33782.86719
Q9H7E2,7124.944336,6057.508789,6399.299316,5011.573242,7009.515625,3913.99292,2635.831543,1451.758545,48623.10156,48939.64453,48101.54297,51512.63672
Q9H7E9,25021.25,26644.87891,21760.42773,24430.31641,28617.04297,33003.27734,30486.72266,27444.375,29269.3457,30255.92188,24765.21094,29114.30469
Q9H7L9,45779.46094,52081.84375,49172.87891,58039.53906,43693.98828,50699.73438,50203.17578,52239.04688,19098.63672,19089.25977,18812.8457,18950.12109
Q9H7N4,46237.48047,47803.78125,47858.02734,47938.34766,48824.88672,46632.07813,44145.875,42453.55859,76328.125,85026.69531,95294.39844,85545.63281
Q9H7X7,15736.37891,16086.1748,17054.06836,17668.41211,17250.07227,13081.93555,17478.06445,19321.14258,18852.77539,28782.11719,23782.01758,34421.19141
Q9H7Z6,20539.04492,22252.11328,20770.83203,21205.60156,19564.88672,22906.0293,20710.78516,19848.70898,4666.929688,5960.287109,4045.587402,12123.73145
Q9H814,27321.6582,22447.87695,25733.82422,23535.75,28033.4082,20119.54297,22479.08203,21917.55469,23181.00977,20680.43945,24260.60938,28276.9707
Q9H832,23360.97852,22766.45703,20384.34766,21448.1582,17222.39063,18462.82227,20710.51367,23751.47461,97536.02344,104578.6484,104218.2344,110504.4531
Q9H845,4217.171387,5111.544434,1876.74939,6750.088867,4064.206055,6724.48291,6038.996094,2178.665039,69616.70313,68474.09375,68753.08594,77894.36719
Q9H871,16580.6875,12823.96973,13130.11914,16498.01758,11538.87793,10639.46582,20059.06055,4759.409668,83726.19531,80264.91406,88161.84375,69586.36719
Q9H875,72640.26563,58998.89063,72439.21094,70996.30469,80957.59375,57247.35156,60063.55859,58420.78516,55259.60547,50714.04688,52656.48438,60974.0625
Q9H8G2,41172.83594,42700,40358.72656,41176.10547,43915.73828,41448.78906,41078.11719,38002.58594,27182.06641,25032.16211,26556.32617,18746.76367
Q9H8H0,19689.38086,20761.72266,18698.3457,18145.25,19085.46875,19585.98438,19847.18945,18408.07813,18681.09375,18101.8418,25427.45898,19098.23242
Q9H8H2,22893.0957,25912.27148,24204.69531,24954.67188,22647.66016,25979.05078,27045.08594,22986.1875,103807.2578,116012.5313,109741.2813,102346.6094
Q9H8H3,20341.56055,19739.86523,18263.83008,21383.5918,17089.82813,18962.07617,17039.15039,15493.36133,12654.1084,11451.65723,20708.29688,23565.28125
Q9H8K7,5514.978516,5649.936035,5073.987305,7461.066895,5054.739258,8995.666992,6255.436523,5578.371094,44867.64063,48602.42578,50578.28516,49697.39453
Q9H8M2,14187.71387,12039.13379,12221.60254,12481.23047,16854.13477,12415.2373,12245.86523,12234.5957,49730.85156,52665.78125,54263.34766,52654.16406
Q9H8U3,14580.49121,15430.30371,12036.17188,10787.22754,16253.53809,10599.33203,11217.09961,9690.462891,13033.97168,17700.64648,20604.03906,16008.27148
Q9H8V3,27668.31641,26865.18359,25046.77148,25603.07031,24905.03906,29659.91602,23546.14453,20878.29492,31477.5,32531.97461,32801.57031,37360.40625
Q9H8W3,13341.79688,8894.060547,9795.972656,8520.539063,18623.63867,4011.143799,4938.258301,2290.470947,40668.52344,46930.92188,43999.84766,51254.66797
Q9H8Y5,23909.16992,6422.165527,56834.125,52145.60938,49697.66797,8448.667969,28456.15039,20741.96484,19250.62305,24917.27148,21481.83789,19637.36133
Q9H8Y8,49912.08984,48135.79688,44592.88281,48534.14063,42363.25781,44846.46875,42850.69922,43627.86328,14097.19922,14389.36035,10521.53027,16099.5166
Q9H900,13541.21387,12113.42969,11717.24316,14139.40332,10732.19238,11602.53711,11728.87695,15691.74414,55840.98438,50177.40234,47465.12891,58907.29688
Q9H910,102752.6484,92483.875,93842.78906,94970.53125,94933.5,79137.41406,89645.40625,85650.45313,18895.76758,18129.98047,16626.92578,15561.17578
Q9H939,18161.58984,20300.63477,19439.33203,17304.13477,18163.93164,18028.25391,16455.80469,13974.60449,115306.8281,110782.6953,113911.9609,116065.1406
Q9H944,19887.89648,16136.92188,19515.47461,16693.56055,18272.8125,13039.12988,17815.57422,15219.03418,15666.70996,13942.06738,13421.17773,13809.30273
Q9H967,25960.30664,24731.03516,25484.40234,26614.85742,27620.52539,23250.74609,26318.17578,20797.0332,59348.03125,51372.55078,55497.77734,55587.73438
Q9H974,22033.45898,20405.70508,18907.58008,24400.0918,17963.88477,15757.49023,15723.79492,12524.77539,18937.85938,20045.91211,35892.78516,34714.11719
Q9H981,17069.62695,17690.96875,17473.11914,18341.38867,17449.09375,18264.73828,18551.25586,17043.11719,22584.76953,28627.22461,32171.20508,22813.83789
Q9H993,110379.3125,102559.9063,99575.49219,94460.28125,90963.3125,70139.84375,64623.19531,59379.98438,31784.2793,39149.23828,34157.82031,32437.14453
Q9H9A5,12865.25586,17792.83008,18251.82422,13653.50977,10634.80176,13049.91016,13429.11426,12690.08984,2539.671631,3602.912598,3895.825928,5557.597168
Q9H9A6,11855.95996,10218.74707,11774.50684,9894.860352,12038.06641,10556.09375,9191.289063,8932.551758,45178.13281,44556.64063,48289.9375,53984.85938
Q9H9B1,35413.27734,31528.51172,36599.00391,32738.86133,36154.14453,34690.96094,33801.28906,35912.95703,36260.51563,31308.7832,32551.10742,39788.15625
Q9H9C1,20595.78516,15127.68066,18509.55664,20396.11914,20007.30469,10117.96582,15668.47852,15510.11328,52543.64453,55535.85156,56138.86328,54865.74609
Q9H9E3,27305.12305,24813.03711,25771.11523,25152.51367,28198.29297,24387.02734,24837.99023,22906.18945,20751.32813,18896.12109,19290.17383,23004.53125
Q9H9F9,23372.71094,26647.61328,28287.95898,28820.125,22643,23658.87305,25590.21875,22822.02734,76801.21094,74046.32031,80317.94531,74721.64844
Q9H9J4,22190.05469,20267.31445,20867.28125,22038.80469,24224.17188,26016.36133,22232.87305,25302.30469,30463.50391,32593.17383,32689.33008,33499.41797
Q9H9L3,15733.64941,16895.21094,15593.31445,15673.24219,15703.58984,15116.35742,13718.69043,14695.07129,17179.0332,18510.11328,10189.34766,12045.68945
Q9H9L4,22092.99609,14079.53125,18592.33398,18851.43555,25676.91797,11833.58984,9282.671875,13309.76465,84399.89063,79238.625,86094.92188,76809.60156
Q9H9Q2,19356.26953,24231.01953,21322.40625,18368.04883,19295.21289,17648.44531,15779.93555,18274.05859,39427.59766,39527.37891,41177.22266,41041.35547
Q9H9T3,16206.95117,14451.13281,12108.95215,17631.04102,8452.527344,12320.10156,7695.221191,9070.066406,12707.38965,12460.73926,11207.26563,9263.306641
Q9H9Y2,13429.75195,15953.65332,15456.08203,16372.97656,13777.23828,12315.94141,11420.39355,11991.48438,13622.54785,8496.708984,9758.554688,9609.811523
Q9H9Y6,36589.42578,35505.60156,36882.11719,34807.9375,37287.08203,33388.53906,32309.79102,33930.89844,19009.36133,17418.43359,17426.55664,25917.07227
Q9HA64,42333.29297,36913.97656,42176.94141,38500.57813,39297.91406,30833.89844,35899.03906,32212.81055,26980.3457,28326.875,27712.68164,30449.90039
Q9HAD4,15794.93848,16312.70313,11622.08984,14425.19238,17548.89453,12468.875,11250.54688,12042.52637,15158.76563,9869.323242,15347.72266,6491.677246
Q9HAF1,61336.16797,61554.01563,60948.57031,60137.5625,65773.82813,55954.87891,61954.40234,58858.40234,48331.08594,46561.77344,47609.41797,52325.26172
Q9HAH7,29517.92969,35275.97656,31217.27148,32977.16797,26960.38867,39254.25781,36370.25,33350.32422,29032.01758,26763.92383,28708.98047,27410.84766
Q9HAN9,14218.94336,25627.85156,17648.64453,19781.8125,2391.148682,12352.57031,14786.23047,15973.27734,144960.7656,150235.2656,152725.2031,155281.4219
Q9HAV0,29259.38477,28107.66602,24519.69336,22189.87305,11322.89746,16767.69141,21913.66602,21520.36719,42751.02734,45753.08984,49125.42578,41593.42188
Q9HAV4,35948.37109,36068.1875,35759.07813,36336.97656,34598.30469,35253.39453,35587.53125,36045.23828,8106.77002,5287.567871,6945.644531,8268.568359
Q9HAW4,12272.8418,11777.43848,9251.485352,9766.099609,14331.26465,11832.84277,10880.26855,11418.60449,59714.74609,54624.41016,55158.25781,56874.47656
Q9HB07,27048.67188,24048.61914,20377.08594,23137.62695,17111.54297,15957.05273,15707.92773,13910.26172,48646.16797,47382.34375,48149.82813,41233.375
Q9HB21,2828.959717,4031.687256,7188.571777,3783.772217,7161.302246,5038.328125,4387.047363,4122.850586,10130.87598,11854.18945,10863.69922,10462.64746
Q9HB71,81007.42969,80764.42188,81610.33594,80964.85156,71713.64063,71168.375,75834.14063,77472.25,79406.13281,87277.35156,84173,87130.98438
Q9HBH0,155257.5625,162721.8125,159769.3594,135515.2813,153011.0625,152500.5313,171279.9375,160595.4375,15674.16895,16408.29688,16772.04883,9473.40332
Q9HBI1,28284.16602,23334.72656,25139.26758,26111.68359,27899.88281,28393.86523,23417.14063,26451.97852,58589.96875,54253.90234,58393.04688,76303.26563
Q9HBL8,35350.375,32845.86719,34700.15234,33019.80078,34752.85547,31357.64844,31178.72656,29586.23828,88019.99219,96597.14844,107523.9297,97218.16406
Q9HBM1,32486.67578,31696.71875,32619.85742,36745.76172,32725.85156,30031.24805,27748.14648,30097.41602,65315.32422,71367.71094,71172.79688,84646.69531
Q9HBM6,27811.91992,15884.91113,33488.3125,32829.00391,36492.35156,25179.27344,28235.44922,15523.5,11565.75391,10627.0332,11228.73242,10461.43164
Q9HC35,15405.19434,13901.05566,15142.01953,14024.99023,13725.25586,12999.14551,14355.83691,12583.27148,25110.9668,24793.06055,25485.72656,27739.91211
Q9HC52,44524.82031,43376.01953,38529.00391,41243.92578,48891.82422,42241.92969,43370.13672,44592.46094,18189.85156,18161.14453,16778.48047,20906.49023
Q9HC78,11234.47754,14222.41211,10734.01563,11242.52246,14096.33691,12186.17578,9251.483398,4713.270996,82217.35938,88018.875,87261.45313,79778.54688
Q9HCD5,58937.39063,54834.16016,55915.82813,55945.32422,63682.40234,60470.42578,59586.02344,63094.42188,34058.00781,32475.91602,34685.20703,35135.95313
Q9HCE1,16149.45215,15107.8916,14929.39746,16185.53906,12764.80566,13969.08496,11918.40137,14306.09082,36327.88672,36439.5,38939.88281,44430.23438
Q9HCE5,21206.42188,19824.98047,17734.82031,20501.45703,18046.87891,20910.14063,20775,21163.17188,21238.66016,24336.85742,24616.44922,21663.25391
Q9HCG8,43314.58594,44619.54688,44708.64453,46593.99609,44640.97266,46652.55469,47098.98047,44508.78516,19389.48242,25070.56641,22942.04883,19642.48633
Q9HCK8,24538.0625,22958.00586,24360.85938,22816.66211,25829.43164,24776.33789,24656.82617,23297.88672,35512.34766,39970.10547,40252.97656,37293.71484
Q9HCN4,49881.55078,40470.33594,43341.43359,42627.05469,60262.39844,39461.25391,33221.16406,32183.24805,16316.40039,15372.68066,19699.14648,24989.69336
Q9HCS7,38104.32031,37499.96875,36001.80469,37063.58594,39034.55078,36045.19922,34952.52734,36473.28125,82728.40625,78098.00781,75284.73438,79618.375
Q9HCU8,31529.7832,28516.83203,32309.23633,27836.93164,33782.86719,28174.52148,30563.08203,23208.27148,18019.48047,19976.5957,20370.91211,22025.63281
Q9HCU9,51008.00391,48623.10156,48939.64453,48101.54297,51512.63672,47312.03125,49264.08203,44504.05469,28900.16992,11868.90625,19489.68359,13029.63672
Q9HD15,30476.99609,29269.3457,30255.92188,24765.21094,29114.30469,28963.13672,27914.63086,25208.68359,33314.97266,31981.17383,34463.73438,36327.71094
Q9HD26,20419.00391,19098.63672,19089.25977,18812.8457,18950.12109,18686.14648,19257.37695,18848.26172,26579.01953,37978.3125,32938.12109,44065.1875
Q9HD47,78269.27344,76328.125,85026.69531,95294.39844,85545.63281,65752.55469,66763.78125,96754.75781,2498.774658,3365.931885,2289.041992,20702.87695
Q9NNW5,23302.91992,18852.77539,28782.11719,23782.01758,34421.19141,20491.87891,17678.13672,22901.48047,31297.37305,27594.26367,30066.58984,24262.39453
Q9NNX1,4375.768066,4666.929688,5960.287109,4045.587402,12123.73145,12962.04004,11457.46094,12757.68262,17563.80859,18671.52734,18619.50586,17924.35547
Q9NP50,22661.66797,23181.00977,20680.43945,24260.60938,28276.9707,20734.64453,19617.34766,18980.4043,27379.58008,27168.81055,27049.17773,30756.42773
Q9NP64,108792.0781,97536.02344,104578.6484,104218.2344,110504.4531,97834.03906,93141.35156,98780,30627.29492,34028.40234,43372.1875,33808.54688
Q9NP66,77933.71094,69616.70313,68474.09375,68753.08594,77894.36719,66632.21094,65384.76172,67951.84375,15450.58496,13113.77637,11874.27441,9121.763672
Q9NP73,77220.32813,83726.19531,80264.91406,88161.84375,69586.36719,90589.75,92267.25,98692.29688,4426.783203,4929.268066,3352.207275,4948.037598
Q9NP77,61633.37891,55259.60547,50714.04688,52656.48438,60974.0625,54464.90625,55713.22656,52500.86328,61934.98438,59310.83594,63396.34375,63199.14063
Q9NP79,20952.50781,27182.06641,25032.16211,26556.32617,18746.76367,23538.75586,26368.71875,27160.94336,32538.92383,33017.42578,28465.25391,39718.69141
Q9NP97,23814.64063,18681.09375,18101.8418,25427.45898,19098.23242,17823.26563,20583.67188,14607.62598,42401.00781,45603.14844,42797.53516,45443.85156
Q9NPA8,92295.57813,103807.2578,116012.5313,109741.2813,102346.6094,117265.2578,110717.1016,131382.5,21073.2832,19565.58398,19494.625,18808.56445
Q9NPC7,19218.17969,12654.1084,11451.65723,20708.29688,23565.28125,17671.1582,20595.75781,14287.9375,42444.04688,48878.6875,27538.64453,45548.92578
Q9NPD3,50019.44531,44867.64063,48602.42578,50578.28516,49697.39453,40523.71875,41437.84375,39592.82813,24997.25781,30948.10547,29569.47656,37069.14063
Q9NPD8,55263.13281,49730.85156,52665.78125,54263.34766,52654.16406,49269.77344,54510.3125,55731.80859,41152,42290.64453,43079.37109,42212.68359
Q9NPE3,15658.01172,13033.97168,17700.64648,20604.03906,16008.27148,14141.24316,14368.24414,14128.56055,45483.08594,44848.37891,46457.45313,46167.89063
Q9NPF5,33761.23828,31477.5,32531.97461,32801.57031,37360.40625,34635.90234,36583.30859,35047.70703,93433.17188,72795.84375,105489.6797,134485.3906
Q9NPI1,46840.66406,40668.52344,46930.92188,43999.84766,51254.66797,41886.85938,44065.35547,40771.87891,11548.0957,14936.94238,12503.24512,10267.96582
Q9NPI6,23405.4043,19250.62305,24917.27148,21481.83789,19637.36133,19144.36719,21767.40039,16662.88867,27484.81641,24904.11523,30262.53125,23201.45703
Q9NPJ6,14805.4248,14097.19922,14389.36035,10521.53027,16099.5166,12495.63672,11900.08789,13760.75781,75012.60938,80208.47656,82235.44531,86815.25781
Q9NPJ8,55486.3125,55840.98438,50177.40234,47465.12891,58907.29688,49336.48438,40788.23828,48937.94531,17130.32813,17399.97266,17188.57031,18120.76758
Q9NPQ8,16980.11328,18895.76758,18129.98047,16626.92578,15561.17578,14901.02246,16422.66016,15222.42969,79382.27344,86497.28125,96855.01563,85379.76563
Q9NQ29,108778.2813,115306.8281,110782.6953,113911.9609,116065.1406,115078.25,110569.5547,114864.8203,13114.45996,14933.67773,12857.59766,16687.71094
Q9NQ48,13463.03125,15666.70996,13942.06738,13421.17773,13809.30273,13947.65234,13378.41504,11806.3252,37949.08594,33420.28906,38269.56641,28437.91992
Q9NQ55,56952.51172,59348.03125,51372.55078,55497.77734,55587.73438,57574.73047,60990.90234,63866.75391,34179.73438,29510.76563,31312.99219,26857.42188
Q9NQ92,63948.80469,18937.85938,20045.91211,35892.78516,34714.11719,28544.58398,21441.39258,20085.99805,39692.11328,40819.05469,43816.72266,27954.1582
Q9NQA3,33797.33984,22584.76953,28627.22461,32171.20508,22813.83789,21720.45313,24373.37109,22669.33008,30718.20117,33834.51953,33333.04297,30922.88672
Q9NQC1,41290.41406,31784.2793,39149.23828,34157.82031,32437.14453,37108.14844,39394.12891,36287.49219,23275.4043,23351.9707,22057.68359,24323.375
Q9NQC3,5459.111328,2539.671631,3602.912598,3895.825928,5557.597168,5076.572754,4830.630859,3285.128174,10854.78516,10955.96191,12093.72559,11559.74609
Q9NQG5,52986.22656,45178.13281,44556.64063,48289.9375,53984.85938,40937.13281,40569.51172,45180.41797,6606.580078,6364.829102,4328.478027,19411.17773
Q9NQP4,60774.96875,36260.51563,31308.7832,32551.10742,39788.15625,29328.91992,20061.98828,17165.48047,38605.47656,42498.75,41421.1875,52285.03125
Q9NQR4,57587.59766,52543.64453,55535.85156,56138.86328,54865.74609,51390.73828,56542.86328,53632.02734,17192.49414,17670.31445,18104.06836,17042.35156
Q9NQS7,21319.99805,20751.32813,18896.12109,19290.17383,23004.53125,20084.36133,17014.10156,19524.30273,15409.78613,15445.80566,8009.073242,13021.99902
Q9NQT4,81059.89844,76801.21094,74046.32031,80317.94531,74721.64844,69627.60156,72653.73438,69478.28906,34471.11719,33592.08984,34659.14063,32099.20508
Q9NQT5,31386.44336,30463.50391,32593.17383,32689.33008,33499.41797,31112.23828,29139.55469,27560.47656,25619.88086,26714.17383,27466.20313,24329.91992
Q9NQT8,14544.53125,17179.0332,18510.11328,10189.34766,12045.68945,11651.58691,16537.7168,14095.14453,53210.42578,54333.98438,55603.76563,61052.36719
Q9NQV5,92429.14063,84399.89063,79238.625,86094.92188,76809.60156,54844.49219,62579.52734,63067.42188,32975.26953,30833.33203,26485.48828,21588.31641
Q9NQW6,40295.83594,39427.59766,39527.37891,41177.22266,41041.35547,41163.02344,39332.46875,41261.07422,101071.6953,106359.4844,108917.4531,132216.6563
Q9NQW7,12142.62695,12707.38965,12460.73926,11207.26563,9263.306641,9809.116211,12415.42969,8645.837891,29171.92188,29900.41797,31876.4375,31070.92188
Q9NQX4,10654.07129,13622.54785,8496.708984,9758.554688,9609.811523,15785.11719,11843.43945,8795.748047,39173.16406,40718.64844,41216.57422,41465.78906
Q9NQX6,14244.87891,19009.36133,17418.43359,17426.55664,25917.07227,27718.55859,29057.625,28717.73047,5628.061035,12702.95703,10199.83398,9425.211914
Q9NQZ2,28581.45703,26980.3457,28326.875,27712.68164,30449.90039,26854.5957,29419.5332,27671.50195,7721.29248,8356.503906,7524.750488,16214.80566
Q9NR11,8804.045898,15158.76563,9869.323242,15347.72266,6491.677246,11664.6377,22738.18945,15293.27148,37813.21484,35839.92188,39954.37109,41024.01172
Q9NR12,46964.94531,48331.08594,46561.77344,47609.41797,52325.26172,56540.15625,55573.34375,52367.19141,48039.77344,47400.19531,49812.25391,47983.59766
Q9NR19,26336.97266,29032.01758,26763.92383,28708.98047,27410.84766,28923.31445,28410,29601.06055,39581.61719,40332.14844,41784.125,39960.46875
Q9NR30,150966.4688,144960.7656,150235.2656,152725.2031,155281.4219,161390.9844,160692.2656,162419.4531,38867.76172,42331.91797,42981.9375,44392.71094
Q9NR31,47479.78125,42751.02734,45753.08984,49125.42578,41593.42188,40872.44922,40662.73438,46357.45313,21660.89648,20516.66211,20312.60938,18821.625
Q9NR33,5825.877441,8106.77002,5287.567871,6945.644531,8268.568359,5500.140625,6732.09668,7462.998047,42177.98828,42356.67188,42912.39063,41304.23828
Q9NR45,60567.73828,59714.74609,54624.41016,55158.25781,56874.47656,50294.00391,56571.02344,55038.67578,5322.108398,2980.949219,1066.586426,2929.345215
Q9NR46,50530.22656,48646.16797,47382.34375,48149.82813,41233.375,44525.30469,43091.80078,42602.87891,16520.20313,18048.58203,19827.51953,13858.76074
Q9NR50,13798.76563,10130.87598,11854.18945,10863.69922,10462.64746,12590.65723,11839.17285,12037.18262,44693.41016,40788.20703,26260.18164,36922.3125
Q9NR56,83539.33594,79406.13281,87277.35156,84173,87130.98438,79592.60156,79121.3125,81804.25781,31263.10352,34499.41797,31288.42383,31822.46484
Q9NRA8,14946.37891,15674.16895,16408.29688,16772.04883,9473.40332,13356.63867,16814.58789,13940.52637,25826.04883,23853.01172,23832.82422,24412.4707
Q9NRD1,72735.22656,58589.96875,54253.90234,58393.04688,76303.26563,62748.11719,57918.72266,46633.46484,29726.15625,29826.28516,32965.75781,32372.18555
Q9NRF9,109289.25,88019.99219,96597.14844,107523.9297,97218.16406,97511.78906,100700.3203,106315.8594,43346.36328,41246.01953,47797.42578,34195.08594
Q9NRG0,74517.91406,65315.32422,71367.71094,71172.79688,84646.69531,63241.88672,69063.98438,74037.49219,14284.10938,13986.94727,14157.46973,15059.23242
Q9NRG9,8955.168945,11565.75391,10627.0332,11228.73242,10461.43164,9843.805664,10343.91016,10520.71094,48608.76563,50284.78906,50492.8125,42427.19531
Q9NRL2,26527.17383,25110.9668,24793.06055,25485.72656,27739.91211,26891.125,26068.78906,25115.33984,16526.62695,15382.85449,15945.68164,15406.34473
Q9NRL3,19068.06836,18189.85156,18161.14453,16778.48047,20906.49023,18749.32617,15107.94336,20122.81641,28524.14258,31445.08398,32209.50391,31919.59766
Q9NRN7,83552.41406,82217.35938,88018.875,87261.45313,79778.54688,78121.89844,86281.375,82788.46094,21754.44141,23448.73438,20644.35352,22076.81641
Q9NRR4,31243.54297,34058.00781,32475.91602,34685.20703,35135.95313,37165.47266,34119.02344,32874.89844,40612.36328,35228.44922,38335.79688,42765.13281
Q9NRR5,41936.30469,36327.88672,36439.5,38939.88281,44430.23438,31831.27148,34729.62891,33503.76563,30156.41602,30477.39453,33711.05469,32273.76172
Q9NRV9,24939.96094,21238.66016,24336.85742,24616.44922,21663.25391,19625.54883,26430.5918,26695.96875,47612.92578,47070.63281,45288.60156,52098.82422
Q9NRW3,22923.10156,19389.48242,25070.56641,22942.04883,19642.48633,14220.06152,15421.20996,4353.444336,58148.68359,58204.42578,63404.01172,63781.09375
Q9NRW7,41543.93359,35512.34766,39970.10547,40252.97656,37293.71484,35820.82031,36196.28906,35302.50781,40215.50391,41066.44922,40805.97656,42650.93359
Q9NRX1,18016.80078,16316.40039,15372.68066,19699.14648,24989.69336,23252.6543,22741.53906,25467.97461,54563.78906,54825.23047,57394.29688,54599.73828
Q9NRX4,81182.64063,82728.40625,78098.00781,75284.73438,79618.375,72369.27344,79242.11719,72301.76563,33919.60547,36930.23047,35760.35938,37291.17188
Q9NRY2,19134.33594,18019.48047,19976.5957,20370.91211,22025.63281,34158.34375,11647.32813,15181.64258,28897.46289,24073.34766,27394.89258,29643.08008
Q9NRY4,17175.08789,28900.16992,11868.90625,19489.68359,13029.63672,22313.62891,15106.98828,8144.739746,28296.35547,53515.50781,55690.57031,40738.78125
Q9NRZ9,32992.32031,33314.97266,31981.17383,34463.73438,36327.71094,33945.50391,34362.69922,35035.93359,30897.03125,32685.3457,29626.70117,30378.77148
Q9NS56,38877.34766,26579.01953,37978.3125,32938.12109,44065.1875,25831.64453,29214.57813,16576.57227,49023.11328,29071.89844,47585.30859,62705.98438
Q9NS73,50337.55859,2498.774658,3365.931885,2289.041992,20702.87695,48193.83984,7671.184082,11968.66602,20921.66016,19102.1875,21201.94727,27670.83984
Q9NS86,29163.14063,31297.37305,27594.26367,30066.58984,24262.39453,28521.80859,28052.74219,27438.68164,15236.39941,15941.11621,10220.89063,18337.67969
Q9NS87,17640.71094,17563.80859,18671.52734,18619.50586,17924.35547,19423.29883,16458.80469,17245.06641,97805.07813,98917.53906,104818.875,107689.6484
Q9NS91,29130.35156,27379.58008,27168.81055,27049.17773,30756.42773,29164.29102,29450.17383,27958.85938,70470.35156,3461.134521,92460.53125,118023.6875
Q9NSC5,39376.28125,30627.29492,34028.40234,43372.1875,33808.54688,26325.80469,27346.28906,34006.91406,13433.08203,12719.07813,12427.45996,14973.53223
Q9NSD9,13049.85938,15450.58496,13113.77637,11874.27441,9121.763672,10241.8584,10711.14453,6970.874512,61300.12109,88424.46875,47900.86719,67588.82031
Q9NSE4,5365.61084,4426.783203,4929.268066,3352.207275,4948.037598,3364.972168,3746.93042,10386.03711,35381.46094,33666.49609,34940.78906,35920.96484
Q9NSG2,69986.92969,61934.98438,59310.83594,63396.34375,63199.14063,50849.17578,55208.875,47480.76563,21980.7832,22952.78516,19974.78125,16388.65234
Q9NSI2,37058.83984,32538.92383,33017.42578,28465.25391,39718.69141,30470.31445,37119.97266,16833.51172,29223.75977,25993.88281,29746.58984,23566.24609
Q9NSK0,45858.53516,42401.00781,45603.14844,42797.53516,45443.85156,41615.45313,41723.78516,43550.41797,53274.33594,54994.34375,59047.50781,43888.96875
Q9NSV4,17233.58984,21073.2832,19565.58398,19494.625,18808.56445,24432.32617,18351.5332,20789.63867,30464.03516,29477.78906,28591.72266,26461.07227
Q9NSY1,47369.44531,42444.04688,48878.6875,27538.64453,45548.92578,45889.15234,42352.17578,36014.19531,36097.71094,30821.04688,51182.23828,58345.92969
Q9NT62,29217.74219,24997.25781,30948.10547,29569.47656,37069.14063,25548.05664,29986.34375,28037.00977,17372.54883,19780.16211,20771.11523,17801.27734
Q9NTI5,42091.89844,41152,42290.64453,43079.37109,42212.68359,44087.14063,42116.27734,43510.62891,16683.41797,19091.26563,20592.04883,18650.42383
Q9NTJ3,47255.91406,45483.08594,44848.37891,46457.45313,46167.89063,45865.99609,46353.79297,44356.97266,42452.94531,42828.16016,43014.44922,38753.85938
Q9NTJ4,105296.0625,93433.17188,72795.84375,105489.6797,134485.3906,71375.28125,27870.25,86244.02344,22341.25,20837.46289,23188.93555,20466.66602
Q9NTJ5,16652.50977,11548.0957,14936.94238,12503.24512,10267.96582,15741.8584,11186.4043,12210.37793,17935.72852,17480.45117,17855.30664,19218.03711
Q9NTK5,26257.23633,27484.81641,24904.11523,30262.53125,23201.45703,25145.56836,24498.26953,23227.16406,53612.10938,51272.58984,56587.69531,48735.69922
Q9NTZ6,84915.3125,75012.60938,80208.47656,82235.44531,86815.25781,78996.63281,80118.4375,78250.33594,3253.203125,2517.281982,7243.139648,3888.644775
Q9NU22,17433.61914,17130.32813,17399.97266,17188.57031,18120.76758,16465.95898,16229.14551,14639.28125,39406.19922,38611.75391,37441.51953,34586.32422
Q9NUP7,86974.96875,79382.27344,86497.28125,96855.01563,85379.76563,81632.4375,74363.52344,89714.05469,14343.1123,12746.48633,12550.48926,9527.143555
Q9NUP9,16499.44531,13114.45996,14933.67773,12857.59766,16687.71094,11962.29199,12325.4248,6649.537109,25859.94531,28026.91797,27174.63867,34998.77344
Q9NUQ3,39764.22656,37949.08594,33420.28906,38269.56641,28437.91992,35296.4375,35560.84375,32478.76758,68960.13281,72384.07031,77581.82031,70286.21875
Q9NUQ8,25652.85938,34179.73438,29510.76563,31312.99219,26857.42188,30484.63867,25332.64648,23534.88086,22004.39844,19924.56641,18757.45313,18000.55469
Q9NUQ9,38730.96875,39692.11328,40819.05469,43816.72266,27954.1582,36844.73047,40163.98047,42127.70703,11285.09668,9614.806641,11603.70508,11809.2207
Q9NUU7,27429.5,30718.20117,33834.51953,33333.04297,30922.88672,34508.875,32385.98828,32189.98438,27454.56641,28651.89844,29682.55859,29837.16406
Q9NV06,23886.13672,23275.4043,23351.9707,22057.68359,24323.375,24796.57227,19703.32422,20218.01367,61446.73047,61888.77344,62562.57422,68147.70313
Q9NV31,13255.09668,10854.78516,10955.96191,12093.72559,11559.74609,8161.100098,8674.279297,10307.96289,48723.82031,52180.91406,52519.76172,52256.75391
Q9NV35,14842.35742,6606.580078,6364.829102,4328.478027,19411.17773,8691.274414,6645.177246,7228.697266,37025.67188,33435.81641,31270.5,28317.93359
Q9NV56,49217.62891,38605.47656,42498.75,41421.1875,52285.03125,32872.63672,33757.13281,39708.90234,92665.70313,90581.33594,93478.69531,97883.09375
Q9NV70,18063.31055,17192.49414,17670.31445,18104.06836,17042.35156,16230.35059,12835.63086,15855.38965,19305.98633,17343.16602,21894.08789,23427.11133
Q9NV88,12167.30273,15409.78613,15445.80566,8009.073242,13021.99902,16755.4668,15998.87402,16581.2168,47502.19141,45647.20313,38273.54297,39889.67188
Q9NVA2,38558.15234,34471.11719,33592.08984,34659.14063,32099.20508,30803.49805,30990.50586,29296.66016,32659.45898,31598.28516,30913.44531,32509.15234
Q9NVC6,26410.30664,25619.88086,26714.17383,27466.20313,24329.91992,28353.29688,25938.63867,23410.27734,26023.74805,12693.10254,23104.7832,13560.06445
Q9NVD7,58167.12891,53210.42578,54333.98438,55603.76563,61052.36719,53388.55469,50390.03516,49333.91797,55866.62891,37227.71484,40722.94922,26240.5293
Q9NVE7,34511.08984,32975.26953,30833.33203,26485.48828,21588.31641,28814.57031,26889.90039,27162.60547,26539.75586,29493.08203,27878.50195,31279.32422
Q9NVF7,118771,101071.6953,106359.4844,108917.4531,132216.6563,114342.1406,110845.7266,113863.9063,15060.8418,14553.80859,19986.30469,16774.98828
Q9NVH2,28372.62695,29171.92188,29900.41797,31876.4375,31070.92188,26338.64063,26339.99219,26497.97266,4956.365723,5336.824219,2317.760254,6400.179199
Q9NVI1,40537.66797,39173.16406,40718.64844,41216.57422,41465.78906,42721.07031,41737.35938,41779.50391,41622.07813,37815.98828,42885.30078,55496.44141
Q9NVI7,9392.128906,5628.061035,12702.95703,10199.83398,9425.211914,8709.772461,4702.148926,13138.55859,51527.01953,51590.33594,51043.78125,54012.00781
Q9NVM4,10202.20508,7721.29248,8356.503906,7524.750488,16214.80566,8462.496094,7061.487793,7280.796875,43299.19922,43690.81641,40365.92188,40451.46484
Q9NVM6,39198.03906,37813.21484,35839.92188,39954.37109,41024.01172,32900.65234,38358.60938,34525.28906,11400.9707,9835.868164,8997.457031,8046.986328
Q9NVM9,46345.08594,48039.77344,47400.19531,49812.25391,47983.59766,46973.94531,48345.65234,45903.91406,6974.099121,7067.537598,6947.628906,8318.636719
Q9NVN8,37967.57422,39581.61719,40332.14844,41784.125,39960.46875,41586.12891,40764.58594,44156.78516,21559.36523,25536.03125,24982.41211,23949.69141
Q9NVP1,43373.31641,38867.76172,42331.91797,42981.9375,44392.71094,42123.83203,43014.51563,44128.32031,24176.80078,22235.78711,18504.70117,14918.2168
Q9NVP2,16942.97656,21660.89648,20516.66211,20312.60938,18821.625,21336.41211,24466.98242,25301.48633,12687.48535,12040.35742,10752.46289,12044.7002
Q9NVQ4,41645.51172,42177.98828,42356.67188,42912.39063,41304.23828,43585.02344,45901.57813,44764.69531,22668.78711,22564.11133,23458.36328,32878.85938
Q9NVR0,16365.15723,5322.108398,2980.949219,1066.586426,2929.345215,1047.141113,3921.58252,5766.507813,44987.11328,43643.44141,48950.04688,41279.58203
Q9NVR2,16175.74219,16520.20313,18048.58203,19827.51953,13858.76074,16009.27637,16486.63477,13130.00098,30404.86523,29934.5625,29874.64453,24503.50195
Q9NVS9,41185.10547,44693.41016,40788.20703,26260.18164,36922.3125,37032.44531,37232.15625,44994.66406,57727.20703,57507.62109,58523.68359,54647.80078
Q9NVU0,34205.35547,31263.10352,34499.41797,31288.42383,31822.46484,32485.83984,31418.92578,32307.90625,11049.92871,4420.715332,11051.70508,11300.70313
Q9NVU7,25615.78906,25826.04883,23853.01172,23832.82422,24412.4707,23741.84961,22786.64648,28141.08594,33185.125,35460.86719,35110.41797,57106.125
Q9NVW2,30776.24219,29726.15625,29826.28516,32965.75781,32372.18555,32464.57813,35380.65625,36288.75391,17622.63281,15507.91602,14504.94434,15431.16504
Q9NVX2,40260.07813,43346.36328,41246.01953,47797.42578,34195.08594,37522.25,39699.96094,39227.73047,31002.0293,32139.52734,29104.97656,32950.26172
Q9NVX7,15296.63184,14284.10938,13986.94727,14157.46973,15059.23242,12078.55957,13721.2373,13178.74414,23450.13477,21826.43359,22997.0918,25915.77734
Q9NVZ3,56867.57813,48608.76563,50284.78906,50492.8125,42427.19531,42643.20313,38554.78516,49725.25781,61616.34375,65342.625,63594.89063,66426.75
Q9NW08,15760.9834,16526.62695,15382.85449,15945.68164,15406.34473,17564.59961,15288.07422,16374.75098,39327.64063,40061.71094,42683.82031,46357.25781
Q9NW13,33421.91797,28524.14258,31445.08398,32209.50391,31919.59766,31292.13672,32877.28516,31724.54297,274981.9375,265827.5313,275306.875,269617.2188
Q9NW64,21319.22852,21754.44141,23448.73438,20644.35352,22076.81641,21345.49805,21319.73633,19918.52539,29689.63086,28758.1543,28458.3457,27445.68555
Q9NW68,35891.49609,40612.36328,35228.44922,38335.79688,42765.13281,43370.96484,48159.09375,47009.28906,49619.02344,52477.82813,51974.11328,54919.55469
Q9NW75,32633.24414,30156.41602,30477.39453,33711.05469,32273.76172,31719.1582,29539.5918,28967.94727,45678.43359,49599.35547,49781.06641,51809.15234
Q9NW82,48676.54688,47612.92578,47070.63281,45288.60156,52098.82422,46302.34375,46786.35547,42170.75391,20292.31055,23944.61719,22754.66992,15815.86328
Q9NWB6,61708.12109,58148.68359,58204.42578,63404.01172,63781.09375,64117.86719,66814.39844,56691.88281,27327.0918,24136.63672,33724.28906,38734.375
Q9NWH9,40548.81641,40215.50391,41066.44922,40805.97656,42650.93359,39506.02344,39468.65234,38400.94922,142765.6406,141160.3906,153942.9844,139268.2656
Q9NWS0,60562.10547,54563.78906,54825.23047,57394.29688,54599.73828,53226.25,50789.66016,49040.85156,39934.52344,37110.85547,37911.46094,32326.55273
Q9NWT1,38724.95313,33919.60547,36930.23047,35760.35938,37291.17188,37515.27344,34453.66797,33702.69531,28386.82227,26502.34766,27466.04688,31657.15039
Q9NWT6,31832.375,28897.46289,24073.34766,27394.89258,29643.08008,23238.00391,24393.69727,23365.32227,85792.50781,80519.28125,83638.55469,77419.97656
Q9NWU2,62414.15625,28296.35547,53515.50781,55690.57031,40738.78125,55371.32813,46698.94141,48128.95703,204170.4844,214805.5156,195475.4531,205928.9375
Q9NWV4,30854.16602,30897.03125,32685.3457,29626.70117,30378.77148,29304.32422,26941.48242,26525.99219,35972.70703,38383.69531,37830.46094,43449.24609
Q9NWV8,71904.71094,49023.11328,29071.89844,47585.30859,62705.98438,53550.46484,44238.30859,49657.48047,27402.2207,29360.30664,27135.95313,25567.04297
Q9NWY4,19532.04688,20921.66016,19102.1875,21201.94727,27670.83984,16831.75977,16997.87109,14071.16113,28566.96094,28008.48242,27989.02344,27952.93555
Q9NWZ3,11065.86719,15236.39941,15941.11621,10220.89063,18337.67969,25392.35156,23278.73047,26645.20898,36675.59766,36769.25,34992.09375,33506.00391
Q9NX24,100861.5703,97805.07813,98917.53906,104818.875,107689.6484,98928.53125,110426.4453,112324.125,35190.21484,31448.18945,30736.80078,36343.875
Q9NX31,137526.2656,70470.35156,3461.134521,92460.53125,118023.6875,5070.133789,4553.289063,6695.403809,44489.30469,38851.62109,48280.13672,47178.12891
Q9NX46,17326.49805,13433.08203,12719.07813,12427.45996,14973.53223,14077.93066,14235.14844,15924.50195,47460.82031,56693.36719,71536.97656,50521.54297
Q9NX55,54487.05078,61300.12109,88424.46875,47900.86719,67588.82031,44714.76172,53348.73438,48808.27734,33282.33984,33867.58984,40418.64844,42673.76172
Q9NX58,36135.01953,35381.46094,33666.49609,34940.78906,35920.96484,34526.25781,33618.85547,31746.21094,35411.19531,29250.83398,29657.14063,32407.01563
Q9NX63,16430.11328,21980.7832,22952.78516,19974.78125,16388.65234,16262.99121,18196.32227,16118.30664,14681.24902,18841.9668,16366.01465,18014.17578
Q9NX70,32039.15234,29223.75977,25993.88281,29746.58984,23566.24609,28845.88281,28420.01172,29081.06836,47709.89844,49585.95703,39159.28516,50663.26563
Q9NXA8,55727.0625,53274.33594,54994.34375,59047.50781,43888.96875,59375.52734,50575.10156,52839.76563,12023.65625,11841.37988,11994.72656,11097.37109
Q9NXE4,28846.40234,30464.03516,29477.78906,28591.72266,26461.07227,29792.63867,27985.7793,30601.33203,36847.34766,49728.47266,55338.88281,61014.82422
Q9NXE8,38443.6875,36097.71094,30821.04688,51182.23828,58345.92969,30845.4082,20465.07422,21539.08203,24067.02539,26880.50586,23563.72461,25443.32227
Q9NXF1,18346.57422,17372.54883,19780.16211,20771.11523,17801.27734,16242.21973,16474.14453,17374.68164,28440.19727,25831.20703,27124.0957,27765.56836
Q9NXF7,21670.08789,16683.41797,19091.26563,20592.04883,18650.42383,17103.78516,15776.3623,16641.97266,43430.9375,44732.25391,44982.47266,44688.09766
Q9NXG2,43236.23047,42452.94531,42828.16016,43014.44922,38753.85938,41716.36328,41652.58594,40966.91797,21018.72266,19331.68164,20443.52148,17148.05078
Q9NXH9,22296.22852,22341.25,20837.46289,23188.93555,20466.66602,22694.96875,24060.82227,21086.14648,51497.04297,48276.55859,46862.52344,46648.375
Q9NXR1,19319.11328,17935.72852,17480.45117,17855.30664,19218.03711,14099.80273,15704.75781,14334.16797,21259.91797,22002.31055,21977.11133,20930.92773
Q9NXR7,50957.02344,53612.10938,51272.58984,56587.69531,48735.69922,45697.77344,46801.39063,43821.98438,60542.09375,63115.98047,58929,56717.96484
Q9NXR8,4275.850586,3253.203125,2517.281982,7243.139648,3888.644775,3405.013184,1823.449707,2748.339844,11917.14941,11536.31641,7132.916016,13671.67188
Q9NXV6,38562.10547,39406.19922,38611.75391,37441.51953,34586.32422,37612.62109,37549.23047,35298.87109,15187.70508,17716.21094,18335.58984,18360.93945
Q9NXW2,9047.604492,14343.1123,12746.48633,12550.48926,9527.143555,5771.064453,10074.22168,13147.58008,17362.81836,20752.38477,18531.49023,22084.60938
Q9NXX6,29807.32422,25859.94531,28026.91797,27174.63867,34998.77344,26307.86523,22083.01563,28360.44531,23009.82617,29148.65039,27032.49414,20093.22266
Q9NY12,72526.67969,68960.13281,72384.07031,77581.82031,70286.21875,66580.21094,65399.08594,67359.125,22483.40234,20133.71094,20185.05469,18054.58594
Q9NY27,19172.33398,22004.39844,19924.56641,18757.45313,18000.55469,17421.80664,15799.61914,16131.58105,42339.6875,43541.51172,41870.99609,44314.76953
Q9NY33,9508.560547,11285.09668,9614.806641,11603.70508,11809.2207,10531.75977,11507.80664,6967.572266,24763.99023,24086.1582,24484.45508,22466.4043
Q9NY61,27741.82031,27454.56641,28651.89844,29682.55859,29837.16406,26852.7207,28098.81055,29403.16406,31151.19922,31298.93945,31001.47461,31910.58008
Q9NY93,69020.15625,61446.73047,61888.77344,62562.57422,68147.70313,64142.15625,63895.82031,65121.82813,16827.83008,17488.41406,16041.95508,18731.04297
Q9NYB0,55016.23438,48723.82031,52180.91406,52519.76172,52256.75391,49649.36719,51814.125,51947.74219,49542.30859,47005.09766,50635.14063,52370.44922
Q9NYD6,32585.27344,37025.67188,33435.81641,31270.5,28317.93359,32101.63477,36944.66406,32716.11133,55859.41797,49688.82422,49116.07813,49445.73828
Q9NYF8,94935.99219,92665.70313,90581.33594,93478.69531,97883.09375,93803.52344,96522.95313,94772.50781,41180.68359,32984.88672,36572.71484,40586.21094
Q9NYH9,24131.91406,19305.98633,17343.16602,21894.08789,23427.11133,19154.5,18898.10352,18300.51563,35295.80078,35449.61328,34782.72266,32339.38477
Q9NYJ8,32390.95703,47502.19141,45647.20313,38273.54297,39889.67188,43276.15234,46323.88672,25519.29297,14220.73145,17329.96484,13365.28027,19523.65234
Q9NYL9,34583.91406,32659.45898,31598.28516,30913.44531,32509.15234,29170.85938,26145.49609,27128.48633,6973.276367,4566.350586,5280.554199,7794.380859
Q9NYP9,32215.01758,26023.74805,12693.10254,23104.7832,13560.06445,27178.96094,28524.69141,28835.47461,9851.008789,7192.472656,6145.62793,7735.237305
Q9NYU2,81120.74219,55866.62891,37227.71484,40722.94922,26240.5293,76714.82031,38907.16797,47842.01172,52000.11719,51857.44531,52675.77344,50569.92969
Q9NYV4,28354.05469,26539.75586,29493.08203,27878.50195,31279.32422,28084.28125,27926.58594,29563.2832,17296.62891,14618.4043,15454.82031,22568.35156
Q9NYV6,16353.73145,15060.8418,14553.80859,19986.30469,16774.98828,14922.47949,13575.04883,7336.348145,21846.33203,22410.5293,23224.83203,23385.98242
Q9NYW8,5902.092773,4956.365723,5336.824219,2317.760254,6400.179199,3767.528809,8451.805664,3049.125244,24332.10938,22643.43164,23325.24805,25387.23242
Q9NZ01,58258.28906,41622.07813,37815.98828,42885.30078,55496.44141,25396.94922,32720.98828,33684.30469,18928.67969,24312.33398,24188.83594,27912.36133
Q9NZ63,49949.49219,51527.01953,51590.33594,51043.78125,54012.00781,51821.42578,52741.26563,55016.60938,61689.76172,61720.80859,62454.99219,63210.25
Q9NZ71,36822.23438,43299.19922,43690.81641,40365.92188,40451.46484,29510.32227,38249.12891,37848.32813,8696.68457,8142.815918,5433.143066,5255.975586
Q9NZB2,9473.983398,11400.9707,9835.868164,8997.457031,8046.986328,10543.55371,8540.319336,10277.56055,41873.02344,40221.09766,42636.46875,39134.21094
Q9NZD2,7148.007324,6974.099121,7067.537598,6947.628906,8318.636719,6102.289551,5234.84375,5930.662109,47830.36719,48119.15234,48936.55078,48941.19531
Q9NZD8,27367.57031,21559.36523,25536.03125,24982.41211,23949.69141,24427.58008,19915.20313,20838.13672,40632.46094,37900.97266,38187.66016,38087.27734
Q9NZI7,21614.06836,24176.80078,22235.78711,18504.70117,14918.2168,20570.55273,20742.89258,21856.64844,50912.95703,31578.35156,36155.02344,29096.26367
Q9NZI8,15867.13184,12687.48535,12040.35742,10752.46289,12044.7002,13135.72168,10376.25293,11231.89355,16130.41113,20153.23242,16707.76953,20505.61328
Q9NZJ0,24680.67188,22668.78711,22564.11133,23458.36328,32878.85938,28867.18945,28052.18945,26640.96289,3960.64917,10252.00977,12463.43262,5571.238281
Q9NZL4,44199.52734,44987.11328,43643.44141,48950.04688,41279.58203,43941.44922,41898,40050.96875,86251.98438,102789.5547,99771.39844,84512.34375
Q9NZL9,31194.50195,30404.86523,29934.5625,29874.64453,24503.50195,26612.70117,25989.13281,23824.99805,44763.07031,43526.35156,40445.14844,38583.6875
Q9NZM1,57155.25781,57727.20703,57507.62109,58523.68359,54647.80078,55423.92578,55119.18359,55440.55469,38302.34766,36761.30469,34723.40625,35559.52344
Q9NZM3,13715.17285,11049.92871,4420.715332,11051.70508,11300.70313,12292.88477,11407.33984,10988.56836,37337.375,32517.54102,36256.46094,33380.11328
Q9NZM5,41208.9375,33185.125,35460.86719,35110.41797,57106.125,36370.02344,33752.09766,35730.01563,63222.06641,55870.37891,51438.79688,50045.71875
Q9NZN4,13448.24512,17622.63281,15507.91602,14504.94434,15431.16504,16167.54004,19133.37109,15787.97656,35877.94922,44305.58594,58852.73047,44031.02344
Q9NZN8,27773.69531,31002.0293,32139.52734,29104.97656,32950.26172,23655.33984,26695.84766,21717.69336,49328.89453,47579.55469,57524.17578,51500.73438
Q9NZQ3,22243.53125,23450.13477,21826.43359,22997.0918,25915.77734,21602.78125,19924.04883,21070.56836,65272.41797,64063.44141,67075.79688,57026.98828
Q9NZT2,68534.60938,61616.34375,65342.625,63594.89063,66426.75,57608.26953,57848.39063,58257.89453,16970.97852,15674.55566,16816.5918,15113.42773
Q9NZU5,41822.30469,39327.64063,40061.71094,42683.82031,46357.25781,41371.19531,44588.83203,46553.32031,21918.26758,25705.32031,33124.22656,19380.75195
Q9NZZ3,253048.9219,274981.9375,265827.5313,275306.875,269617.2188,287282.375,286863.7813,281776.5625,47657.68359,44245.48438,33645.22266,46609.49219
Q9P000,28146.41602,29689.63086,28758.1543,28458.3457,27445.68555,28056.50391,27364.91797,25879.32813,21192.70117,26093.69922,30880.87695,22808.33398
Q9P013,49441.875,49619.02344,52477.82813,51974.11328,54919.55469,53333.95703,56005.29688,61480.39844,17870.62305,17153.40625,12236.60156,20959.63477
Q9P016,48442.14844,45678.43359,49599.35547,49781.06641,51809.15234,45186.44531,47024.07422,45865.67188,40762.87109,38407.76172,38945.13281,39822.89063
Q9P021,19977.77734,20292.31055,23944.61719,22754.66992,15815.86328,23040.41211,20648.25586,19082.29688,35358.69141,37979.93359,35643.10156,31214.07227
Q9P031,30348.64844,27327.0918,24136.63672,33724.28906,38734.375,16247.58008,18252.53711,19835.91211,30614.64258,32261.44141,32542.50781,35744.20313
Q9P035,165640.2031,142765.6406,141160.3906,153942.9844,139268.2656,138979.4688,131224.0781,132846.0469,44199.25,44324.97656,46536.17578,46684.07813
Q9P0J7,35260.02734,39934.52344,37110.85547,37911.46094,32326.55273,37923.46094,31339.43945,36880.80469,25804.91016,26882.79102,29049.71484,25912.93555
Q9P0K7,27293.46484,28386.82227,26502.34766,27466.04688,31657.15039,29799.37109,27807.78906,27711.89844,20042.27344,20974.84961,16400.84961,20650.16602
Q9P0L0,86528.13281,85792.50781,80519.28125,83638.55469,77419.97656,73396.875,68025.19531,71198.08594,28216.46484,30331.74219,31479.16016,25520.72656
Q9P0M6,193230.9375,204170.4844,214805.5156,195475.4531,205928.9375,217347.9375,247422.3438,268417.7188,14424.84082,14435.20801,17980.94727,20410.39063
Q9P0T4,47735.30469,35972.70703,38383.69531,37830.46094,43449.24609,42071.12891,30313.2793,28596.55078,17108.10742,15699.75488,15127.83789,16165.69531
Q9P0U3,25043.41211,27402.2207,29360.30664,27135.95313,25567.04297,28692.85742,30380.35547,25426.66406,34844.33203,34415.36719,34393.125,34124.86328
Q9P0U4,27443.49414,28566.96094,28008.48242,27989.02344,27952.93555,28713.79492,31546.07813,26743.10938,25653.49609,26199.34961,22318.53711,30143.00195
Q9P0V9,35797.21484,36675.59766,36769.25,34992.09375,33506.00391,35272.0625,34508.55469,33354.41406,35825.78125,36846.875,35727.35547,35879.66016
Q9P0W2,33309.39453,35190.21484,31448.18945,30736.80078,36343.875,35886.46875,35148.60156,37352.57422,11429.03711,12579.12109,11789.4541,13836.1709
Q9P1U0,44629.65625,44489.30469,38851.62109,48280.13672,47178.12891,44681.71094,49799.27344,48186.52734,11528.08301,9897.710938,10570.35059,12545.21973
Q9P1Y6,63231.45313,47460.82031,56693.36719,71536.97656,50521.54297,52740.21484,52955.78125,59651.91797,19595.51367,18026.60547,17520.3418,18598.96289
Q9P1Z0,32333.17578,33282.33984,33867.58984,40418.64844,42673.76172,28251.17773,31395.31445,29257.01758,23861.53906,27257.97461,21430.8457,25123.92578
Q9P1Z2,32831.55078,35411.19531,29250.83398,29657.14063,32407.01563,43805.19922,40604.27344,43428.125,22449.88867,22508.26172,24176.45898,21033.4668
Q9P1Z9,18863.46875,14681.24902,18841.9668,16366.01465,18014.17578,23050.92969,18404.91016,25598.37109,30612.00586,31342.40234,31347.01953,40820.42188
Q9P209,50242.62891,47709.89844,49585.95703,39159.28516,50663.26563,44179.30469,44515.62109,48538.76172,21084.90625,20780.68555,21670.00391,18197.94141
Q9P215,13318.12402,12023.65625,11841.37988,11994.72656,11097.37109,10739.81641,10912.14355,11951.72461,21544.03906,22578.86914,22000.63086,24627.35547
Q9P227,46261.28516,36847.34766,49728.47266,55338.88281,61014.82422,43121.91016,58286.02734,63931.35938,13741.87402,13579.39258,14305.97852,13238.22949
Q9P242,25203.96289,24067.02539,26880.50586,23563.72461,25443.32227,21895.28125,25040.42578,23047.66406,27574.51367,23022.16211,23184.4707,26231.0957
Q9P253,28147.97266,28440.19727,25831.20703,27124.0957,27765.56836,25545.47461,23907.89453,24572.59961,21410.37305,22538.26758,20441.71094,21425.72266
Q9P258,43679.45703,43430.9375,44732.25391,44982.47266,44688.09766,44261.85547,46800.75391,45040.76172,28479.27539,29837.25,26577.14648,34634.26953
Q9P265,22382.17383,21018.72266,19331.68164,20443.52148,17148.05078,18215.75781,17475.49609,16929.91211,11323.71289,12596.19531,10498.52344,12397.38672
Q9P270,47364.36719,51497.04297,48276.55859,46862.52344,46648.375,40994.80078,53088.58984,49589.46875,20829.16602,21214.82617,22656.71875,21136.16016
Q9P275,21980.72266,21259.91797,22002.31055,21977.11133,20930.92773,25111.95313,24307.04883,23639.21289,67900.75,60971.36328,71650.71094,52901.28125
Q9P287,60529.91797,60542.09375,63115.98047,58929,56717.96484,56463.46875,60463.71094,64244.08984,29727.84375,31071.99805,32166.64453,27728.70313
Q9P289,14600.28613,11917.14941,11536.31641,7132.916016,13671.67188,5692.011719,8784.851563,3274.217529,11912.6084,13083.62988,13134.19629,15980.01367
Q9P2B4,17032.45898,15187.70508,17716.21094,18335.58984,18360.93945,17868.17188,19716.47266,21476.05078,34465.84375,31402.21094,29847.35352,33616.02344
Q9P2D1,21957.86914,17362.81836,20752.38477,18531.49023,22084.60938,18141.70313,18611.95313,16928.6582,21150.49414,23421.82617,21083.16602,21183.73242
Q9P2D3,29491.83789,23009.82617,29148.65039,27032.49414,20093.22266,22817.66406,22255.36914,16077.12695,26434.13086,25628.44531,24458.81445,24559.90039
Q9P2E9,18646.25195,22483.40234,20133.71094,20185.05469,18054.58594,22673.66992,19566.05469,20066.44531,18170.21094,19969.96094,19952.36523,18765.64063
Q9P2I0,43936.51172,42339.6875,43541.51172,41870.99609,44314.76953,44388.625,42051.33203,43764.26953,50604.15234,47610.14453,57248.97656,89591.21875
Q9P2J5,25415.77344,24763.99023,24086.1582,24484.45508,22466.4043,22098.79297,20873.53906,21398.51758,18251.33789,19122.18555,17292.11523,18665.0625
Q9P2K3,32946.58984,31151.19922,31298.93945,31001.47461,31910.58008,32071.22266,31176.21484,31598.53125,39585.69141,37808.95313,43017.07422,36060.71484
Q9P2L0,21002.24414,16827.83008,17488.41406,16041.95508,18731.04297,19880.78711,20451.80273,21541.05859,30698.03516,30490.20898,31386.24219,28634.98242
Q9P2N5,47686.98438,49542.30859,47005.09766,50635.14063,52370.44922,52537.73828,50442.73828,51355.35156,3717.140137,2485.547607,7693.128418,3325.555176
Q9P2N6,58637.28125,55859.41797,49688.82422,49116.07813,49445.73828,52685.67969,49130.38281,43128.09766,39896.27734,41120.17578,42690.07422,38803.12891
Q9P2N7,37886.50391,41180.68359,32984.88672,36572.71484,40586.21094,43836.85547,41008.13281,27269.37109,21505.06836,19541.07617,17100.09766,20094.82227
Q9P2R3,33075.21875,35295.80078,35449.61328,34782.72266,32339.38477,32409.23633,31476.59375,33024.55469,88289.86719,84749.25,87529.39063,73153.13281
Q9P2W1,22089.10938,14220.73145,17329.96484,13365.28027,19523.65234,21617.00391,21011.84375,18053.46289,30268.78516,33875.23828,31765.41211,30168.52539
Q9P2X0,8452.162109,6973.276367,4566.350586,5280.554199,7794.380859,5300.662109,6007.253906,4013.95752,14806.91504,14156.77832,12270.80957,14784.36133
Q9P2Y5,6767.755859,9851.008789,7192.472656,6145.62793,7735.237305,4751.516602,7297.70752,5868.091797,10780.51074,12251.82422,13313.57227,18044.89258
Q9UBB4,53106.60547,52000.11719,51857.44531,52675.77344,50569.92969,52878.52734,54394.17969,50374.44141,36564.75,36878.07422,35579.09766,33703.16797
Q9UBB5,19854.56055,17296.62891,14618.4043,15454.82031,22568.35156,15988.18359,16784.52344,14154.40625,22729.28906,21564.81055,23744.93359,29473.08594
Q9UBB6,23128.22266,21846.33203,22410.5293,23224.83203,23385.98242,19811.82813,21123.12109,20263.03711,24241.14453,24187.31445,23683.64258,19032.31641
Q9UBB9,22863.17188,24332.10938,22643.43164,23325.24805,25387.23242,24149.86523,24287.44922,23034.59766,7052.69873,5962.22168,4054.680176,6309.726563
Q9UBC1,22550.30469,18928.67969,24312.33398,24188.83594,27912.36133,20112.2168,21580.91211,22352.42773,6481.009277,7336.272461,7885.419922,39814.12109
Q9UBC2,59966.70313,61689.76172,61720.80859,62454.99219,63210.25,64489.28516,64509.79297,66015.64063,62134.11328,59914,58999.15625,63418.96484
Q9UBC3,6830.442383,8696.68457,8142.815918,5433.143066,5255.975586,7478.303711,9065.546875,7176.835938,56365.61328,54595.21484,56578.86328,60256.43359
Q9UBD5,39403.92969,41873.02344,40221.09766,42636.46875,39134.21094,43141.67578,42660.92969,44185.37891,65066.55078,60413.55078,65436.25781,51109.9375
Q9UBE0,52286.98047,47830.36719,48119.15234,48936.55078,48941.19531,45170.38672,46753.73047,44986.66406,15973.16504,13897.79688,11241.98633,12485.16992
Q9UBF2,40287.8125,40632.46094,37900.97266,38187.66016,38087.27734,35177.58594,34506.28906,32560.16016,38515.61719,43968.91406,47151.83203,36136.39844
Q9UBF6,27404.12109,50912.95703,31578.35156,36155.02344,29096.26367,31200.08398,34294.45313,34545.04297,8481.299805,7763.409668,7763.587402,9200.708008
Q9UBH6,19790.84961,16130.41113,20153.23242,16707.76953,20505.61328,17571.12109,16570.05859,13462.50391,26516.4375,25247.82031,25594.80859,25462.62305
Q9UBI1,4800.619629,3960.64917,10252.00977,12463.43262,5571.238281,4393.571777,11521.88281,7010.237305,154133.9375,160700.0156,160689.1875,167336.4531
Q9UBI6,90675.00781,86251.98438,102789.5547,99771.39844,84512.34375,52917.04688,61422.80469,55598.75,108132,115776.4609,128835.9063,110520.4922
Q9UBK8,50044.53516,44763.07031,43526.35156,40445.14844,38583.6875,38734.57422,40156.61328,39898.30469,29608.39844,29491.74609,30254.58398,25621.20508
Q9UBL3,40057.45703,38302.34766,36761.30469,34723.40625,35559.52344,38000.61719,38882,40310.43359,19349.77539,19236.15234,20364.44922,19597.42969
Q9UBM7,30785.59961,37337.375,32517.54102,36256.46094,33380.11328,36834.32813,37830.16406,32557.13672,29097.04688,26143.28711,26412.91992,29767.67188
Q9UBN7,55267.09766,63222.06641,55870.37891,51438.79688,50045.71875,50592.05859,58673.85156,53266.10938,33827.46094,32118.17578,34034.14453,35668.40625
Q9UBP0,49060.22656,35877.94922,44305.58594,58852.73047,44031.02344,23643.20898,40229.02734,6487.874023,31726.30078,7370.115234,10848.84082,7349.895996
Q9UBP6,63851.46484,49328.89453,47579.55469,57524.17578,51500.73438,43381.26953,42529.83594,36168.22266,13326.41406,18128.95313,20694.82422,18336.375
Q9UBQ0,62790.64453,65272.41797,64063.44141,67075.79688,57026.98828,61098.29688,60103.91016,62222.27344,23352.99219,24491.25781,20242.57813,18758.74219
Q9UBQ5,17240.60742,16970.97852,15674.55566,16816.5918,15113.42773,13911.42871,11062.1377,12850.95801,19443.0332,22380.14258,20094.67773,16267.54297
Q9UBQ7,33299.96875,21918.26758,25705.32031,33124.22656,19380.75195,19806.94922,17711.08203,17136.64063,30371.69531,44326.82031,42584.125,56525.4375
Q9UBS0,35364.96094,47657.68359,44245.48438,33645.22266,46609.49219,29138.59766,19361.60742,27770.21875,35650.05859,44187.86328,37525.54297,36336.57813
Q9UBS4,33213.62109,21192.70117,26093.69922,30880.87695,22808.33398,17313.36914,23737.13281,24887.94727,26814.33594,26737.73438,27121.75,25659.18555
Q9UBS8,18925.74414,17870.62305,17153.40625,12236.60156,20959.63477,13822.23047,11339.49805,12871.67773,53493.02734,54467.14453,55845.90234,54574.60156
Q9UBT2,39396.02344,40762.87109,38407.76172,38945.13281,39822.89063,38354.27344,37358.60547,38389.06641,8391.737305,11259.16504,11123.04492,13128.86816
Q9UBT6,38260.42578,35358.69141,37979.93359,35643.10156,31214.07227,30666.55273,25303.92969,32062.50195,16587.33594,14087.39648,17273.7168,16693.19922
Q9UBU8,35478.01563,30614.64258,32261.44141,32542.50781,35744.20313,33601.9375,33881.89453,33612.54297,14070.81445,14555.18164,16388.86719,17377.74609
Q9UBU9,45567.92188,44199.25,44324.97656,46536.17578,46684.07813,46821.11719,45290.07422,48421.93359,19240.07227,20219.11328,20086.68164,20699.91016
Q9UBV8,24167.52148,25804.91016,26882.79102,29049.71484,25912.93555,28033.60547,26327.74023,25917.46484,23316.08789,24308.15625,25634.52539,21779.08398
Q9UBW7,19793.64063,20042.27344,20974.84961,16400.84961,20650.16602,18628.86914,18248.36523,15996.21582,12105.85254,9857.711914,11589.72363,8961.637695
Q9UBW8,32617.88281,28216.46484,30331.74219,31479.16016,25520.72656,25073.44336,24714.20313,27224.15234,13881.70996,14780.11914,14034.84375,10443.13574
Q9UBZ4,15105.27539,14424.84082,14435.20801,17980.94727,20410.39063,16554.58984,20171.34375,19983.16211,27707.93164,28887.38672,24683.25391,32932.54688
Q9UDT6,18423.00586,17108.10742,15699.75488,15127.83789,16165.69531,15013.2666,15132.29883,15541.75781,41439.375,35815.48047,38217.03125,35134.57031
Q9UDY2,36254.61719,34844.33203,34415.36719,34393.125,34124.86328,32373.29102,33579.77734,32625.47266,34401.74609,31889.61719,36185.86328,35382.41406
Q9UDY4,30481.80078,25653.49609,26199.34961,22318.53711,30143.00195,25081.85742,20213.42383,20578.87695,83622.8125,85158.45313,92071.875,76190.125
Q9UEE9,34125.04688,35825.78125,36846.875,35727.35547,35879.66016,37981.99609,40519.73828,39508.51563,9264.220703,9232.665039,15514.07422,12465.88965
Q9UEG4,10032.1543,11429.03711,12579.12109,11789.4541,13836.1709,10815.83301,13153.98145,15982.59766,39919.30078,40826.45313,43782.16016,35790.10547
Q9UER7,11960.42285,11528.08301,9897.710938,10570.35059,12545.21973,13163.03516,11683.06543,11293.56641,28508.07813,28935.04688,29047.56055,25222.5918
Q9UET6,15255.55762,19595.51367,18026.60547,17520.3418,18598.96289,18346.01367,14833.4668,14996.81445,29961.92188,30556.62109,30516.05078,32089.875
Q9UEU0,31616.47266,23861.53906,27257.97461,21430.8457,25123.92578,9737.126953,9629.296875,8405.810547,41173.23828,43612.91016,48603.42969,43627.12891
Q9UFC0,22624.11719,22449.88867,22508.26172,24176.45898,21033.4668,21742.52539,19838.85547,19364.36133,15852.64453,15684.39941,15015.7959,14165.96484
Q9UFW8,36166.38672,30612.00586,31342.40234,31347.01953,40820.42188,32240.51953,31931.14063,29546.80664,33490.51953,33403.34766,37061.75,35238.07422
Q9UG63,20367.22461,21084.90625,20780.68555,21670.00391,18197.94141,19433.87695,19506.18359,18846.60938,60858.77344,58503.20703,54574.48047,43075.38672
Q9UGI8,26059.01367,21544.03906,22578.86914,22000.63086,24627.35547,18850.18555,17164.79492,20158.60352,30388.43164,32370.83203,35661.21094,32700.33789
Q9UGJ1,15769.07129,13741.87402,13579.39258,14305.97852,13238.22949,13350.60254,9095.825195,11095.18164,30898.24805,30650.28711,32535.17383,31784.15039
Q9UGL1,24702.38477,27574.51367,23022.16211,23184.4707,26231.0957,13197.75781,10616.71387,16362.72363,25840.07227,26276.05273,25906.07031,26584.56445
Q9UGN5,21756.69531,21410.37305,22538.26758,20441.71094,21425.72266,20949.53516,22615.36719,21875.81055,28650.54102,29515.73242,32036.13477,29730.52148
Q9UGP4,31967.16406,28479.27539,29837.25,26577.14648,34634.26953,30302.99219,26995.17969,30091.88477,29151.08203,28846.17969,29099.68164,29020.0293
Q9UGP5,11793.75,11323.71289,12596.19531,10498.52344,12397.38672,7837.42627,5883.553711,7449.190918,35108.98828,40825.73438,35970.18359,38298.45703
Q9UGU0,18225.55469,20829.16602,21214.82617,22656.71875,21136.16016,23368.625,22312.21289,25308.29883,41091.61719,40133.80078,42244.09375,40159.47266
Q9UGU5,50925.49219,67900.75,60971.36328,71650.71094,52901.28125,65917.65625,58910.40625,63309.26172,26297.96094,36208.16406,32578.56445,35422.84375
Q9UGV2,27518.32422,29727.84375,31071.99805,32166.64453,27728.70313,28235.77734,29416.74805,33126.375,174698.7188,192085.875,187327.125,181085.5938
Q9UGY1,14963.89063,11912.6084,13083.62988,13134.19629,15980.01367,11884.14551,8513.34375,12238.17188,29792.54492,27829.64258,28434.79883,29064.44336
Q9UH17,32655.62891,34465.84375,31402.21094,29847.35352,33616.02344,29371.31641,29117.90625,23990.07227,60681.33984,60350.53125,59263.36328,50989.20313
Q9UH62,23650.83398,21150.49414,23421.82617,21083.16602,21183.73242,22439.1582,20257.43945,20763.77148,10834.68457,25413.96875,34289.79688,67708.8125
Q9UH65,25594.17188,26434.13086,25628.44531,24458.81445,24559.90039,24905.0957,24869.74805,23953,56533.85156,56209.4375,56071.71094,61013.92969
Q9UH99,20574.71094,18170.21094,19969.96094,19952.36523,18765.64063,16285.3291,17309.81641,18891.14453,17109.6582,18584.08594,17700.51758,14506.8291
Q9UHA3,63855.93359,50604.15234,47610.14453,57248.97656,89591.21875,47619.50781,39109.57031,41051.81641,29514.85156,30885.46094,31813.69531,32091.34961
Q9UHB6,18059.23047,18251.33789,19122.18555,17292.11523,18665.0625,15886.75977,15930.44043,16993.66406,26033.74414,47574.5,54248.55859,55084.94531
Q9UHB7,38186.95703,39585.69141,37808.95313,43017.07422,36060.71484,38849.30078,41453.40625,37023.84766,26535.4375,25079.06641,25409.19141,21416.29297
Q9UHB9,34806.25391,30698.03516,30490.20898,31386.24219,28634.98242,27424.83789,24718.58203,23814.83984,50250.51172,51060.30859,51636.03906,45598.17969
Q9UHC7,3066.747559,3717.140137,2485.547607,7693.128418,3325.555176,4890.077148,8598.996094,101.2972717,25645.38086,27857.88867,24141.53711,27545.54883
Q9UHD1,39760.09766,39896.27734,41120.17578,42690.07422,38803.12891,38426.15234,39786.73047,40873.07031,13128.50879,12984.6416,10231.35352,8948.094727
Q9UHD2,20905.33008,21505.06836,19541.07617,17100.09766,20094.82227,19534.47461,17472.31055,17447.7207,31400.45508,29168.13086,28240.37891,32966.35547
Q9UHD8,86642.47656,88289.86719,84749.25,87529.39063,73153.13281,74202.38281,72399.07813,73895.42188,21234.98828,17866.44727,14816.18457,18180.41211
Q9UHD9,33238.32031,30268.78516,33875.23828,31765.41211,30168.52539,25660.59375,28714.46875,31611.58203,11667.9248,10760.93164,11749.09473,12275.51074
Q9UHI6,15106.33887,14806.91504,14156.77832,12270.80957,14784.36133,13650.04395,10027.72949,12441.51074,26371.86523,25424.72852,25124.22852,23832.96094
Q9UHQ1,14104.92578,10780.51074,12251.82422,13313.57227,18044.89258,15381.22168,15447.04102,14966.62402,19057.86719,21079.62305,19373.56836,22400.17383
Q9UHR4,40472.34766,36564.75,36878.07422,35579.09766,33703.16797,33697.70313,35341.74609,29130.44141,14471.55176,12196.72754,10660.02051,8564.359375
Q9UHR5,29979.00586,22729.28906,21564.81055,23744.93359,29473.08594,22233.05078,21530.02734,23514.00781,18436.71094,13665.41309,15670.23828,12519.10352
Q9UHR6,19044.64844,24241.14453,24187.31445,23683.64258,19032.31641,22253.88672,26037.03906,23969.28906,21359.8418,22620.69727,22442.79883,21242.94531
Q9UHV2,5818.679688,7052.69873,5962.22168,4054.680176,6309.726563,2276.335693,4532.119629,3082.12207,21509.80469,27226.21875,21440.62305,30602.22852
Q9UHV7,8263.28125,6481.009277,7336.272461,7885.419922,39814.12109,8767.885742,8933.830078,4257.506348,36248.67188,36159.23828,33045.52344,36562.76953
Q9UHV9,63487.71875,62134.11328,59914,58999.15625,63418.96484,56981.25,55595.92188,54162.76172,23558.16992,27381.58398,28029.67383,26685.77148
Q9UHX1,60291.28516,56365.61328,54595.21484,56578.86328,60256.43359,55347.66016,56220.48438,56462.38672,24259.00391,22887.09766,22032.9707,18479.11719
Q9UHY1,56300.01953,65066.55078,60413.55078,65436.25781,51109.9375,65071.96094,67785.44531,73484.71094,17450.69336,15841.17285,15963.64453,13920.33984
Q9UHY7,10765.21289,15973.16504,13897.79688,11241.98633,12485.16992,12845.47852,9393.560547,14242.20801,49401,49512.80469,52800.25391,51046.30859
Q9UI10,48687.22656,38515.61719,43968.91406,47151.83203,36136.39844,39037.23828,34711.35938,41221.6875,16383.72461,13727.00684,14839.89941,12777.98145
Q9UI12,10398.74316,8481.299805,7763.409668,7763.587402,9200.708008,8053.064941,7266.412109,6813.692383,32076.91211,28326.4375,30406.81445,27629.17383
Q9UI26,25241.94336,26516.4375,25247.82031,25594.80859,25462.62305,25655.91211,24100.48828,21560.03711,19196.72266,28120.17969,30173.63086,28990.81836
Q9UI30,165948.7813,154133.9375,160700.0156,160689.1875,167336.4531,137235.2344,148166.75,138021.6875,22308.52148,23761.40039,23421.57227,25911.06836
Q9UIA0,117123.1016,108132,115776.4609,128835.9063,110520.4922,107349.3203,108522.2656,125445.1953,67130.10938,63567.67969,66813,59789.375
Q9UIA9,28834.86914,29608.39844,29491.74609,30254.58398,25621.20508,28820.69336,28021.42969,29475.32227,32608.4375,33401.76172,33541.22266,36904.78906
Q9UID3,18890.28906,19349.77539,19236.15234,20364.44922,19597.42969,17421.31055,17345.73438,17011.5332,25403.26367,27701.62109,27404.5625,26806.33789
Q9UIF9,27611.70117,29097.04688,26143.28711,26412.91992,29767.67188,29485.38477,28511.46289,29213.28125,21196.39258,20412.92578,20817.49023,23627.94531
Q9UIG0,33136.87109,33827.46094,32118.17578,34034.14453,35668.40625,36381.98438,36738.37109,34785.6875,27449.61719,26812.25977,29080.84766,32711.67969
Q9UII2,60591.66797,31726.30078,7370.115234,10848.84082,7349.895996,9041.072266,13458.10645,11929.97168,4165.783691,11957.46973,13765.44434,3588.972168
Q9UIL1,10552.89551,13326.41406,18128.95313,20694.82422,18336.375,13880.24609,9319.491211,15616.43457,29564.35156,27642.98828,27008.35547,35600.92969
Q9UIS9,22135.14063,23352.99219,24491.25781,20242.57813,18758.74219,45906.61719,23735.30078,32210.7793,31237.59375,38579.26953,35202.01953,55009.38672
Q9UJ41,20033.34961,19443.0332,22380.14258,20094.67773,16267.54297,22312.4707,20191.13867,22596.40039,16593.95703,13711.74023,13640.37988,16147.05957
Q9UJ70,51328.06641,30371.69531,44326.82031,42584.125,56525.4375,37369.63672,40335.18359,40181.41016,36057.69141,36299.90625,37064.01563,30602.70898
Q9UJA5,43480.73438,35650.05859,44187.86328,37525.54297,36336.57813,26047.23438,28700.97656,34241.5625,103806.6094,112284.2188,110005.5859,113686.9141
Q9UJF2,26959.69141,26814.33594,26737.73438,27121.75,25659.18555,29178.58594,20814.7168,28335.70898,39818.22266,42745.01953,45747.11328,45667.07031
Q9UJU6,56397.55859,53493.02734,54467.14453,55845.90234,54574.60156,52040.22656,49809.63281,50418.07031,5534.388672,4685.451172,4245.369629,23069.66602
Q9UJV9,13097.62891,8391.737305,11259.16504,11123.04492,13128.86816,7065.658203,8294.907227,8347.540039,19709.35938,18596.49414,20833.89453,26512.54883
Q9UJW0,12431.61035,16587.33594,14087.39648,17273.7168,16693.19922,17952.83594,19549.74414,17255.40625,104351.6563,103613.1953,112287.4766,108404.5
Q9UJX2,18114.95898,14070.81445,14555.18164,16388.86719,17377.74609,13886.32031,12382.25098,12652.49512,29641.69922,25654.33789,25594.16992,27332.8125
Q9UJX3,21744.9375,19240.07227,20219.11328,20086.68164,20699.91016,20086.43945,20157.41211,18770.14063,29415.92969,28566.37695,27422.2207,29314.61328
Q9UJX4,28326.38086,23316.08789,24308.15625,25634.52539,21779.08398,23626.66211,23995.61133,20854.09766,40374.39453,41122.41406,38574.94922,38778.32422
Q9UJX5,13327.71387,12105.85254,9857.711914,11589.72363,8961.637695,12830.13574,10608.78906,8083.90918,25830.69727,25424.27148,25525.58789,20686.35547
Q9UJX6,18264.03125,13881.70996,14780.11914,14034.84375,10443.13574,13853.43945,17651.39063,13010.08301,26454.26367,27024.08984,24108.77148,25477.54883
Q9UJY1,32276.61133,27707.93164,28887.38672,24683.25391,32932.54688,26642.87695,25397.82031,23959.50586,84901.78125,86526.10938,89605.9375,82536.55469
Q9UK22,40041.21875,41439.375,35815.48047,38217.03125,35134.57031,34495.40234,33323.04297,31687.55664,26026.95703,26420.58203,27286.25586,24901.18164
Q9UK41,34178.64844,34401.74609,31889.61719,36185.86328,35382.41406,25667.07422,31165.6543,23418.55273,21500.66992,22546.93359,24286.39844,26823.11133
Q9UK45,81024.78906,83622.8125,85158.45313,92071.875,76190.125,80063.16406,91916.61719,96245.79688,9713.588867,10935.14453,14119.80078,10756.16797
Q9UK53,8131.299316,9264.220703,9232.665039,15514.07422,12465.88965,7685.94043,4495.187012,10604.47461,42440.46094,44016.28125,44820.66016,37925.21094
Q9UK58,37452.50391,39919.30078,40826.45313,43782.16016,35790.10547,41370.11328,42834.78125,39301.58594,23201.91406,21566.85352,24505.50586,23406.13477
Q9UK59,26287.5332,28508.07813,28935.04688,29047.56055,25222.5918,25365.6543,27081.02734,26104.2793,37342.5,40114.60547,37992.94141,37149.75
Q9UK61,29655.84961,29961.92188,30556.62109,30516.05078,32089.875,31905.17578,31031.22656,31622.95508,20593.00781,19992.5332,20064.76563,22000.25781
Q9UK76,48353.63672,41173.23828,43612.91016,48603.42969,43627.12891,35089.26563,36415.76563,37462.46484,22088.80664,20548.68945,20783.04492,22845.70508
Q9UK99,14174.08105,15852.64453,15684.39941,15015.7959,14165.96484,15306.52539,15019.99316,11022.12207,32006.50195,31208.25977,30242.99805,30760.01172
Q9UKA9,35529.19141,33490.51953,33403.34766,37061.75,35238.07422,33213,36046.57422,37389.54688,32649.23633,34545.78516,34610.07031,32915.19531
Q9UKD1,59618.82031,60858.77344,58503.20703,54574.48047,43075.38672,51482.52344,62757.86328,61604.89453,40462.01953,41809.99219,42423.78125,43102.56641
Q9UKD2,34456.03516,30388.43164,32370.83203,35661.21094,32700.33789,33159.375,32597.54297,33885.26172,26151.51172,26821.35547,25862.24023,27187.15234
Q9UKF6,28681.20703,30898.24805,30650.28711,32535.17383,31784.15039,34861.75391,32681.04102,34639.75781,36546.34375,37502.39063,36908.25,38880.52344
Q9UKG1,26750.41211,25840.07227,26276.05273,25906.07031,26584.56445,24930.68945,25482.9082,25139.76367,5148.703125,6043.459473,4452.135742,7429.585449
Q9UKI8,30777.01172,28650.54102,29515.73242,32036.13477,29730.52148,31362.0625,33015.32813,32298.33398,13482.65137,12908.98145,13589.43262,14542.06152
Q9UKJ3,27962.28711,29151.08203,28846.17969,29099.68164,29020.0293,31839.49219,31823.38281,32097.51953,27217.72852,26027.1543,25763.19531,25931.81641
Q9UKK9,39293.6875,35108.98828,40825.73438,35970.18359,38298.45703,28083.7207,30661.58398,29013.85156,40885.56641,40664.84375,39763.03906,44813.66797
Q9UKL0,40274.05078,41091.61719,40133.80078,42244.09375,40159.47266,41007.125,43198.49219,42634.02344,28026.49023,29323.73047,26953.63086,30738.20508
Q9UKM7,43844.98438,26297.96094,36208.16406,32578.56445,35422.84375,23937.34961,23686.88281,22056.43945,31747.61133,41658.83203,30266.42773,30743.0957
Q9UKM9,193240.625,174698.7188,192085.875,187327.125,181085.5938,171921.7969,170524.9531,185483.9688,36801.80078,35620.95313,35841.16797,37775.86719
Q9UKN8,27704.37109,29792.54492,27829.64258,28434.79883,29064.44336,28123.99609,27860.95508,27603.56055,30108.81836,30008.88477,31327.20313,29022.90234
Q9UKS6,61683.29297,60681.33984,60350.53125,59263.36328,50989.20313,48770.16016,49706.85938,50811.32031,46044.32813,42948.16016,43790.91797,47355.36328
Q9UKT4,55594.63281,10834.68457,25413.96875,34289.79688,67708.8125,3531.357666,69700.5625,35560.21875,13518.15723,12106.17871,12412.55371,12242.95605
Q9UKV3,57037.61719,56533.85156,56209.4375,56071.71094,61013.92969,58529.92578,58941.64453,56857.47656,16662.29688,16937.61914,17169.57813,21892.05078
Q9UKV8,18140.70117,17109.6582,18584.08594,17700.51758,14506.8291,15155.40527,14745.38965,13622.26367,20951.69141,20343.83398,17673.70508,13800.35938
Q9UKX7,31062.74023,29514.85156,30885.46094,31813.69531,32091.34961,30533.82813,30047.20898,29901.41992,54633.23047,58962.67969,57461.76953,63440.625
Q9UKY1,50278.10938,26033.74414,47574.5,54248.55859,55084.94531,27699.71289,38218.36328,47600.88672,14497.29883,14661.93945,14989.25,14474.5332
Q9UKY7,24011.35352,26535.4375,25079.06641,25409.19141,21416.29297,21244.88281,24519.82422,23219.61133,21448.78516,19188.11523,21484.17188,14061.15918
Q9UKZ1,57122.58984,50250.51172,51060.30859,51636.03906,45598.17969,39169.77344,39561.71094,36550.03125,21474.33789,17817.45508,17944.03906,19445.9043
Q9UL03,25944.79102,25645.38086,27857.88867,24141.53711,27545.54883,23635.13867,20796.32813,19782.55664,15195.27441,13322.52539,13829.8418,19382.50977
Q9UL15,10000.66211,13128.50879,12984.6416,10231.35352,8948.094727,10787.00098,9708.214844,12997.47949,61904.94141,62272.64063,65612.07813,73584.57813
Q9UL25,32253.60547,31400.45508,29168.13086,28240.37891,32966.35547,27726.82031,22365.45508,21076.76758,47405.33594,45150.39844,49296.81641,45120.47656
Q9UL33,20739.37305,21234.98828,17866.44727,14816.18457,18180.41211,20114.72266,13287.88867,10359.02734,28875.28516,28341.98047,28928.54883,25235.00586
Q9UL40,13792.00977,11667.9248,10760.93164,11749.09473,12275.51074,12528.33984,13115.4541,9937.204102,80472.89844,81524.4375,81863.74219,81152.00781
Q9UL46,27100.50195,26371.86523,25424.72852,25124.22852,23832.96094,22530.91016,24523.01953,21902.45898,10003.06543,10653.48242,10658.55078,7688.963867
Q9ULC4,20589.85156,19057.86719,21079.62305,19373.56836,22400.17383,18109.37891,16762.90234,18098.79102,10276.83984,9334.367188,7066.040039,11776.73047
Q9ULD2,10781.17188,14471.55176,12196.72754,10660.02051,8564.359375,10003.41797,6745.60498,10838.91504,35631.6875,30163.33203,32992.28516,32440.11523
Q9ULG1,14410.67188,18436.71094,13665.41309,15670.23828,12519.10352,11924.52246,10925.5166,8389.737305,26831.20898,31471.93164,30931.77148,33775.17969
Q9ULH0,22244.49219,21359.8418,22620.69727,22442.79883,21242.94531,19908.41016,18396.51367,18555.4375,35502.16016,32165.99609,36467.25391,36793.55078
Q9ULI2,21816.12695,21509.80469,27226.21875,21440.62305,30602.22852,25864.70508,33551.08203,35307.85156,19014.74219,16500.21094,16481.23438,17154.40234
Q9ULJ3,36598.23047,36248.67188,36159.23828,33045.52344,36562.76953,39168.43359,33569.16406,38338.41016,95349.03906,101744.2891,108089.25,93945.08594
Q9ULK4,24220.47266,23558.16992,27381.58398,28029.67383,26685.77148,25227.97852,23722.20898,22714.68945,44456.77734,49364.35547,48309.53516,46927.46875
Q9ULL5,24830.9082,24259.00391,22887.09766,22032.9707,18479.11719,23301.19336,22846.44141,21513.07227,23122.86523,20668.13867,18869.03711,25781.52344
Q9ULM3,15020.59668,17450.69336,15841.17285,15963.64453,13920.33984,14354.30859,14486.88867,14645.35059,65111.42578,43061.96484,43166.09766,59223.5
Q9ULR0,53324.50391,49401,49512.80469,52800.25391,51046.30859,44029.75391,51275.30859,43009.73828,21020.79883,19639.00781,22764.3457,19320.64648
Q9ULT8,15620.51855,16383.72461,13727.00684,14839.89941,12777.98145,15141.82227,13940.38867,11725.39844,47598.73438,47262.40625,47658.84766,47762.96094
Q9ULU4,29170.2207,32076.91211,28326.4375,30406.81445,27629.17383,31230.78125,30354.94336,28707.53906,55175.64063,63476.40234,65895.19531,60846.73047
Q9ULV0,30052.91211,19196.72266,28120.17969,30173.63086,28990.81836,23503.75,19559.65039,24531.10352,60484.31641,59241.02734,61380.22266,60130.3125
Q9ULV3,23949.41797,22308.52148,23761.40039,23421.57227,25911.06836,24229.79297,23152.7207,24767.37109,3351.106445,3009.497803,12512.18945,2998.081543
Q9ULV4,66838.99219,67130.10938,63567.67969,66813,59789.375,56149.48438,56434.28906,60647.29688,24430.4375,4215.031738,28480.30469,18670.32422
Q9ULW0,33813.49219,32608.4375,33401.76172,33541.22266,36904.78906,35016.27734,34997.66406,35691.25391,29187.64453,28759.21875,25914.19922,20814.19922
Q9ULW3,40733.27344,25403.26367,27701.62109,27404.5625,26806.33789,20817.5957,31664.67188,26971.31836,17897.22852,18880.69336,19466.67969,19898.86328
Q9ULX3,21742.65625,21196.39258,20412.92578,20817.49023,23627.94531,25799.37891,27328.50195,26870.59961,55204.95313,60685.64453,61689.29688,80050.07813
Q9ULX6,27533.21484,27449.61719,26812.25977,29080.84766,32711.67969,26241.97266,27672.26953,27783.03906,39067.03906,44755.875,45179.96875,35299.81641
Q9ULX9,3898.383545,4165.783691,11957.46973,13765.44434,3588.972168,5121.178223,5489.274902,1714.708984,37235.64063,37354.92578,46452.00781,34712.29688
Q9ULZ3,30487.11523,29564.35156,27642.98828,27008.35547,35600.92969,25858.96289,22746.7168,23906.79688,23745.38086,21709.3418,20924.76953,20035.14648
Q9UM00,50965.62891,31237.59375,38579.26953,35202.01953,55009.38672,28474.57227,27168.87109,25679.40625,22033.49219,18650.57617,23682.14844,20118.35547
Q9UM54,13827.93164,16593.95703,13711.74023,13640.37988,16147.05957,12960.14551,14239.97363,12637.50977,23034.08789,23114.52734,26176.31641,27467.60352
Q9UMR2,35388.50781,36057.69141,36299.90625,37064.01563,30602.70898,31355.85938,34005.67188,33572.72656,11779.92383,11470.96289,11227.84961,13224.01074
Q9UMS4,107149.9141,103806.6094,112284.2188,110005.5859,113686.9141,107271.5547,111400.5625,112978.6406,4335.341309,8917.613281,7439.365723,9711.273438
Q9UMX0,57629.35938,39818.22266,42745.01953,45747.11328,45667.07031,39332.94141,40796.0625,40522.85547,22820.55859,29769.30469,31719.92969,32201.11719
Q9UMX1,10312.00098,5534.388672,4685.451172,4245.369629,23069.66602,5218.806641,2916.741455,3897.590088,8351.634766,7509.394531,7449.735352,8753.518555
Q9UMY1,22737.86328,19709.35938,18596.49414,20833.89453,26512.54883,18412.22461,21454.65625,17878.16797,13372.06152,10876.09668,12658.54492,18012.89844
Q9UMY4,117778.6016,104351.6563,103613.1953,112287.4766,108404.5,96165.22656,110554.5,114023.6328,8204.960938,9578.524414,9122.870117,9353.053711
Q9UMZ2,25231.14648,29641.69922,25654.33789,25594.16992,27332.8125,31383.30078,26941.38672,22378.67969,17969.37109,17562.00586,16089.99707,17330.89844
Q9UN37,32611.00586,29415.92969,28566.37695,27422.2207,29314.61328,28280.51172,28160.83789,26710.82422,42445.69531,42120.02734,41871.15625,42654.76563
Q9UN86,38634.32813,40374.39453,41122.41406,38574.94922,38778.32422,33316.28906,28804.03906,33516.55469,30440.6582,36783.03906,32724.47852,31231.72656
Q9UNE7,24090.52734,25830.69727,25424.27148,25525.58789,20686.35547,19861.94336,20682.81445,19904.14844,5355.815918,3513.766113,9840.964844,3602.566406
Q9UNF0,27016.58008,26454.26367,27024.08984,24108.77148,25477.54883,19575.84766,20831.38867,19947.16016,21682.125,22216.54883,22493.98242,21550.55664
Q9UNF1,89527.07031,84901.78125,86526.10938,89605.9375,82536.55469,82592.01563,84352.41406,86676.73438,30027.51172,27312.99805,30793.94727,26555.95313
Q9UNH7,28641.33789,26026.95703,26420.58203,27286.25586,24901.18164,22174.90234,22661.75391,23995.48438,18069.3125,18544.4082,18641.46484,20085.33594
Q9UNI6,21465.48438,21500.66992,22546.93359,24286.39844,26823.11133,23695.43555,18886.15234,19333.99414,36847.24219,33039.19141,36755.03906,32967.64844
Q9UNL4,11599.57324,9713.588867,10935.14453,14119.80078,10756.16797,9360.228516,6403.99707,9254.1875,450081.0938,420756.875,410216.9063,403608.8438
Q9UNM6,40207.07031,42440.46094,44016.28125,44820.66016,37925.21094,36796.31641,39811.96484,42362.40625,45867.18359,50252.45313,47402.65234,51190.07031
Q9UNN5,23948.35156,23201.91406,21566.85352,24505.50586,23406.13477,22485.50195,22803.18164,21798.85352,123870.4844,128962.3281,142998.6719,148229.8125
Q9UNP9,38603.79688,37342.5,40114.60547,37992.94141,37149.75,33329.01563,36109.23047,37255.0625,39468.5625,36414.49609,42627.44141,31085.62891
Q9UNQ2,20374.6582,20593.00781,19992.5332,20064.76563,22000.25781,20499.12695,21703.21875,18556.63672,67616.89844,66549.44531,67220.32813,69647.6875
Q9UNS1,20100.44531,22088.80664,20548.68945,20783.04492,22845.70508,21794.15625,21816.68555,23470.1543,70828.75,74387.16406,75664.63281,81479.08594
Q9UNS2,31254.02734,32006.50195,31208.25977,30242.99805,30760.01172,27261.54883,28974.19141,29667.82227,19943.27344,18546.67383,20413.73242,14605.21777
Q9UNX4,32917.20703,32649.23633,34545.78516,34610.07031,32915.19531,35301.80859,34134.44141,35129.66797,83784.35156,86620.63281,86326.40625,86970.49219
Q9UNZ2,48753.40625,40462.01953,41809.99219,42423.78125,43102.56641,37653.42578,35235.05859,36910.45313,31392.36719,30380.58984,32558.48438,30692.9043
Q9UNZ5,26893.44141,26151.51172,26821.35547,25862.24023,27187.15234,24648.73242,28137.36914,30662.76563,19831.36719,16904.97656,19246.60742,22648.36719
Q9UP83,37770.94922,36546.34375,37502.39063,36908.25,38880.52344,35412.21484,34596.4375,37308.52734,236700.5625,123859.8438,252756.7969,168865.3906
Q9UP95,4907.306641,5148.703125,6043.459473,4452.135742,7429.585449,4580.785645,2083.293945,4121.124023,31189.12695,29309.55273,30349.61133,29953.12305
Q9UPM8,13968.83105,13482.65137,12908.98145,13589.43262,14542.06152,7607.599609,10638.79102,6154.744629,43859.27734,39480.625,46918.70703,41318.38281
Q9UPN3,25578.8418,27217.72852,26027.1543,25763.19531,25931.81641,26160.56055,25199.51758,25277.27734,57511.35156,58277.55078,62704.34766,64008.51563
Q9UPN4,42474.28125,40885.56641,40664.84375,39763.03906,44813.66797,40741.14063,39875.47266,40921.58203,28050.21875,19049.7832,25610.37891,30449.19922
Q9UPN6,28233.0332,28026.49023,29323.73047,26953.63086,30738.20508,27177.17188,27986.1543,27630.27539,23499.72461,21851.79688,21993.74609,22421.43555
Q9UPN7,44949.02734,31747.61133,41658.83203,30266.42773,30743.0957,29489.29688,29087.30859,27763.9375,313925.9688,340266.3438,395313.1563,379063.9688
Q9UPN9,36674.94922,36801.80078,35620.95313,35841.16797,37775.86719,37615.83984,37091.63672,38521.39453,9569.944336,9314.098633,8184.224609,8036.924805
Q9UPP1,32474.52148,30108.81836,30008.88477,31327.20313,29022.90234,31527.21094,28964.26172,28548.37109,19556.57031,22282.33984,22676.60742,20856.13281
Q9UPQ0,43734.49609,46044.32813,42948.16016,43790.91797,47355.36328,47154.48438,47033.76563,45273.17969,115675.1016,116619.1563,119338.9531,126367.9453
Q9UPQ9,12543.76855,13518.15723,12106.17871,12412.55371,12242.95605,12394.5957,11892.96484,12955.71387,16862.27539,13900.18262,17578.39258,19791.04102
Q9UPS6,15801.07031,16662.29688,16937.61914,17169.57813,21892.05078,18353.26758,16510.71875,15836.88672,14372.79297,13481.04883,12699.79395,10720.79395
Q9UPT5,21221.90625,20951.69141,20343.83398,17673.70508,13800.35938,18160.5625,14180.65527,16778.24609,25313.64258,21850.88477,27658.37109,33942.21875
Q9UPT8,61336.66016,54633.23047,58962.67969,57461.76953,63440.625,57637.44141,54424.01563,57938.10156,60027.77344,60961.75,63928.03125,57809.80078
Q9UPU5,15681.16504,14497.29883,14661.93945,14989.25,14474.5332,15286.80469,14863.17773,14610.82617,54750.57031,52002.82031,61044.37891,44086.84766
Q9UPU7,18875.91602,21448.78516,19188.11523,21484.17188,14061.15918,28609.61523,21983.98438,29079.96875,7301.29834,10400.39355,11593.69043,11284.98145
Q9UPW0,21852.6582,21474.33789,17817.45508,17944.03906,19445.9043,22550.50781,19300.27148,19798.41992,37244.5,44555.98828,50676.65234,44468.42578
Q9UQ13,16617.7832,15195.27441,13322.52539,13829.8418,19382.50977,14080.14551,12346.60156,11568.5,42938.66016,43575.39844,45963.85547,47138.02734
Q9UQ35,66432.34375,61904.94141,62272.64063,65612.07813,73584.57813,68288.99219,69251.14063,68028.67188,22971.75977,25194.71875,26512.18555,30536.16016
Q9UQ80,49586.98828,47405.33594,45150.39844,49296.81641,45120.47656,45342.25391,44691.66016,44726.49219,35090.78125,35554.98438,37657.30859,43440.29297
Q9UQB8,28760.37891,28875.28516,28341.98047,28928.54883,25235.00586,27385.91992,27195.08594,26231.91992,32834.63672,38354.41016,38050.375,32974.08203
Q9UQE7,81803.75,80472.89844,81524.4375,81863.74219,81152.00781,84012.34375,83440.36719,83707.89844,178692.1563,174990.6563,170243.7813,142881.7969
Q9UQL6,6121.35498,10003.06543,10653.48242,10658.55078,7688.963867,10292.09766,11073.21387,8255.506836,17032.71484,25911.07031,39383.32813,30285.39844
Q9UQN3,9949.500977,10276.83984,9334.367188,7066.040039,11776.73047,5665.854492,9770.322266,6947.754883,35906.80859,8438.861328,51465,46944.13672
Q9UQR0,31896.67578,35631.6875,30163.33203,32992.28516,32440.11523,35611.13281,32215.72656,34493.25,80811.07031,85301.92969,89001.39844,90125.03906
Q9UQR1,30812.35352,26831.20898,31471.93164,30931.77148,33775.17969,28381.17383,27908.49414,29361.83789,14044.79883,16441.90234,11766.30469,11347.97168
Q9Y221,34419.85156,35502.16016,32165.99609,36467.25391,36793.55078,37440.49219,36106.61719,37113.11719,38897.69922,34167.71484,36161.66797,20950.7793
Q9Y223,17091.73633,19014.74219,16500.21094,16481.23438,17154.40234,16970.48047,17526.81836,17074.49414,56633.64453,56358.34766,58299.52734,54035.53125
Q9Y224,96481.9375,95349.03906,101744.2891,108089.25,93945.08594,94773.6875,101209.2266,103900.2578,65046.51172,64604.50391,63229.26563,66606.88281
Q9Y230,50833.08203,44456.77734,49364.35547,48309.53516,46927.46875,45056.32422,46734.05078,47692.91797,24363.70117,21621.2832,27853.50781,13095.46484
Q9Y232,22084.70508,23122.86523,20668.13867,18869.03711,25781.52344,20215.84375,21857.64258,19565.11523,28349.2168,28818.68164,28302.89258,27402.08789
Q9Y237,53725.12109,65111.42578,43061.96484,43166.09766,59223.5,50925.26953,54285.60156,53105.05469,37912.26172,43736.81641,43979.52344,38207.70313
Q9Y262,21815.68945,21020.79883,19639.00781,22764.3457,19320.64648,18770.16211,16996.80859,18179.94727,32677.63672,31248.625,30475.48047,33835.46094
Q9Y263,49038.22656,47598.73438,47262.40625,47658.84766,47762.96094,46924.45703,46558.46094,46094.26953,25407.38477,23730.98828,16383.9668,28136.61719
Q9Y265,59121.05078,55175.64063,63476.40234,65895.19531,60846.73047,59743.75391,61203.25,60181.71484,11946.5918,14579.86133,11265.54102,15129.72852
Q9Y266,62054.77344,60484.31641,59241.02734,61380.22266,60130.3125,55450.60938,56417.28516,54242.02344,74271.60156,77108.92969,82599.5625,87817.55469
Q9Y277,5467.720215,3351.106445,3009.497803,12512.18945,2998.081543,4408.541992,3959.139648,5821.733398,11681.93555,10247.91309,10007.04492,11263.91113
Q9Y281,23387.32813,24430.4375,4215.031738,28480.30469,18670.32422,22750.31836,25990.20117,25110.9668,17459.79883,13361.95801,20027.10742,17535.10156
Q9Y282,23518.12109,29187.64453,28759.21875,25914.19922,20814.19922,18811.26367,4386.317871,21332.32422,30654.23438,29693.07813,30825.73828,29725.35938
Q9Y285,20453.97656,17897.22852,18880.69336,19466.67969,19898.86328,14959.67871,15914.58398,14404.04883,42671.53125,41852.90234,48205.65625,38976.58203
Q9Y294,68403.6875,55204.95313,60685.64453,61689.29688,80050.07813,51314.34766,49952.84766,57420.16406,20624.20313,19786.30469,18335.58008,17898.83008
Q9Y296,36962.08203,39067.03906,44755.875,45179.96875,35299.81641,24408.71094,43352.24609,44630.10938,24228.72656,26202.47656,26127.09375,27685.35352
Q9Y297,38157.86328,37235.64063,37354.92578,46452.00781,34712.29688,31973.58984,29472.95703,33621.71875,66322.94531,66131.88281,67021.98438,65376.5625
Q9Y2A7,22509.87695,23745.38086,21709.3418,20924.76953,20035.14648,22586.9082,19790.5957,20356.4668,11795.47852,7802.062012,10268.04883,12027.47168
Q9Y2D4,23367.24609,22033.49219,18650.57617,23682.14844,20118.35547,16134.10254,19231.57031,18176.33984,20421.50391,19140.47266,19404.81836,20541.82813
Q9Y2D8,29042.87891,23034.08789,23114.52734,26176.31641,27467.60352,27331.70703,24967,24196.5625,20624.54102,19947.07422,20690.55469,18792.79688
Q9Y2F5,14005.47852,11779.92383,11470.96289,11227.84961,13224.01074,13181.58887,12894.22559,12121.71777,33472.13281,4269.479004,2903.510254,21726.06445
Q9Y2H0,10563.94531,4335.341309,8917.613281,7439.365723,9711.273438,7416.661621,7441.51123,4198.021484,11513.63281,14018.7041,12730.37207,11470.0791
Q9Y2H5,33443.76563,22820.55859,29769.30469,31719.92969,32201.11719,25220.28125,23535.38867,22715.93945,21663.36719,19436.97852,19434.99609,20833.24219
Q9Y2H6,9486.783203,8351.634766,7509.394531,7449.735352,8753.518555,7455.576172,7970.487793,6553.661621,85268.57031,99486.51563,97161.64844,78303.25
Q9Y2J4,11310.58594,13372.06152,10876.09668,12658.54492,18012.89844,16717.12695,14197.73047,15060.0127,18260.86133,19041.32031,17342.66406,15424.51172
Q9Y2K1,9527.292969,8204.960938,9578.524414,9122.870117,9353.053711,10799.57227,9465.911133,7689.574707,28702.52539,25517.75,26172.11914,26426.58008
Q9Y2K7,16649.42578,17969.37109,17562.00586,16089.99707,17330.89844,17984.35352,17457.46289,19484.10742,39798.49219,28314.72266,29300.57422,35986.875
Q9Y2L1,42099.12109,42445.69531,42120.02734,41871.15625,42654.76563,43766.19531,42746.44531,43124.40234,14985.80957,15686.79785,14437.75098,14500.3916
Q9Y2P8,36427.27344,30440.6582,36783.03906,32724.47852,31231.72656,36406.92969,29527.55664,31530.55469,23015.32422,19359.69727,20903.80273,19822.25391
Q9Y2Q3,4855.951172,5355.815918,3513.766113,9840.964844,3602.566406,5880.049805,5356.05127,7739.351074,10447.23828,12398.56836,12682.12305,13064.99805
Q9Y2R4,24043.71484,21682.125,22216.54883,22493.98242,21550.55664,22604.41016,21723.00586,21874.7168,12150.79688,9997.893555,10994.26953,12356.56348
Q9Y2S6,25516.51172,30027.51172,27312.99805,30793.94727,26555.95313,20414.08398,27615.12109,21267.48438,23743.72852,24191.54688,32795.61328,20139.02734
Q9Y2T2,18395.10547,18069.3125,18544.4082,18641.46484,20085.33594,19283.92188,21104.21484,21206.60547,13408.40332,11796.60742,13727.92871,11778.98242
Q9Y2T3,33891.9375,36847.24219,33039.19141,36755.03906,32967.64844,32636.38086,33158.25391,31883.49609,21832.28906,23938.63867,23604.70508,19882.65625
Q9Y2T4,399046.3438,450081.0938,420756.875,410216.9063,403608.8438,445053.2813,441210.5,457781.5313,14158.11133,17921.9375,8522.96875,4592.445313
Q9Y2U8,46703.53516,45867.18359,50252.45313,47402.65234,51190.07031,48628.625,48241.73047,52004.82422,68371.02344,65457.86328,60078.67969,67567.86719
Q9Y2V2,152578.5469,123870.4844,128962.3281,142998.6719,148229.8125,103816.9375,118752.5391,123225.1641,26005.51953,25692.83398,26198.40625,27488.29102
Q9Y2V7,39824.96094,39468.5625,36414.49609,42627.44141,31085.62891,40566.60938,33203.69531,38615.43359,42157.89844,42958.875,42010.99219,38690.12891
Q9Y2W1,65612.9375,67616.89844,66549.44531,67220.32813,69647.6875,70647.91406,69144.10938,68972.72656,102262.5938,95295.53125,95870.47656,82130.80469
Q9Y2W2,80656.5625,70828.75,74387.16406,75664.63281,81479.08594,70334.34375,75795.77344,72541.125,28578.88281,26281.70703,28479.79297,24831.61328
Q9Y2X0,18579.71875,19943.27344,18546.67383,20413.73242,14605.21777,16625.86328,18446.75977,14700.68457,22666.59961,23092.63086,25797.40039,22135.96875
Q9Y2X3,87505.4375,83784.35156,86620.63281,86326.40625,86970.49219,88070.08594,85031.90625,88591.22656,52267.62891,42030.14063,41697.05859,49012.52344
Q9Y2X7,29792.10938,31392.36719,30380.58984,32558.48438,30692.9043,30478.30664,30662.80859,28651.89648,20474.86328,24616.37695,30810.20117,24408.94531
Q9Y2X9,19965.66211,19831.36719,16904.97656,19246.60742,22648.36719,19096.63867,16116.95313,17194.69336,37147.57813,36174.75391,34934.30859,36774.37109
Q9Y2Y9,244459,236700.5625,123859.8438,252756.7969,168865.3906,221428.1719,237194.4531,181855.0156,19814.13867,25744.44727,22172.79883,24631.01758
Q9Y2Z0,28634.03906,31189.12695,29309.55273,30349.61133,29953.12305,27750.13672,26305.61914,27658.37109,42628.46094,39710.72656,42800.64063,46774.87109
Q9Y312,43160.32422,43859.27734,39480.625,46918.70703,41318.38281,45408.77734,39661.29297,44263.40234,13290.11914,13501.23242,14663.9668,19410.27148
Q9Y314,67437.17969,57511.35156,58277.55078,62704.34766,64008.51563,59384.42969,59945.91406,56757.48047,24193.78516,24701.85352,25001.04297,25678.3125
Q9Y316,24446.98438,28050.21875,19049.7832,25610.37891,30449.19922,28097.41406,20201.11719,24440.20898,17279.44727,17848.03906,17766.94727,13227.50879
Q9Y324,23901.0957,23499.72461,21851.79688,21993.74609,22421.43555,17203.16797,17648.45117,16695.10352,26366.87305,22022.65625,21554.92578,23029.59961
Q9Y333,348482.5,313925.9688,340266.3438,395313.1563,379063.9688,303117.75,392221.625,357531.9063,40852.68359,36870.88281,37958.29688,39054.98828
Q9Y371,7934.541992,9569.944336,9314.098633,8184.224609,8036.924805,5476.609375,5136.371582,10138.1582,32549.10156,33526.05078,24898.73828,41484.85547
Q9Y376,22864.62109,19556.57031,22282.33984,22676.60742,20856.13281,14983.58496,16886.57617,17302.4082,73045.67188,73779.19531,75985.44531,73089.625
Q9Y383,116305.125,115675.1016,116619.1563,119338.9531,126367.9453,120651.8594,116886.2969,116474.8984,38106.95313,37219.42969,38270.24609,42507.33984
Q9Y388,22192.33789,16862.27539,13900.18262,17578.39258,19791.04102,15332.08984,12405.69531,12397.98242,46115.02344,45798.10547,48275.77734,46128.32813
Q9Y3A2,13200.92188,14372.79297,13481.04883,12699.79395,10720.79395,17576.91602,20918.75195,19252.43164,24622.17773,20470.18945,23870.30469,26000.07422
Q9Y3A4,28106.13281,25313.64258,21850.88477,27658.37109,33942.21875,26252.25977,26470.98438,24717.32422,12146.58203,12997.83887,14358.95117,14062.9375
Q9Y3A5,63025.44141,60027.77344,60961.75,63928.03125,57809.80078,60416.62109,62249.67188,65464.17969,30991.37695,31562.26563,32165.95117,30405.63672
Q9Y3B2,63250.77734,54750.57031,52002.82031,61044.37891,44086.84766,53483.26953,62938.32031,62462.28125,33258.10547,32833.24609,32127.0625,25117.41602
Q9Y3B3,8690.580078,7301.29834,10400.39355,11593.69043,11284.98145,7998.473145,7616.661621,6820.230957,11634.52148,11073.39648,13839.79883,15985.66016
Q9Y3B4,49357.66406,37244.5,44555.98828,50676.65234,44468.42578,39109.86328,39092.01953,43467.54297,20873.2832,24215.50586,24156.41797,20760.49414
Q9Y3B9,41303.82031,42938.66016,43575.39844,45963.85547,47138.02734,47486.92969,47000.55078,46787.09766,16379.89648,17056.91211,15342.02148,13215.80664
Q9Y3C1,25633.89258,22971.75977,25194.71875,26512.18555,30536.16016,23344.05078,24929.20898,23271.92578,21608.00586,21871.81445,20920.06055,24056.47266
Q9Y3C6,39086.10547,35090.78125,35554.98438,37657.30859,43440.29297,34220.55469,34785.66016,34226.60938,17560.25391,17914.94336,18759.89258,17259.22852
Q9Y3C7,42483.85156,32834.63672,38354.41016,38050.375,32974.08203,39125.88281,37657.49219,32274.62891,3399.28125,3617.666748,4416.503906,5419.897461
Q9Y3C8,180888.1094,178692.1563,174990.6563,170243.7813,142881.7969,155719.4375,144522.9531,143201.0781,18739.04102,19190.71484,16073.51465,14698.08105
Q9Y3D0,35822.89063,17032.71484,25911.07031,39383.32813,30285.39844,29607.1875,29120.41992,30994.68555,142372.7344,150168.0625,142703.9688,133131.0938
Q9Y3D6,33793.64453,35906.80859,8438.861328,51465,46944.13672,27739.06445,40501.91406,6943.172363,76630.05469,83997.52344,100526.875,128179.1953
Q9Y3E1,91346.19531,80811.07031,85301.92969,89001.39844,90125.03906,82341.02344,89672.28906,94848.48438,15897.22852,14643.97949,6542.410645,17250.90625
Q9Y3E5,13259.13086,14044.79883,16441.90234,11766.30469,11347.97168,16315.34668,14462.21777,15948.25879,44628.62891,44518.13281,46880.4375,49685.73828
Q9Y3E7,28009.73633,38897.69922,34167.71484,36161.66797,20950.7793,34189.94531,41155.375,48892.03516,22295.61133,19244.79883,22664.82227,23929.17969
Q9Y3F4,55632.72266,56633.64453,56358.34766,58299.52734,54035.53125,55097.12891,55130.04688,56229.88281,12395.94141,15057.52637,15217.95703,16600.79492
Q9Y3I0,67773.52344,65046.51172,64604.50391,63229.26563,66606.88281,60892.34375,61318,57706.84375,34756.875,32073.40039,27642.73047,53427.08203
Q9Y3I1,22217.80078,24363.70117,21621.2832,27853.50781,13095.46484,22431.63867,15696.12598,21014.43555,30724.50781,64828.76563,108033.4531,62143.57031
Q9Y3P9,31552.68555,28349.2168,28818.68164,28302.89258,27402.08789,28340.29492,27369.27344,26673.125,26823.36133,29456.49023,26931.27344,22838.3457
Q9Y3Q8,39719.78125,37912.26172,43736.81641,43979.52344,38207.70313,33532.73047,41319.80078,39868.03906,20394.7168,19631.50977,20774.76367,21984.95117
Q9Y3T9,32682.03125,32677.63672,31248.625,30475.48047,33835.46094,32937.07813,34132.54688,31281.83008,11115.60352,7664.561035,8852.145508,7378.227051
Q9Y3U8,26928.01953,25407.38477,23730.98828,16383.9668,28136.61719,18804.44922,17804.74609,11189.44141,19465.36719,16467.60547,13281.79199,14514.79883
Q9Y3X0,15724.94824,11946.5918,14579.86133,11265.54102,15129.72852,15461.08398,18265.89844,15110.40137,25103.05664,23374.4375,23640.00781,26867.41992
Q9Y3Y2,84527.59375,74271.60156,77108.92969,82599.5625,87817.55469,74623.00781,79694.17969,78002.33594,29146.00781,29697.36523,28353.75781,34168.75
Q9Y3Z3,9223.591797,11681.93555,10247.91309,10007.04492,11263.91113,8844.84668,9739.069336,6859.052734,26184.14844,24322.41992,26827.40039,24933.85938
Q9Y421,11883.62305,17459.79883,13361.95801,20027.10742,17535.10156,20559.06641,23793.76563,21193.58203,31067.81055,33744.875,29172.19727,26387.64648
Q9Y446,28713.13281,30654.23438,29693.07813,30825.73828,29725.35938,29129.99609,30882.35742,30913.7168,54968.875,55759.49219,55068.75391,49765.58594
Q9Y448,44221.83594,42671.53125,41852.90234,48205.65625,38976.58203,33258.51563,35517.42969,33805.73047,37811.92969,37880.41406,40034.25781,41586.14844
Q9Y450,27401.51563,20624.20313,19786.30469,18335.58008,17898.83008,17084.12695,18287.4375,17650.06445,27512.88672,22474.13867,21886.68164,28818.4043
Q9Y483,25888.01367,24228.72656,26202.47656,26127.09375,27685.35352,23792.8125,24014.63477,22342.16992,39799.5625,36649.10938,31656.30859,35282.92969
Q9Y490,63971.91406,66322.94531,66131.88281,67021.98438,65376.5625,67554.90625,64793.42578,65859.50781,37421.51563,39868.04297,31233.9375,44369.16016
Q9Y496,13795.18848,11795.47852,7802.062012,10268.04883,12027.47168,4012.463135,8053.291992,7809.661133,33355.00781,22571.72266,22599.91992,25686.81055
Q9Y4A5,20156.19727,20421.50391,19140.47266,19404.81836,20541.82813,19816.81641,19269.22656,18811.87305,7755.001953,4106.049805,6037.758301,8668.155273
Q9Y4B6,21630.35352,20624.54102,19947.07422,20690.55469,18792.79688,18283.66406,19803.89063,20346.42578,18645.89258,18161.26563,19704.25781,17758.28906
Q9Y4C1,16380.10059,33472.13281,4269.479004,2903.510254,21726.06445,32863.44531,3245.39917,2207.07251,18404.30078,13648.83691,13499.86133,15378.29004
Q9Y4C2,11987.0459,11513.63281,14018.7041,12730.37207,11470.0791,12080.12402,11703.65234,10898.92773,49451.58984,46758.02344,47323.87891,52434.28125
Q9Y4C8,21587.54102,21663.36719,19436.97852,19434.99609,20833.24219,19215.09961,19412.94922,17503.03516,27629.625,27995.99609,27747.25781,29472.16211
Q9Y4E5,102801.3984,85268.57031,99486.51563,97161.64844,78303.25,83238.66406,100364.3984,80140.88281,36744.84375,35628.53906,35164.10547,30924.625
Q9Y4E8,18129.54883,18260.86133,19041.32031,17342.66406,15424.51172,19881.24414,18367.00781,17420.93945,28497.93555,39521.71875,38316.84766,28575.45313
Q9Y4F1,27077.31641,28702.52539,25517.75,26172.11914,26426.58008,25038.85352,21673.10352,22846.08984,20423.29102,20021.63281,19765.14453,18024.47266
Q9Y4F5,40375.76172,39798.49219,28314.72266,29300.57422,35986.875,36036.10547,38301.96484,31035.06836,20978.72656,22305.70508,25893.89063,23179.68164
Q9Y4G6,14832.31055,14985.80957,15686.79785,14437.75098,14500.3916,15623.51465,14260.49902,14630.55273,27033.55273,26485.125,28778.74023,30813.25391
Q9Y4H2,15395.24805,23015.32422,19359.69727,20903.80273,19822.25391,17567.57031,19818.26758,16252.52637,22232.80273,21009.4668,20523.24609,22170.625
Q9Y4K1,13037.82031,10447.23828,12398.56836,12682.12305,13064.99805,16176.03418,13739.52832,9676.359375,33648.16406,19795.74023,18622.37891,5292.378418
Q9Y4L5,10444.48145,12150.79688,9997.893555,10994.26953,12356.56348,11600.75488,12553.9707,15105.33789,25271.9375,26889.04688,25759.5332,22874.75977
Q9Y4P1,28302.64453,23743.72852,24191.54688,32795.61328,20139.02734,26941.72852,25360.11328,24794.38281,19112.7207,18453.27734,17658.66797,19125.77734
Q9Y4P3,13050.43359,13408.40332,11796.60742,13727.92871,11778.98242,12721.36719,14162.79883,12596.91992,42139.03125,35467.98438,38183.34766,36097.11328
Q9Y4R8,20022.42969,21832.28906,23938.63867,23604.70508,19882.65625,23080.87109,21092.68359,20026.31836,25360.42188,22064.55664,20486.4043,20179.77539
Q9Y4U1,10930.89355,14158.11133,17921.9375,8522.96875,4592.445313,8240.203125,18207.97656,13615.26465,27321.15625,25199.28711,25493.11133,21855.24805
Q9Y4W2,74006.67188,68371.02344,65457.86328,60078.67969,67567.86719,67122.59375,62353.64063,64765.83203,27757.88281,87279.16406,34567.10938,37621.375
Q9Y4X5,24991.56836,26005.51953,25692.83398,26198.40625,27488.29102,28134.27148,26668.38086,28549.45117,24541.7207,24363.09375,26547.81055,28329.02734
Q9Y4Z0,40088.12109,42157.89844,42958.875,42010.99219,38690.12891,39404.03125,37916.96484,39679.14453,21165.29883,19613.64453,18702.01953,23463.94336
Q9Y508,96555.89063,102262.5938,95295.53125,95870.47656,82130.80469,81092.11719,83871.35938,79440.28125,22163.20703,20251.41602,18960.73047,24289.375
Q9Y520,27086.25586,28578.88281,26281.70703,28479.79297,24831.61328,23887.89258,22913.66602,22750.73828,42119.34766,37527.67969,45090.16016,41052
Q9Y530,22953.96094,22666.59961,23092.63086,25797.40039,22135.96875,24355.66602,21401.22656,23347.38281,42233.51953,44029.69922,41880.36328,42757.38281
Q9Y546,45855.78516,52267.62891,42030.14063,41697.05859,49012.52344,36310.48828,49137.64453,47123.24609,26889.29297,29903.46484,26873.96094,27872.24023
Q9Y547,26990.66211,20474.86328,24616.37695,30810.20117,24408.94531,22525.0332,24789.75,23453.30859,19565.13672,17490.47461,27999.10352,11120.79199
Q9Y570,37389.10938,37147.57813,36174.75391,34934.30859,36774.37109,36219.54297,31672.88086,35404.33984,37148.71484,37204.87891,39428.95703,39318.33203
Q9Y575,27039.16992,19814.13867,25744.44727,22172.79883,24631.01758,20651.98438,16807.90625,21520.73047,1103098.75,1063019,973396.5625,821988.5625
Q9Y580,51632.13281,42628.46094,39710.72656,42800.64063,46774.87109,43061.75781,43740.77734,41367.58203,63978.08594,69136.92188,68128.5625,31073.24219
Q9Y597,16047.44922,13290.11914,13501.23242,14663.9668,19410.27148,13775.12793,10946.78125,12139.38184,15082.32422,14969.2666,14932.67773,13164.33301
Q9Y5A7,26125.94922,24193.78516,24701.85352,25001.04297,25678.3125,24113.79688,23947.42773,23133.33398,17865.74805,18601.67969,18643.3125,5125.667969
Q9Y5A9,16264.17383,17279.44727,17848.03906,17766.94727,13227.50879,16653.47266,13673.11621,13674.75977,30250.36914,28884.49023,16928.29102,28179.63281
Q9Y5B0,22376.39648,26366.87305,22022.65625,21554.92578,23029.59961,19922.7832,21527.68555,21405.06641,18176.4043,20293.74805,18935.82813,12087.23145
Q9Y5B6,35871.39063,40852.68359,36870.88281,37958.29688,39054.98828,40553.60938,43210.54297,40968.32813,28467.55859,21959.01367,34682.69531,23316.44727
Q9Y5B8,39191.27344,32549.10156,33526.05078,24898.73828,41484.85547,24000.17578,24665.07031,24821.44531,30119.30664,30416.28125,29155.36328,30256.35938
Q9Y5B9,70983.11719,73045.67188,73779.19531,75985.44531,73089.625,78690.125,76271.3125,76303.07813,36962.28516,38643.55469,29708.70898,31485.83984
Q9Y5J1,38726.06641,38106.95313,37219.42969,38270.24609,42507.33984,39202.23828,37952.57813,36901.28125,11311.03711,10823.97461,11329.15039,9397.3125
Q9Y5K5,46062.47266,46115.02344,45798.10547,48275.77734,46128.32813,45771.60547,42644.25,48228.72266,54326.01953,62714.16016,57500.93359,64203.45313
Q9Y5K6,22924.6543,24622.17773,20470.18945,23870.30469,26000.07422,20618.00977,21616.79102,22615.64063,26637.74609,25969.67578,26256.34961,25992.6582
Q9Y5K8,13359.47656,12146.58203,12997.83887,14358.95117,14062.9375,9054.921875,10177.99805,11641.82227,26817.80273,27684.26758,24960.61914,26118.64844
Q9Y5L0,31296.10742,30991.37695,31562.26563,32165.95117,30405.63672,30670.86719,28873.58008,29431.33008,27322.03125,25434.79883,41856.31641,7629.362793
Q9Y5M8,29648.36523,33258.10547,32833.24609,32127.0625,25117.41602,27733.64648,29229.09375,28806.41602,29492.2793,36041.41406,32832.60156,28935.81445
Q9Y5N6,16330.20801,11634.52148,11073.39648,13839.79883,15985.66016,14429.76758,16517.05273,15257.24023,40859.60547,44103.26953,37341.36328,42296.36719
Q9Y5P4,22342.50781,20873.2832,24215.50586,24156.41797,20760.49414,19834.70313,22558.05078,23616.85938,11220.31348,10147.27832,8857.213867,6130.551758
Q9Y5P6,19103.49414,16379.89648,17056.91211,15342.02148,13215.80664,14067.73535,11281.76074,12087.58496,25063.63672,30182.51367,29647.57813,31624.83203
Q9Y5Q8,21381.48438,21608.00586,21871.81445,20920.06055,24056.47266,20913.90039,20907.11719,19881.70898,7115.408691,8546.165039,3228.380615,4923.560059
Q9Y5Q9,17649.16992,17560.25391,17914.94336,18759.89258,17259.22852,18530.58398,20415.79492,18853.37109,69335.75781,77987.73438,69796.09375,56109.19922
Q9Y5R8,5267.557129,3399.28125,3617.666748,4416.503906,5419.897461,3398.540527,7543.149902,3276.346191,47149.73438,47286.44141,49437.65234,52611.625
Q9Y5S2,20081.5957,18739.04102,19190.71484,16073.51465,14698.08105,18827.33203,15525.2002,13684.81348,18209.00195,16183.56055,20410.74414,17323.52539
Q9Y5S9,143129.9375,142372.7344,150168.0625,142703.9688,133131.0938,132396.4531,136412.5469,135521.1094,24568.11523,20728.71094,19865.0332,22851.81445
Q9Y5U2,92958.85156,76630.05469,83997.52344,100526.875,128179.1953,77243.85156,59236.39063,25554.24219,47447.81641,43745.63281,54271.20703,50827.07422
Q9Y5V0,16865.48047,15897.22852,14643.97949,6542.410645,17250.90625,4791.115723,5627.835938,6936.448242,11657.78418,10511.75781,15102.40332,15992.88086
Q9Y5X1,43357.91797,44628.62891,44518.13281,46880.4375,49685.73828,45439.08984,42494.77344,48477.05859,8646.533203,5880.178223,118944.25,6397.763672
Q9Y5X2,23050.39453,22295.61133,19244.79883,22664.82227,23929.17969,20366.76172,18540.80664,17350.66211,43380.05469,53292.55469,40494.32031,67262.4375
Q9Y5X3,15680.2373,12395.94141,15057.52637,15217.95703,16600.79492,11519.29785,10344.15137,10451.17383,10499.84668,9537.228516,7941.581543,8504.505859
Q9Y5Y2,55985.94141,34756.875,32073.40039,27642.73047,53427.08203,33116.19922,25358.47852,20169.50781,174781.8438,172974.2656,169408.9375,168757.5313
Q9Y605,62401.20313,30724.50781,64828.76563,108033.4531,62143.57031,35549.98438,31737.06836,27448.00781,3513.079346,7837.77832,12285.98145,8957.988281
Q9Y606,26145.27148,26823.36133,29456.49023,26931.27344,22838.3457,23541.0957,25567.92578,23548.23633,82831.24219,78035.75781,71167.10156,68394.89844
Q9Y608,20914.56055,20394.7168,19631.50977,20774.76367,21984.95117,19267.00781,19269.42969,17989.47656,15914.57617,21526.96875,22885.14258,20931.83398
Q9Y613,11803.89941,11115.60352,7664.561035,8852.145508,7378.227051,10369.69727,11847.3252,7170.460449,40466.94531,49520.69141,58549.55078,50055.39063
Q9Y617,14193.28223,19465.36719,16467.60547,13281.79199,14514.79883,15543.70801,12734.50488,11832.98242,18804.74609,20790.54492,14886.15527,12474.13672
Q9Y618,24531.21875,25103.05664,23374.4375,23640.00781,26867.41992,25916.45313,25939.88867,26620.8125,34890.16016,37479.94922,38452.52344,38613.96484
Q9Y620,31633.26367,29146.00781,29697.36523,28353.75781,34168.75,3666.485352,19917.91602,19051.07617,60140.51563,63301.14063,54125.02344,57974.53516
Q9Y657,27275.44141,26184.14844,24322.41992,26827.40039,24933.85938,20062.48828,19438.65234,22863.46094,43988.75,44020.01953,51324.58984,47318.07422
Q9Y666,33330.92969,31067.81055,33744.875,29172.19727,26387.64648,23504.18164,25937.33984,24825.58789,32354.2793,34566.71875,32337.96094,30736.0293
Q9Y678,55591.29297,54968.875,55759.49219,55068.75391,49765.58594,47841.76172,48733.97656,47716.40234,37355.86719,39833.49609,32300.63477,32273.89844
Q9Y696,40145.26953,37811.92969,37880.41406,40034.25781,41586.14844,32277.26563,35126.15625,33743.03906,41486.66406,39057.0625,39380.41797,37339.52344
Q9Y6A4,26452.13672,27512.88672,22474.13867,21886.68164,28818.4043,23413.01563,19976.86719,19139.32617,50374.00781,47894.36328,45933.41016,47735.93359
Q9Y6A5,35230.27344,39799.5625,36649.10938,31656.30859,35282.92969,30162.00977,30092.49219,33313.01563,68704.47656,69717.99219,61593.48828,60352.29297
Q9Y6A9,41196.19141,37421.51563,39868.04297,31233.9375,44369.16016,34204.50391,28008.55469,28495.23438,62666.26953,64547.02734,53330.29688,56783.72656
Q9Y6B6,27721.85352,33355.00781,22571.72266,22599.91992,25686.81055,17455.51953,9551.270508,11364.44434,116350.7344,119986.0313,129641.9688,122120.3281
Q9Y6C9,2306.147217,7755.001953,4106.049805,6037.758301,8668.155273,5894.882324,5401.706055,7942.961914,37728.36719,36437.53906,37566.48438,38233.71484
Q9Y6D5,18818.66016,18645.89258,18161.26563,19704.25781,17758.28906,18085.16211,17049.64648,16557.39453,20906.80664,22915.70703,19771.32422,22391.26172
Q9Y6D6,15963.96875,18404.30078,13648.83691,13499.86133,15378.29004,13316.60059,19426.10938,17916.34375,23733.63672,24493.34766,22176.78711,19722.13086
Q9Y6D9,49182.44141,49451.58984,46758.02344,47323.87891,52434.28125,51165.11328,50028.36328,50537.37109,37397.55469,37252.31641,33840.13281,33223.14063
Q9Y6E0,28313.24609,27629.625,27995.99609,27747.25781,29472.16211,28849.68164,28608.78906,25801.65234,28312.23633,28211.38281,31927.38867,26531.03711
Q9Y6E2,34450.21875,36744.84375,35628.53906,35164.10547,30924.625,34613.57031,34824.60156,35551.57031,42783.125,48400.74219,36529.41406,40784.94141
Q9Y6G5,44408.67188,28497.93555,39521.71875,38316.84766,28575.45313,23597.69531,26562.73828,29253.17578,28457.19336,26979.64844,31409.35742,29636.14258
Q9Y6G9,17927.43164,20423.29102,20021.63281,19765.14453,18024.47266,16948.96289,16061.7832,16696.78125,19304.38672,21512.60742,17964.30469,19966.81055
Q9Y6I3,23324.26758,20978.72656,22305.70508,25893.89063,23179.68164,22445.87305,20774.11523,27645.74805,53673.48047,55927.08984,56692.33594,57982.69531
Q9Y6I4,27318.14258,27033.55273,26485.125,28778.74023,30813.25391,28505.37109,29257.23438,28813.81641,23345.96289,23373.03125,25372.68164,20313.74414
Q9Y6J9,23200.77148,22232.80273,21009.4668,20523.24609,22170.625,20565.30859,20350.90625,20307,53042.30859,53599.48438,50778.10938,48472.99219
Q9Y6K1,12165.89551,33648.16406,19795.74023,18622.37891,5292.378418,34544.30859,43766.12109,38479.10547,10950.60156,10236.04199,9232.460938,10103.10059
Q9Y6K5,23039.82422,25271.9375,26889.04688,25759.5332,22874.75977,25534.20703,24523.15234,24720.91016,29534.35742,27817.23438,30978.83203,29862.93555
Q9Y6K9,17717.06055,19112.7207,18453.27734,17658.66797,19125.77734,20217.57031,19255.22656,18559.5332,82600.78906,93879.96094,83448.0625,68650.375
Q9Y6Q9,40481.8125,42139.03125,35467.98438,38183.34766,36097.11328,42051.97266,44283.92188,39071.58203,36147.55469,37868.36328,31387.94336,32394.97852
Q9Y6R0,22841.98438,25360.42188,22064.55664,20486.4043,20179.77539,17526.78516,19898.81641,15884.07227,10771.625,9328.488281,12833.14063,11217.52344
Q9Y6U3,27733.83984,27321.15625,25199.28711,25493.11133,21855.24805,21981.02344,20688.25,21107.33984,26181.7168,26163.70508,31668.44922,31084.08984
Q9Y6V7,60237.89063,27757.88281,87279.16406,34567.10938,37621.375,34369.26172,29387.29297,27114.10547,15767.46289,12412.35254,13084.37695,19281.65234
Q9Y6W3,25775.14648,24541.7207,24363.09375,26547.81055,28329.02734,27721.84766,26494.63281,25040.22461,47163.11719,47475.20703,48895.25,47102.13672
Q9Y6W5,24199.35938,21165.29883,19613.64453,18702.01953,23463.94336,19271.72852,17583.64453,14544.94629,22894.80664,25089.95117,14920.87891,13477.35254
Q9Y6X3,17917.20703,22163.20703,20251.41602,18960.73047,24289.375,20692.83398,22487.34961,27366.4707,130980.8438,131579.4063,144765.5313,128042.5938
Q9Y6X8,37073.0625,42119.34766,37527.67969,45090.16016,41052,46104.82031,44648.08594,37887.70313,19797.25586,21118.90625,20926.9375,21896.07617
Q9Y6X9,42765.94922,42233.51953,44029.69922,41880.36328,42757.38281,46945.80078,46546.6875,46079.08594,25458.62695,26650.80273,19401.14453,21334.54883
Q9Y6Y8,30764.76172,26889.29297,29903.46484,26873.96094,27872.24023,26383.72852,25504.18359,25619.16797,36692.41406,33218.24219,20067.82227,28173.31836
