,A1,A2,A3,A4,B1,B2,B3,B4
A0A024QZP7,1378000000,1246500000,844030000,1702400000,1614600000,1809700000,1942000000,1703400000
A0A024R1R8,106590000,529060000,246140000,54157000,215250000,72858000,451760000,303700000
A0A024R216,61531000,43798000,45403000,85198000,70864000,74868000,NA,NA
A0A024R412,701770000,752100000,417460000,89648000,62935000,91468000,NA,NA
A0A024R4E5,2751800000,2825600000,2394500000,1573800000,1576600000,1414400000,3144000000,3262900000
A0A024R4M0,7149500000,10455000000,8402700000,8592100000,9234400000,8143000000,5975900000,6474900000
K7EN05,132210000,141820000,83057000,129620000,143190000,125790000,149720000,98776000
A0A024RA52,1747700000,1387500000,1696100000,1250000000,1403400000,1580100000,2127000000,1807600000
A0A024RAC6,92182000,74230000,84870000,107150000,88054000,63953000,35721000,38266000
A0A024RCR6,263400000,280760000,256120000,343780000,348910000,267360000,401670000,483030000
G5E9M9,NA,NA,NA,23798000,28796000,26064000,NA,NA
A0A087WV90,NA,34288000,75104000,80275000,119570000,73337000,123840000,126730000
A0A075B6P0,NA,NA,12629000,NA,12524000,14047000,17627000,15891000
A0A075B6R3,NA,NA,NA,NA,13074000,NA,NA,NA
A0A075B730,NA,NA,NA,10760000,34204000,230020000,1068700000,930040000
A0A075B746,NA,38000000,29904000,37157000,45190000,44218000,41831000,46468000
A0A087WT45,123130000,97979000,101870000,76436000,83053000,48073000,41815000,55907000
A0A087WSV0,11020000,15236000,NA,NA,NA,NA,NA,NA
V9HW75,2183400000,1587000000,1627500000,1187300000,1074100000,1038100000,375630000,430450000
F8W809,1240300000,874320000,1069500000,2190900000,1968700000,1808800000,3335700000,2880000000
A0A087X2I2,696020000,784230000,519800000,726260000,694970000,804380000,244870000,287530000
A0A087WT20,173980000,262500000,183370000,165430000,230960000,166130000,201120000,267860000
A0A087WT87,NA,NA,NA,NA,NA,NA,83707000,93300000
A0A087WTA8,645360000,578480000,430190000,77589000,123390000,95428000,NA,NA
A0A087WTE7,NA,NA,34189000,43374000,29893000,41023000,NA,NA
A0A087WTK0,NA,19682000,19472000,31602000,27896000,25235000,12260000,NA
A0A087WTP3,3103200000,2637900000,2766300000,3044000000,3168900000,3013700000,1438600000,1422800000
C9JGR9,NA,NA,NA,NA,NA,NA,NA,NA
A0A0C4DH00,22514000,NA,NA,17570000,NA,NA,NA,NA
A0A087WVR3,207170000,235250000,167680000,216520000,228210000,152720000,99452000,112590000
H0YI50,NA,NA,NA,NA,NA,NA,NA,NA
A0A087WU03,NA,NA,45288000,NA,24659000,NA,73497000,NA
A0A087WU53,NA,NA,NA,NA,NA,NA,32817000,NA
A0A087WUB9,302160000,327740000,265800000,372610000,432530000,433340000,342690000,374780000
E9PL01,337630000,322650000,350420000,294420000,289510000,283840000,337930000,366430000
A0A087WUD1,10462000,NA,20776000,44616000,49276000,42495000,35459000,47695000
A0A087WUD3,122800000,NA,NA,94407000,NA,137720000,NA,NA
A0A0A0MQV6,NA,43225000,61677000,34120000,55691000,44333000,18955000,23271000
G3V4U3,30302000,NA,NA,NA,NA,NA,NA,NA
A0A087WUK2,3144800000,3128800000,2639000000,1964000000,2116800000,2069800000,1862100000,1867700000
A0A087WUL4,146920000,123470000,110180000,149400000,75599000,134890000,257370000,290890000
C9J0K3,NA,NA,NA,NA,NA,NA,NA,NA
A0A087WUQ6,359940000,318260000,266000000,398110000,446440000,461430000,304640000,307930000
E7ETK0,2498000000,3132800000,2595300000,2623800000,3215500000,2255800000,2256200000,2311900000
A0A087WUT6,1365400000,1464800000,1489100000,1170000000,1047100000,1141200000,1835500000,1936300000
A0A087WUY7,NA,NA,NA,NA,NA,NA,NA,NA
A0A087WV05,242770000,257590000,265790000,369850000,402630000,303800000,411060000,356520000
F8W7C6,445020000,645780000,492420000,552280000,NA,341890000,NA,NA
A0A087WV25,NA,NA,33140000,28372000,44265000,73319000,105910000,108400000
Q6IAK0,NA,NA,NA,NA,NA,NA,NA,NA
A0A087WVA8,NA,NA,NA,NA,NA,NA,26887000,14599000
A0A087WVC4,NA,NA,NA,NA,NA,NA,NA,NA
A0A087WVF7,36854000,43347000,61766000,53480000,67461000,43035000,93016000,105480000
B3KPU0,NA,NA,NA,NA,NA,NA,NA,NA
A0A087WXE0,NA,NA,NA,NA,NA,NA,NA,NA
Q5W1L7,NA,NA,NA,NA,NA,NA,NA,NA
A0A087WVM4,336270000,391610000,354020000,529990000,480020000,484380000,487200000,419480000
A0A087WVP1,1226200000,1379900000,615180000,403520000,352720000,428170000,58351000,101580000
A0A087WVQ6,7436700000,6069500000,6588600000,12745000000,11180000000,13587000000,11467000000,11458000000
D6RAC5,NA,NA,NA,23548000,19710000,NA,22416000,8570800
A0A087WW00,NA,NA,NA,NA,NA,NA,78826000,76142000
C9JAG1,NA,NA,NA,NA,NA,NA,NA,NA
A0A087WW65,15620000,30488000,32336000,NA,43065000,29104000,19225000,23369000
A0A087WW77,52773000,37027000,NA,35209000,NA,45426000,NA,NA
A0A087WWA3,109760000,129180000,102160000,138800000,113980000,155420000,NA,43198000
A0A087WWD4,911800000,815480000,948280000,59856000,77787000,NA,63857000,118040000
A0A087WWF1,NA,NA,NA,NA,NA,18026000,NA,NA
A0A087WWF6,167640000,88309000,101450000,129900000,112110000,208110000,147460000,133060000
A0A0C4DGT3,62462000,NA,NA,NA,NA,NA,NA,NA
A0A087WWM0,51473000,45013000,37462000,37099000,44787000,36751000,30303000,31802000
A0A087WWM4,175030000,198880000,227430000,87677000,147270000,99293000,63911000,65768000
A0A087WWP4,163220000,180920000,191330000,253040000,295180000,277220000,121170000,142880000
A0A0C4DH79,NA,19081000,NA,NA,NA,NA,NA,NA
A0A087WWS1,396500000,285990000,322200000,214880000,301310000,318930000,186930000,197640000
A0A087WWU1,NA,NA,NA,NA,NA,NA,NA,NA
A0A087WWW9,148670000,211060000,111300000,81195000,68636000,60957000,63037000,75896000
A0A087WX11,NA,NA,NA,NA,NA,NA,NA,NA
A0A087WX41,NA,NA,9235400,NA,NA,NA,NA,72224000
A0A087WYF1,NA,NA,NA,NA,NA,16579000,NA,NA
A0A087WXC5,292580000,288490000,316280000,323910000,414310000,393280000,531150000,509310000
A0A087WXF7,NA,NA,NA,NA,NA,NA,NA,NA
A0A087WXI5,NA,NA,274950000,NA,NA,NA,141070000,162060000
A0A087WXK8,NA,NA,NA,NA,13663000,NA,26272000,22199000
A0A087WXM6,4487000000,6358800000,5625900000,4669400000,5347400000,4349200000,4224500000,3817900000
A0A087WXN9,NA,NA,NA,NA,NA,NA,13495000,10087000
A0A087WXU3,NA,NA,NA,NA,NA,NA,NA,7158600
G3V526,NA,NA,32496000,31924000,32779000,42903000,23557000,19416000
A0A087WY03,NA,NA,NA,NA,NA,NA,NA,NA
A0A087WY55,417710000,488530000,550830000,576760000,546520000,579500000,1036000000,931550000
A0A087WY71,928340000,938550000,856470000,1032500000,937740000,1185700000,702070000,821930000
D6RAH7,710830000,213450000,342150000,447560000,288810000,551310000,368540000,296330000
A0A087WYF7,86902000,96202000,69643000,40714000,49989000,NA,87293000,85502000
A0A087WYN9,278080000,274680000,257300000,324040000,322430000,324810000,191220000,195500000
A0A087WYP2,77392000,21915000,31089000,63798000,75351000,61103000,NA,42537000
A0A087WYQ4,NA,NA,NA,NA,NA,NA,NA,NA
A0A087WYR0,252290000,331550000,354950000,280600000,364270000,274720000,311830000,381460000
H3BS73,NA,NA,NA,NA,NA,NA,NA,NA
A0A087WYV6,83423000,58141000,92810000,NA,NA,NA,NA,17303000
A0A087WYV9,41183000,49473000,29626000,26424000,32655000,28519000,26305000,NA
A0A087WYY3,NA,NA,NA,NA,NA,NA,NA,NA
A0A087WZ13,744150000,586230000,601450000,725950000,645230000,717040000,1495800000,1182000000
A0A087WZ32,NA,NA,32908000,NA,NA,NA,17394000,NA
A0A087WZ47,NA,NA,NA,NA,NA,NA,NA,NA
A0A087WZ62,NA,NA,NA,NA,NA,NA,NA,NA
K7EL80,NA,NA,NA,NA,NA,NA,NA,NA
M0QZS0,84362000,80264000,39164000,34191000,43982000,57239000,11776000,29878000
D6RHI9,NA,NA,41548000,NA,NA,NA,67991000,75779000
A0A087WZN1,273880000,291060000,331000000,508250000,457820000,440520000,460960000,539480000
A0A087WZR3,92859000,95806000,71353000,65593000,58901000,106450000,73943000,99969000
A0A087WZT0,26201000,NA,NA,23889000,NA,25829000,40697000,33177000
A0A087WZU2,NA,NA,21361000,NA,21860000,33537000,NA,12059000
A0A087WZV0,118530000,103860000,129620000,223460000,220590000,246090000,44027000,82681000
A0A087WZX0,NA,13312000,29647000,25459000,48220000,52854000,21349000,22427000
J3KPF9,78091000,69484000,74032000,75128000,81554000,78458000,56839000,67416000
A0A087X043,NA,NA,NA,NA,NA,7858400,NA,NA
G3V2W9,NA,NA,NA,NA,NA,NA,NA,NA
A0A087X0D5,NA,NA,NA,NA,NA,NA,78427000,73051000
A0A087X0H9,NA,NA,NA,NA,NA,NA,NA,NA
A0A087X0K1,196630000,173160000,226260000,232750000,249370000,169540000,423610000,377810000
A0A087X0K9,350960000,345380000,329700000,380100000,376490000,330740000,573100000,610730000
A0A087X0M4,106420000,143890000,160420000,147010000,196150000,182680000,201140000,206690000
A0A087X0Q9,NA,NA,NA,NA,NA,NA,NA,4650800
A0A087X0R6,278570000,290500000,487660000,235090000,219220000,220000000,85856000,103810000
A0A087X0S5,515930000,422380000,402430000,NA,NA,NA,NA,NA
A0A087X0V5,712540000,231170000,624670000,8681400,39325000,21376000,17117000,15906000
A0A087X0W7,251240000,279420000,365580000,473800000,487970000,501860000,402400000,391570000
Q2TAM5,131620000,105110000,84639000,142960000,106270000,99581000,122040000,88924000
A0A087X111,NA,NA,NA,188940000,156580000,178840000,NA,NA
E7EWM3,NA,NA,NA,NA,NA,21185000,34949000,26973000
A0A087X142,95443000,97694000,90386000,104130000,114240000,123720000,240060000,173950000
S4R418,NA,NA,NA,NA,NA,NA,NA,5391500
A0A087X1A9,43059000,NA,36484000,19014000,NA,18706000,20726000,25662000
A0A087X1B1,52622000,80521000,55891000,37973000,63283000,54621000,51543000,76937000
A0A087X1B2,209610000,120220000,216210000,346880000,270170000,325920000,397400000,343080000
F5GZG9,17902000,NA,24278000,NA,NA,NA,NA,NA
H3BU88,NA,NA,25610000,NA,NA,NA,NA,NA
A0A087X1E4,NA,NA,15900000,26729000,24562000,45862000,43024000,36710000
A0A087X1G7,96186000,88255000,124070000,91381000,92403000,142690000,118110000,114730000
A0A087X1H5,48524000,53870000,74845000,65510000,49906000,56644000,52381000,49084000
A0A087X1I8,121960000,27701000,127870000,298890000,389670000,475010000,NA,NA
A0A087X1N6,NA,NA,NA,NA,NA,NA,NA,NA
A0A087X1W2,171680000,110720000,114970000,NA,NA,NA,NA,372420000
A0A087X1Z3,1802100000,1791900000,2543500000,1435100000,1371100000,1173700000,2390600000,2800700000
A0A087X208,NA,NA,NA,NA,NA,NA,NA,NA
A0A087X211,92624000,77759000,49767000,55916000,69980000,45380000,63027000,73817000
A0A087X256,123470000,147810000,132170000,107930000,76640000,113360000,81698000,86195000
A0A087X259,NA,NA,NA,NA,12122000,NA,NA,NA
A0A087X279,25234000,63067000,115190000,NA,NA,46089000,NA,NA
E9PDU5,NA,NA,NA,NA,NA,NA,57498000,55153000
I3L1D4,NA,NA,3524900,8854500,NA,8372100,4933400,7113500
A0A087X2B2,43067000,NA,NA,38853000,27202000,47284000,NA,15204000
I3L192,577750000,501560000,361780000,503380000,319060000,494680000,409270000,357860000
A0A087X2D5,100080000,160190000,144040000,174830000,204350000,153410000,221910000,228710000
A0A087X2D8,NA,NA,NA,NA,NA,NA,NA,3330200
A0A087X2I1,1383000000,1300000000,1326300000,1402700000,1418700000,1409900000,1414200000,1358500000
A0A088AWL3,60974000,66833000,NA,52349000,42072000,18451000,NA,36830000
E7EP87,NA,NA,NA,NA,NA,NA,NA,NA
A0A096LP10,25042000,29424000,34481000,31634000,27663000,29660000,30015000,20431000
A0A096LP25,56114000,110170000,138030000,105080000,117600000,104220000,32692000,45323000
A0A140TA46,188900000,221540000,NA,NA,NA,NA,NA,NA
J3KP36,271630000,218100000,234060000,177340000,191820000,170200000,136700000,132910000
A0A096LPI6,597030000,579120000,787630000,589940000,691340000,727430000,1553600000,1321900000
A0A0A0MQR1,30112000,36504000,28128000,42761000,54504000,58978000,NA,18407000
A0A0A0MQR2,93887000,121610000,116520000,111780000,179920000,51377000,187630000,174430000
B5MD87,83975000,114710000,92022000,62982000,81614000,79983000,NA,16598000
F5H0Q6,NA,NA,NA,NA,NA,NA,NA,NA
U3KQC1,146650000,243420000,225800000,199430000,194730000,213550000,140480000,158040000
A0A0A0MQU4,24854000,NA,NA,NA,NA,NA,NA,NA
A0A0A0MQX1,59000000,44278000,39923000,48037000,97179000,115720000,28283000,22117000
C9JP00,626540000,646700000,494220000,511660000,578250000,468120000,527300000,504230000
K7EJD2,43776000,39673000,28671000,36726000,36859000,46632000,NA,20176000
A0A0A0MR09,NA,NA,NA,NA,NA,NA,NA,NA
A0A0A0MR36,NA,NA,NA,NA,NA,NA,NA,NA
F5H3P6,NA,NA,NA,NA,NA,NA,NA,NA
A0A0C4DG68,20888000,45111000,30739000,50044000,46910000,38188000,48166000,35455000
G8JL96,131170000,123880000,52473000,56285000,NA,63298000,NA,NA
A0A0A0MR66,231270000,225740000,193600000,203050000,224300000,203870000,115980000,134670000
A0A0A0MR85,NA,NA,NA,NA,NA,NA,35536000,NA
A0A0A0MRA5,NA,NA,NA,NA,NA,NA,NA,NA
A0A0A0MRB5,NA,NA,NA,NA,NA,NA,NA,NA
K7EJN4,NA,NA,NA,NA,NA,NA,NA,NA
G3V5X4,50095000,56863000,297990000,194570000,257270000,247030000,231630000,216530000
A0A0A0MRE5,101650000,88793000,170170000,219500000,240500000,244670000,35932000,46057000
A0A0A0MRE6,NA,NA,19909000,5665700,NA,NA,NA,NA
A0A0A0MRF6,67772000,73157000,69502000,82825000,121010000,60946000,67670000,51770000
A0A0A0MRF9,NA,NA,NA,NA,NA,NA,28458000,20330000
A0A0A0MRI1,NA,NA,NA,19893000,30992000,21194000,40859000,53249000
A0A0A0MRJ0,59069000,91562000,59136000,43021000,82819000,34670000,40121000,69987000
A0A0A0MRJ3,151660000,195350000,224430000,39519000,75901000,32192000,NA,NA
A0A0A0MRK1,86184000,111590000,55106000,108490000,146900000,125100000,64382000,80882000
A0A0A0MRK6,93958000,65035000,51028000,84141000,77463000,84369000,99602000,60729000
F8W8M4,NA,NA,36947000,38353000,72929000,62944000,72413000,55170000
A0A0A0MRM8,74690000,33653000,65169000,1496800000,1508900000,1963900000,1913800000,1858300000
A0A0A0MRN1,NA,NA,NA,NA,NA,NA,NA,NA
A0A0A0MRN9,NA,NA,NA,NA,NA,NA,23978000,28644000
E9PK10,23698000,NA,17015000,24309000,26636000,55277000,NA,NA
A0A0A0MRP6,57308000,37501000,47547000,60174000,49718000,56696000,NA,NA
A0A0A0MRR3,15825000,11923000,18823000,19803000,39204000,20122000,12070000,20422000
E9PSD7,NA,NA,NA,13879000,NA,NA,NA,NA
A0A0A0MRR7,935830000,1050800000,619090000,560030000,949100000,843580000,797630000,1278800000
A0A0A0MRS4,NA,NA,NA,NA,NA,NA,NA,NA
A0A0A0MRV0,5994200000,6370200000,7125500000,4175200000,3941300000,3791600000,1927900000,2085800000
F8W6G5,15929000,NA,NA,NA,17918000,NA,NA,NA
E7EMV7,69696000,80327000,71955000,40547000,35854000,44732000,NA,NA
C9JHF5,NA,NA,NA,NA,NA,NA,NA,NA
A0A0A0MS41,80356000,82321000,111730000,91502000,108800000,133710000,NA,NA
A0A0A0MS45,75237000,82330000,37100000,58856000,50653000,35577000,75197000,62453000
Q5SWX3,139740000,51421000,70704000,104620000,97380000,117250000,187340000,276910000
A0A0A0MS70,NA,NA,NA,NA,NA,NA,25688000,26700000
A0A0A0MSA7,73960000,74970000,63752000,97791000,95402000,101930000,NA,NA
A0A0A0MSA9,88284000,82399000,69213000,40738000,NA,31562000,41936000,78268000
A0A0A0MSE3,NA,11490000,NA,NA,NA,NA,NA,NA
A0A0A0MSE9,55129000,NA,NA,NA,NA,NA,NA,NA
A0A0A0MSF9,NA,NA,NA,NA,NA,70485000,NA,NA
A0A0A0MSH9,28140000,35358000,42616000,31493000,50166000,27333000,29384000,25121000
B3KPJ4,77355000,53122000,53946000,91622000,91143000,87682000,44512000,28787000
A0A0A0MSJ8,NA,NA,NA,NA,8564500,NA,NA,NA
A0A0A0MSK6,40133000,30783000,63264000,46033000,49855000,27368000,57641000,57909000
A0A0A0MSM0,NA,NA,NA,NA,NA,NA,NA,NA
A0A0A0MST8,36057000,43946000,52644000,56343000,39522000,43743000,13684000,15465000
A0A0A0MSU3,NA,NA,NA,NA,NA,NA,NA,NA
A0A0G2JKZ1,31085000,27763000,46436000,NA,NA,17515000,50786000,72932000
A0A0C4DFN8,100660000,98384000,154930000,169830000,46079000,91792000,360810000,484540000
A0A0A0MT16,NA,41711000,NA,NA,NA,NA,NA,NA
A0A0A0MT23,21036000,28663000,18461000,NA,20178000,13855000,17947000,15453000
A0A0A0MT32,NA,26423000,NA,NA,NA,NA,32774000,51254000
A0A0A0MT33,NA,17158000,NA,NA,20444000,29171000,NA,29875000
A0A0A0MT60,61511000,53782000,56627000,61521000,63135000,58858000,78412000,62942000
C9JUH3,NA,NA,NA,NA,NA,NA,NA,NA
A0A0A0MT83,150860000,173580000,157160000,221990000,196450000,187780000,97792000,95895000
A0A0A0MTB8,156510000,158780000,164030000,204640000,208430000,196040000,321340000,368740000
A0A0A0MTR7,28417000,16261000,39022000,23852000,NA,22383000,59854000,45149000
E5RJN7,94537000,98706000,124680000,91034000,104910000,84308000,47757000,55623000
B7ZL25,10286000,NA,NA,NA,14969000,9226400,NA,NA
A0A0A0MTH3,163760000,153600000,168200000,425760000,512600000,457950000,298450000,335080000
A0A0A0MTH9,NA,25659000,23017000,31264000,34565000,51793000,23273000,30184000
A0A0R4J2G3,288280000,207490000,188780000,235200000,213160000,223660000,193480000,187640000
F5GWR1,NA,NA,NA,21983000,24469000,NA,18042000,15081000
A0A0A0MTL5,NA,NA,NA,NA,NA,15026000,NA,NA
A0A0A0MTL6,NA,NA,NA,NA,NA,12988000,34859000,21156000
A0A1B0GUV5,NA,NA,NA,NA,NA,NA,2062400,NA
A0A0A0MTN0,269640000,238700000,246810000,269740000,337700000,338000000,230150000,238520000
A0A0A0MTP2,NA,NA,37839000,9279700,12524000,6742700,6784400,NA
A0A0A6YY96,NA,52069000,44347000,37314000,41385000,46197000,21229000,21000000
A0A0A6YYA0,232320000,231790000,168440000,258290000,221300000,335750000,144610000,122230000
A0A0A6YYC0,NA,NA,NA,NA,NA,NA,24750000,21524000
A0A0A6YYC7,NA,NA,NA,NA,NA,NA,NA,NA
A0A0A6YYG7,26102000,NA,NA,28572000,NA,24704000,18770000,28601000
A0A0A6YYH1,32465000,43259000,39775000,57107000,85395000,109240000,42879000,55349000
A0A0A6YYI3,119270000,123830000,154520000,201440000,199890000,195690000,335670000,353540000
A0A0A6YYJ8,NA,NA,NA,NA,NA,NA,NA,NA
A0A0A6YYK5,18862000,22700000,NA,15585000,37789000,NA,8579500,NA
A0A0A6YYL2,NA,NA,NA,NA,NA,NA,NA,10254000
A0A0A6YYL4,78338000,91150000,84919000,70598000,85923000,81974000,122120000,113040000
A0A0B4J1R2,NA,NA,NA,NA,NA,NA,100370000,49956000
A0A0B4J1R7,NA,NA,22548000,NA,22637000,25571000,NA,NA
K7EMW2,NA,NA,NA,31927000,29174000,NA,NA,21861000
A0A0B4J1S8,42376000,19652000,27524000,32273000,21090000,24741000,25898000,18672000
F5GY88,NA,NA,NA,NA,NA,NA,NA,NA
A0A0B4J1Z1,447150000,319280000,481390000,593290000,696300000,1004200000,580460000,674290000
A0A0B4J220,69995000,120110000,90369000,98447000,142420000,80519000,183960000,174180000
A0A0B4J2A0,72989000,NA,24658000,NA,NA,NA,NA,NA
A0A0B4J2C2,184700000,160530000,115000000,132790000,194330000,200690000,67862000,80769000
Q5W0H4,987920000,1804800000,1830700000,892040000,1014200000,989550000,5329700000,6069900000
A0A0B4J2E5,NA,NA,NA,NA,NA,NA,NA,NA
A0A0B4J2F0,NA,NA,NA,NA,NA,NA,NA,NA
A0A0B4J2F8,42344000,37730000,42329000,58754000,72066000,67028000,50904000,58305000
A0A0C4DFL7,97848000,60450000,120280000,127930000,141760000,179090000,270310000,171290000
K7EQ54,NA,NA,12861000,23738000,22113000,14450000,NA,NA
A0A0C4DFM0,12332000,18055000,35507000,34773000,37625000,43472000,61141000,58876000
A0A0C4DFM1,479370000,180420000,260500000,204540000,154820000,301710000,130830000,93975000
E9PKX1,NA,NA,NA,NA,NA,NA,NA,NA
A0A0C4DFN1,NA,NA,22555000,17666000,NA,31166000,NA,21227000
H7C599,NA,NA,NA,NA,NA,NA,NA,NA
E9PL24,9877300,NA,NA,NA,13286000,12844000,NA,10141000
A0A0C4DFT3,77749000,73925000,56646000,48833000,57378000,52331000,91587000,87576000
A0A0C4DFU2,649090000,629390000,1031100000,822360000,973410000,1148900000,1624500000,1826100000
A0A0C4DFU7,NA,NA,NA,NA,NA,NA,NA,NA
A0A0C4DFX7,NA,NA,NA,NA,NA,NA,NA,NA
E9PEZ7,NA,NA,NA,NA,NA,NA,13673000,11528000
H7BZH3,NA,NA,NA,NA,5544600,NA,9428400,9837900
A0A0C4DG44,14408000,NA,18292000,NA,NA,NA,NA,NA
A0A0C4DG88,NA,NA,27771000,NA,26593000,NA,36750000,35482000
A0A0C4DG89,1384600000,1282400000,1237400000,1737000000,1876700000,1556900000,2769100000,2740000000
E9PD56,42743000,47275000,41419000,38604000,28712000,38103000,NA,NA
A0A0C4DGA2,384390000,399390000,294600000,326090000,356020000,340850000,223480000,267460000
A0A0C4DGA6,210940000,109650000,183420000,262840000,254910000,276830000,404820000,324860000
A0A0C4DGB0,NA,NA,NA,NA,NA,NA,NA,NA
A0A0C4DGB5,857050000,654330000,746960000,2753300000,2425500000,1982200000,2469500000,2506300000
A0A0C4DGB9,NA,NA,NA,NA,NA,NA,NA,NA
F5GWX5,1280200000,1087300000,1299500000,1571300000,1774600000,1586600000,1702500000,1721800000
H0YK40,NA,NA,NA,NA,NA,NA,NA,NA
M0QXQ4,76348000,80725000,66381000,NA,NA,NA,NA,40067000
F8VRL4,46828000,NA,32023000,56014000,49098000,NA,28780000,17706000
J3QRU8,NA,NA,13388000,8991700,16977000,15591000,7831100,22940000
A0A0C4DGP2,NA,NA,NA,NA,NA,NA,5641400,NA
A0A0C4DGP4,NA,NA,NA,NA,NA,NA,NA,NA
A0A0C4DGQ5,1503900000,998310000,1890200000,852550000,727230000,791300000,1457200000,1447200000
A0A0C4DGQ8,NA,NA,NA,NA,NA,NA,NA,NA
A0A0C4DGS0,133860000,170810000,179320000,307870000,413960000,382800000,219960000,170890000
A0A0C4DGS1,1338900000,855770000,1045400000,955840000,899990000,1122200000,1441400000,1220800000
A0A0C4DGS9,NA,NA,24411000,NA,31189000,33942000,70558000,59989000
A0A0C4DGT4,NA,NA,NA,NA,8520100,NA,NA,NA
A0A0C4DGU2,NA,NA,NA,NA,NA,27160000,NA,NA
H7C5F7,NA,NA,NA,NA,NA,NA,NA,NA
A0A0C4DH01,NA,NA,NA,NA,NA,6240100,7183500,NA
H7BXT7,103680000,NA,62719000,38327000,NA,24746000,NA,NA
A0A0C4DH22,21222000,38053000,NA,16664000,31899000,7380300,89286000,50168000
A0A0D9SEI0,27691000,NA,NA,29475000,14466000,17688000,44429000,48144000
A0A0D9SEI3,270480000,296020000,286690000,383480000,384810000,383970000,228120000,203990000
A0A0D9SEM9,NA,NA,NA,NA,NA,NA,NA,NA
B4DLR2,NA,NA,31093000,NA,NA,NA,NA,NA
A0A0D9SES8,NA,NA,NA,NA,NA,NA,NA,NA
E7ENQ1,NA,NA,15993000,NA,NA,26170000,NA,NA
A0A0D9SEZ6,55486000,25789000,49040000,28629000,23236000,36808000,84967000,52273000
A0A0D9SF44,NA,NA,NA,NA,NA,14653000,NA,NA
A0A0D9SFB3,5005200000,3782400000,4677100000,4710600000,4087800000,4441900000,2862300000,2960000000
A0A0D9SF60,NA,NA,NA,NA,NA,NA,NA,NA
A0A0D9SFJ1,NA,NA,NA,8815800,18825000,NA,NA,NA
A0A0D9SFK2,164090000,68877000,171860000,118660000,100600000,114370000,563740000,499250000
A0A0D9SFP2,441750000,554670000,765850000,964300000,865500000,1414400000,512670000,383690000
A0A0D9SFR5,32615000,27798000,NA,NA,NA,26034000,12238000,NA
A0A0D9SFR6,NA,NA,NA,NA,NA,NA,NA,NA
A0A0X1KG75,432520000,640020000,431120000,165180000,198010000,130340000,4098100,8676500
A0A1B0GWF2,196580000,160110000,190790000,113910000,128050000,113650000,40713000,31271000
A0A0D9SG77,199760000,145810000,145520000,145530000,135300000,149810000,141400000,152320000
A0A0D9SGE8,340970000,423210000,437470000,231530000,321310000,230990000,284490000,285660000
A0A0D9SGF6,NA,NA,NA,NA,NA,NA,NA,NA
Q30118,NA,NA,NA,94607000,97051000,174630000,NA,NA
A0A0G2JH68,627170000,822640000,699240000,1110800000,1030500000,916640000,2464500000,2270700000
A0A0G2JHC2,79214000,82035000,79945000,78629000,94395000,92999000,28643000,32277000
F6UB75,NA,NA,NA,NA,NA,NA,NA,2592500
A0A0G2JI85,NA,NA,NA,NA,NA,75226000,111610000,78178000
A0A0G2JIS2,15816000,31116000,37777000,43765000,41454000,49161000,40616000,26028000
A0A0G2JIW1,14491000000,12128000000,11440000000,15981000000,13238000000,14172000000,19481000000,16676000000
A2ACR1,NA,NA,NA,NA,NA,NA,NA,NA
A0A0G2JJD3,NA,NA,NA,NA,NA,NA,NA,NA
A0A140T9L0,NA,NA,NA,NA,NA,NA,NA,NA
A0A0G2JJX2,NA,NA,NA,NA,NA,NA,NA,NA
A0A0G2JK44,65568000,72631000,53913000,95275000,76963000,94756000,79852000,68529000
A0A0G2JKR7,NA,NA,14818000,28770000,21132000,24505000,18868000,12463000
A0A0G2JMG8,42224000,NA,NA,NA,NA,NA,400850000,624230000
A0A0G2JMZ8,NA,NA,13226000,NA,NA,NA,143640000,286690000
A0A0G2JNI0,NA,NA,NA,NA,NA,NA,NA,NA
A0A0G2JNZ2,333090000,301820000,314180000,279880000,241720000,290020000,180170000,196430000
A0A0G2JQ41,116860000,119800000,123420000,89965000,91824000,102850000,23999000,36274000
A0A0G2JRY5,NA,NA,NA,NA,NA,NA,NA,NA
A0A0J9YVP6,2912200000,2667900000,2674200000,2928900000,2538900000,2870400000,1966200000,1822200000
F6RP06,341870000,746960000,476900000,139620000,119780000,76789000,NA,NA
A0A0J9YWL0,337060000,384470000,338660000,251280000,196070000,172820000,653660000,534410000
A0A0J9YX57,NA,NA,NA,NA,NA,NA,NA,NA
C9J2C4,NA,NA,NA,NA,NA,NA,NA,NA
A0A0J9YXB8,NA,NA,NA,NA,NA,NA,NA,NA
J3QT77,766890000,308680000,528620000,732070000,802490000,840400000,288090000,254930000
A0A0J9YXQ9,NA,NA,NA,NA,NA,NA,NA,NA
A0A0J9YXX5,63594000,18986000,78302000,53497000,NA,46910000,27085000,45035000
A0A0J9YYI4,NA,NA,NA,NA,NA,7075000,NA,NA
A0A0M3HER2,NA,NA,NA,NA,NA,NA,NA,NA
A0A0R4J2E8,NA,NA,NA,47204000,36332000,NA,NA,54417000
A0A0U1RQI5,NA,NA,NA,NA,NA,NA,NA,NA
A0A0U1RQK0,NA,NA,NA,NA,NA,NA,14509000,NA
A0A0U1RQL8,NA,NA,NA,NA,NA,31600000,NA,NA
C9J5L0,14532000,NA,30989000,NA,15393000,NA,NA,NA
Q96A10,84728000,103920000,82877000,88455000,58882000,57507000,136400000,100830000
A0A0U1RQT8,135080000,82014000,49664000,NA,NA,29744000,NA,NA
A0A0U1RR85,NA,NA,15013000,16136000,14067000,15157000,36250000,49860000
A0A0U1RRB3,NA,NA,NA,NA,NA,NA,NA,NA
A0A0U1RRB6,NA,44950000,41986000,33606000,58634000,51747000,57806000,44495000
A0A0U1RRH6,85489000,66913000,75301000,113200000,169380000,123070000,88663000,71379000
F6XEV2,39924000,41398000,NA,57422000,56005000,55999000,100620000,109030000
A0A0U1RRL5,NA,NA,NA,NA,NA,NA,15390000,16399000
A0A0U1RRL8,NA,NA,NA,35399000,40921000,NA,NA,NA
A0A0U1RRM1,213980000,187280000,205970000,233740000,279340000,267670000,167260000,202570000
A0A0U1RRM4,6468100000,4753200000,5509000000,6447000000,6145900000,7194500000,5190800000,5290800000
A0A0X1KG71,70619000,84717000,43599000,75184000,75119000,115660000,28720000,36332000
J3KQ99,NA,NA,NA,NA,NA,13527000,NA,NA
A0A140T955,621640000,230430000,272660000,163970000,111210000,133470000,NA,NA
A0A140T9M0,103310000,NA,51246000,NA,NA,NA,NA,NA
A0A140T9T7,56833000,NA,46800000,NA,23278000,26478000,49661000,48878000
A0A182DWF2,27417000,30354000,61614000,114530000,163500000,140010000,155160000,129920000
A0A182DWI4,35339000,34891000,NA,NA,25798000,NA,NA,23594000
A0A1B0GTG2,1198600000,1010000000,1047000000,1804000000,1895500000,2097800000,3817800000,3795800000
A0A1B0GWJ0,927190000,819580000,859480000,1523800000,1375600000,1178800000,805640000,940790000
A0A1B0GWJ2,NA,NA,19101000,22532000,26129000,NA,NA,12530000
A0A1B0GTL5,NA,431270000,NA,NA,NA,NA,NA,NA
E7EMM4,21093000,38182000,NA,73040000,33655000,NA,296530000,268690000
H0YDE2,NA,NA,NA,NA,NA,NA,NA,25985000
A0A1B0GTU3,NA,NA,NA,NA,NA,NA,NA,NA
A0A1B0GTU4,543870000,487800000,553080000,389990000,478910000,402600000,340810000,374490000
A0A1B0GTW1,198780000,182470000,160600000,243310000,299700000,314530000,353500000,442730000
A0A1B0GU95,NA,NA,NA,NA,NA,NA,NA,6280700
A0A1B0GUA3,350560000,302470000,241720000,199560000,196380000,183420000,217590000,218940000
A0A1B0GUA8,13571000,10266000,10477000,8474600,13099000,NA,NA,10738000
A0A1B0GUI1,NA,32291000,NA,NA,NA,NA,NA,NA
A0A1B0GUL7,NA,NA,NA,NA,NA,NA,NA,NA
Q5VTI5,NA,NA,NA,NA,NA,NA,NA,NA
C9J9B2,NA,NA,NA,NA,NA,6813000,NA,NA
A0A1B0GUZ7,NA,NA,15672000,NA,33903000,19381000,15957000,18802000
A0A1B0GV47,NA,NA,NA,16196000,26750000,26995000,NA,NA
A0A1B0GVB9,125490000,136850000,123920000,88640000,70739000,93520000,69702000,93777000
A0A1B0GVD5,1684600000,1113000000,1738100000,1453700000,1364200000,1881200000,3323800000,3381600000
A0A1B0GVV3,29005000,29851000,24783000,24260000,29679000,20027000,NA,NA
A0A1B0GWJ4,60143000,26594000,NA,30357000,36479000,29891000,79229000,67808000
F6WST4,NA,NA,NA,NA,NA,NA,NA,NA
C9J6N5,NA,NA,NA,59744000,43987000,74392000,22614000,25699000
A0A1C7CYX9,10322000000,7748700000,8041200000,6449900000,5616000000,6979000000,3924500000,3892400000
A0A1W2PPR6,NA,NA,NA,19395000,NA,NA,NA,24147000
A0A1W2PNX9,NA,NA,28927000,38298000,35274000,43851000,NA,NA
A0A1W2PNW1,NA,NA,19267000,NA,NA,8490100,NA,NA
A0A1W2PNX8,479350000,541690000,442530000,486220000,664080000,538750000,369630000,375800000
A0A1W2PNY5,NA,NA,NA,NA,NA,NA,15689000,17007000
A0A1W2PP04,55590000,54602000,NA,27893000,33215000,41719000,31391000,NA
A0A1W2PPB5,NA,NA,NA,NA,NA,NA,NA,NA
A0A1W2PQ06,44675000,50671000,54505000,65554000,69127000,NA,NA,36991000
A0A1W2PPH1,343420000,232460000,251070000,189740000,193940000,310140000,233690000,224040000
J3QT87,NA,NA,NA,NA,NA,NA,21206000,15164000
A0A1W2PPT2,NA,NA,27623000,NA,53373000,46473000,NA,NA
A0A1W2PPX5,361760000,86455000,77549000,160740000,139910000,174850000,NA,NA
A0A1W2PPZ5,949100000,1246100000,1026900000,1067000000,1083300000,1033700000,485840000,515700000
A0A1W2PQ51,57861000,81897000,151990000,NA,96885000,102820000,NA,102680000
A0A1W2PQ63,NA,NA,NA,NA,NA,NA,NA,16342000
A0A1W2PQE6,NA,NA,NA,NA,NA,NA,NA,NA
A0A1W2PQJ7,NA,NA,NA,NA,NA,NA,NA,NA
F2Z2I2,34065000,44520000,24455000,20748000,28549000,NA,NA,NA
A0A1W2PR85,NA,NA,NA,35094000,39083000,32896000,NA,NA
A0A1W2PRV5,68107000,60619000,64003000,122960000,97180000,175720000,60830000,74145000
A8MYT4,67464000,65485000,51561000,48525000,58836000,65886000,39136000,36748000
E5RHU4,NA,NA,28824000,17541000,NA,NA,NA,NA
A0A1W2PS27,38318000,39121000,38564000,44730000,46893000,44928000,39672000,55474000
A0A1W2PS85,NA,NA,NA,NA,NA,NA,NA,NA
A0A1X7SBS4,28202000,33112000,28883000,23754000,61008000,72915000,37283000,56640000
A0A1X7SBZ2,1857300000,1552400000,1592000000,1575100000,1825600000,1893400000,1779200000,1606300000
A0A286YF22,1152800000,1217600000,837660000,2175000000,1096500000,1970000000,13618000000,12511000000
A0A286YF37,NA,NA,NA,NA,NA,NA,555850000,453120000
A0A286YFF7,242130000,125440000,186290000,364810000,366560000,465320000,602200000,569480000
A0A286YFF8,NA,NA,NA,NA,19856000,24998000,NA,14333000
A0AV96,NA,NA,NA,NA,NA,NA,40206000,50241000
A0AVT1,1437200000,1413300000,1201300000,901100000,899450000,991490000,750960000,725030000
J3KR33,NA,NA,NA,NA,NA,NA,NA,NA
A0MZ66,NA,NA,NA,20100000,NA,15503000,498490000,586690000
A0PJW6,NA,NA,NA,NA,NA,NA,NA,NA
A1KXE4,NA,NA,NA,NA,NA,NA,NA,NA
A1L0T0,438770000,297950000,307630000,552550000,402740000,541830000,211350000,183280000
A1X283,95524000,120480000,155710000,108490000,162910000,127590000,129080000,122900000
A2A2F0,NA,NA,11698000,20230000,29057000,38626000,57782000,49316000
A2A2Q9,NA,NA,NA,79076000,45364000,86151000,NA,18019000
A2A2V1,NA,NA,NA,NA,NA,NA,NA,NA
A2A3Z5,NA,NA,NA,NA,NA,NA,NA,NA
A2AAT0,75009000,45355000,80240000,118870000,147970000,139220000,46999000,68938000
A2RQR6,289610000,164810000,208220000,135530000,137150000,125390000,38834000,51631000
A2RRP1,27179000,NA,32579000,29739000,44448000,38209000,51161000,50673000
B7ZM87,93788000,53915000,108640000,43991000,46503000,54580000,35767000,38327000
A3KMH1,NA,NA,21508000,29065000,30027000,19805000,136570000,106560000
A3KN83,26598000,20322000,36493000,51142000,52252000,46547000,17814000,15176000
A4D104,NA,NA,NA,NA,NA,NA,NA,NA
A4D161,NA,NA,NA,NA,NA,NA,55453000,52640000
A4D1E9,79061000,26522000,50221000,54055000,83438000,71780000,82214000,56352000
H0Y843,NA,NA,NA,NA,NA,NA,NA,NA
E9PJ14,NA,NA,NA,NA,NA,NA,NA,NA
F5H4Q5,NA,NA,NA,19897000,NA,27611000,40052000,NA
A5PLN9,NA,17503000,NA,NA,33183000,36450000,NA,NA
A5YKK6,479140000,360010000,426780000,505850000,585350000,532620000,671260000,612640000
H3BTL1,139960000,147390000,183450000,191030000,176340000,205440000,30277000,36341000
A6NDG6,250560000,165130000,225840000,205140000,196270000,285430000,265510000,323510000
C9JEF4,NA,NA,NA,NA,NA,NA,NA,NA
A6NDU8,11918000,21241000,NA,25240000,36669000,29014000,15992000,NA
A6NE76,NA,NA,12767000,NA,NA,NA,NA,NA
A6NEM2,657460000,784340000,919190000,719170000,813620000,832760000,1020600000,1055600000
A6NG10,35812000,NA,36316000,74045000,34886000,69131000,227000000,248990000
A6NGJ0,70708000,54210000,125690000,NA,NA,NA,NA,NA
A6NGV6,NA,NA,NA,NA,NA,6062700,NA,NA
E9PIZ0,NA,59495000,NA,NA,NA,NA,NA,NA
A6NHB5,228750000,173630000,232070000,150180000,158180000,151740000,126060000,131350000
A6NHL2,NA,NA,NA,NA,NA,NA,NA,NA
D6R9V6,NA,NA,NA,NA,NA,NA,306840000,NA
A6NHR9,583210000,508620000,609750000,640700000,917070000,737830000,618540000,611290000
A6NIH7,19230000,NA,NA,24015000,25329000,18516000,16398000,NA
A6NJ78,NA,NA,NA,NA,20515000,28994000,30569000,37073000
F8WC89,NA,NA,NA,NA,NA,NA,NA,NA
A6NM71,99123000,35430000,72577000,48119000,57325000,87495000,36732000,11624000
E9PJK1,583490000,306600000,291430000,261690000,174760000,168840000,171140000,210650000
A6NML8,102640000,84522000,57254000,40241000,26328000,26086000,87177000,86118000
A6NMQ1,126360000,112000000,85368000,133490000,149670000,133170000,57189000,49397000
A6NMQ3,564730000,668770000,557590000,559920000,1032400000,703060000,921800000,875350000
A6NN50,53232000,34184000,34074000,22619000,23495000,19508000,50900000,85194000
A6NNI4,265720000,517420000,448570000,257150000,163810000,201790000,782990000,699700000
A6PW57,NA,NA,NA,NA,NA,NA,19099000,NA
A6ZKI3,53213000,129680000,57309000,61547000,51352000,69980000,NA,NA
A8DPD7,NA,19901000,NA,NA,14249000,22110000,21742000,31420000
A8K878,1529900000,1911600000,1548100000,1363900000,1552900000,1311000000,544360000,537630000
A8MPP1,NA,NA,6731900,NA,NA,8097700,NA,NA
A8MQ02,56573000,57197000,54332000,102630000,42447000,59877000,189260000,234800000
A8MQB8,40343000,44785000,40780000,38274000,29651000,48222000,40023000,38833000
A8MRA7,33204000,NA,NA,51758000,41842000,51279000,89524000,86720000
A8MT37,69969000,46596000,47351000,41432000,58516000,NA,68802000,54779000
A8MT40,72257000,50168000,36988000,76901000,84906000,105440000,49586000,64279000
A8MT69,NA,NA,NA,NA,NA,NA,NA,4712500
A8MTT3,NA,NA,NA,NA,NA,NA,20456000,24064000
A8MTY9,NA,24463000,34312000,28262000,32437000,36075000,NA,NA
A8MUA9,68030000,242650000,251600000,96720000,91647000,41029000,121680000,153400000
A8MUM1,44734000,NA,53759000,41736000,36846000,37796000,72188000,74122000
A8MWD9,60525000,145390000,65265000,121170000,101650000,186060000,79844000,102970000
B4E0F6,NA,NA,NA,NA,NA,4022400,NA,NA
A8MXP9,2728500000,2579700000,3503400000,3903800000,4379800000,4351300000,3590700000,3741700000
A8MXV4,NA,NA,NA,NA,NA,NA,NA,NA
C9JKT2,NA,NA,NA,NA,NA,8637200,NA,NA
A8MZH8,139190000,195000000,167080000,73456000,63082000,79671000,NA,NA
J3QLD1,NA,NA,NA,NA,NA,24250000,NA,NA
A9UJP8,NA,NA,NA,NA,NA,NA,NA,23153000
A9Z1X7,413970000,239460000,339840000,590780000,584310000,645820000,444950000,520720000
B0QY89,1454300000,1484700000,1421400000,1740000000,1734700000,1856400000,1458200000,1616800000
B0QYF8,NA,NA,NA,NA,71614000,22871000,133510000,148700000
B0QYH3,NA,NA,NA,NA,NA,15442000,NA,NA
B0QYK0,789740000,487220000,526580000,1088900000,787910000,862400000,884680000,838160000
B0QZG3,NA,NA,NA,NA,NA,NA,NA,NA
B0YIW2,NA,NA,NA,4717200,NA,NA,NA,NA
B1AH87,NA,NA,NA,NA,NA,NA,NA,NA
H0Y4Y9,NA,NA,NA,NA,NA,NA,NA,NA
B1AHL2,NA,NA,NA,NA,NA,NA,40508000,46183000
B1AHQ6,NA,NA,NA,NA,NA,NA,NA,NA
B1AHR1,NA,NA,NA,NA,NA,NA,NA,NA
B1AK87,299500000,498590000,451470000,519710000,501490000,405600000,404040000,382600000
B1AKD8,66636000,NA,NA,NA,NA,NA,NA,NA
B1AKJ5,1088100000,913350000,723680000,1077400000,956710000,1022000000,575610000,503580000
B1AKV4,37885000,NA,NA,46885000,64876000,52069000,NA,NA
B1AKY9,NA,NA,NA,NA,NA,NA,NA,NA
H0Y6Y8,NA,NA,NA,NA,NA,NA,NA,NA
B1AL69,NA,19691000,NA,NA,NA,32498000,25947000,NA
B1ALK7,127780000,132970000,119860000,109370000,126340000,192800000,130040000,104000000
B1ALU3,61162000,42879000,16987000,35308000,19498000,46465000,109780000,103930000
B1ALY0,NA,NA,NA,NA,33227000,25056000,47487000,54496000
B1AMB1,NA,NA,NA,NA,NA,NA,NA,NA
B1AMF0,NA,NA,NA,NA,NA,18642000,NA,NA
B1AMJ5,NA,NA,NA,28331000,25058000,NA,NA,NA
B1AMS2,98622000,106410000,59445000,11792000,23948000,11533000,441110000,412430000
B1AMW1,NA,NA,45443000,NA,NA,13146000,41980000,44220000
B1ANH5,65250000,104090000,88559000,102470000,82394000,98332000,62752000,73343000
B1ANM7,189730000,128180000,118190000,161290000,176320000,181520000,112650000,117740000
B1ANR0,1003100000,1272500000,1172000000,1349000000,1365600000,1271900000,1106000000,1260700000
B2WTI3,59459000,98542000,59053000,119100000,98680000,74412000,105950000,76982000
B3KQH5,NA,NA,NA,NA,NA,NA,NA,NA
B3KS98,1160000000,1590300000,1370900000,1477300000,1540500000,1282900000,1347000000,1503800000
H0Y9E6,NA,NA,NA,23264000,NA,20027000,NA,NA
B4DDD6,NA,NA,NA,NA,NA,NA,NA,NA
B8ZZ56,NA,NA,9967300,NA,NA,8116400,38491000,39693000
F5H6T8,NA,NA,NA,NA,NA,NA,NA,NA
C9J1M4,NA,NA,NA,NA,NA,NA,NA,NA
B4DHE8,53829000,40065000,40308000,144790000,204530000,140750000,72677000,51830000
B4DI03,NA,NA,16169000,23092000,21005000,NA,NA,NA
B4DJL6,40324000,NA,34023000,37472000,29825000,43786000,48264000,40433000
B4DJS2,NA,22369000,NA,NA,NA,NA,30934000,24186000
B4DJV2,1821000000,1450300000,1486500000,2623700000,1984600000,2611300000,1972400000,1836300000
H7C1N9,NA,NA,NA,NA,NA,NA,NA,NA
B4DL54,NA,NA,NA,NA,NA,NA,NA,NA
B4DLC8,56019000,NA,37992000,NA,NA,11767000,NA,NA
M0QYU7,17862000,NA,21506000,27367000,30183000,NA,NA,NA
B4DLN1,636380000,589980000,447750000,525660000,698460000,770650000,1353800000,1425100000
Q5W0G0,46805000,NA,62295000,43049000,51426000,77772000,NA,NA
B4DR61,NA,NA,10891000,NA,NA,NA,NA,NA
B4DR80,307460000,252600000,336250000,443640000,545220000,416090000,812450000,709000000
B4DTS2,NA,NA,NA,NA,NA,NA,NA,NA
B4DUA7,34589000,52278000,35685000,35240000,33142000,35818000,25448000,16836000
B4DUC8,942010000,1056200000,1054900000,1177500000,1413900000,1180100000,1015400000,1023900000
B4DUT8,2226800000,2306100000,1793600000,1291600000,1797400000,1553100000,1903100000,1937800000
B4DXZ6,1079500000,1022300000,917760000,762020000,743730000,788070000,413620000,420450000
B4DZG7,422280000,207570000,222530000,233430000,203400000,284600000,405070000,372680000
B4E0Y9,8696100,59089000,34948000,NA,NA,NA,175690000,152280000
B4E2Q0,104580000,66819000,60238000,35107000,49615000,31963000,61043000,47478000
B4E3L3,NA,NA,NA,NA,NA,NA,NA,NA
B5MBX5,NA,NA,NA,NA,NA,NA,NA,NA
B5MC35,17415000,NA,NA,NA,NA,NA,NA,NA
B5MC53,NA,NA,NA,NA,NA,NA,NA,NA
B5MCA4,NA,NA,NA,NA,37326000,NA,1600200000,2609800000
B5MCB4,NA,NA,NA,NA,NA,NA,NA,NA
B5MCF9,474220000,588020000,377890000,632630000,593830000,578470000,606640000,565390000
B5MCW3,NA,NA,NA,76316000,63716000,65542000,19247000,21999000
B5MD23,NA,NA,NA,NA,NA,NA,NA,NA
E7EW69,238960000,121440000,204410000,188260000,197200000,186430000,663650000,707210000
B6VEX4,195250000,192270000,131560000,154640000,170890000,150010000,192260000,194360000
F8WFB0,NA,NA,NA,NA,NA,NA,NA,NA
B7Z2J6,20100000,20490000,22624000,34835000,46411000,38444000,25145000,26894000
B7Z2R7,44170000,29795000,80491000,171040000,255730000,196140000,18803000,46626000
B7Z3B9,NA,NA,NA,NA,NA,NA,NA,NA
C9JZV9,NA,NA,NA,NA,NA,NA,NA,NA
B7Z4M1,NA,NA,NA,NA,NA,NA,NA,NA
B7Z4W5,NA,NA,NA,NA,26467000,27278000,NA,NA
B7Z645,NA,NA,NA,NA,NA,NA,NA,NA
B7Z6D5,349480000,380730000,388220000,391210000,519200000,486260000,798840000,796290000
B7Z7F3,336350000,357460000,290380000,309840000,394760000,399970000,200480000,206480000
E9PC65,208400000,303490000,284550000,162060000,182020000,175000000,158450000,199480000
E9PS63,NA,NA,NA,NA,36062000,NA,NA,NA
P0CG08,NA,NA,NA,NA,NA,NA,NA,NA
B7ZAX5,104980000,58363000,140680000,140760000,173020000,157760000,17914000,44024000
B7ZBM3,NA,NA,NA,NA,NA,NA,NA,NA
E9PND6,NA,NA,NA,NA,NA,NA,NA,NA
B7ZC38,94835000,145100000,134060000,133590000,129240000,129420000,141010000,197380000
F8W9W0,6254100,NA,NA,NA,NA,NA,NA,NA
B7ZKQ9,171360000,164430000,68897000,102990000,80413000,152300000,NA,NA
B7ZL14,404850000,457150000,610250000,129300000,112580000,103630000,57628000,84012000
E5RJM0,NA,NA,NA,NA,NA,NA,NA,NA
B8ZZ87,NA,14193000,21898000,24771000,20576000,22654000,33363000,39182000
B8ZZA8,319150000,121820000,107840000,114520000,123360000,114620000,227540000,228160000
H0Y632,NA,NA,NA,NA,NA,NA,NA,NA
B8ZZE3,NA,NA,NA,NA,NA,NA,NA,NA
B8ZZD4,603400000,662610000,771060000,524930000,384470000,397230000,290180000,300700000
C9J2N5,NA,NA,NA,NA,NA,NA,NA,NA
B8ZZI9,NA,NA,NA,NA,NA,NA,NA,NA
B8ZZN6,296780000,318860000,333580000,203170000,268990000,268500000,553200000,615680000
B8ZZQ6,702470000,6427500000,8251700000,2780800000,4038800000,1310600000,5372400000,8276900000
B8ZZU6,NA,NA,NA,NA,NA,NA,NA,NA
B8ZZW5,30381000,NA,15756000,NA,NA,NA,17633000,23892000
B9A035,NA,NA,NA,NA,NA,NA,NA,33219000
J3KMX2,114240000,94824000,110330000,179500000,228380000,251960000,150510000,164860000
B9EGQ5,44799000,54214000,64094000,62373000,103950000,93948000,55395000,63695000
B9ZVN9,192060000,206180000,189350000,197160000,212650000,185360000,251130000,250600000
B9ZVT1,15557000,9857700,NA,21109000,19033000,NA,NA,NA
Q9NQA3,22255000,23991000,19957000,17263000,20284000,22890000,17485000,16795000
C9JYX8,NA,NA,NA,NA,NA,NA,NA,18580000
C9JDZ9,NA,NA,NA,NA,NA,NA,NA,12398000
C9IYN3,300220000,318400000,329180000,331960000,319210000,374410000,421100000,526290000
C9IZ13,46113000,28798000,27639000,NA,NA,16684000,28888000,27876000
C9IZC4,NA,NA,NA,NA,NA,NA,NA,NA
C9J038,NA,NA,19732000,21512000,32572000,16106000,30591000,33058000
C9J0I9,95976000,109860000,79327000,63244000,59472000,60263000,58776000,43226000
C9J0K6,890920000,615140000,610280000,1406200000,1218000000,1730600000,852170000,642740000
C9JE98,7152300,NA,NA,NA,NA,NA,11576000,19159000
C9J167,NA,NA,16831000,NA,11437000,NA,17951000,15762000
C9J1C6,51880000,36632000,21026000,33299000,35406000,25055000,23194000,10889000
C9J2Q2,NA,NA,NA,NA,NA,NA,NA,9672200
C9J2Y9,554930000,574880000,470130000,525300000,581900000,554990000,481760000,484380000
C9JRV0,NA,NA,NA,13737000,30357000,22613000,NA,NA
C9J3D7,33095000,10406000,24479000,377550000,346510000,436390000,53862000,31491000
C9J3P4,NA,NA,NA,NA,NA,NA,NA,NA
C9J5S0,NA,NA,NA,NA,NA,NA,NA,NA
C9J406,102030000,NA,NA,NA,NA,46550000,90246000,96944000
C9J494,37468000,NA,NA,NA,40763000,NA,76419000,70207000
C9J4K0,NA,45280000,54382000,71436000,90569000,99551000,171580000,119820000
C9J4X5,NA,NA,NA,NA,NA,4140300,NA,NA
C9J519,11558000,NA,15546000,20433000,21771000,24658000,NA,NA
C9J5N1,53823000,60804000,55075000,78054000,54654000,55642000,78378000,93316000
C9J6G3,NA,NA,32256000,NA,NA,NA,22169000,24622000
C9J6J1,NA,NA,NA,NA,NA,NA,NA,NA
C9J6P4,703520000,640890000,607460000,314090000,289700000,309720000,559070000,519090000
C9J715,NA,NA,22103000,39365000,30185000,36099000,164230000,153550000
F8WCJ1,NA,NA,NA,NA,NA,NA,NA,44290000
C9J7E5,228840000,233720000,211520000,93181000,115500000,111120000,208830000,187660000
H7C5I5,NA,NA,NA,NA,NA,NA,NA,NA
C9J879,NA,NA,NA,NA,NA,NA,NA,NA
C9J8E1,NA,NA,55004000,117160000,61938000,NA,121000000,81328000
C9J9K3,7602200000,7151100000,6999900000,6273600000,6368700000,7765400000,6083800000,4979700000
C9JA08,159050000,141110000,90250000,103690000,153780000,158380000,132960000,126720000
C9JA28,554690000,127370000,109650000,162110000,90485000,119800000,145450000,162740000
C9JA93,NA,17565000,24836000,NA,NA,22743000,49809000,NA
C9JAW5,45431000,34520000,60674000,49896000,29679000,57603000,163890000,100640000
C9JBG0,89682000,70942000,54697000,63997000,82610000,56489000,NA,NA
C9JBI8,NA,NA,NA,NA,NA,NA,7969600,NA
C9JBY7,86765000,27351000,30771000,54024000,62272000,49305000,48485000,77128000
C9JCC6,216340000,219240000,166440000,207380000,154270000,238470000,172390000,165660000
C9JCN8,NA,23705000,NA,NA,13854000,NA,18736000,19653000
C9JE12,NA,NA,NA,NA,NA,NA,NA,NA
C9JDS9,81979000,NA,NA,164040000,102900000,122880000,NA,63056000
C9JG97,54080000,76298000,59029000,70294000,63676000,60126000,72021000,71286000
C9JEJ2,102270000,82976000,121460000,88092000,96291000,140390000,38598000,36833000
C9JF46,NA,NA,NA,NA,98172000,115020000,167100000,98711000
C9JFE4,535570000,617080000,659330000,808480000,809350000,888570000,711210000,599650000
C9JFR7,407400000,522970000,558050000,714280000,934370000,691530000,1150400000,1169200000
C9JHD8,NA,NA,NA,NA,NA,NA,NA,12963000
C9JIF9,529940000,386090000,509250000,535650000,446360000,560050000,529290000,438780000
C9JJ19,101980000,107720000,96813000,118700000,150560000,101630000,121400000,109950000
C9JJE0,NA,NA,NA,NA,NA,NA,NA,NA
C9JJU7,NA,NA,NA,NA,NA,NA,NA,NA
C9JJV1,29301000,NA,NA,24333000,26564000,36819000,NA,21000000
C9JJX6,NA,NA,NA,NA,NA,NA,NA,NA
C9JK45,NA,NA,NA,NA,NA,NA,NA,NA
C9JKK0,NA,NA,18577000,NA,NA,NA,NA,NA
C9JL26,NA,NA,NA,NA,NA,NA,NA,NA
C9JLU1,NA,126600000,75685000,87429000,92444000,86981000,108680000,114350000
C9JLW8,21960000,46842000,80031000,50340000,53679000,47872000,32032000,34664000
C9JT95,199680000,181050000,158490000,157910000,220330000,249400000,246520000,85259000
C9JNA8,NA,NA,77295000,NA,62677000,54452000,NA,NA
C9JNZ1,NA,NA,NA,NA,NA,NA,NA,NA
C9JP85,NA,NA,NA,NA,NA,NA,NA,NA
C9JPE1,NA,50430000,48648000,36418000,46111000,42897000,53120000,63657000
C9JQ41,92284000,94972000,71277000,135210000,122680000,131770000,78074000,70453000
C9JQS2,NA,NA,NA,NA,NA,NA,NA,NA
C9JQV0,NA,NA,NA,NA,NA,NA,NA,NA
C9JRT6,31018000,NA,NA,NA,NA,NA,24065000,16659000
C9JS50,NA,NA,NA,NA,NA,NA,44410000,43723000
C9JSB0,7892100,34012000,15473000,8820100,20352000,12494000,19459000,NA
C9JSZ1,44279000,NA,46091000,46186000,60631000,53148000,43613000,43060000
C9JTE9,62270000,66741000,60567000,28292000,21661000,23648000,65191000,93141000
C9JUM8,41926000,NA,NA,NA,NA,NA,NA,NA
C9JVN9,120310000,94560000,70305000,108560000,77859000,102090000,136520000,140460000
H7C1Y6,NA,NA,NA,NA,NA,NA,NA,NA
C9JVY5,NA,NA,NA,NA,NA,NA,NA,NA
C9JWC5,NA,NA,NA,NA,NA,NA,21554000,9924200
C9JWJ8,NA,NA,NA,NA,NA,NA,NA,NA
C9JXA2,NA,NA,NA,2178800,NA,NA,NA,NA
C9JXP4,NA,NA,NA,NA,NA,4838500,NA,NA
E7ET39,35564000,40421000,42191000,49612000,70006000,57771000,29202000,25763000
C9JYC1,NA,NA,NA,NA,NA,NA,NA,NA
C9JYM0,NA,NA,NA,30501000,23388000,15474000,13338000,13886000
C9JYN0,72336000,NA,35858000,87854000,71953000,77934000,65605000,46929000
J3QL63,41126000,46407000,NA,24262000,NA,24532000,NA,NA
C9JYT6,NA,NA,NA,NA,NA,10349000,NA,NA
C9JZB0,NA,NA,28725000,NA,16432000,NA,8517700,17224000
C9JZR2,2162900000,1815100000,2038800000,1488200000,1406500000,1278100000,2075000000,1985600000
D1MQ08,51727000,NA,29447000,NA,NA,NA,67046000,65742000
E9PHX9,NA,NA,NA,NA,NA,NA,NA,NA
D3DTX6,130910000,50914000,92706000,183440000,322110000,269800000,25159000,64241000
D3DVS1,NA,NA,NA,NA,NA,NA,NA,NA
F6U1T9,134230000,121060000,74774000,117240000,121260000,121250000,70545000,67324000
D3YTB1,4992700000,6692800000,6363700000,4776200000,5930600000,4579000000,3803300000,4047800000
D3YTB5,48655000,25210000,41264000,NA,27950000,32613000,112140000,177580000
D3YTI2,NA,NA,NA,6469500,NA,NA,NA,NA
D4Q8H0,165150000,100650000,107940000,170780000,174140000,154090000,170320000,209240000
D6R927,39500000,56204000,53658000,115940000,124880000,99778000,53639000,45465000
D6R9J0,NA,NA,NA,NA,NA,NA,NA,NA
D6R9N5,NA,NA,NA,NA,NA,NA,NA,NA
D6R9P3,1292000000,1597500000,1546800000,2335500000,2296300000,2295600000,5203000000,4380500000
D6RDV0,NA,NA,NA,NA,NA,NA,20157000,27562000
Q4VXL4,NA,45947000,86536000,43841000,34811000,12497000,18150000,22550000
H0Y8N0,NA,NA,NA,NA,NA,NA,NA,NA
D6RAD4,34563000,35624000,47585000,44025000,62407000,44397000,42794000,48918000
D6RAN8,45192000,54639000,74398000,88420000,140740000,92900000,96889000,127370000
D6RDZ7,NA,NA,NA,NA,NA,NA,NA,NA
D6RBN9,NA,NA,NA,NA,NA,30885000,NA,NA
D6RBS5,NA,13433000,10751000,9049100,14944000,NA,48374000,40694000
D6RBV2,683790000,518740000,343240000,657960000,540460000,653890000,969010000,885660000
D6RBX6,27336000,38135000,NA,101050000,143610000,88153000,83078000,56089000
D6RC46,43699000,41609000,46213000,55376000,65606000,75575000,NA,NA
D6REM9,NA,NA,NA,NA,NA,NA,NA,NA
D6RD46,NA,NA,NA,214690000,278590000,197530000,150580000,164940000
D6RD97,NA,NA,NA,NA,NA,NA,NA,NA
D6RDG3,NA,114130000,105850000,27437000,31580000,NA,15402000,NA
D6RE00,NA,NA,NA,NA,NA,NA,NA,NA
D6RE77,41649000,NA,NA,61161000,NA,45253000,NA,NA
D6REA0,NA,NA,46171000,36102000,46646000,34528000,46824000,48674000
D6RFG3,NA,NA,NA,NA,NA,NA,NA,NA
D6RGI3,2052000000,1906100000,1682600000,1701200000,2017700000,1880700000,958670000,1001200000
D6REX3,2125700000,2306500000,2063900000,1219300000,1504400000,1394900000,626530000,606210000
D6RFG8,98775000,56566000,83141000,117930000,115090000,95265000,40284000,34994000
D6RFI3,NA,NA,11026000,NA,NA,NA,NA,9579300
D6RFW1,NA,19812000,40362000,29265000,24078000,27154000,19184000,NA
D6RG31,NA,NA,NA,NA,NA,NA,NA,NA
D6RGG3,659460000,589670000,523320000,281610000,321600000,512340000,11245000,8170800
D6RGK9,NA,NA,NA,NA,NA,NA,NA,NA
D6RHX8,NA,NA,NA,NA,NA,NA,NA,NA
D6RHY7,NA,NA,NA,NA,NA,NA,NA,NA
D6RI11,NA,NA,NA,NA,NA,NA,NA,NA
D6RIE3,NA,NA,136780000,NA,NA,NA,NA,388620000
D6RJ07,NA,NA,48267000,67537000,83361000,57151000,71669000,79544000
D6RJ90,38574000,43085000,31592000,28868000,52989000,39446000,19193000,28104000
E2QRF9,NA,27963000,12674000,NA,47220000,NA,25730000,37005000
E5RFJ1,22064000,36209000,48685000,33883000,37523000,28470000,34543000,27804000
E5RFR7,NA,NA,NA,NA,NA,NA,NA,NA
E5RFS3,NA,NA,NA,NA,NA,NA,NA,NA
E5RIY0,32029000,NA,NA,NA,NA,NA,NA,NA
E5RG25,NA,NA,NA,NA,NA,NA,NA,NA
E5RJL5,NA,NA,NA,NA,8848200,NA,NA,NA
E5RGN3,509160000,563390000,476640000,512580000,506700000,462230000,580810000,659920000
E5RGQ3,56125000,76543000,45870000,61798000,72221000,55599000,108970000,85063000
E5RGS2,26751000,52776000,NA,33719000,45052000,28686000,NA,26085000
E5RGS9,NA,NA,26384000,25880000,19677000,20298000,NA,18329000
E5RGX5,NA,NA,NA,NA,NA,NA,NA,NA
E5RHK0,NA,NA,38898000,NA,NA,NA,NA,NA
E5RJB8,NA,NA,NA,NA,NA,64720000,NA,NA
E5RHW4,245530000,228240000,255470000,457190000,397540000,406320000,399660000,410440000
E5RI98,NA,NA,NA,NA,NA,NA,NA,NA
E5RIE8,NA,NA,NA,NA,NA,NA,NA,6018900
E5RIH5,30719000,NA,25757000,NA,12371000,37359000,NA,NA
E5RIW3,1769500000,1805200000,1373000000,2423100000,2255800000,2251400000,1474700000,1414000000
E5RJ29,NA,NA,NA,NA,38678000,48426000,NA,NA
E5RJ52,81326000,NA,NA,NA,56889000,38477000,NA,NA
E5RJU9,828470000,1026500000,841330000,803440000,709700000,635720000,231260000,185280000
E5RK69,NA,NA,NA,NA,NA,NA,NA,NA
E7EM50,NA,NA,NA,NA,NA,23095000,NA,NA
E7EM64,251520000,303490000,254130000,325610000,384120000,420390000,178260000,193550000
E7EM93,NA,19587000,NA,58781000,46297000,88923000,37251000,NA
J3QLD9,209750000,170270000,182760000,245000000,227290000,256520000,424190000,447760000
E7EMN6,159950000,165550000,197060000,165610000,237190000,271040000,258780000,293790000
E7EMT5,NA,NA,NA,NA,NA,NA,NA,NA
E7EMW7,82273000,42431000,89159000,98057000,95914000,96758000,86843000,72428000
E7EN32,NA,NA,NA,NA,NA,NA,NA,NA
E9PGW7,NA,NA,NA,NA,NA,NA,NA,NA
E7ENN3,74945000,153790000,450660000,253210000,308800000,160370000,239440000,192370000
E7EV99,274070000,228990000,215170000,66446000,60324000,85079000,80698000,64532000
E7ENY2,NA,NA,NA,NA,NA,NA,NA,NA
E7EPN9,790990000,841950000,879120000,580070000,742780000,723240000,374610000,419820000
E7EPT4,183380000,108500000,147570000,224400000,193870000,150820000,238680000,199630000
E7EPV7,NA,NA,NA,NA,97868000,121450000,NA,NA
E7EQ69,685520000,793210000,646720000,929880000,777940000,756260000,1067100000,936780000
E7EQI7,182110000,75900000,116610000,93549000,92747000,98078000,53545000,63359000
E7EQL5,221600000,173240000,186020000,218090000,184110000,157400000,103070000,95732000
E7EQT4,NA,NA,NA,NA,NA,NA,NA,NA
E9PES6,1663400000,1975000000,1735600000,1268500000,1371400000,1265800000,2447900000,2454300000
E7EQY4,52924000,NA,56392000,38880000,32176000,36572000,71440000,76262000
E7ERI8,55813000,57370000,54799000,67731000,58783000,47659000,38262000,32660000
E7ERS3,45298000,66909000,91091000,75628000,144760000,85271000,117120000,140930000
E7ERZ2,53310000,NA,22346000,NA,114980000,91690000,NA,46369000
E7ESC7,43962000,65540000,54391000,66491000,94126000,49954000,85854000,113460000
F8W7U3,NA,NA,NA,NA,NA,NA,NA,20091000
E7ESG2,11506000,28141000,NA,32006000,25043000,20914000,16984000,NA
E7ESL0,35426000,39251000,43274000,45496000,78631000,55734000,84462000,107170000
K7EKW3,NA,NA,NA,NA,NA,NA,NA,NA
E7ET40,116720000,153010000,63981000,80998000,80270000,134170000,NA,NA
E7ET49,NA,NA,NA,NA,NA,NA,NA,NA
E7ETA6,475390000,503080000,478380000,447030000,475360000,416790000,225640000,208050000
E7ETB3,272170000,126880000,236240000,176900000,158890000,185690000,363820000,410640000
E7ETD6,109680000,101680000,175950000,81724000,60323000,105580000,39733000,79630000
E7ETT4,NA,NA,19414000,NA,33875000,18463000,115350000,89811000
E7ETU5,154800000,202310000,180980000,252530000,261000000,233860000,263030000,243890000
H0Y9G6,198080000,225610000,216350000,242140000,235090000,301240000,501180000,331620000
E7ETU9,87070000,87638000,55502000,46488000,30928000,57848000,NA,NA
E7ETY4,74154000,82236000,128970000,82672000,163980000,99789000,177740000,205790000
E7ETZ4,1156600000,1154700000,1182700000,912090000,1020200000,871970000,1653000000,1444200000
E7EU09,97283000,76131000,59036000,NA,NA,18132000,NA,NA
E7EU96,652580000,393500000,453570000,619220000,453970000,609030000,509130000,582230000
E7EUN2,NA,NA,NA,NA,NA,NA,30377000,NA
E7EUN9,NA,NA,NA,NA,NA,NA,NA,NA
E7EUP3,NA,NA,11111000,26826000,16683000,23668000,34932000,15285000
E7EUU4,4357800000,3602800000,3855800000,3733400000,3595100000,2965200000,3405800000,3303400000
H7C4H8,NA,NA,NA,NA,24900000,NA,15907000,16133000
E7EV41,52847000,NA,35061000,NA,NA,NA,NA,NA
E7EV43,NA,NA,NA,NA,NA,NA,NA,NA
E7EVA0,4864900000,5175600000,4929200000,4098200000,4393000000,4379600000,2874500000,2947500000
E9PEY4,NA,NA,NA,NA,NA,NA,NA,NA
E7EVC7,125640000,199660000,156120000,88388000,96620000,85145000,159750000,229890000
E7EVJ5,NA,NA,NA,21574000,18001000,22160000,NA,NA
E7EVQ6,119990000,71005000,50609000,48419000,26463000,41486000,25825000,28092000
E7EVX8,216110000,348200000,357490000,286320000,372200000,305240000,337280000,302690000
E7EVY3,NA,NA,NA,NA,NA,NA,NA,16322000
E7EW84,NA,NA,NA,NA,NA,NA,NA,NA
E7EWC2,NA,NA,NA,32122000,30762000,19687000,NA,NA
Q5JRJ0,NA,NA,NA,NA,NA,7965000,NA,NA
E7EWP0,47903000,72500000,71167000,170670000,137930000,91198000,153600000,98686000
F5H7K1,139700000,123600000,119100000,137720000,108220000,125960000,NA,NA
E7EX17,757110000,766030000,1158600000,1188800000,1278400000,863830000,690560000,806670000
E7EX60,292350000,200300000,132590000,NA,NA,NA,NA,NA
E7EX70,NA,NA,8502000,NA,NA,11611000,NA,NA
E7EX90,1465500000,1341900000,1276800000,1120500000,1107300000,1126100000,1123300000,1176400000
E7EXA6,NA,NA,NA,NA,NA,NA,NA,NA
E9PAM4,44854000,40846000,35816000,40791000,39932000,44037000,40268000,48582000
E9PAV3,4489000000,4236200000,2652700000,3702100000,3034200000,2823100000,2733500000,2465500000
F6PQP6,61379000,66649000,59943000,34406000,41110000,40645000,28425000,24127000
E9PBG7,659320000,794810000,943070000,747850000,876910000,783720000,209590000,207830000
E9PC61,NA,NA,NA,NA,NA,12268000,17497000,NA
E9PCW1,40558000,37010000,24939000,21111000,36860000,48714000,26280000,12243000
E9PCX8,NA,NA,NA,NA,NA,NA,NA,NA
E9PD09,20570000,15853000,20255000,NA,NA,NA,22042000,20357000
E9PD50,NA,NA,11613000,NA,NA,13884000,7933600,NA
E9PD68,NA,NA,NA,NA,NA,63398000,NA,NA
E9PD99,55910000,72227000,46407000,67928000,56006000,60619000,26240000,31019000
E9PDF6,1346100000,1054400000,987240000,929890000,1062300000,885070000,861990000,905610000
E9PDL4,NA,NA,NA,NA,NA,NA,22529000,14518000
E9PEE8,NA,56456000,NA,NA,NA,NA,62062000,48875000
E9PEI0,96661000,75815000,48260000,90626000,61167000,62396000,37896000,28730000
E9PEM5,NA,31451000,31555000,19048000,44457000,111530000,129180000,147670000
E9PER6,16358000,17378000,9699600,10259000,11343000,10358000,16526000,15394000
E9PF05,NA,NA,NA,NA,NA,NA,NA,NA
E9PF16,71920000,NA,NA,NA,NA,NA,279790000,297040000
E9PF19,505850000,390950000,378100000,426170000,432950000,363610000,146470000,175660000
E9PGF5,NA,NA,NA,NA,NA,NA,62684000,48966000
E9PFK9,54027000,47977000,23105000,30312000,32126000,39748000,52514000,21746000
E9PFR3,587750000,618400000,487830000,915810000,928520000,968090000,644390000,621260000
E9PG22,71765000,56292000,61265000,99557000,58816000,63676000,44352000,29273000
E9PG35,40335000,NA,27971000,NA,31085000,28661000,71501000,74924000
E9PG71,NA,18014000,NA,42858000,73739000,NA,NA,NA
E9PGC0,157950000,173420000,169430000,211830000,190040000,185380000,119170000,123800000
Q5TG12,NA,NA,NA,38306000,37837000,50730000,59117000,60476000
E9PGC8,36419000,37083000,33635000,NA,NA,NA,NA,NA
E9PGM9,27093000,NA,NA,24626000,29233000,NA,21846000,11992000
E9PGT3,39646000,73926000,86406000,91045000,81728000,40681000,100990000,113360000
E9PGT6,337010000,323960000,350580000,404700000,306270000,443770000,421400000,342430000
E9PH82,648900000,668200000,600470000,553880000,511990000,441410000,738570000,797990000
E9PH99,NA,NA,NA,NA,NA,NA,NA,NA
E9PHA2,387550000,409810000,462730000,376240000,333100000,442990000,622140000,633640000
E9PHH8,NA,NA,NA,NA,NA,NA,NA,NA
E9PHI4,176650000,124350000,112890000,129690000,100430000,137150000,94773000,116610000
E9PHV5,25250000,NA,NA,NA,NA,NA,NA,NA
U3KQ69,NA,NA,NA,NA,NA,NA,NA,NA
Q5T6K7,NA,NA,NA,32407000,41919000,38936000,50520000,NA
E9PIB1,NA,NA,NA,NA,NA,NA,NA,NA
E9PIB2,NA,NA,NA,NA,NA,NA,NA,NA
E9PIE4,NA,NA,NA,NA,NA,NA,NA,NA
E9PIF4,NA,NA,NA,NA,NA,NA,NA,NA
E9PII5,NA,NA,NA,NA,NA,NA,NA,NA
E9PN66,NA,NA,NA,NA,NA,NA,NA,22090000
E9PIM6,2147300000,2183900000,337510000,NA,119800000,NA,NA,NA
H0Y698,NA,NA,NA,NA,NA,NA,NA,NA
E9PNP2,75975000,93626000,80354000,46765000,66487000,90045000,75147000,71611000
E9PJ42,NA,NA,NA,NA,NA,NA,NA,NA
E9PJ55,NA,NA,NA,NA,NA,NA,NA,NA
E9PQ42,32207000,39465000,95727000,41053000,49815000,37071000,33304000,31717000
E9PMI6,167420000,154720000,109000000,112540000,127820000,344810000,93643000,64100000
E9PJF6,NA,NA,NA,NA,NA,NA,NA,NA
E9PJM3,NA,NA,NA,NA,NA,NA,NA,NA
E9PK06,NA,NA,NA,NA,NA,NA,NA,NA
E9PS17,419380000,473820000,367320000,302980000,310380000,322020000,377040000,344700000
E9PL33,25474000,NA,30184000,NA,23380000,NA,31877000,38545000
E9PKE9,NA,NA,NA,NA,NA,NA,NA,NA
H7BXH2,151550000,108330000,104950000,149260000,127540000,151240000,212330000,204700000
E9PKG1,2243100000,1614400000,1691200000,1907900000,2196400000,1609900000,3003200000,3061500000
E9PKS9,71015000,52301000,36828000,40804000,52487000,49288000,38911000,25522000
E9PKT4,NA,NA,NA,79366000,42960000,NA,NA,NA
E9PL17,NA,30348000,17319000,NA,NA,NA,NA,NA
E9PL71,936720000,1238600000,1137600000,1336600000,NA,NA,763970000,931190000
E9PLI6,NA,NA,NA,NA,59685000,46204000,66032000,64692000
E9PLK3,2067700000,1766400000,1806000000,1512500000,1516400000,1827300000,878020000,775700000
E9PLS4,NA,NA,NA,NA,NA,NA,NA,NA
E9PM19,NA,NA,22170000,NA,NA,NA,NA,NA
E9PM62,46914000,61295000,50547000,85440000,100150000,89723000,46689000,46558000
E9PM92,559780000,747710000,823970000,517130000,584180000,457270000,681290000,768230000
E9PMB9,NA,NA,NA,NA,NA,NA,72181000,64162000
E9PMJ2,31658000,39797000,41117000,25830000,NA,NA,28364000,37327000
E9PMK8,13563000,NA,9803200,NA,15006000,13872000,NA,NA
E9PMQ6,40040000,55476000,74920000,53398000,77153000,55813000,27209000,22379000
E9PMR3,50961000,40270000,49375000,NA,NA,NA,NA,18038000
E9PRJ3,172970000,173190000,152030000,129810000,119950000,183810000,77737000,98076000
E9PN48,NA,NA,NA,NA,NA,NA,29447000,32185000
E9PNL8,NA,NA,NA,NA,NA,NA,NA,NA
E9PNP3,97438000,56301000,59543000,126830000,141680000,131070000,69207000,67067000
E9PNW4,499570000,335820000,991380000,343690000,525840000,347780000,1466500000,1549400000
E9PPI9,88465000,70816000,53671000,39857000,76402000,63318000,42096000,64857000
E9PPJ1,NA,NA,12829000,7243000,6250600,2803300,NA,NA
E9PPJ6,NA,NA,NA,NA,NA,NA,NA,NA
E9PPW7,124540000,118010000,149890000,119580000,136720000,156510000,207700000,184200000
E9PQA6,NA,NA,NA,NA,NA,NA,51723000,53332000
E9PQR7,276110000,222950000,221260000,285070000,322490000,264530000,189530000,165130000
E9PQW4,74831000,38960000,99947000,109370000,122440000,130560000,80216000,105350000
E9PQY2,162090000,180300000,191600000,166750000,146680000,137060000,308080000,229420000
E9PRT0,NA,NA,NA,NA,NA,NA,NA,NA
E9PR44,13765000,28071000,78637000,66899000,203110000,129130000,790500000,924790000
E9PR76,NA,NA,NA,NA,NA,5644700,NA,NA
E9PRK7,NA,NA,NA,NA,NA,NA,NA,NA
E9PRQ7,226090000,128310000,175320000,240260000,200850000,285840000,226550000,217040000
E9PRY8,5725600000,4805400000,5406000000,4817400000,4081100000,5537500000,5867900000,5829600000
E9PS62,NA,NA,NA,NA,NA,NA,NA,NA
E9PS77,NA,NA,NA,NA,NA,23164000,NA,NA
E9PSI1,242570000,215900000,224180000,130610000,109290000,113110000,44378000,48188000
F1T0I1,79766000,72892000,65927000,62987000,68098000,69994000,49382000,50223000
F2Z2E2,116560000,80800000,90739000,144200000,171600000,115780000,NA,7103200
F2Z2I9,NA,NA,NA,NA,NA,NA,NA,NA
H0Y4W2,82342000,60484000,65025000,69601000,84536000,61306000,39429000,47032000
F2Z2V0,681120000,718770000,682690000,607580000,508980000,560250000,247530000,214810000
F2Z2W7,29523000,NA,26461000,46029000,35443000,39510000,17559000,23109000
F2Z2X4,NA,NA,NA,NA,NA,29865000,45772000,NA
F2Z2Y6,125830000,54323000,75583000,62627000,40821000,102310000,167850000,111880000
F2Z3A6,NA,NA,NA,NA,NA,56855000,295640000,101290000
F2Z3H6,NA,NA,NA,NA,157810000,114040000,127320000,187190000
F5GWT4,55261000,62091000,70209000,74086000,69242000,105300000,62788000,101240000
F5GX09,NA,NA,NA,15942000,22032000,31434000,NA,20527000
F5GX88,76381000,70929000,33394000,NA,NA,NA,NA,NA
F5GXC5,NA,NA,26069000,NA,45792000,48692000,16218000,9504800
F5GXE4,NA,NA,NA,16917000,28924000,22325000,25681000,NA
F5GXJ9,2228700000,1894400000,1178300000,455180000,400050000,560990000,263340000,259070000
F5GY11,NA,NA,NA,NA,NA,NA,NA,NA
F5GYF8,NA,NA,16172000,NA,17248000,NA,NA,NA
F5GYJ5,NA,NA,59947000,44543000,22088000,31864000,307920000,245760000
F5GYK2,54308000,38938000,30908000,29672000,33589000,NA,26830000,35556000
F5GYQ1,308330000,246420000,229180000,268000000,277330000,239760000,406610000,394950000
F5GZ90,NA,NA,NA,NA,NA,NA,NA,2597900
F5GZ97,103250000,96287000,62609000,46311000,53026000,52779000,67368000,50767000
F5GZF0,51170000,51539000,66891000,58868000,96515000,20273000,87013000,108430000
X6R3G6,NA,NA,NA,98643000,46709000,104150000,NA,NA
F5GZS6,1589900000,926630000,806050000,4406500000,3109100000,3701100000,3628100000,3408000000
F5GZY7,NA,NA,NA,NA,NA,NA,NA,NA
F5H008,36427000,NA,19659000,NA,41422000,30948000,NA,NA
F5H070,NA,NA,NA,NA,NA,NA,NA,NA
F5H0Y3,NA,NA,NA,NA,NA,NA,NA,NA
F5H148,NA,NA,NA,NA,NA,NA,NA,NA
F5H157,161660000,161250000,221690000,324070000,286420000,308940000,204720000,312550000
F5H7C4,22692000,25297000,NA,NA,31812000,NA,NA,NA
F5H1D6,NA,NA,NA,NA,NA,20463000,NA,NA
F5H1S9,25717000,69736000,41319000,91335000,78560000,62074000,52548000,42952000
F5H1Y0,NA,NA,NA,NA,NA,NA,NA,NA
F5H269,NA,NA,NA,NA,NA,NA,NA,NA
F5H2B9,136200000,171920000,231160000,198520000,214140000,181780000,79674000,94471000
F5H2F2,NA,NA,NA,16457000,13544000,22516000,NA,NA
H0Y5D5,NA,NA,NA,NA,NA,NA,NA,NA
F5H345,138110000,170940000,145310000,423790000,422010000,422330000,193330000,168310000
F5H365,1021200000,808770000,1008200000,647420000,754290000,696890000,321980000,321190000
F5H3P7,NA,NA,NA,NA,NA,NA,NA,NA
F5H437,NA,NA,NA,NA,NA,NA,NA,NA
F5H442,186090000,112360000,106790000,130030000,106490000,140820000,84874000,93597000
I3L3M4,NA,NA,NA,NA,NA,NA,96691000,102180000
F5H4B6,317620000,198350000,235970000,172590000,159950000,181430000,105820000,130930000
F5H4R1,NA,NA,NA,NA,NA,19261000,NA,NA
F8VY35,1852400000,1721400000,1396700000,2384900000,2184200000,2392500000,2090500000,1860000000
F5H4Z8,54395000,NA,44051000,NA,NA,15496000,NA,NA
F5H5A3,NA,NA,NA,NA,NA,NA,NA,NA
H0Y8R1,862790000,769800000,621820000,848130000,633440000,911200000,540780000,428120000
F5H5P2,37382000,46067000,80496000,84049000,66091000,68370000,116650000,130130000
F5H5R8,NA,NA,53864000,10513000,29204000,18706000,NA,NA
F5H5U2,12964000,22018000,16913000,31044000,20576000,NA,NA,NA
S4R3T5,22917000,NA,NA,16224000,18577000,20737000,NA,NA
F5H619,48695000,24683000,35776000,31141000,22736000,16960000,15945000,16258000
F5H669,67499000,116880000,168100000,170430000,201870000,243810000,299460000,277840000
F5H6E2,4191800000,3251000000,3814900000,2367700000,1876000000,1828200000,864620000,844930000
F5H6I7,NA,NA,NA,NA,NA,NA,NA,NA
F5H7F6,NA,NA,NA,NA,NA,NA,803680000,595510000
F5H702,26258000,28133000,24087000,84201000,67931000,58382000,70426000,55532000
F5H872,NA,21769000,NA,NA,NA,15766000,NA,NA
F5H890,NA,NA,NA,NA,NA,NA,NA,NA
F5H8A0,NA,NA,NA,NA,NA,NA,NA,NA
F5H8F7,89257000,91577000,101880000,104540000,110240000,104090000,107410000,119640000
F6RGN5,29030000,11593000,21270000,61695000,59531000,35422000,93993000,119340000
H7C3P4,150980000,157120000,136840000,180480000,228990000,345200000,204670000,222170000
H0Y3C5,NA,NA,NA,NA,NA,9466200,NA,NA
F6SFZ6,NA,NA,NA,20742000,NA,16989000,NA,NA
F6T1Q0,156800000,234200000,170750000,242070000,245000000,254280000,243080000,194990000
Q5SZR4,NA,NA,NA,NA,34449000,45487000,90356000,75404000
F6U236,NA,NA,27184000,NA,36983000,29872000,NA,NA
H7BXD8,NA,NA,NA,NA,NA,NA,NA,NA
F6VDE0,50060000,63685000,31978000,30808000,38032000,27631000,53233000,52542000
F6XSS0,NA,NA,NA,NA,NA,NA,NA,NA
F6Y2X3,NA,NA,NA,NA,NA,NA,NA,NA
F8VNT9,395580000,NA,NA,199300000,231360000,417330000,NA,NA
H0YHF4,NA,NA,NA,NA,NA,NA,NA,NA
F8VPD4,1910800000,1635700000,1730000000,2097100000,1989900000,2218700000,3061500000,2835200000
F8VQD4,130610000,NA,NA,39691000,37522000,NA,NA,NA
F8VRH0,426820000,322830000,324420000,270420000,271110000,448920000,699740000,505360000
F8VW54,NA,NA,NA,NA,NA,NA,NA,NA
F8VUA2,115450000,149880000,274560000,159940000,196870000,118010000,376980000,323820000
F8VV52,49120000,29779000,NA,46256000,39560000,42769000,40279000,46367000
F8VVA7,417390000,389540000,385930000,289490000,289290000,308310000,427520000,325400000
F8VVM2,1896400000,2604200000,2979600000,3172800000,2689000000,3090600000,3300900000,3293100000
F8VWT9,NA,NA,NA,NA,NA,NA,NA,19712000
F8VX04,NA,NA,NA,NA,NA,NA,NA,NA
F8VXG7,86396000,103830000,120880000,190310000,185290000,153870000,114060000,120800000
F8VXY3,117610000,54228000,102200000,NA,NA,NA,NA,NA
F8VYE8,266720000,222250000,161400000,551340000,339370000,274660000,201470000,225620000
F8VZ44,46423000,31371000,18256000,38300000,22288000,36476000,46416000,NA
F8W038,195180000,166470000,180470000,180460000,257800000,166840000,77354000,88959000
F8W0Q9,NA,NA,NA,NA,NA,NA,NA,21075000
F8W1A4,3457200000,3194200000,3264500000,4247900000,4186700000,4489200000,1956000000,2021200000
F8W1P7,NA,NA,NA,NA,NA,NA,NA,NA
F8W1R7,NA,NA,NA,NA,NA,NA,NA,NA
F8W1T6,73000000,47936000,NA,63047000,49930000,57180000,NA,NA
F8W543,NA,NA,NA,NA,NA,NA,NA,54805000
F8W6C2,NA,18346000,38525000,29681000,60096000,28263000,NA,NA
F8W6I7,14534000000,19650000000,16933000000,13951000000,13781000000,13506000000,11052000000,11772000000
F8W6M3,NA,NA,NA,18343000,NA,21795000,36770000,27404000
F8W717,51651000,55958000,50585000,21586000,30165000,21089000,NA,NA
F8W733,49266000,31830000,46187000,71271000,68573000,73808000,39828000,41475000
F8W7E0,NA,25641000,25436000,61371000,81056000,57839000,NA,NA
F8W7Q4,597540000,405050000,390270000,769790000,494690000,427490000,213420000,226710000
F8W7S1,NA,NA,NA,NA,NA,NA,NA,NA
F8W8I6,155060000,90649000,111040000,163040000,139510000,182000000,151110000,113190000
J3KQ45,107160000,148090000,245780000,86665000,98803000,66884000,103390000,165990000
F8W930,128190000,131030000,125690000,132330000,126750000,89916000,133640000,134810000
F8W950,NA,NA,NA,NA,NA,NA,NA,14569000
F8W9E7,NA,NA,NA,NA,NA,NA,38478000,21534000
F8W9F9,NA,NA,NA,NA,NA,NA,NA,NA
F8W9S7,197380000,226700000,180120000,214320000,192700000,218690000,148070000,151950000
F8W9X7,114680000,77987000,111500000,71441000,58587000,63197000,58289000,48151000
Q8NEC6,48135000,34242000,38354000,24598000,NA,NA,38641000,32498000
F8WAJ0,NA,NA,32500000,35980000,20756000,19597000,56738000,46702000
F8WAN1,94151000,64686000,44022000,73091000,77344000,56573000,59595000,40775000
J3QRU4,NA,NA,NA,NA,NA,19667000,NA,NA
F8WCD0,38054000,47779000,47700000,33568000,20570000,26081000,NA,NA
F8WCF6,827950000,587990000,581050000,585000000,440210000,649400000,726540000,700550000
F8WCZ3,20645000,NA,NA,NA,NA,NA,26887000,NA
F8WD26,77924000,117030000,18433000,240250000,311490000,369610000,126430000,294390000
F8WDR2,NA,NA,NA,NA,NA,NA,NA,NA
F8WDY2,NA,NA,NA,NA,NA,NA,NA,NA
H7BZJ4,NA,NA,15982000,NA,4674100,NA,NA,NA
F8WEC0,NA,NA,NA,NA,NA,NA,NA,NA
F8WF48,176930000,240050000,259020000,197380000,299310000,199580000,286930000,315100000
F8WFE7,NA,NA,NA,NA,NA,NA,NA,NA
F8WJN3,649930000,649570000,747500000,1024300000,863070000,1024700000,722510000,693860000
G0XQ39,79937000,200370000,146840000,89199000,120430000,57054000,171120000,168830000
G1UD79,NA,NA,NA,NA,NA,NA,NA,NA
G3V0I5,420560000,397370000,460580000,445190000,519490000,448470000,658670000,552560000
G3V167,18804000,NA,24993000,NA,28699000,25311000,38255000,51146000
G3V169,NA,NA,NA,13379000,NA,22693000,75045000,83387000
G3V1D3,669940000,574740000,583710000,472060000,544580000,681360000,1552700000,1467100000
G3V1B4,NA,NA,NA,NA,NA,6068100,NA,NA
G3V1B6,NA,NA,NA,NA,NA,NA,NA,NA
G3V1C3,1113300000,1098500000,1012200000,928670000,1114300000,950020000,1371600000,1369600000
G3V1J5,120230000,132600000,108770000,100850000,95796000,95816000,123660000,83685000
G3V1P3,NA,NA,NA,NA,NA,NA,NA,NA
G3V5S9,40636000,50674000,49973000,21761000,30580000,32219000,45713000,21370000
G3V1V4,NA,NA,NA,27364000,30136000,28549000,NA,NA
G3V256,200830000,204930000,221700000,274060000,247820000,200650000,253690000,243700000
G3V295,2535400000,2554500000,2979500000,2612900000,2621700000,2621500000,2831800000,3015600000
G3V2N3,NA,NA,27994000,NA,NA,NA,NA,NA
G3V325,58917000,NA,30385000,69551000,39298000,111720000,66544000,56689000
G3V394,242920000,223450000,212200000,151940000,149850000,87836000,98916000,96926000
G3V3G9,NA,NA,32428000,NA,19395000,24162000,19740000,16848000
G3V3H3,1562900000,1580200000,1426800000,1083200000,1187500000,1073400000,578320000,660860000
G3V441,NA,NA,NA,NA,NA,10863000,NA,NA
G3V4C1,9859200000,11681000000,10004000000,9551400000,9745700000,9338100000,9080600000,9304100000
G3V4K3,34931000,16606000,14478000,NA,NA,NA,NA,NA
G3V4Y7,NA,NA,23295000,NA,34480000,NA,NA,16486000
G3V529,833640000,1013800000,917660000,572030000,626680000,583030000,391560000,464560000
G3V532,NA,NA,NA,NA,NA,NA,24057000,NA
G3V541,50951000,43502000,35110000,NA,40671000,19887000,13549000,16320000
G3V583,NA,NA,NA,NA,NA,NA,22885000,21321000
G3V599,129340000,132490000,147740000,88789000,120090000,77062000,92613000,78770000
G3V5B9,NA,NA,18404000,23493000,30449000,22552000,NA,NA
G3V5E1,NA,NA,NA,NA,NA,12614000,NA,NA
G3V5L1,34266000,NA,74456000,50293000,36417000,22657000,21960000,39782000
G3V5N8,67950000,104760000,120370000,54729000,89731000,47245000,22268000,NA
G3V5T9,296980000,338380000,303840000,454390000,476450000,509310000,224890000,246800000
G3V5Z3,117920000,43537000,90438000,94914000,108420000,93008000,66832000,91965000
G3XAG1,25224000,38418000,NA,31383000,42971000,39363000,27945000,45464000
G3XAH0,NA,NA,NA,42496000,48851000,36250000,NA,NA
G3XAH6,253110000,221900000,192770000,208150000,203400000,171890000,194560000,152520000
G3XAI2,1296000000,947780000,1084300000,711410000,1018300000,982970000,410720000,446050000
G5E943,NA,NA,NA,NA,NA,NA,NA,NA
G5E975,92632000,65631000,78967000,110430000,128920000,94858000,69650000,73431000
G5E994,20685000,32696000,48005000,43338000,36515000,33464000,16223000,16709000
G5E9A6,302550000,209520000,194000000,136850000,170230000,162000000,63060000,67373000
I3L4X3,39840000,57481000,68527000,25045000,NA,29532000,59887000,73379000
G5E9G6,NA,NA,NA,NA,NA,NA,NA,NA
G5E9L0,69241000,46001000,55401000,50806000,51984000,67835000,69845000,56615000
G5E9P5,NA,NA,NA,NA,NA,NA,NA,NA
G5E9Q6,942360000,683800000,735610000,738760000,908000000,873100000,473090000,403260000
H7C5G2,NA,NA,16607000,NA,NA,12670000,NA,12160000
G5E9W7,188930000,233960000,254340000,298820000,303620000,231040000,343120000,292180000
G5EA30,505890000,647560000,607030000,666490000,778440000,773770000,615690000,634190000
G5EA37,18003000,33550000,40268000,38250000,42888000,44950000,22789000,NA
G5EA48,22282000,26646000,NA,20030000,19013000,16804000,NA,31402000
G8JLA2,5310200000,3562500000,3519300000,4449100000,4545600000,4326200000,7274600000,6599700000
G8JLB6,3479400000,3432400000,4034500000,4524800000,4372100000,4752000000,4372100000,4155200000
G8JLD5,109400000,69491000,61024000,76599000,NA,78949000,NA,NA
G8JLK1,37759000,47989000,42254000,46452000,65145000,61292000,25402000,30064000
G8JLQ3,NA,NA,NA,NA,NA,20503000,NA,NA
X6RLT1,31928000,40711000,28911000,53808000,59607000,40527000,30687000,30855000
H0Y360,262590000,252400000,213070000,132640000,173120000,136790000,70540000,75076000
Q5QPK2,134210000,128520000,240540000,237570000,463280000,284990000,142010000,160570000
H0Y3V4,NA,NA,NA,NA,NA,NA,NA,NA
H0Y3V5,NA,NA,NA,NA,NA,NA,NA,NA
H0Y494,NA,NA,NA,NA,NA,NA,NA,NA
H0Y4B0,53828000,57615000,67288000,94904000,84057000,142660000,34076000,39805000
H0Y4Z8,39118000,34667000,NA,38926000,21047000,58520000,70222000,71699000
H0Y517,46533000,43488000,81689000,39844000,59097000,25365000,30181000,27488000
H0Y5K5,124630000,136310000,146750000,116060000,143600000,113870000,97252000,108900000
H0Y6H0,NA,NA,NA,NA,6588700,10682000,7617300,NA
H0Y6I0,146170000,175140000,151530000,96166000,95393000,117430000,155290000,168440000
H0Y6K5,38406000,31608000,70376000,73070000,63410000,65394000,53620000,60897000
H0Y704,NA,NA,NA,NA,NA,NA,NA,61336000
P0DP25,3589700000,1724200000,2409000000,3055000000,2585000000,3418800000,3601300000,3317800000
H0Y7R8,NA,NA,NA,NA,NA,NA,NA,NA
H0Y818,52533000,42137000,45165000,30431000,37038000,NA,65304000,62848000
H0Y870,NA,NA,NA,NA,NA,NA,NA,NA
H0Y8B3,NA,NA,NA,NA,NA,NA,62133000,59872000
H0Y8C3,NA,NA,28399000,41981000,61376000,59707000,53760000,61164000
H0Y8X4,42328000,119700000,77909000,92843000,118120000,120170000,80792000,64286000
H0Y8X6,35936000,39704000,25300000,41651000,21128000,23713000,22854000,20741000
H0Y928,NA,NA,NA,NA,NA,NA,NA,NA
H0Y9S9,NA,NA,NA,35174000,41326000,38773000,NA,20841000
H0Y9T5,11957000,NA,NA,NA,19546000,12763000,14111000,16560000
H0Y9U4,NA,NA,5611100,23461000,NA,35127000,10863000,6613600
H0YA80,NA,NA,NA,NA,NA,NA,NA,NA
H0Y9X1,NA,NA,29640000,59607000,39492000,56952000,54219000,48801000
H0YA52,NA,NA,17521000,26101000,33038000,NA,16278000,NA
H0YAN8,336560000,322940000,228640000,267870000,216140000,183170000,82077000,100710000
H0YAR2,NA,NA,NA,NA,NA,NA,NA,NA
H0YAV1,22536000,NA,47644000,NA,NA,15002000,NA,NA
H0YBC7,147340000,70795000,231400000,NA,66851000,46457000,NA,NA
H0YBE8,NA,NA,NA,NA,NA,NA,NA,NA
H0YBZ2,NA,NA,NA,72603000,52713000,64729000,NA,NA
H0YER2,NA,25081000,15268000,30179000,33500000,NA,20991000,17795000
H0YD13,2844000000,2689400000,2762600000,2824800000,2710000000,2694600000,712160000,797260000
H0YD14,NA,NA,NA,NA,NA,NA,NA,1435000
H0YD93,NA,7246000,24018000,5336500,6521800,NA,8684300,NA
H0YDP6,NA,NA,NA,NA,NA,NA,NA,NA
H0YE03,NA,216030000,116150000,110700000,133130000,95605000,177810000,119470000
H0YEB6,136410000,131430000,106110000,68721000,78744000,83209000,173200000,176700000
H0YEF7,NA,NA,NA,NA,NA,NA,NA,NA
H0YEH2,NA,NA,NA,NA,NA,NA,NA,NA
H0YET9,NA,NA,NA,NA,NA,NA,NA,NA
H0YF29,NA,NA,NA,NA,NA,NA,NA,NA
H0YH69,NA,NA,NA,NA,NA,13345000,NA,NA
H0YH87,163020000,206890000,176450000,315100000,349960000,231340000,202840000,204860000
H0YHD0,17841000,34232000,NA,NA,NA,21701000,23350000,NA
H0YHN7,NA,NA,NA,11627000,NA,NA,NA,NA
H0YHZ5,NA,NA,NA,NA,NA,NA,NA,NA
H0YI02,NA,NA,NA,NA,NA,NA,NA,NA
H0YI09,NA,NA,NA,NA,NA,NA,128040000,92444000
H0YIV9,NA,NA,NA,NA,NA,NA,NA,122590000
H0YJ75,46634000,41305000,95806000,93468000,78363000,100660000,137340000,105910000
H0YJA2,NA,NA,NA,NA,NA,30472000,28273000,30256000
H0YJD0,NA,NA,NA,NA,NA,NA,NA,NA
H0YN04,NA,NA,NA,NA,NA,NA,NA,NA
H0YKI8,NA,NA,NA,NA,NA,NA,NA,NA
H0YKT4,155160000,116600000,102430000,88387000,85903000,104030000,99173000,94785000
H0YLH3,52597000,NA,47532000,66721000,63212000,65428000,NA,NA
H0YLJ3,NA,78406000,105800000,142640000,152330000,187860000,126010000,102540000
H0YLK7,NA,NA,NA,NA,NA,NA,NA,NA
H0YNJ0,NA,NA,NA,NA,NA,NA,NA,NA
H0YM23,36804000,43426000,35903000,24241000,41890000,33007000,15327000,19467000
H0YMB6,NA,NA,21516000,NA,NA,NA,7056800,NA
H0YMN5,NA,NA,NA,NA,NA,4436200,NA,NA
H0YMX4,NA,NA,NA,NA,NA,NA,NA,NA
H0YN26,2504700000,1971900000,1981700000,2847800000,2587200000,2623300000,2297500000,2284900000
H0YN33,NA,NA,9457400,NA,NA,NA,NA,NA
H0YN78,NA,NA,NA,NA,NA,NA,NA,17935000
H0YNA7,97669000,139800000,142750000,174780000,294770000,190730000,NA,NA
H0YNC7,84866000,NA,NA,NA,NA,NA,191400000,232300000
H0YNH5,NA,NA,NA,8867600,8405200,NA,14025000,15785000
H0YNJ9,NA,NA,NA,NA,NA,NA,NA,NA
H0YNK8,81531000,NA,45729000,39873000,59855000,64666000,55038000,49122000
H0YNU5,NA,NA,NA,NA,NA,NA,NA,NA
H1UBN3,65925000,NA,46734000,52038000,52414000,50158000,71206000,78947000
H3BLS7,NA,NA,NA,NA,NA,NA,NA,1317700
H3BLZ2,NA,NA,NA,NA,NA,NA,NA,NA
H3BM67,NA,NA,NA,NA,NA,NA,NA,NA
H3BQ52,65804000,51365000,50270000,33607000,NA,NA,29147000,31836000
H3BV80,410510000,522470000,423980000,473040000,575590000,370650000,414410000,429780000
H3BUW6,NA,NA,NA,NA,NA,NA,NA,NA
H3BN98,18409000,NA,13451000,31113000,26231000,43570000,40964000,40461000
H3BP07,NA,NA,NA,NA,NA,NA,NA,NA
H3BP13,81427000,36827000,38722000,59656000,56330000,NA,41437000,78429000
H3BS10,48426000,NA,31785000,52832000,NA,NA,134230000,89405000
H3BP71,151590000,171810000,185570000,215400000,218270000,263140000,118280000,111830000
H3BPA3,27362000,NA,26931000,NA,29253000,34913000,48999000,NA
H3BPE1,1235800000,1374200000,1162600000,1700500000,2131400000,1825400000,571630000,639980000
H3BPE7,2189400000,2703000000,1934300000,1710300000,2623700000,1851500000,1435200000,1236600000
H3BPJ9,391320000,350720000,392440000,561900000,606780000,680980000,631990000,540300000
H3BPR3,NA,NA,NA,NA,NA,7807800,NA,NA
H3BPS8,NA,NA,NA,13125000,NA,NA,NA,NA
H3BQH3,NA,NA,NA,NA,NA,NA,39136000,34092000
H3BQK0,58164000,NA,NA,28790000,22363000,52772000,33992000,44907000
H3BQQ2,75659000,73185000,55930000,81210000,65498000,60391000,70865000,59390000
H3BQZ5,NA,NA,NA,NA,NA,NA,NA,NA
H3BQZ7,1860800000,1871800000,1932700000,1706800000,2238300000,2442400000,4701100000,4478200000
H3BR29,NA,NA,NA,4328100,20888000,NA,NA,NA
H3BRB3,39648000,26687000,32464000,57962000,60231000,47809000,33735000,37172000
H3BSJ6,NA,NA,NA,NA,NA,NA,26913000,31214000
H3BRL3,110400000,59334000,76114000,84323000,89027000,130160000,60095000,40944000
H3BRY5,NA,NA,NA,NA,NA,NA,41567000,47402000
H3BTB8,NA,19470000,NA,NA,22516000,23844000,NA,21647000
H3BTJ8,NA,NA,NA,NA,NA,NA,NA,NA
H3BST1,NA,NA,NA,NA,62795000,NA,NA,NA
H3BSW6,NA,NA,NA,NA,NA,NA,NA,16943000
H3BTA2,167230000,107650000,101710000,89898000,106780000,95953000,154300000,142680000
H3BTK0,NA,NA,NA,NA,NA,NA,NA,NA
H3BTU7,NA,34430000,NA,NA,NA,NA,NA,NA
H3BUD4,NA,NA,NA,NA,NA,NA,NA,NA
H3BUI0,NA,NA,NA,NA,NA,NA,NA,NA
H3BUU9,158500000,182540000,86537000,NA,NA,41537000,NA,NA
H3BVD9,NA,NA,NA,NA,NA,NA,20427000,31681000
H6UMI1,339060000,334340000,343110000,192540000,212770000,232170000,120920000,127740000
H7BXD5,NA,NA,NA,NA,NA,NA,222400000,253990000
H7BXF5,98507000,NA,53924000,NA,69784000,64695000,33189000,69240000
H7BXI1,416750000,262710000,424230000,201870000,214790000,217150000,525570000,554040000
H7BXK9,31563000,NA,41801000,59908000,32712000,43677000,NA,NA
K7ERG2,NA,NA,NA,NA,NA,NA,12336000,10723000
H7BXY3,425990000,359460000,408940000,696360000,670750000,680200000,319540000,298290000
H7BXZ6,NA,NA,NA,25354000,38557000,26995000,25492000,22411000
H7BY36,NA,NA,NA,NA,NA,NA,NA,NA
H7BY58,774390000,575900000,665430000,616840000,536960000,685860000,988120000,1054700000
Q5JRG1,47364000,72474000,96780000,37193000,74795000,68317000,69285000,89657000
H7BYJ1,16253000,21030000,20883000,10207000,NA,NA,NA,NA
H7BYN4,364220000,360450000,298040000,465720000,407420000,445130000,170020000,185620000
H7BYT1,36699000,32514000,26594000,37760000,32587000,23604000,29339000,36189000
H7BZB9,NA,17365000,12636000,30506000,34333000,31164000,23169000,23191000
H7BZJ3,NA,NA,NA,NA,NA,NA,NA,NA
H7BZK6,NA,NA,NA,NA,NA,8279100,NA,NA
H7C061,74301000,NA,NA,81566000,NA,72860000,NA,47962000
H7C0D5,NA,NA,NA,NA,NA,NA,NA,NA
H7C0W1,NA,NA,NA,NA,NA,NA,NA,NA
H7C0Q6,1565600000,2470300000,918510000,940110000,1970900000,512910000,155820000,1107300000
H7C0X4,NA,NA,22304000,20887000,NA,21377000,NA,23248000
H7C124,NA,NA,9263700,NA,NA,NA,NA,NA
H7C1J2,NA,NA,NA,NA,NA,NA,NA,NA
H7C1M2,NA,NA,NA,30342000,23532000,NA,28820000,24874000
H7C268,NA,NA,NA,NA,NA,NA,NA,NA
H7C2F2,29323000,NA,NA,NA,NA,NA,NA,NA
H7C2K6,NA,NA,NA,NA,NA,NA,NA,NA
H7C2Q8,189140000,288080000,332030000,441980000,509130000,443210000,697530000,666920000
H7C3B5,NA,NA,NA,NA,NA,NA,NA,NA
H7C3C4,47896000,NA,50065000,70832000,53838000,NA,NA,17363000
H7C487,NA,NA,NA,10182000,13841000,12153000,7221500,8300900
H7C4H2,555760000,589970000,638350000,394080000,528400000,417280000,735290000,657810000
H7C4T5,77268000,NA,NA,103500000,46815000,66017000,NA,NA
H7C4X9,120380000,140360000,113570000,146000000,142410000,163840000,118920000,106870000
H7C519,NA,NA,20241000,13434000,NA,NA,24003000,25301000
H7C561,NA,NA,NA,52454000,NA,NA,NA,NA
H7C562,2692200000,NA,2054700000,NA,NA,NA,1284300000,NA
H7C5W5,NA,NA,NA,NA,NA,NA,NA,NA
H8Y6P7,30468000,NA,49655000,36751000,45862000,NA,49091000,53281000
H9KV31,60095000,65198000,47157000,144850000,112870000,147940000,NA,NA
J3QRX6,NA,NA,NA,NA,NA,NA,NA,NA
I3L0E3,268740000,226910000,156560000,218590000,233330000,191530000,168530000,148040000
I3L0L6,35549000,43804000,66213000,54707000,76507000,47467000,21976000,NA
I3L0S8,NA,NA,NA,NA,NA,NA,NA,NA
I3L0U5,41854000,82602000,25570000,52724000,38735000,46084000,47371000,53687000
I3L0W4,NA,NA,35004000,NA,NA,24915000,NA,NA
I3L1H5,NA,NA,NA,NA,NA,NA,NA,NA
I3L1T3,147510000,55645000,45712000,41933000,32542000,50063000,38734000,35233000
I3L213,NA,NA,NA,NA,NA,NA,NA,NA
J3QS48,35106000,28246000,33773000,62116000,63854000,87449000,24772000,17486000
I3L2B0,81047000,59832000,74917000,66437000,89142000,50699000,40631000,64730000
I3L2C7,134660000,158900000,106250000,131610000,209890000,154590000,102480000,113230000
I3L2J8,NA,NA,NA,NA,NA,NA,47974000,41659000
I3L2N2,42826000,42277000,107770000,NA,58297000,26371000,26874000,20226000
I3L3A5,NA,NA,NA,NA,NA,NA,NA,NA
I3L419,48210000,NA,30863000,25865000,52261000,39174000,NA,NA
I3NI44,51365000,32437000,27271000,51605000,37590000,39218000,27451000,NA
I3L4N6,31532000,24664000,46266000,52127000,83989000,48793000,47855000,54741000
I3L4X2,41595000,18644000,NA,35697000,18806000,36528000,17937000,22355000
I3L4X7,NA,NA,NA,NA,NA,NA,NA,NA
I3NI32,NA,NA,NA,36561000,68746000,36841000,29771000,38720000
I3VM54,35973000,16451000,26780000,38108000,59632000,51333000,33217000,43719000
I6L894,NA,NA,NA,NA,NA,NA,6561700,6238800
J3KMZ8,82795000,72491000,85356000,133700000,145030000,157440000,94776000,73570000
J3KMZ9,475370000,438310000,245130000,249830000,88863000,193290000,21392000,28390000
J3KN16,652210000,622680000,768210000,781450000,755290000,821070000,703540000,694060000
J3KN66,NA,NA,NA,NA,NA,NA,NA,NA
J3KN75,79575000,51067000,54392000,NA,NA,NA,NA,NA
S4R3Q9,NA,44969000,46709000,71833000,55016000,NA,32351000,49451000
J3KND6,NA,NA,NA,NA,35845000,33059000,NA,27984000
J3KNF4,134360000,199700000,102770000,158990000,175260000,161620000,102490000,113040000
J3KNF8,200040000,146750000,92964000,23013000,103300000,161630000,263770000,202550000
J3KNG6,71919000,60948000,NA,40770000,32929000,27045000,22831000,NA
J3KNN7,NA,NA,NA,NA,NA,NA,29196000,NA
J3KNP4,78529000,141610000,177600000,NA,NA,NA,123970000,106830000
J3KNQ4,83911000,53336000,65450000,133130000,174420000,162300000,182810000,202970000
J3KNW7,NA,NA,NA,NA,NA,NA,NA,NA
J3QL05,1194700000,926890000,1076900000,1313600000,1384000000,1485000000,1643900000,1612300000
J3KP58,NA,NA,NA,NA,NA,NA,NA,NA
J3KP75,NA,NA,NA,NA,NA,NA,14798000,13315000
J3KPD3,60340000,35420000,24512000,56521000,30024000,44023000,50135000,39995000
S4R360,NA,NA,NA,42147000,49638000,NA,55694000,36281000
J3KPP4,334570000,290310000,423890000,414740000,464180000,489610000,570460000,644000000
J3KPS2,NA,NA,NA,NA,NA,NA,69661000,67873000
J3KPT4,22099000,NA,21589000,34998000,39535000,23352000,37045000,24352000
J3KPY9,30841000,NA,54333000,NA,NA,NA,NA,NA
J3KPZ4,34363000,45772000,42104000,48583000,57179000,15266000,30497000,48862000
J3KQ32,1560200000,1313900000,1646300000,1411700000,1578300000,1585900000,3786700000,3621300000
J3KQ48,136030000,138960000,160010000,363750000,375960000,475240000,173450000,272410000
J3KQJ1,396170000,335360000,317150000,124480000,183320000,198220000,1084800000,1196800000
J3KQL8,29677000,41253000,98139000,95389000,89784000,86130000,12600000,NA
J3KR35,NA,NA,49422000,37853000,35750000,32917000,36637000,33633000
J3KR44,856580000,910120000,835480000,872000000,1113000000,987260000,931960000,1038900000
J3KR51,NA,NA,NA,NA,NA,NA,NA,NA
J3KR72,NA,21808000,NA,NA,NA,27828000,NA,NA
J3KR97,118780000,67309000,87929000,113520000,126220000,156390000,122840000,126730000
J3KRA9,159500000,139680000,119110000,NA,NA,167010000,NA,94823000
J3KRK0,NA,NA,NA,NA,NA,NA,NA,NA
J3KRM2,NA,NA,NA,NA,NA,NA,NA,NA
J3KRN4,25962000,21306000,NA,46013000,41036000,60960000,NA,45806000
J3KRP6,120880000,110400000,113750000,90365000,102220000,114860000,83408000,64641000
J3KS15,42398000,42463000,46524000,52438000,51118000,51250000,51425000,68856000
J3KS54,NA,NA,NA,NA,NA,NA,NA,NA
J3KS81,18593000,24915000,15748000,30116000,NA,22141000,38100000,39956000
J3KSG1,NA,NA,NA,NA,NA,NA,NA,NA
J3KSM2,NA,NA,NA,NA,NA,NA,NA,NA
J3KSP0,NA,NA,NA,NA,NA,41994000,39669000,NA
J3QRC3,NA,NA,NA,NA,NA,NA,NA,NA
J3KTA4,4819900000,5459300000,5061200000,6567200000,6728200000,6799500000,7019800000,6934400000
J3KTD7,13327000,16609000,NA,28948000,31007000,34048000,NA,NA
J3KTD8,NA,NA,NA,NA,NA,16922000,NA,NA
J3KTG4,NA,NA,NA,NA,NA,NA,NA,NA
J3KTL2,1106400000,1144200000,820900000,1275700000,1548100000,1119900000,943500000,1208500000
J3KTQ2,NA,NA,NA,NA,12413000,NA,NA,NA
J3QK89,430680000,348160000,301270000,391220000,426900000,450020000,319780000,339610000
J3QL71,NA,NA,NA,NA,NA,NA,32503000,27387000
J3QLE5,1788400000,2219600000,1629900000,2312100000,2168800000,1599800000,2189600000,1922200000
J3QR41,NA,NA,NA,NA,NA,NA,2094000,NA
J3QLS3,288420000,339940000,241020000,356440000,382270000,393820000,435780000,434740000
J3QQJ0,91062000,90036000,62131000,85821000,82027000,87323000,89571000,99610000
J3QQJ5,29231000,26838000,NA,16305000,9242800,17602000,22305000,17433000
J3QQW9,32071000,26442000,20470000,23632000,26203000,17391000,23708000,20291000
J3QR07,63779000,59377000,83957000,88076000,122420000,100330000,69019000,87201000
J3QRS3,NA,NA,NA,NA,NA,NA,NA,NA
J3QRS9,1015600000,831690000,756770000,777390000,947500000,931050000,638040000,621280000
J3QRU1,459890000,427470000,364210000,174790000,172980000,185470000,811350000,736870000
J3QRV5,NA,NA,NA,NA,NA,25476000,105000000,84389000
J3QS49,NA,NA,NA,NA,NA,NA,NA,NA
J3QSH4,NA,20603000,NA,27357000,NA,NA,NA,NA
J3QT28,1026800000,1069200000,1134800000,1179800000,1240200000,1312600000,984750000,933900000
J3QTA2,NA,NA,32367000,30546000,NA,25802000,30290000,27161000
J3QTA6,26041000,19706000,35572000,35174000,47847000,25775000,33082000,36521000
J9JIC5,35762000,17576000,35092000,28991000,26472000,40329000,90740000,69348000
J9JIE6,43371000,82888000,302500000,70033000,78779000,44696000,131270000,158580000
K4DI93,1170700000,986830000,1037200000,621960000,700270000,639470000,473290000,486900000
K7EM02,NA,NA,NA,NA,NA,NA,NA,NA
K7EIU8,39027000,40630000,45557000,67243000,94732000,72095000,NA,NA
K7EIY6,118000000,101680000,NA,NA,NA,NA,NA,NA
K7EJH8,NA,NA,NA,NA,NA,22113000,NA,NA
K7EK00,183490000,156460000,157660000,160960000,155170000,94880000,92328000,111330000
K7EK07,170450000,146130000,901900000,472870000,427460000,2296700000,2833600000,1834100000
K7EQ55,806130000,545780000,501090000,857070000,603220000,820080000,580360000,537000000
K7ENH6,NA,NA,NA,NA,NA,NA,NA,NA
K7EKE6,2393600000,2098900000,2107700000,2457700000,2169600000,2606900000,1039700000,950320000
K7EKE8,NA,NA,NA,NA,NA,NA,NA,NA
K7EKQ2,NA,NA,NA,NA,NA,NA,NA,NA
K7EL21,NA,NA,NA,NA,NA,NA,NA,NA
K7EL68,NA,NA,NA,NA,NA,NA,NA,NA
K7ELC2,2524600000,1870000000,2380000000,1830400000,1669300000,2371600000,2203200000,1644700000
K7ELD9,NA,15379000,NA,26007000,8767800,NA,NA,NA
K7ERN0,NA,NA,NA,NA,NA,NA,NA,NA
K7ELL7,7871400000,5855100000,8617200000,7760700000,8223100000,7926000000,10426000000,10256000000
K7ELP0,NA,NA,NA,NA,NA,NA,NA,197970000
K7ELQ8,NA,NA,NA,NA,NA,NA,NA,NA
K7EM09,NA,NA,NA,NA,NA,NA,NA,NA
K7EM18,2342100000,2060000000,1618300000,1853100000,1630800000,1531600000,1336200000,1088600000
K7EMQ3,NA,NA,20031000,15140000,25043000,14220000,28762000,NA
K7ENF0,NA,NA,NA,NA,NA,NA,NA,6602300
K7ENI6,NA,98255000,164620000,83050000,94078000,114920000,NA,NA
K7ENP1,NA,NA,13624000,NA,NA,24368000,65653000,39330000
K7ENT6,NA,NA,NA,NA,NA,NA,51732000,82518000
K7EP90,24623000,NA,34626000,32893000,43035000,42897000,40379000,48178000
K7EQ91,NA,NA,13586000,NA,11579000,NA,NA,NA
K7EQS7,19757000,23763000,NA,38757000,37252000,17010000,NA,NA
K7ER15,NA,22151000,NA,40290000,39257000,36205000,22192000,NA
K7ER46,NA,NA,NA,NA,NA,NA,NA,NA
K7ERQ0,53768000,37508000,35674000,NA,58142000,59123000,23604000,30129000
K7ERS5,NA,NA,NA,NA,NA,NA,NA,NA
K7ES22,NA,NA,NA,NA,NA,NA,NA,NA
K7ESB7,NA,NA,NA,NA,NA,NA,NA,NA
L0R6Q1,340160000,256400000,206440000,411870000,352060000,336470000,132200000,128690000
L0R819,27464000,30945000,20889000,32103000,30265000,23962000,37756000,34961000
L0R8F8,NA,NA,NA,NA,NA,NA,NA,NA
M0QWZ7,36648000,NA,34745000,28278000,33992000,34182000,NA,NA
M0R0B4,15879000,NA,NA,NA,NA,NA,NA,NA
M0QXA2,56512000,NA,28822000,NA,NA,NA,34433000,NA
M0QXB4,1180700000,1025900000,1009800000,501580000,452200000,640200000,811870000,806610000
M0QXB5,NA,NA,5910100,NA,11735000,14942000,86409000,83588000
M0QXL5,961440000,1019400000,1079900000,1190200000,1372100000,1301600000,1314700000,1457700000
M0QXZ5,NA,NA,NA,NA,NA,NA,NA,NA
M0QYH6,NA,NA,NA,NA,NA,NA,NA,NA
M0QY43,NA,NA,NA,NA,NA,NA,NA,NA
M0QY97,110740000,84522000,101760000,74126000,97535000,87995000,69738000,121360000
M0R2E9,NA,33612000,NA,NA,NA,NA,NA,NA
M0QZM1,61016000,41273000,40762000,67594000,57017000,76325000,36961000,46089000
M0QZR4,53815000,32414000,27857000,24114000,30908000,34189000,66320000,48418000
M0R019,290210000,87505000,NA,194740000,26820000,159410000,207920000,NA
M0R0G1,NA,NA,NA,NA,20041000,NA,NA,NA
M0R0P8,201660000,155980000,187770000,117970000,126570000,126870000,146610000,150200000
M0R2K4,NA,NA,NA,NA,NA,NA,NA,NA
M0R165,456260000,387690000,413780000,530170000,484720000,450280000,449450000,401700000
M0R208,292010000,177210000,215280000,314790000,279130000,229340000,162610000,160600000
M0R226,NA,NA,NA,29779000,57296000,40039000,42943000,54363000
M0R2A0,NA,NA,NA,NA,NA,NA,NA,NA
M0R2P6,NA,NA,NA,NA,NA,NA,NA,NA
M0R2W4,NA,NA,NA,NA,NA,NA,74464000,36785000
M0R2Z9,106250000,116320000,126590000,164470000,197890000,208740000,276730000,276060000
M0R3D4,NA,NA,NA,NA,NA,NA,NA,NA
O00115,NA,83131000,87564000,NA,NA,30472000,363830000,347750000
O00116,365460000,342490000,285460000,377630000,256030000,392600000,1008700000,842220000
O00139,119330000,167070000,130090000,202810000,196850000,178850000,101750000,89567000
O00148,5642700000,4976600000,5407500000,6171700000,4911600000,6157400000,5929300000,6272200000
O00151,774250000,671470000,621710000,1972700000,2396500000,1878400000,1504200000,1474900000
O00154,2086200000,1856600000,1322300000,1897800000,1752300000,2136600000,1265500000,1118800000
O00161,607450000,390910000,334740000,202840000,131580000,204300000,213210000,251500000
O00165,NA,NA,NA,NA,NA,NA,NA,NA
O00170,510290000,330130000,400970000,499930000,628470000,574900000,632230000,708650000
O00178,42700000,48713000,36444000,82441000,68585000,79461000,NA,35773000
O00186,434560000,344120000,331600000,193260000,215840000,192280000,167970000,155470000
O00194,387250000,185780000,525000000,280810000,141380000,189730000,NA,NA
O00203,1208000000,956150000,904750000,1098100000,1134900000,1194200000,747770000,781360000
O00204,NA,21971000,NA,NA,NA,NA,334160000,562640000
O00231,3284800000,3472800000,3117400000,3559200000,3476600000,3554400000,3153900000,3484000000
O00232,2005400000,1896000000,1811500000,2456300000,2204700000,2046100000,2253100000,2479500000
O00233,522740000,516620000,557630000,631470000,697780000,611730000,496910000,548170000
O00264,481580000,414550000,549020000,252600000,262280000,286000000,599990000,511520000
O00267,566640000,647610000,549880000,583020000,612940000,567500000,716240000,631420000
O00273,313030000,219130000,296490000,541800000,475900000,351400000,467980000,420860000
O00291,NA,NA,NA,22395000,31490000,24730000,21821000,16770000
O00299,7853800000,6959800000,5709200000,7020500000,5421500000,6054400000,9049500000,10078000000
O00300,NA,NA,NA,24196000,NA,20224000,NA,NA
O00303,557210000,352120000,560130000,627190000,595560000,819920000,688410000,684690000
O00311,NA,NA,NA,NA,NA,NA,NA,1737200
O00330,NA,44550000,40462000,146690000,134240000,212230000,269850000,376590000
O00399,53080000,62081000,59212000,NA,71434000,63180000,41739000,NA
O00401,61325000,53012000,42301000,50733000,62391000,41243000,80918000,85330000
O00410,3310500000,2532300000,2986800000,2833600000,2469700000,3172700000,3222500000,3186600000
O00411,51112000,104740000,58658000,84845000,97743000,96416000,68351000,88766000
O00422,NA,NA,NA,NA,NA,NA,NA,NA
O00425,38603000,33139000,73634000,280060000,255140000,167400000,2022500000,2204100000
O00429,1496300000,1546000000,1488500000,1328100000,1297600000,1340100000,1182600000,981660000
O00442,394570000,247740000,249740000,165030000,168790000,176570000,468590000,460860000
O00443,41465000,47494000,31509000,49325000,36476000,48064000,33990000,47938000
O00458,NA,NA,NA,NA,NA,NA,25191000,40286000
O00461,142010000,190680000,177920000,190840000,142320000,188480000,54162000,60092000
O00469,2342900000,2541900000,1503900000,956380000,1002300000,1217400000,316310000,215990000
O00471,118530000,116310000,139050000,146390000,126470000,118040000,167810000,201400000
O00479,NA,73053000,66550000,73299000,66246000,74699000,55911000,71086000
O00483,50648000,88514000,120880000,367980000,623030000,423880000,584290000,742790000
O00487,628330000,462220000,719810000,709170000,649490000,610590000,762170000,733480000
O00488,NA,NA,NA,NA,NA,NA,NA,NA
O00499,276410000,494770000,209680000,440340000,723370000,693370000,NA,15736000
O00505,638350000,560550000,554270000,441360000,404800000,392590000,318390000,327670000
O00506,NA,NA,NA,NA,NA,NA,NA,NA
O00515,12085000,18777000,43800000,34237000,53789000,18482000,356640000,258850000
O00519,NA,NA,NA,NA,NA,NA,NA,NA
O00560,6332900000,6385800000,5776400000,4181800000,3363700000,4323100000,232390000,201780000
O00566,190580000,206440000,150030000,197530000,159920000,171220000,213380000,199960000
O00567,1406000000,1398300000,1654200000,2131900000,1865900000,2019700000,2066300000,2243400000
O00592,885400000,870890000,726270000,142250000,122750000,142630000,229370000,232660000
O00622,402380000,387590000,196650000,171360000,568420000,453980000,109430000,132490000
O00625,41684000,45035000,51213000,351820000,197270000,332820000,41387000,24687000
O00629,681500000,444240000,502050000,320210000,292340000,373900000,466380000,441200000
O00635,NA,NA,NA,NA,31058000,NA,38703000,45988000
O00743,190190000,175860000,266890000,207880000,201330000,196120000,350910000,338540000
O00754,34659000,NA,NA,NA,NA,NA,90608000,100900000
O00762,627930000,692870000,685010000,625420000,569760000,569390000,586850000,472090000
O00763,NA,NA,67463000,NA,67738000,51725000,NA,NA
O00764,2315300000,1780600000,1178200000,1405100000,1085800000,1388100000,613520000,550170000
O00767,657460000,NA,218480000,164910000,61300000,195570000,29066000,43178000
O14497,213520000,148870000,197660000,242880000,279430000,249050000,138990000,141340000
O14530,164710000,221800000,170590000,171700000,183450000,160190000,284880000,294400000
O14531,38543000,55156000,33726000,NA,19046000,NA,NA,NA
O14545,125760000,165880000,212140000,334360000,332450000,220140000,110910000,91028000
O14548,NA,NA,46400000,113250000,85745000,56744000,44144000,37012000
O14561,36648000,41189000,62117000,97251000,100700000,28077000,49484000,76922000
O14578,67737000,84129000,69112000,154570000,133670000,168930000,72254000,60447000
O14617,411080000,348290000,403590000,487880000,441240000,484050000,343850000,343920000
O14646,73238000,101710000,68752000,80688000,120950000,104210000,111520000,108770000
O14647,NA,NA,NA,NA,NA,NA,NA,NA
O14656,104040000,167150000,106100000,80880000,80370000,86428000,47233000,47988000
O14657,61148000,70846000,59050000,49923000,103500000,75399000,32746000,27698000
O14672,188350000,185690000,195000000,180560000,157470000,178920000,90433000,103300000
O14732,NA,NA,NA,NA,NA,NA,113310000,98407000
O14733,NA,NA,NA,NA,NA,NA,NA,29368000
O14737,704250000,1186900000,832900000,573500000,528560000,491020000,846780000,841140000
O14744,996010000,1018900000,990500000,960800000,1055600000,1111100000,798670000,770790000
O14745,493500000,506220000,662440000,549020000,745340000,651580000,3684900000,3511600000
O14757,6598500,18159000,29316000,21615000,42435000,36764000,84449000,106650000
O14770,NA,NA,NA,NA,NA,NA,NA,NA
O14773,NA,NA,29746000,NA,38923000,56648000,NA,NA
O14776,546890000,626290000,649170000,671270000,1011600000,695980000,570370000,814420000
O14777,365170000,423630000,316930000,243960000,293520000,281830000,273840000,292060000
O14787,70414000,59941000,104740000,188640000,160440000,221660000,195700000,168160000
O14802,31835000,NA,NA,NA,NA,32564000,NA,NA
O14818,2530600000,2330500000,2472300000,2451000000,2156900000,2385900000,3104800000,3091200000
O14828,361470000,301760000,281330000,255370000,298940000,265020000,243260000,232270000
O14874,93306000,70265000,50136000,58634000,44449000,69916000,34717000,40484000
O14879,665030000,376260000,774890000,NA,NA,NA,NA,NA
Q5VV89,NA,NA,NA,NA,NA,NA,13012000,NA
O14896,NA,NA,NA,NA,NA,NA,NA,NA
O14907,917040000,1059300000,743560000,359920000,294810000,334000000,175950000,254110000
O14908,361510000,323450000,308230000,399940000,274340000,263150000,459120000,452320000
O14925,32484000,NA,30491000,55959000,33974000,57681000,41710000,35278000
O14929,561320000,519470000,435990000,535590000,769890000,624810000,791370000,868980000
O14933,50535000,NA,NA,NA,NA,NA,55933000,45481000
O14936,93278000,97148000,76132000,60583000,77529000,94452000,74433000,67270000
O14949,172040000,158830000,265690000,329520000,378940000,457340000,120130000,179120000
O14950,1489900000,1061700000,1009000000,1365300000,1914200000,1648900000,3063100000,2525800000
O14957,NA,NA,NA,NA,NA,NA,NA,NA
O14964,476420000,557030000,769860000,587120000,653440000,647060000,590880000,552440000
O14965,52530000,66139000,46382000,51969000,52523000,44372000,44979000,53708000
O14966,25218000,NA,NA,15023000,NA,21222000,NA,NA
O14974,540800000,708550000,680070000,697210000,980210000,660990000,884930000,869160000
O14975,NA,NA,NA,NA,NA,NA,NA,20509000
O14976,38940000,41942000,31466000,41426000,36317000,37753000,34480000,28374000
O14980,2790800000,2110700000,1895300000,2753300000,2254700000,2602200000,3165900000,3240700000
O15020,NA,NA,NA,NA,NA,14798000,161000000,125090000
O15031,61784000,71806000,81139000,131710000,144410000,186730000,192900000,193170000
O15034,167980000,206820000,316390000,411950000,374810000,NA,184630000,NA
O15042,263900000,275830000,306800000,337190000,420180000,371240000,286610000,302570000
O15047,NA,NA,NA,NA,NA,NA,NA,NA
O15061,212480000,172470000,170680000,644620000,1441000000,1597000000,NA,NA
O15066,45546000,58525000,45905000,37018000,37474000,55963000,40079000,30675000
O15067,1214100000,933760000,1002100000,807870000,773580000,996120000,163420000,223190000
O15075,317720000,437390000,496450000,12443000,3205600,5454600,NA,NA
O15084,53353000,88166000,96028000,129920000,97652000,82816000,64946000,108910000
O15091,NA,NA,23507000,18398000,NA,25290000,26258000,25060000
O15111,NA,NA,57314000,NA,57667000,82775000,55609000,76547000
O15116,116110000,NA,105890000,64893000,73595000,102940000,98707000,108030000
O15118,2678900000,2366000000,3697300000,2010700000,1452600000,1753500000,596480000,669420000
O15119,11265000,16082000,NA,65274000,104410000,92861000,NA,NA
O15121,107640000,NA,NA,NA,NA,9213600,NA,NA
O15126,418630000,301270000,302580000,390130000,460440000,576480000,235750000,209090000
O15127,NA,NA,NA,NA,NA,NA,NA,NA
O15143,2483700000,2585600000,3009500000,2078500000,1616100000,1592500000,3050400000,3631100000
O15144,2224200000,2089200000,2226300000,1277700000,1683300000,1456500000,1972300000,2256400000
O15145,1205800000,1482800000,1521500000,1237500000,1087000000,1085500000,1542400000,1701200000
O15156,NA,NA,NA,NA,NA,NA,10830000,10198000
O15160,123720000,103530000,132870000,175570000,238880000,166270000,199690000,176080000
O15164,NA,NA,34130000,27182000,43356000,38566000,68366000,75209000
O15173,289750000,263570000,308070000,258970000,255680000,290290000,110510000,105650000
O15212,589330000,718240000,475950000,635600000,587150000,551930000,642070000,612290000
O15213,34200000,39653000,32437000,45542000,NA,27647000,52816000,58244000
O15226,194100000,255820000,245780000,152100000,174370000,177600000,89305000,109270000
O15228,89175000,81907000,121630000,51957000,54767000,65154000,72916000,74671000
O15231,NA,NA,NA,NA,NA,NA,349560000,493650000
O15235,37795000,50722000,49152000,83424000,63851000,54566000,42889000,66969000
O15239,NA,NA,NA,NA,NA,NA,NA,NA
O15254,NA,NA,NA,NA,NA,NA,NA,NA
O15258,72883000,NA,NA,46771000,67007000,NA,NA,17586000
Q5T8U5,125640000,NA,NA,113830000,149130000,91907000,NA,71754000
O15264,NA,NA,NA,NA,NA,34405000,202510000,222400000
O15269,245500000,177570000,173220000,168830000,157560000,129860000,142120000,147670000
O15270,43245000,49621000,51911000,20792000,31886000,39860000,90150000,96163000
O15294,542040000,575930000,436050000,414630000,517670000,460440000,516620000,513390000
O15305,126120000,191840000,171970000,154940000,204060000,124350000,65369000,79538000
O15344,80714000,147240000,104890000,81531000,88793000,51708000,42789000,55724000
O15355,698030000,869480000,830500000,1121200000,1185900000,1162600000,1381800000,1501300000
O15357,30365000,44081000,27405000,25562000,28840000,33672000,36366000,31746000
O15371,2822200000,2803100000,2481600000,2563500000,2546900000,2563600000,2271300000,2373500000
O15379,NA,NA,NA,NA,NA,NA,NA,NA
O15381,32906000,43174000,33876000,NA,19581000,NA,31493000,26031000
O15382,78395000,63186000,60579000,36996000,43913000,70788000,94927000,83755000
O15397,NA,NA,17801000,40166000,NA,11101000,39589000,24155000
O15400,264950000,245480000,200570000,170150000,149810000,155220000,289600000,314100000
O15427,185720000,209970000,199550000,142710000,92707000,132630000,NA,NA
O15439,38322000,24659000,32879000,71058000,109520000,118050000,28307000,28831000
O15446,166920000,155240000,117360000,94981000,96595000,136700000,112720000,119380000
O15460,3001200000,1903900000,1282300000,837770000,905790000,673420000,6038900,7029500
O15479,NA,NA,NA,10234000,NA,NA,NA,NA
O15498,536650000,414320000,427300000,529490000,375850000,301330000,621930000,753980000
O15504,NA,NA,13037000,9577200,13203000,NA,19572000,19018000
O15511,789850000,1204300000,941690000,726750000,793710000,612490000,725160000,857190000
O15514,119230000,90067000,178000000,67138000,48540000,98554000,95048000,84417000
O15541,153700000,214690000,194870000,124210000,106510000,76245000,53882000,67655000
O15551,NA,NA,NA,NA,NA,NA,28767000,74849000
O43143,1924000000,1617400000,1779500000,2013400000,1911900000,2154700000,1882600000,1936100000
O43148,648990000,710710000,689020000,531900000,653080000,556070000,687990000,712750000
O43149,33805000,56305000,76439000,NA,32799000,31662000,NA,13950000
O43150,NA,NA,NA,15576000,13263000,17227000,45833000,21895000
O43156,19339000,NA,32387000,38494000,33419000,56042000,48884000,28730000
O43159,48252000,NA,64658000,67916000,78065000,98472000,25322000,19088000
O43164,NA,NA,16972000,19094000,NA,NA,NA,NA
O43172,268170000,348700000,331320000,376900000,449100000,330900000,256280000,267100000
O43181,211540000,166710000,144650000,186640000,305420000,181810000,246180000,220800000
O43184,53724000,56690000,34105000,NA,NA,NA,NA,NA
O43237,437590000,493490000,291910000,351640000,524550000,401000000,604580000,474070000
O43242,1103100000,1087800000,1325000000,1322400000,1485200000,1273000000,1446200000,1413300000
O43252,854410000,752570000,757500000,1046800000,925170000,1103100000,575930000,690920000
O43264,329120000,331540000,243410000,286940000,207690000,263030000,256960000,233070000
O43290,347840000,381550000,369900000,320560000,412680000,415970000,340860000,407750000
O43291,NA,NA,NA,NA,NA,NA,110100000,123270000
O43293,60196000,51747000,72527000,174400000,189280000,135950000,44615000,43597000
O43294,90269000,80409000,67606000,40533000,81455000,44351000,NA,NA
O43318,31167000,45442000,32616000,33086000,34040000,27590000,47546000,40988000
O43324,280720000,327320000,106220000,399610000,297730000,349930000,536500000,446140000
O43353,365220000,328590000,325580000,115680000,177140000,117790000,94127000,99885000
O43379,NA,NA,NA,NA,NA,NA,NA,NA
O43390,4001100000,3382600000,3781600000,4663700000,4565700000,5066900000,3198600000,2598500000
O43395,566860000,731740000,483670000,584990000,748570000,598210000,417620000,444780000
O43396,1532600000,1480200000,1433200000,1253000000,1200100000,1337600000,595100000,544380000
O43399,2218400000,2335500000,2499800000,1475500000,1629000000,1269200000,2698700000,2905500000
O43402,42379000,NA,48504000,NA,49500000,39592000,72708000,76226000
O43422,NA,NA,NA,NA,6613600,NA,NA,NA
O43447,553570000,534350000,609990000,969190000,958740000,797140000,570140000,628260000
O43462,6613100,NA,36879000,11907000,23156000,5909200,NA,NA
O43488,224450000,263380000,218060000,205470000,266200000,244370000,226240000,177190000
O43490,NA,NA,NA,NA,NA,NA,NA,NA
O43491,502290000,539110000,603930000,825480000,916010000,831720000,4155400000,4780200000
O43504,265100000,268730000,320400000,225770000,261470000,283540000,76406000,119410000
O43520,20539000,NA,NA,20860000,NA,NA,13747000,NA
O43524,NA,NA,NA,NA,NA,NA,NA,NA
O43570,84352000,116940000,125430000,NA,NA,NA,NA,NA
O43572,30537000,NA,NA,NA,NA,NA,NA,NA
O43581,NA,NA,NA,NA,NA,NA,31449000,37712000
O43583,458120000,374350000,490480000,595000000,541140000,309100000,326120000,348610000
O43592,447630000,182040000,237810000,309170000,281890000,333140000,308650000,258160000
O43615,424230000,487820000,499110000,782130000,726250000,844640000,635960000,648230000
O43633,212440000,294730000,321890000,284420000,275860000,207210000,571560000,607700000
O43639,37349000,NA,NA,NA,NA,27600000,49464000,65961000
O43660,434850000,449130000,416060000,663170000,619710000,549200000,412860000,478340000
O43663,56699000,45087000,42633000,70838000,56373000,64927000,44689000,34505000
O43665,74629000,68880000,89051000,30514000,49865000,NA,79375000,80884000
O43676,62341000,69098000,68856000,72806000,105490000,138930000,95987000,102270000
O43677,NA,NA,NA,35221000,NA,32782000,NA,NA
O43678,118740000,107630000,106460000,171420000,192630000,193620000,149480000,163960000
O43681,446100000,321570000,329910000,703630000,501720000,655640000,703160000,651910000
O43683,NA,NA,13095000,NA,NA,19894000,25872000,17149000
O43707,35732000000,36959000000,27904000000,22123000000,22123000000,22914000000,32421000000,32998000000
O43709,NA,NA,9820000,15555000,27136000,14811000,23574000,28493000
O43715,52192000,67880000,46030000,78992000,86562000,87924000,54861000,36769000
O43719,382050000,378100000,294960000,248580000,279990000,203800000,291740000,297290000
O43741,NA,NA,NA,NA,NA,NA,NA,NA
O43747,550830000,436920000,449690000,756050000,724340000,768700000,706330000,738250000
O43752,116960000,150180000,73824000,54670000,50692000,58517000,34277000,38845000
O43765,900710000,893180000,703650000,901840000,1074600000,817660000,522380000,422320000
O43776,1878000000,1868900000,1752400000,2333900000,2166700000,2701300000,965800000,966260000
O43805,28269000,NA,38311000,NA,17420000,28668000,NA,NA
O43809,499000000,521940000,403510000,654080000,641340000,716280000,734250000,649140000
O43813,270210000,129930000,206220000,233860000,252240000,329830000,435420000,398960000
O43815,206060000,188170000,185990000,120950000,188800000,197860000,322160000,297780000
O43818,122060000,171810000,117070000,127040000,192310000,110610000,202640000,189780000
O43819,29475000,24360000,42452000,56637000,52487000,63832000,16339000,22688000
O43823,417600000,468810000,292430000,464130000,422670000,377240000,429120000,403900000
O43852,5020400000,6572100000,7326000000,2128300000,2143600000,2401800000,3274100000,3717200000
O43854,14835000,16861000,23366000,1061000000,2054800000,2817600000,NA,NA
O43865,631990000,665030000,764790000,941040000,887260000,930510000,762110000,819520000
O43896,130380000,115710000,156980000,104500000,134030000,130900000,96088000,114630000
O43913,NA,NA,NA,NA,NA,NA,24135000,25697000
O43920,189140000,182080000,270680000,236400000,253400000,188960000,226400000,249260000
O43924,75185000,21884000,50055000,38889000,40444000,53182000,64563000,61187000
O43929,37832000,36338000,38551000,31697000,41098000,31705000,63755000,77193000
O60216,233410000,244720000,192140000,174780000,229300000,228850000,275240000,269150000
O60218,NA,NA,NA,NA,NA,NA,100780000,72514000
O60220,682170000,615460000,604410000,1025500000,900470000,796200000,239430000,224340000
O60231,82044000,102390000,88861000,137240000,153480000,119990000,134260000,144610000
O60244,NA,20347000,NA,13477000,16270000,10538000,16532000,18642000
O60256,461860000,392590000,378830000,315290000,257380000,325610000,166260000,190670000
O60264,982610000,1026400000,1056500000,1428300000,1488000000,1453700000,1380300000,1346700000
O60271,1124100000,1065500000,974910000,1413700000,1183800000,1248600000,404440000,391050000
O60282,463530000,555700000,1370600000,NA,NA,NA,6229900,11760000
O60287,NA,NA,NA,NA,NA,NA,NA,NA
O60292,NA,NA,26232000,NA,NA,NA,24467000,32752000
O60299,NA,NA,NA,NA,NA,NA,NA,NA
O60306,119890000,120470000,82718000,126770000,107070000,141470000,119070000,122830000
O60313,416090000,446590000,301000000,413940000,367510000,310700000,473840000,462600000
O60318,NA,NA,NA,NA,NA,NA,NA,NA
O60341,167360000,221970000,151610000,255390000,233390000,185540000,241250000,251130000
O60343,NA,NA,NA,NA,NA,NA,NA,NA
O60353,138550000,105680000,85939000,131130000,88936000,93995000,70359000,61462000
O60443,117050000,84738000,81630000,48353000,54627000,49269000,NA,NA
O60476,NA,14651000,NA,NA,NA,NA,NA,NA
O60488,1046400000,940010000,1128100000,547940000,458180000,488160000,119020000,137890000
O60493,685740000,659680000,886400000,774430000,759480000,813630000,651200000,709980000
X6R2W0,72410000,85974000,73006000,48917000,85660000,67188000,28136000,35427000
O60502,442790000,508880000,569200000,545170000,518010000,543060000,684380000,624370000
O60506,6099300000,5331700000,4741900000,4795700000,4292300000,4465300000,9627400000,9202100000
O60508,92563000,71099000,67735000,63688000,76506000,64357000,147440000,134300000
O60518,NA,NA,NA,29948000,33417000,36709000,NA,NA
O60524,170210000,292070000,238930000,139100000,152500000,118680000,143770000,126330000
O60547,329850000,414720000,233950000,223600000,274520000,187280000,519110000,516150000
O60563,29358000,30600000,42517000,43014000,42236000,46699000,17985000,21098000
O60566,8037200,22937000,27063000,23872000,35484000,32806000,35515000,15581000
O60568,1235000000,1223200000,1118900000,1346500000,1120700000,1331900000,410140000,389470000
O60573,143250000,108320000,NA,108410000,88457000,101970000,109150000,57405000
O60645,116980000,80328000,107660000,68556000,70048000,106220000,105990000,99742000
O60664,3527600000,2621300000,3926200000,1844100000,1745800000,1981000000,1492500000,1717300000
O60678,48449000,34907000,59267000,100500000,72785000,103250000,42227000,50570000
O60684,1064600000,724020000,592410000,979950000,731630000,911010000,582340000,557020000
O60701,2899600000,2520700000,2216200000,845650000,936630000,847140000,207390000,294790000
O60739,86912000,NA,NA,16075000,17748000,32930000,7890200,25555000
O60749,493250000,363810000,670990000,671100000,855440000,704650000,841350000,845860000
O60763,1023100000,1037100000,907840000,703400000,746200000,706450000,391470000,414810000
O60783,41334000,44033000,31910000,43947000,37519000,42205000,37732000,49078000
O60784,123130000,55728000,140580000,196740000,117890000,198740000,88778000,56151000
O60825,161700000,188020000,201650000,243260000,257580000,237600000,181920000,218010000
O60826,58536000,52426000,32478000,41282000,48439000,62525000,25872000,20931000
O60828,129450000,67090000,130810000,152200000,147070000,186080000,111360000,88432000
O60830,NA,NA,NA,NA,NA,NA,NA,NA
O60832,582760000,641550000,714430000,693490000,869530000,737440000,735400000,778190000
O60869,582180000,615930000,655800000,566140000,514350000,460040000,710100000,717160000
O60870,NA,NA,NA,NA,NA,NA,NA,NA
O60884,1066100000,900810000,874790000,1085400000,916040000,1022700000,1537300000,1621600000
O60885,297060000,303770000,185910000,249900000,229780000,255940000,165070000,169330000
O60888,726910000,574180000,702250000,1301100000,959520000,1136900000,814200000,603840000
O60921,NA,NA,NA,NA,25359000,19803000,35686000,26471000
O60925,379750000,653810000,381820000,434780000,422450000,338150000,489360000,581300000
O60927,NA,14414000,NA,25852000,25071000,14933000,25947000,NA
O60930,NA,NA,NA,NA,NA,NA,7091900,16209000
O60934,98462000,67391000,110100000,118330000,195880000,165430000,174310000,154030000
O60942,484200000,319120000,502620000,236960000,322340000,683230000,1026000000,660530000
O75054,NA,NA,NA,NA,NA,NA,NA,NA
O75063,NA,23299000,NA,17319000,35255000,29304000,NA,NA
O75071,NA,NA,NA,NA,NA,NA,34816000,56791000
O75083,8548200000,7432900000,8959800000,5116900000,4528200000,4888300000,5713300000,6129100000
Q14332,NA,NA,NA,NA,NA,11796000,NA,NA
O75110,NA,NA,NA,NA,NA,21316000,NA,NA
O75113,NA,NA,NA,NA,NA,NA,NA,NA
O75116,581280000,520190000,488350000,652140000,808420000,595710000,937550000,903200000
O75131,2975200000,3406000000,3518900000,2097100000,2140000000,1653400000,909910000,805500000
O75146,27774000,37422000,30539000,115030000,92768000,66951000,93094000,65612000
O75152,112970000,147080000,96005000,139700000,166510000,131410000,101660000,95377000
O75153,408380000,470560000,451680000,523310000,463070000,486670000,368860000,365580000
O75155,NA,NA,NA,NA,17711000,15169000,NA,NA
O75164,NA,NA,NA,NA,NA,34233000,NA,NA
O75165,260330000,195480000,190790000,246230000,219500000,207390000,228320000,209800000
O75175,99689000,128360000,91982000,126450000,106940000,104900000,123800000,115210000
O75182,NA,NA,NA,NA,NA,NA,NA,NA
O75208,NA,NA,19545000,50315000,44443000,NA,49773000,42058000
O75223,271560000,312200000,295550000,308730000,367210000,355430000,914610000,877980000
O75251,55855000,105780000,110100000,83869000,136830000,138040000,122590000,126550000
O75306,215540000,202980000,174240000,203000000,320920000,293880000,283240000,281080000
O75312,563980000,449240000,385260000,402780000,444960000,389810000,491190000,505790000
O75323,75950000,143260000,126290000,112490000,119940000,85517000,498050000,760460000
O75330,74774000,72589000,29475000,89443000,120950000,79295000,165760000,147450000
O75340,215000000,173590000,295790000,482880000,431110000,730640000,774750000,687120000
O75348,229550000,271730000,302800000,281810000,271480000,255900000,404130000,385710000
O75351,574430000,687850000,534470000,540570000,520260000,417770000,318320000,279840000
O75362,29857000,NA,31814000,30757000,36816000,23640000,22264000,NA
O75367,1449500000,1628800000,1516800000,3234600000,3660900000,3190000000,3777900000,3568600000
O75368,444200000,444200000,445500000,NA,NA,NA,89779000,116050000
O75369,2276900000,1983000000,2063500000,2552100000,3114000000,2872100000,9319000000,9015900000
O75379,NA,NA,NA,NA,NA,NA,2371400,NA
O75380,40283000,81284000,152420000,76526000,94849000,56008000,146380000,129780000
O75381,NA,123740000,74558000,123920000,109390000,121950000,68277000,66648000
O75391,121500000,121260000,81733000,117160000,121860000,140180000,48237000,17328000
O75394,37582000,NA,NA,NA,76340000,67949000,94966000,86932000
O75396,1071900000,676550000,847560000,512340000,418300000,527350000,820920000,804000000
O75400,348220000,352270000,392630000,396720000,581540000,597940000,444110000,521120000
O75410,230170000,273440000,176540000,156290000,195190000,157560000,116070000,95665000
O75419,NA,NA,NA,NA,NA,NA,NA,NA
O75420,NA,NA,NA,NA,NA,NA,NA,NA
O75427,NA,NA,NA,NA,NA,15068000,NA,NA
O75431,151410000,126450000,186840000,174350000,187620000,271120000,493020000,392210000
O75436,750180000,640020000,401930000,497230000,550950000,470970000,815980000,802790000
O75438,73391000,67789000,87411000,102480000,160190000,148830000,99419000,88224000
O75439,191350000,171160000,222080000,427580000,491970000,389170000,376750000,348690000
O75446,NA,22534000,NA,NA,NA,NA,NA,NA
O75449,NA,NA,NA,NA,NA,NA,NA,NA
O75475,629220000,554320000,581510000,657670000,781210000,768980000,514180000,501350000
O75477,364830000,349390000,185650000,240930000,229070000,219040000,182060000,166580000
O75487,112690000,156800000,90498000,66387000,72499000,91306000,NA,NA
O75489,285860000,199370000,222800000,307880000,286660000,434400000,394590000,360680000
Q5JRI1,209600000,63145000,152250000,248580000,189790000,216510000,179590000,223950000
O75506,650400000,347280000,302860000,594840000,547970000,691680000,792490000,1112500000
O75525,104540000,124700000,150900000,178940000,192150000,139710000,NA,NA
O75528,NA,NA,NA,NA,21193000,NA,NA,6154100
O75530,52958000,52457000,57493000,98044000,77016000,90857000,71610000,70213000
O75531,3032100000,2728300000,2479400000,2663800000,2658300000,3338200000,4989800000,4557700000
O75533,2838100000,2752900000,2895600000,3226700000,3774700000,3928500000,3389000000,3616700000
O75534,720620000,794880000,513060000,538470000,616530000,546690000,1943500000,1687100000
O75554,25780000,NA,NA,NA,NA,NA,86823000,87943000
O75569,155690000,90393000,169190000,200250000,205130000,186350000,222830000,238720000
O75578,115230000,76956000,109650000,47268000,34236000,43164000,NA,NA
O75592,NA,NA,NA,NA,NA,NA,18591000,27404000
O75600,NA,NA,NA,NA,41867000,31392000,124900000,71126000
O75607,208940000,133460000,166740000,187200000,142370000,199720000,197760000,190370000
O75608,449500000,510990000,768550000,390680000,464610000,535060000,542700000,486850000
O75616,49304000,NA,33454000,57728000,44851000,47506000,52987000,45515000
O75629,NA,NA,NA,NA,NA,NA,70508000,NA
O75635,92235000,99086000,73327000,NA,NA,NA,NA,NA
O75643,2269700000,2092400000,2185400000,2434500000,2838500000,2897600000,2756100000,2664600000
O75648,NA,NA,NA,NA,17295000,NA,NA,19405000
O75663,781330000,704720000,696700000,519530000,442040000,561480000,667440000,507450000
O75665,NA,NA,10452000,NA,NA,9057800,NA,NA
O75683,58206000,74998000,65445000,60250000,56472000,49606000,76587000,83597000
O75688,67931000,50573000,39332000,45508000,56938000,36503000,54153000,46696000
O75691,72193000,78635000,60961000,74804000,90764000,97427000,116850000,92308000
O75694,711630000,649450000,691890000,919760000,889060000,903730000,983210000,985720000
O75695,196060000,287950000,371590000,167260000,205200000,151760000,40433000,61621000
O75717,213280000,236760000,258440000,246970000,287000000,250490000,131310000,165660000
O75718,864910000,756390000,892510000,525920000,593210000,605380000,13050000,23357000
O75746,58354000,39767000,43483000,127620000,80075000,116590000,61148000,39177000
O75764,NA,NA,NA,NA,NA,NA,NA,NA
O75781,NA,NA,NA,NA,NA,9290600,NA,NA
O75792,74281000,69115000,63479000,80786000,67783000,78103000,99951000,71231000
X6RA30,47317000,41443000,55182000,32395000,39529000,64405000,58047000,39302000
O75815,156990000,330280000,176290000,116720000,144620000,133040000,11076000,29567000
O75818,117380000,83633000,96832000,172610000,138470000,159140000,233700000,183700000
O75821,1288100000,1342800000,1171900000,1485000000,1412600000,1506400000,2685000000,2512200000
O75822,897250000,1025100000,825860000,415780000,475980000,391380000,1283100000,1306300000
O75828,385900000,232290000,320880000,455760000,452420000,595410000,131120000,102200000
O75832,913570000,958530000,1047200000,689090000,600640000,506920000,599190000,540340000
O75844,522370000,423450000,677820000,628090000,569310000,462680000,499920000,473750000
O75865,NA,NA,NA,NA,NA,NA,NA,NA
O75874,6244400000,5390700000,5794200000,1962300000,1459300000,2098600000,1553200000,1480400000
O75880,139640000,143680000,273860000,182750000,277020000,293960000,113990000,97700000
O75884,398870000,204790000,302430000,246350000,276940000,275210000,297950000,243560000
O75886,128240000,127770000,116690000,75841000,113690000,136890000,182680000,185080000
O75891,NA,NA,42181000,NA,27973000,19295000,NA,NA
O75911,NA,NA,NA,NA,NA,14625000,NA,NA
O75915,71339000,41407000,212260000,124170000,NA,158450000,619670000,344150000
O75925,NA,NA,NA,NA,NA,NA,NA,NA
O75934,228900000,214470000,253960000,307860000,322120000,347240000,285410000,263370000
O75935,188810000,194850000,201670000,156670000,211860000,273920000,161370000,175440000
O75937,915580000,1055300000,1305400000,1302200000,1569500000,1429400000,866020000,700560000
O75940,216600000,255690000,197000000,206130000,275340000,291970000,210650000,197160000
O75947,1342700000,932560000,909020000,1803800000,1453300000,1505300000,1459700000,1198200000
O75955,195650000,191420000,126190000,222840000,211960000,149470000,321160000,273230000
O75962,39978000,50415000,22260000,60671000,62998000,57734000,43959000,20180000
O75964,490370000,661340000,669990000,1071800000,1277000000,1134800000,609490000,689000000
O75976,108250000,103860000,84581000,92861000,85314000,85864000,41661000,67441000
O76003,1185700000,1460400000,1531100000,1496900000,1495700000,1777600000,2377700000,2134100000
O76021,1222000000,1597100000,1165800000,1290900000,1407800000,1560400000,2425700000,2303700000
O76024,191110000,122790000,87931000,34754000,39562000,48342000,NA,NA
O76031,374530000,286090000,327720000,410270000,428640000,373850000,600860000,550460000
O76041,NA,NA,NA,NA,NA,NA,5410000,NA
O76054,39884000,40586000,88729000,73932000,93655000,70358000,87677000,91828000
O76061,NA,NA,NA,NA,NA,NA,NA,NA
O76071,147040000,180600000,236520000,145110000,143790000,168660000,186060000,195820000
O76074,76925000,61867000,55117000,61778000,54794000,40305000,NA,NA
O76080,NA,NA,23007000,NA,NA,18380000,NA,NA
O76094,1247800000,1165800000,1043600000,1351900000,1335300000,1075500000,1370200000,1436400000
O76095,NA,NA,NA,NA,NA,NA,NA,NA
O94760,563020000,468850000,278990000,252080000,249580000,227750000,561390000,577220000
O94763,33163000,NA,35586000,NA,NA,NA,NA,34675000
O94768,NA,NA,NA,14000000,NA,NA,NA,NA
O94776,771830000,914660000,668310000,1024700000,1054500000,1152000000,1146600000,1058700000
O94804,187710000,218930000,185170000,103440000,87499000,59848000,129980000,163490000
O94811,NA,NA,NA,NA,NA,NA,56201000,38812000
O94817,NA,NA,NA,NA,NA,11482000,26561000,NA
O94822,154370000,103570000,74470000,108760000,123680000,100680000,49442000,51198000
O94826,793800000,891320000,945750000,1018300000,1223700000,1211600000,1139600000,1117000000
O94829,35661000,NA,NA,15753000,NA,22265000,NA,NA
O94830,NA,NA,NA,NA,NA,NA,10513000,10883000
O94832,NA,NA,22771000,NA,NA,NA,588100000,583390000
O94842,89992000,68998000,77894000,61792000,77037000,62170000,34235000,34126000
O94855,732690000,799640000,629770000,348070000,388240000,418550000,NA,NA
O94874,306630000,296350000,330460000,372590000,431320000,376710000,373570000,373250000
O94885,NA,NA,NA,NA,NA,20343000,NA,NA
O94886,NA,NA,NA,NA,NA,NA,NA,NA
O94888,53038000,53114000,78330000,45329000,57404000,71003000,111020000,97023000
O94900,NA,NA,NA,NA,NA,3827200,NA,NA
O94903,120360000,102370000,178330000,79728000,115130000,101570000,206770000,192910000
O94906,715680000,684250000,635330000,734930000,841690000,922350000,652830000,676040000
O94913,46745000,44879000,41757000,45082000,42040000,46304000,54571000,46929000
O94915,62722000,83215000,57953000,62007000,63809000,87504000,47212000,44000000
O94916,NA,NA,NA,25651000,27917000,NA,21599000,NA
O94919,216190000,143650000,151100000,99959000,68437000,106910000,107150000,77377000
O94925,2452500000,2087500000,2431300000,1880400000,2093800000,2326400000,3601100000,3991200000
X6R3R3,59237000,85413000,NA,45405000,NA,NA,NA,NA
O94966,28986000,20812000,36778000,52529000,36453000,74125000,NA,40281000
O94973,229840000,181140000,193260000,255910000,236520000,277070000,322060000,275800000
O94992,209880000,179350000,208300000,164220000,197950000,194540000,146440000,159510000
O95045,NA,NA,NA,NA,NA,NA,NA,NA
O95049,NA,NA,NA,NA,NA,NA,56800000,42829000
O95059,NA,NA,NA,17773000,NA,5202200,NA,NA
O95081,28097000,26773000,22525000,NA,17414000,NA,66381000,52614000
O95084,22416000,36729000,29697000,34052000,42039000,64084000,NA,NA
O95104,79284000,86352000,73108000,83239000,88752000,66664000,127130000,133060000
O95139,119470000,89356000,105930000,215900000,202990000,148670000,160640000,178910000
O95140,31785000,38791000,44728000,71079000,76372000,43929000,22442000,17160000
O95149,34087000,41151000,67630000,40615000,35494000,16371000,30633000,32720000
O95155,122170000,125020000,144440000,200600000,224940000,148680000,66238000,66032000
O95159,NA,NA,NA,NA,NA,NA,23930000,NA
O95163,289720000,357840000,272400000,215750000,286150000,259820000,230640000,197950000
Q6FGG4,NA,NA,142820000,NA,NA,NA,256260000,236310000
O95168,75297000,57015000,77148000,92385000,101340000,94405000,165960000,135560000
O95169,NA,NA,NA,NA,125290000,49138000,18407000,NA
O95182,71188000,90319000,131640000,85975000,226980000,170520000,109540000,115900000
O95197,289840000,370230000,173000000,221790000,200990000,148390000,571530000,678930000
O95202,1194800000,887690000,957420000,1126800000,1265400000,1162300000,851290000,792760000
O95205,NA,NA,10050000,NA,NA,NA,NA,41368000
O95218,240920000,365310000,493640000,435200000,574340000,337590000,271090000,350580000
O95219,108510000,89745000,162290000,140480000,164870000,136290000,147340000,181080000
O95229,38179000,23782000,45341000,43007000,27639000,43626000,38314000,66134000
O95235,182270000,220990000,139130000,438240000,443110000,431060000,217290000,205840000
O95238,NA,NA,NA,NA,NA,NA,NA,NA
O95239,866760000,991290000,831250000,1264800000,1248000000,1181700000,461590000,478970000
O95292,908770000,849590000,881070000,712810000,689370000,555720000,917210000,1006500000
O95297,224930000,161360000,134560000,24507000,58490000,52506000,29320000,59903000
O95298,42408000,44932000,48043000,67297000,93610000,94239000,77022000,86262000
O95302,496650000,366250000,347960000,299000000,370450000,499800000,281610000,303710000
O95336,613930000,491150000,714090000,559370000,736990000,972450000,1613300000,1691400000
O95340,1817900000,1309200000,1313500000,239740000,249870000,270950000,124700000,149630000
O95347,1666400000,1848300000,1629400000,1448500000,1376000000,1474500000,1531500000,1512800000
O95352,123740000,103170000,136760000,113700000,127610000,113390000,91185000,97348000
O95361,332750000,262200000,188830000,83460000,18983000,NA,189520000,120850000
O95372,677170000,619290000,834760000,1046700000,1393100000,1319300000,811380000,820420000
O95373,2178000000,1521800000,1338400000,2553600000,2142300000,2350200000,1717700000,1534100000
O95376,47993000,55606000,44037000,53922000,68204000,79529000,29432000,20480000
O95391,141690000,NA,125690000,166960000,236880000,166040000,154760000,177980000
O95394,344390000,335590000,348720000,347460000,323810000,351060000,561160000,597260000
O95396,26458000,25508000,108260000,NA,21979000,25256000,20892000,16257000
O95400,NA,NA,37843000,28450000,NA,52171000,NA,23043000
O95425,84001000,104940000,81424000,93208000,129670000,102770000,98148000,116780000
O95433,2838800000,2696200000,2862200000,2567100000,2215500000,2491800000,1982300000,1833800000
O95436,NA,NA,NA,NA,NA,NA,NA,NA
O95453,91780000,138550000,128970000,91726000,117940000,91322000,113250000,108330000
O95456,464420000,267990000,243040000,193460000,205330000,203520000,377850000,360570000
O95470,180250000,171180000,150280000,175560000,229630000,236530000,361550000,400880000
O95478,92976000,140070000,114330000,138100000,238070000,160530000,275180000,267560000
R4GMU1,32401000,28743000,45865000,26419000,19909000,37318000,NA,30289000
O95486,57112000,38364000,40295000,70027000,58986000,66545000,71816000,68674000
O95487,12325000,NA,NA,29443000,21639000,21502000,NA,10109000
O95544,20546000,20235000,NA,24157000,25344000,14298000,NA,NA
O95551,NA,NA,NA,22900000,15269000,NA,43250000,43024000
Q5R3B4,NA,NA,48227000,46376000,75593000,94256000,175870000,171360000
O95573,675020000,658180000,711280000,1357800000,1092100000,1238100000,1101900000,1114200000
O95613,9224400,NA,22901000,NA,NA,NA,14976000,8652700
O95619,16640000,12876000,39803000,31725000,35634000,34428000,27977000,25110000
O95625,NA,NA,NA,NA,NA,6601900,NA,NA
O95630,87218000,88974000,81937000,115920000,107970000,102130000,94233000,109310000
O95639,73186000,73186000,70569000,113260000,111600000,119180000,70228000,73691000
O95671,670790000,313860000,473870000,50654000,57772000,39598000,39185000,38526000
O95674,25052000,NA,NA,NA,NA,25086000,NA,NA
O95685,NA,NA,NA,NA,NA,NA,11343000,NA
O95707,28634000,30628000,25450000,36377000,31310000,42165000,17567000,25864000
O95716,26903000,39280000,29671000,10270000,NA,NA,166680000,184030000
O95721,120380000,198320000,122960000,160150000,184550000,149750000,155590000,125980000
O95747,697950000,587980000,769530000,662410000,662640000,628470000,398470000,403470000
O95757,533940000,441920000,412260000,658870000,487160000,610660000,152450000,192590000
O95758,213620000,262100000,191080000,271860000,276520000,325220000,681180000,579810000
O95782,2155400000,1807300000,1672600000,1433900000,1442300000,1445300000,1277000000,1276500000
O95786,747250000,410630000,394520000,NA,NA,NA,16050000,21538000
O95793,948910000,862600000,686650000,689480000,677940000,771010000,740370000,681270000
O95801,104550000,122310000,68143000,120260000,80763000,88851000,47366000,47071000
O95810,NA,NA,NA,NA,NA,NA,30420000,41989000
O95816,321880000,357700000,361660000,819920000,735910000,616650000,615950000,666470000
O95817,645500000,501980000,529710000,305850000,371350000,336290000,120330000,90183000
O95822,19749000,NA,NA,NA,NA,NA,NA,10892000
O95825,155090000,136680000,92310000,83899000,76894000,71428000,33985000,22739000
O95831,2520400000,2178800000,2083100000,1802000000,2050900000,1613400000,1214200000,1173700000
O95834,NA,65620000,44818000,NA,NA,NA,109650000,100960000
O95861,575570000,565850000,563290000,479240000,487070000,607230000,537500000,591890000
O95865,562140000,423760000,365020000,922470000,769140000,699630000,888140000,793050000
O95873,NA,NA,NA,NA,NA,19184000,NA,NA
O95881,1152500000,1222800000,1377800000,619050000,764310000,679590000,405640000,414290000
O95905,148470000,144460000,78915000,60556000,59212000,52731000,72374000,47972000
O95926,29132000,23511000,NA,38445000,26948000,32021000,NA,39306000
O95983,197230000,170300000,176320000,147090000,225350000,291480000,235250000,206870000
O95985,NA,NA,NA,NA,NA,10434000,NA,NA
O95989,36712000,NA,71575000,76549000,43225000,47894000,24717000,17244000
O95994,NA,NA,NA,NA,NA,NA,NA,NA
O95997,NA,NA,NA,6094900,NA,NA,23637000,NA
O96005,154070000,183990000,194290000,145120000,153350000,82428000,178350000,176820000
O96007,NA,NA,NA,56057000,NA,33574000,NA,NA
O96008,595690000,407960000,395750000,310470000,229660000,344430000,801870000,753310000
O96013,90071000,72528000,42788000,39380000,NA,39154000,57261000,39098000
O96017,NA,21987000,19095000,NA,NA,28190000,63587000,68095000
O96019,811820000,864990000,650320000,812830000,792050000,999750000,932070000,799750000
O96028,37213000,27245000,32523000,45688000,43288000,49155000,26412000,31237000
O96033,63979000,40509000,NA,83066000,NA,NA,NA,NA
P00167,48236000,121150000,53839000,29469000,60529000,44413000,NA,NA
P00338,59378000000,61773000000,59702000000,55570000000,45535000000,51826000000,31055000000,29969000000
P00367,2064700000,2006900000,1512600000,2265700000,2514900000,1944200000,3910400000,3894800000
P00374,223800000,164970000,189270000,332220000,425780000,370640000,130980000,76506000
P00387,1815300000,2253100000,2145500000,1780800000,1838600000,1929000000,669850000,624420000
P00390,1068900000,783820000,1013500000,1821700000,1967700000,1417200000,1108200000,1210200000
P00395,NA,NA,NA,38783000,NA,157180000,195350000,68857000
P00403,NA,NA,NA,NA,20294000,28881000,48933000,69975000
P00441,5505900000,3945200000,4916100000,4460900000,4451300000,4783500000,3947400000,5506700000
P00491,1438800000,1482100000,1297900000,640220000,562200000,377720000,2361200000,2575300000
P00492,1928400000,1853400000,1711100000,686390000,694340000,960630000,622400000,601950000
P00505,1945200000,1684900000,2347200000,3071500000,3275300000,3355900000,6580800000,6138200000
P00533,478960000,587650000,681560000,271090000,202600000,242780000,12156000000,12946000000
P00558,81789000000,98657000000,81536000000,44392000000,42624000000,40311000000,18703000000,16996000000
Q5T9B7,64888000,77984000,168650000,160980000,174060000,320580000,963040000,853450000
P00813,18927000,NA,22412000,NA,35763000,33292000,51536000,47010000
P00846,NA,NA,NA,NA,NA,NA,NA,NA
P00918,NA,NA,NA,NA,NA,NA,NA,NA
P00966,NA,6127300,9598900,6565800,5355700,1139400,9507100000,8762100000
P01024,NA,NA,NA,NA,NA,NA,NA,NA
Q5H9A7,129870000,121640000,83407000,44477000,47315000,43329000,NA,NA
P01040,NA,NA,NA,NA,NA,NA,31547000,44249000
P01111,610490000,501010000,337030000,327560000,273650000,321310000,307870000,344100000
P01116,54657000,62543000,50953000,52995000,72225000,48472000,73458000,77306000
P02452,740540000,890930000,561610000,299280000,922500000,641190000,NA,NA
P02458,689410000,813490000,263570000,168390000,171510000,195570000,NA,NA
P02461,630140000,778440000,1423600000,310320000,634600000,612970000,NA,NA
P02462,15102000,12906000,20564000,NA,39817000,32846000,NA,NA
P02545,27822000000,26110000000,31044000000,26659000000,24996000000,24645000000,14955000000,16203000000
P02751,15966000,NA,19681000,95551000,202760000,135730000,NA,NA
P02786,3295900000,3045400000,1770400000,3850500000,2922200000,3790100000,2241600000,1944300000
P02787,NA,NA,NA,NA,NA,NA,NA,NA
P02792,411620000,408500000,572580000,1148000000,715330000,1192600000,NA,NA
P02794,1408200000,1819300000,1995900000,2704700000,2679500000,2732100000,841070000,1063400000
P03886,NA,NA,NA,NA,NA,NA,NA,NA
P03915,NA,NA,NA,NA,NA,NA,NA,NA
P03928,39717000,56570000,78304000,83153000,173300000,90926000,55585000,67326000
P03973,NA,NA,NA,NA,NA,NA,12480000,14593000
P04040,1072400000,996110000,1489500000,848670000,906060000,1027700000,1053400000,931360000
P04049,NA,18020000,27740000,18259000,19877000,37890000,12911000,NA
P04062,422430000,296840000,441510000,447910000,381540000,550640000,251710000,165580000
P04066,NA,NA,NA,NA,NA,NA,14022000,16338000
P04075,59544000000,54923000000,53262000000,41143000000,36410000000,40783000000,25010000000,25245000000
P04080,35357000000,18130000000,23395000000,16027000000,11247000000,15625000000,2383700000,2235400000
P04083,26524000000,20887000000,25125000000,27595000000,24907000000,23765000000,7282900000,7024600000
P04114,1064100000,1228000000,1078100000,713620000,288830000,362590000,81382000,50166000
P04150,186840000,184410000,179820000,276290000,348080000,327250000,90324000,86443000
P04181,2161800000,2014000000,1989300000,2208900000,2111800000,2326900000,3186700000,2930100000
P04183,276950000,185700000,226880000,429230000,357390000,373110000,536300000,576390000
P04259,5636300,NA,NA,NA,NA,NA,17469000,16400000
P04350,25763000,NA,NA,NA,NA,NA,NA,NA
P04406,86717000000,73033000000,65596000000,71636000000,58460000000,68009000000,61075000000,53029000000
P04424,57986000,77617000,42723000,43992000,67449000,42778000,29991000,32316000
P04637,171410000,205730000,279660000,126760000,150080000,174030000,484730000,581760000
P04733,NA,NA,NA,NA,NA,NA,NA,NA
P04792,5499800000,4206300000,8426300000,7996800000,6824800000,8581800000,5187700000,5993400000
P04818,895520000,529260000,612580000,825470000,617710000,515860000,1208400000,1030300000
P04843,5998200000,5527300000,4905300000,4910300000,3927400000,4747500000,6009700000,5626500000
P04844,1589100000,675890000,1507400000,1331500000,1096200000,1736500000,1840700000,1850200000
P04899,362230000,201100000,275290000,201260000,223780000,334330000,84081000,85442000
P04920,9224200,NA,61788000,NA,NA,NA,39728000,32382000
P05023,4727300000,4403500000,4531100000,1933200000,2436400000,1912400000,11187000000,12682000000
P05026,710460000,617480000,512260000,291190000,297330000,279300000,2764700000,2633800000
P05067,1698100000,1596000000,1480100000,1497500000,1097000000,1450800000,464920000,456490000
P05091,47857000,32475000,45051000,NA,NA,59420000,178160000,68563000
P05109,NA,NA,NA,NA,NA,NA,19900000,24963000
P05114,233630000,754090000,2025900000,385550000,510580000,301310000,692040000,1008500000
P05141,4251300000,4121800000,3202600000,3438500000,3134500000,4172700000,3241800000,3013900000
P05161,3244200000,1774700000,3725200000,434440000,454350000,568880000,154990000,207200000
P05165,NA,NA,NA,35204000,28247000,32389000,124270000,151800000
P05187,NA,NA,NA,NA,NA,NA,177170000,138160000
P05198,2796400000,2579200000,2420900000,2159800000,2199600000,2276500000,1653300000,1611400000
P05204,240270000,409260000,920210000,647460000,795670000,736170000,607660000,609480000
P05362,NA,NA,20834000,NA,NA,NA,400130000,491620000
P05386,4138600000,3649500000,3629900000,4026500000,3395700000,2969700000,3513000000,3142400000
P05387,10141000000,12559000000,7619300000,6897200000,8001500000,7247700000,7122700000,7147800000
P05388,9982700000,7676900000,8292000000,9109600000,8439000000,8448300000,7309600000,7197600000
P05412,74219000,117770000,55563000,79393000,46580000,28902000,NA,NA
P05423,NA,NA,24894000,31057000,33420000,35294000,24164000,29539000
P05455,2572700000,2716800000,2873400000,2627500000,2764600000,2694200000,4858200000,5277100000
Q96SH1,25724000,NA,39612000,37063000,22072000,46023000,129710000,118100000
P05556,5846800000,5599700000,5597300000,2891900000,3005600000,2712000000,773930000,759350000
P05783,6905000,6756700,20949000,15685000,8904600,24286000,11543000000,12341000000
P05976,NA,NA,NA,NA,NA,NA,NA,NA
P05997,777300000,628450000,498550000,261690000,257460000,300380000,NA,NA
P06132,379940000,308680000,326070000,521690000,448580000,725800000,83731000,74223000
P06213,NA,NA,NA,NA,NA,NA,NA,NA
P06280,NA,NA,NA,NA,NA,NA,NA,NA
P06576,10661000000,7280300000,9790300000,15045000000,13661000000,16036000000,10458000000,8904700000
P06702,NA,NA,NA,NA,NA,NA,121770000,107910000
P06703,435660000,277960000,93389000,79756000,27193000,22393000,2572600000,6634200000
P06730,771350000,840310000,646490000,700900000,747040000,641710000,377350000,358740000
P06733,1.1372E+11,1.0823E+11,92151000000,95057000000,84838000000,92411000000,51196000000,50836000000
P06737,1971900000,1113400000,1438300000,694040000,527230000,912440000,210360000,197850000
P06744,6004000000,4981100000,5796600000,12488000000,9887900000,12927000000,14868000000,13189000000
P06746,NA,NA,NA,NA,NA,9348500,7227100,NA
P06748,12373000000,10487000000,14789000000,16338000000,14663000000,15921000000,31964000000,35077000000
P06756,411370000,389370000,418440000,354160000,402040000,378200000,310220000,356920000
P07093,1415700000,1752100000,2539300000,765410000,742200000,1052400000,NA,NA
P07099,490790000,318810000,947950000,884400000,857310000,884530000,945290000,992530000
P07108,2900400000,2272100000,2290200000,2512500000,2064300000,2654300000,3115000000,3009800000
P07195,15062000000,12204000000,10729000000,15734000000,14690000000,16102000000,6880100000,7002000000
P07199,50260000,29091000,NA,61915000,28815000,NA,15775000,NA
P07237,22355000000,23519000000,18561000000,12443000000,11427000000,12692000000,10436000000,10662000000
P07305,759680000,789300000,1061800000,NA,NA,NA,695210000,795940000
P07311,186220000,119810000,226510000,239300000,229690000,182790000,99324000,129940000
P07355,36718000000,24669000000,26654000000,26985000000,21595000000,22066000000,26404000000,28968000000
P07384,697960000,673510000,692220000,504820000,545240000,561320000,1088600000,1279800000
Q5JP53,10991000000,8070800000,10233000000,10970000000,8790600000,14770000000,11501000000,12235000000
P07602,926250000,857930000,913410000,3654200000,3809300000,4127300000,4964700000,5656100000
P07686,355480000,244780000,210610000,206300000,232900000,209360000,632680000,675620000
P07711,1371000000,1531400000,1768800000,289940000,295230000,203070000,15815000,16644000
P07737,27059000000,38950000000,28373000000,23283000000,22147000000,20426000000,20122000000,19640000000
P07738,174720000,204240000,215410000,64389000,103500000,99056000,39608000,37143000
P07741,825490000,608160000,554800000,1227900000,1174600000,1346900000,2474500000,2156900000
P07814,6788800000,6260500000,6035400000,6334300000,6135000000,6003100000,7420000000,7040500000
P07858,509730000,485170000,434690000,618160000,797170000,689950000,1514600000,1937100000
P07900,40174000000,46324000000,39932000000,32260000000,30652000000,31149000000,31683000000,29324000000
P07919,105500000,88342000,136880000,138450000,90219000,120870000,41911000,68940000
P07948,420630000,298590000,402720000,204200000,228620000,257360000,NA,7432400
P07954,2411400000,1755000000,2300400000,2376000000,2110000000,2453700000,3006700000,3153300000
P07992,NA,NA,NA,NA,NA,10695000,NA,NA
P07996,1808000000,1732100000,1120400000,1236200000,1047100000,1968900000,1416800000,1589500000
P08047,38104000,NA,78767000,40918000,48955000,46270000,NA,7601500
P08133,4247600000,4303400000,3859600000,8561900000,8106300000,9874900000,1229300000,1460000000
Q5JR08,655070000,627570000,465620000,253120000,295190000,432960000,288100000,265970000
P08183,NA,5776900,NA,1058900000,1029100000,251720000,3500400,4091000
P08236,38542000,NA,NA,41606000,38616000,43717000,NA,NA
P08237,370890000,546590000,412400000,575720000,551300000,743280000,287320000,276880000
P08238,50929000000,52040000000,45054000000,55346000000,51927000000,52108000000,53027000000,53188000000
P08240,371430000,442160000,515490000,383370000,401860000,391630000,619910000,763510000
P08243,613020000,506640000,408230000,1768500000,984510000,1546500000,690140000,649710000
P08473,212030000,235040000,185870000,NA,NA,NA,365030000,359720000
P08493,NA,NA,44422000,NA,NA,NA,46547000,51928000
P08559,594240000,579180000,810480000,1070600000,1175200000,1224900000,1069000000,922820000
P08572,119510000,104210000,106360000,105260000,192350000,230180000,NA,NA
P08574,58739000,159310000,149080000,138820000,172960000,240150000,132630000,86633000
P08579,102700000,266370000,412650000,298030000,226600000,356840000,419950000,262530000
P08581,100380000,84669000,41605000,6280900,NA,NA,65060000,67299000
P08621,1244900000,1448800000,1757400000,1169000000,1456500000,1274700000,1561800000,1852400000
P08648,751640000,577560000,571200000,179410000,167310000,201290000,NA,NA
P08651,45455000,NA,NA,71413000,65152000,74550000,54086000,55768000
P08670,1.0997E+11,93748000000,82610000000,98892000000,87230000000,85833000000,3216600000,3654800000
P08708,3716300000,4999100000,4660600000,3594500000,3433800000,3840300000,3035900000,3250600000
P08754,1528400000,1478700000,1656600000,1854900000,1643200000,1710600000,1028000000,1091300000
P08758,14350000000,11181000000,12466000000,21106000000,19483000000,20017000000,3987500000,3740900000
P09012,1294700000,1266200000,1009100000,1519900000,1264100000,1279400000,1334900000,1327800000
P09104,2234400000,1833400000,1363500000,1140100000,1021700000,1053400000,65338000,50113000
P09110,229370000,137410000,203840000,158950000,147890000,194980000,411870000,388990000
P09210,NA,NA,NA,NA,NA,NA,59920000,76697000
P09211,5524900000,4868900000,4582100000,7625400000,7346500000,7665400000,1476300000,1344100000
P09382,20865000000,18535000000,19296000000,19268000000,19845000000,20427000000,1594900000,1986000000
P09417,171440000,177270000,183960000,142780000,187640000,229270000,207580000,258430000
P09429,7558800000,8975600000,7098100000,8201300000,8917200000,9566700000,11046000000,10803000000
P09455,NA,NA,NA,NA,NA,NA,580710000,455580000
P09471,NA,NA,NA,NA,26986000,35576000,34403000,27577000
P09486,3353000000,1994900000,1053700000,598620000,645120000,926720000,NA,NA
P09496,253530000,356660000,201490000,429550000,382910000,363050000,264540000,221060000
P09497,164530000,198730000,313410000,543230000,823880000,466770000,683530000,760170000
P09525,2176400000,2077100000,3339500000,1746900000,1661500000,1986000000,1258800000,1302900000
P09543,984630000,1145600000,1046600000,957430000,949100000,1124300000,1089300000,1107500000
P09601,3762100000,4116500000,1832300000,912560000,877930000,571940000,21221000,3993000
P09622,833310000,1043400000,1492300000,810770000,876130000,715760000,2218700000,2603100000
P09661,751100000,750970000,666240000,790000000,987130000,1015100000,791460000,887000000
P09669,223300000,245800000,320110000,677340000,648170000,475700000,808240000,1069400000
P09758,17319000,NA,NA,NA,NA,NA,866370000,1097800000
P09874,4126300000,4028000000,4291700000,3670000000,4262700000,4421500000,2270400000,2350600000
P09912,NA,NA,12526000,NA,NA,NA,NA,NA
P09914,1276000000,655210000,863250000,NA,NA,NA,3053700,NA
P09960,756520000,888310000,877310000,1246700000,1064800000,1286200000,3605600000,3568500000
P09972,2137500000,2921600000,1517600000,8905400000,6278500000,6676900000,1443500000,1131700000
P0C0S5,2110900000,1849900000,1761300000,2480900000,3193300000,3078900000,1681600000,1513500000
P0C7P0,NA,NA,13163000,NA,28632000,28314000,36239000,53184000
P0DJ93,NA,NA,NA,NA,NA,NA,NA,NA
P0DMB2,10763000,22746000,21607000,40909000,37147000,28362000,NA,NA
Q5DJT8,NA,NA,NA,NA,NA,15038000,NA,NA
P0DN76,371420000,272540000,348920000,408590000,348430000,471880000,631050000,619400000
P0DN79,48421000,39628000,76920000,27028000,26569000,44037000,286250000,342460000
P0DP91,NA,NA,NA,NA,NA,NA,NA,NA
P0DPB6,127500000,132680000,85441000,88564000,124860000,115730000,67236000,103450000
P10109,75811000,61377000,58824000,80484000,78242000,99788000,105740000,82366000
P10155,810380000,713700000,864110000,603170000,598390000,693470000,566870000,522840000
U3KQK5,NA,NA,7650700,15788000,25545000,5752600,NA,19500000
P10253,NA,NA,14227000,9560700,27920000,8203500,182570000,195290000
P10301,32522000,29977000,51083000,18208000,18067000,11799000,10185000,14283000
P10319,10348000,NA,NA,NA,NA,NA,NA,8090200
Q96II5,18295000,41878000,73956000,77188000,68755000,50282000,30235000,38360000
P10412,NA,NA,NA,NA,NA,NA,NA,NA
P10515,510650000,484280000,566630000,1681500000,1578300000,1837400000,1642700000,1548600000
P10586,209840000,117150000,138270000,57232000,58876000,60833000,NA,NA
P10588,NA,NA,NA,NA,NA,NA,NA,NA
P10599,3240200000,7727800000,6253400000,6384700000,7169800000,5154400000,8115800000,7927400000
P10606,226010000,288710000,371320000,728180000,1104100000,883090000,1171700000,1137700000
X6R5C5,108220000,118050000,87343000,110030000,97926000,68622000,233890000,187770000
P10644,725490000,782180000,831150000,902640000,874940000,1102200000,712810000,694070000
P10746,NA,NA,NA,NA,NA,NA,NA,NA
P10768,847810000,629700000,727710000,955960000,996710000,1354600000,529050000,537190000
P10809,19568000000,17904000000,17001000000,17993000000,17611000000,20069000000,43976000000,42240000000
P10909,NA,26017000,NA,105010000,36271000,48753000,NA,30554000
P11021,33565000000,32711000000,27520000000,17197000000,17229000000,18944000000,10480000000,10569000000
P11047,1895300000,2035900000,2705600000,1377600000,1529600000,1828800000,NA,15708000
P11117,NA,NA,33128000,NA,NA,37820000,NA,NA
P11137,62847000,130370000,90091000,173080000,125050000,175170000,88879000,194460000
P11142,61702000000,57610000000,47082000000,51569000000,46919000000,46333000000,34731000000,34266000000
P11166,1514600000,633270000,457730000,519220000,269910000,322590000,148580000,167050000
Q4VB86,NA,NA,NA,NA,NA,NA,NA,NA
P11172,634770000,720600000,804520000,936210000,870300000,793000000,909790000,880410000
P11177,1002400000,943590000,1105200000,1698100000,1896300000,1942900000,1686000000,1622700000
P11182,221370000,147680000,173810000,122310000,131170000,146890000,290250000,213710000
P11216,9093200000,7956000000,9931500000,3875500000,3616100000,2937200000,7008900000,5813500000
P11217,NA,10126000,NA,NA,NA,NA,NA,NA
P11233,308070000,413370000,318620000,305150000,254010000,358940000,573460000,519120000
P11234,84793000,72842000,65743000,51403000,59452000,36345000,83066000,89452000
P11279,348370000,372780000,1088100000,354740000,613070000,462260000,625080000,681920000
Q5T4U5,597450000,558180000,664330000,907030000,953150000,1003200000,1798000000,1918100000
P11387,1200300000,1767300000,1796400000,1778100000,2217900000,2139200000,2118300000,2107000000
P11388,2583600000,2392000000,2279000000,2715600000,2807100000,2342800000,2116600000,2128600000
P11413,1606500000,1735100000,1909900000,1257000000,946990000,1050900000,3914900000,3654600000
P11441,177360000,206740000,238080000,238910000,205020000,201180000,335610000,391250000
P11498,146850000,153110000,249060000,184440000,174240000,305930000,948730000,937540000
P11586,5121200000,5034900000,6240900000,4659100000,4837100000,4873700000,4557700000,5641600000
P11717,1426700000,1371700000,1325900000,1622200000,1848400000,1908900000,875500000,913060000
P11766,2747400000,2761200000,2041100000,3311600000,3444200000,3603400000,997520000,1054900000
P11802,409420000,299190000,391370000,321350000,314620000,294040000,118850000,131000000
P11908,420140000,369850000,442630000,319330000,307690000,352520000,287630000,356350000
P11940,12142000000,11934000000,11424000000,10565000000,11149000000,10998000000,8455700000,8578200000
P12004,3337400000,3274000000,3153700000,2191000000,2318000000,2290800000,3750400000,3591400000
P12074,224220000,133620000,183050000,366270000,386650000,409560000,661930000,583720000
P12081,1264600000,1081300000,1177300000,2135400000,1787800000,2210000000,1579200000,1398900000
P12110,96248000,61655000,80629000,NA,NA,NA,NA,NA
P12111,2086200000,2682700000,2855900000,752440000,733550000,796980000,4488400,16723000
P12235,18406000,NA,NA,127300000,104230000,99712000,361200000,401910000
P12236,6696500000,7904600000,9296600000,9979900000,9590600000,10481000000,9884300000,8657700000
P12268,5803700000,6202100000,5386400000,5291500000,5336700000,5394200000,5483200000,5728900000
P12270,2511000000,2816200000,2416200000,2405600000,2892200000,2589300000,1745000000,1890700000
P12277,27039000000,18076000000,20092000000,2833900000,2700700000,2792900000,3466900000,3139900000
P12429,6193100,NA,NA,18427000,NA,NA,4371800000,4392200000
P12532,NA,NA,NA,NA,NA,NA,1132300000,1126600000
P12814,11554000000,8111300000,7940900000,6867100000,7367200000,7429000000,8307700000,8338400000
P12931,23675000,NA,NA,NA,NA,NA,NA,10946000
P12955,572230000,600710000,740950000,533630000,574800000,547330000,878790000,900780000
P12956,6800400000,7046900000,7243600000,10489000000,10136000000,10133000000,10201000000,10813000000
P13010,6369800000,5598100000,6672200000,9815200000,9993800000,10545000000,10436000000,9402600000
P13051,61190000,54188000,65058000,110260000,101410000,103520000,173410000,135450000
P13073,841850000,1149400000,980230000,2151500000,2068300000,2354000000,2382600000,2013800000
P13196,NA,26276000,NA,NA,25617000,36783000,8107700,NA
P13284,NA,NA,NA,NA,NA,NA,91610000,118840000
P13473,492770000,502830000,866020000,321940000,330970000,337220000,164670000,196830000
P13489,5651100000,4024200000,4904500000,3580100000,3159300000,3823200000,2750800000,2465100000
P13498,NA,NA,NA,NA,NA,NA,56080000,72159000
P13612,NA,NA,NA,93909000,108970000,111640000,NA,NA
P13639,63488000000,61624000000,60534000000,56596000000,55845000000,52763000000,42321000000,40085000000
P13667,7748100000,7851500000,7330800000,3100000000,3148300000,3325400000,3600400000,3466500000
P13674,4387900000,4470200000,4260500000,1701400000,1814100000,1937400000,188950000,178730000
P13716,NA,NA,22515000,NA,33178000,44651000,NA,21092000
P13726,NA,NA,NA,NA,NA,NA,67065000,61399000
P13797,11991000000,9156900000,9650700000,4134800000,4148400000,4265700000,2335900000,2435500000
P13804,644170000,597930000,892150000,1375300000,1424700000,1569900000,3158700000,2546500000
P13807,654940000,538730000,516940000,230860000,212430000,194820000,171920000,168320000
P13861,370230000,395390000,364190000,508970000,430820000,391760000,367860000,306640000
P13928,NA,NA,NA,NA,NA,NA,NA,NA
P13929,NA,NA,NA,NA,NA,41335000,NA,NA
P13984,95690000,143200000,92714000,103270000,115180000,110970000,199780000,169410000
P13995,431870000,336820000,391280000,1082800000,824250000,922550000,671760000,578460000
P14174,4610400000,6237700000,5830500000,7138300000,8309100000,5787700000,6077200000,5481500000
P14209,219700000,91418000,133510000,83576000,62518000,86579000,NA,33087000
P14324,432520000,338420000,319610000,1260000000,803710000,1383900000,252130000,301040000
P14373,NA,NA,13415000,NA,NA,NA,NA,NA
P14550,2291500000,1783500000,2098800000,1877200000,2110000000,2224600000,358750000,407690000
P14618,78267000000,61341000000,66994000000,49564000000,35607000000,43328000000,29116000000,30773000000
P14621,NA,NA,16198000,34534000,25069000,27653000,62847000,60223000
P14625,20938000000,23386000000,23871000000,20569000000,18016000000,19212000000,24604000000,22210000000
P14635,259740000,243170000,215860000,416620000,403390000,353810000,252490000,264010000
P14649,39075000,41911000,26655000,39940000,48656000,33104000,27670000,28321000
P14735,593900000,650520000,505010000,554720000,582720000,560350000,544600000,514910000
P14854,645130000,385310000,726170000,706760000,969540000,1102900000,1014400000,956190000
P14866,6204300000,5547400000,6067300000,6534800000,6262400000,6175200000,7220500000,7211600000
P14868,1889900000,1618600000,1536000000,2102300000,1817300000,1901600000,2772500000,2703500000
P14923,NA,NA,NA,NA,NA,NA,736910000,829060000
P14927,552860000,441220000,383780000,488530000,660260000,594320000,315370000,222650000
P15104,NA,NA,43555000,40168000,NA,NA,76455000,95880000
P15121,616220000,747480000,941040000,781960000,850560000,849910000,5858500000,5220700000
P15144,11468000000,4670900000,8713600000,19184000,21822000,NA,259920000,100740000
P15170,1213700000,1698700000,1447900000,1304800000,1353500000,1271100000,2352900000,2319900000
P15259,NA,NA,NA,NA,NA,NA,NA,NA
P15260,47165000,60671000,51167000,78529000,50435000,77890000,NA,39440000
P15291,164500000,94842000,104470000,62827000,65092000,82512000,49556000,41932000
P15311,2536600000,2131900000,2132600000,3186300000,2824200000,2680300000,6171700000,6692900000
P15313,472680000,376490000,438530000,499370000,531810000,313640000,825380000,719890000
P15374,193980000,222860000,185050000,161670000,183960000,112210000,318290000,400680000
P15407,NA,73551000,NA,15846000,21386000,NA,NA,NA
P15529,280280000,282060000,193070000,111840000,174630000,66814000,97625000,108080000
P15531,2431500000,2367400000,2286700000,4489300000,4645000000,4066100000,2969400000,2575800000
P15559,2471100000,2335700000,3516900000,5489600000,4875300000,5057800000,121990000,115480000
P15880,7491000000,8728200000,7256700000,7126900000,7743300000,7977100000,6304400000,6660800000
P15924,9753900,456550000,114710000,66853000,31361000,77807000,6999000000,7624200000
P15927,541340000,522460000,827410000,714690000,695610000,629090000,586600000,736640000
P15954,145730000,101550000,96589000,268320000,231550000,220510000,431530000,304110000
P16035,24799000,27381000,23379000,68636000,62079000,68058000,40147000,36859000
Q5TD07,207360000,198010000,193300000,531020000,444290000,600260000,101750000,95096000
P16144,NA,NA,NA,NA,NA,NA,196390000,188750000
P16152,7503400000,5489800000,5308900000,4093000000,3571900000,3867100000,2254800000,2211900000
P16188,NA,NA,NA,NA,NA,NA,NA,NA
P16219,NA,NA,NA,NA,NA,NA,NA,NA
P16220,50472000,73102000,51975000,66173000,93534000,64716000,43641000,NA
P16260,NA,NA,NA,NA,NA,NA,NA,NA
P16278,NA,NA,NA,NA,NA,NA,107350000,111890000
P16333,148660000,89237000,56653000,95072000,70846000,89096000,62008000,71900000
P16383,NA,NA,20825000,12213000,13656000,17334000,27995000,NA
P16401,19800000,38778000,NA,59702000,NA,NA,5358000000,2718800000
P16402,9381500000,15549000000,13709000000,19232000000,20829000000,17673000000,7198400000,7228100000
P16403,780990000,708220000,782920000,1131800000,1531200000,1308000000,208580000,181400000
P16435,389030000,339800000,544750000,806210000,760630000,832630000,891920000,839040000
P16455,26791000,NA,NA,39255000,69732000,31628000,56100000,68479000
P16615,2412300000,2179700000,2209900000,2091800000,1983700000,2059300000,4368700000,4420900000
P16930,92803000,23920000,90124000,166170000,116040000,138760000,188160000,205200000
P16949,2348200000,3976200000,3068100000,5236700000,4312000000,5267200000,2532300000,2268500000
P16989,194800000,140250000,125390000,150360000,185830000,146870000,279770000,296920000
P17026,NA,NA,NA,NA,NA,NA,NA,NA
P17050,NA,NA,NA,22863000,30088000,26200000,18384000,NA
P17066,849250000,276500000,451020000,671260000,451510000,573240000,351980000,424880000
P17096,38341000,NA,72150000,90893000,94471000,91589000,78889000,103460000
P17152,24162000,NA,NA,40989000,NA,NA,9640800,11204000
P17174,724480000,522480000,731480000,2147500000,1422700000,2082500000,1265500000,1154800000
P17252,477250000,351730000,600450000,681250000,1263500000,827840000,6396700,NA
P17275,NA,NA,NA,NA,NA,NA,NA,NA
P17301,26373000,NA,59035000,176870000,436550000,227430000,23456000,22266000
P17302,2776100000,3591200000,3155500000,1124600000,1081500000,1274800000,NA,NA
P17480,703890000,896190000,742190000,1139100000,1397000000,1263100000,660430000,593100000
P17535,31061000,34796000,31732000,24682000,32654000,45201000,44675000,28633000
P17544,NA,NA,NA,NA,NA,NA,NA,NA
P17568,NA,37582000,35090000,51913000,68182000,48142000,61622000,51495000
P17612,442230000,389340000,411930000,447230000,480600000,551660000,341560000,407070000
P17655,3412300000,2103400000,2723000000,1339700000,1084800000,1161400000,1330800000,1374600000
P17676,NA,43268000,24587000,73088000,45427000,71543000,104250000,96577000
P17706,207610000,244930000,207750000,165200000,224110000,197460000,310880000,346100000
P17707,NA,NA,NA,NA,15830000,15328000,NA,13257000
P17812,1675600000,1782100000,1687300000,2045900000,2267400000,1837800000,1407400000,1457500000
P17858,1565800000,1781500000,1901500000,1027400000,1173900000,1241500000,685900000,741280000
P17900,17659000,43652000,60575000,185520000,159710000,123080000,NA,38466000
P17931,5869400000,5442500000,6948900000,677500000,580890000,288520000,1682100000,1347500000
P17980,NA,NA,NA,NA,NA,NA,NA,NA
P17987,8909400000,7709300000,6620800000,4806500000,4519900000,4981100000,9736700000,9916200000
P18031,355080000,467210000,447870000,553100000,609550000,522910000,266960000,374740000
P18077,1315300000,2975300000,2766400000,2518500000,2657300000,2176200000,2336000000,2312000000
P18084,237020000,127320000,134990000,89252000,136990000,114630000,208110000,154980000
P18085,469750000,163600000,286130000,211770000,163710000,378590000,159690000,159060000
P18124,5904200000,8633700000,8368400000,7178200000,7378200000,7165300000,6551100000,6303600000
P18206,18559000000,15818000000,15074000000,13829000000,14724000000,15315000000,5070700000,5145800000
P18433,35486000,NA,18972000,26417000,24757000,NA,NA,NA
P18583,633270000,579910000,637410000,535760000,549560000,498670000,515720000,522680000
P18615,79369000,96380000,84927000,74548000,168570000,109460000,90592000,85073000
P18669,12862000000,11388000000,11042000000,10985000000,9012100000,11774000000,6288400000,6652400000
P18754,1397100000,1255200000,1426200000,1772300000,1361400000,1335300000,857220000,858520000
P18858,277110000,249940000,299850000,172520000,206010000,206270000,281170000,324410000
P18859,805370000,437370000,512730000,1178700000,1278300000,1390700000,661860000,603860000
P18887,246430000,215950000,236500000,206310000,243150000,241400000,235770000,256930000
P19021,32481000,29943000,35275000,40674000,45110000,61765000,NA,NA
P19022,224400000,126280000,118740000,NA,NA,NA,NA,NA
P19174,401050000,311570000,311900000,471580000,452860000,490430000,190050000,173390000
P19338,10898000000,17097000000,12981000000,13165000000,11841000000,13784000000,18590000000,19580000000
P19367,3194800000,2724000000,2525200000,2990800000,2794000000,2548000000,4543000000,4114700000
P19387,110140000,60003000,129110000,118640000,117770000,160180000,165690000,94117000
P19388,241830000,306500000,283300000,238550000,293310000,287020000,220900000,235100000
P19447,19202000,NA,NA,11802000,NA,11664000,23333000,25736000
P19474,90452000,NA,64228000,NA,NA,67431000,NA,NA
P19525,1682400000,1284900000,1172800000,521900000,506440000,508290000,768220000,755610000
P19623,1766100000,1620500000,1483200000,1283700000,1019500000,1258100000,906930000,808410000
P19634,53470000,34482000,43460000,25534000,25014000,26382000,33508000,26814000
P19784,259190000,252330000,234740000,283440000,316740000,240340000,573200000,600470000
P19838,173720000,199370000,185250000,160870000,157630000,170730000,47033000,45176000
P19957,NA,NA,NA,NA,NA,NA,NA,NA
P20020,422010000,306720000,278700000,436300000,432180000,366670000,176260000,139100000
P20039,NA,NA,NA,120440000,105310000,290940000,NA,NA
P20042,2667000000,2702800000,2805100000,2812400000,2574500000,2327000000,1904000000,2157000000
P20073,754640000,606070000,802270000,737900000,646400000,670740000,1022400000,1007700000
P20138,NA,NA,NA,13758000,23533000,NA,NA,NA
Q32MN6,NA,NA,NA,NA,NA,NA,NA,NA
P20248,NA,NA,28169000,NA,NA,62193000,NA,14055000
P20290,1489000000,1271300000,1421000000,1496900000,1266500000,1403400000,1317100000,1476000000
P20336,37320000,21918000,29672000,28134000,17167000,NA,NA,NA
P20337,371250000,169540000,114840000,NA,33683000,NA,NA,NA
P20338,NA,550660000,NA,NA,NA,NA,NA,NA
P20339,92401000,72535000,120730000,52887000,49533000,NA,53886000,41356000
P20340,987460000,660930000,816170000,795190000,931150000,776440000,991400000,916090000
P20585,18380000,29745000,16394000,38952000,27962000,29407000,27585000,24402000
P20591,736200000,233770000,1164700000,NA,NA,NA,NA,NA
P20618,1826100000,1241600000,1216600000,1726200000,1500600000,1915500000,1803700000,1480300000
P20645,NA,NA,NA,NA,NA,NA,NA,NA
P20648,NA,NA,NA,NA,NA,NA,NA,55002000
P20674,938340000,878690000,1093700000,2168800000,1980800000,2139500000,2635500000,2724400000
P20700,4755100000,4917200000,5331500000,9549300000,8764000000,9388700000,5072100000,5577600000
P20839,367570000,263060000,182170000,35719000,26729000,23921000,208680000,198470000
P20908,610790000,471890000,396890000,10949000,12041000,18291000,3926300,NA
P20933,NA,NA,NA,NA,NA,NA,28619000,52007000
P20962,346960000,929550000,658850000,449130000,519380000,483600000,125210000,89439000
P21266,1295600000,1309300000,1431700000,1049700000,1254500000,1182900000,3993400000,3416900000
P21281,528830000,456640000,506480000,538060000,548980000,460370000,370220000,348780000
P21283,943810000,922620000,1101700000,921990000,1115800000,943310000,1592300000,1526400000
P21291,1045200000,756740000,679110000,1167900000,1300000000,1047000000,931610000,841640000
P21333,86122000000,71073000000,66690000000,41711000000,45184000000,43389000000,48042000000,52051000000
P21359,6615900,NA,NA,24502000,NA,27329000,81377000,90778000
P21399,359500000,392160000,429830000,523800000,601380000,704810000,695150000,639610000
P21589,314830000,188040000,243970000,179060000,204570000,202200000,228240000,182420000
P21796,6628200000,5473000000,4332400000,7121600000,8109800000,7856800000,8600800000,7625600000
P21912,567560000,587140000,653170000,1015700000,1156300000,1142300000,763470000,593610000
P21953,120250000,41735000,43208000,34136000,NA,59594000,145430000,100820000
P21964,990690000,669650000,987910000,1025900000,1076900000,1317000000,1339900000,1213100000
P22033,81607000,14761000,77546000,205480000,207270000,252270000,390630000,371680000
P22059,314060000,331600000,390430000,325630000,278050000,284840000,474900000,509240000
P22102,5038000000,3978000000,4145500000,3209100000,3228700000,3897800000,4511700000,3906300000
P22234,4015100000,2479500000,3246400000,4179800000,3073600000,3810700000,5227100000,5632700000
P22307,862160000,1096200000,1153600000,1147100000,1234300000,1273400000,1082000000,1312700000
P22314,13940000000,11010000000,11996000000,12844000000,11606000000,14348000000,5592500000,5380600000
P22392,9454800000,8473700000,9812900000,15168000000,12609000000,14038000000,10262000000,9992600000
P22626,14900000000,13576000000,19086000000,14781000000,15473000000,17029000000,22680000000,24932000000
P22670,NA,NA,NA,NA,31132000,30516000,NA,24498000
P22676,NA,NA,NA,23283000,NA,31639000,192130000,195150000
P22681,147070000,111840000,80984000,141220000,166530000,186010000,183290000,150840000
P22695,1470000000,1420200000,1670500000,1971600000,2284200000,2112200000,1546500000,1369600000
P22830,79989000,67802000,84418000,119830000,157870000,137630000,126530000,113610000
P23141,NA,NA,NA,NA,NA,NA,NA,NA
P23229,454350000,456810000,480650000,338960000,236190000,305270000,151770000,152130000
P23246,4916500000,4713700000,4717700000,5840200000,5924100000,6450600000,4238200000,4577100000
P23258,293850000,296120000,254140000,302080000,266700000,325690000,354240000,334660000
P23284,12285000000,10829000000,9812700000,7494000000,7510400000,8529600000,5207800000,4904200000
Q5T7Y5,NA,NA,NA,NA,NA,NA,NA,3627300
P23381,2089300000,1686500000,1796400000,2020200000,1486400000,2008000000,1350400000,1218200000
P23396,9536300000,7885300000,9502600000,8557500000,8737800000,8850000000,6546700000,6595500000
P23434,384260000,197030000,164490000,228910000,260760000,243630000,577090000,467060000
P23443,NA,NA,NA,12180000,NA,NA,NA,NA
P23458,277220000,386570000,426680000,179690000,177590000,244970000,NA,19706000
P23470,NA,NA,NA,NA,16729000,NA,NA,NA
P23497,98262000,90552000,115360000,69325000,69329000,85045000,77009000,84373000
P23511,NA,NA,NA,NA,NA,NA,NA,11277000
P23526,9577400000,9381300000,9140400000,8294300000,8089500000,7235000000,4919500000,5125400000
P23528,25479000000,30970000000,24035000000,19249000000,19587000000,16712000000,27952000000,26133000000
P23634,1022900000,723830000,1027100000,706350000,703030000,562950000,133290000,217930000
P23786,301350000,196450000,279990000,464790000,463600000,493360000,291430000,311940000
P23919,103230000,75586000,99313000,118080000,138980000,198130000,333090000,416930000
P23921,1320000000,1198900000,1239500000,2207700000,1729100000,2290000000,1393300000,1252000000
P24386,28849000,33645000,NA,32654000,18919000,16018000,NA,NA
P24468,13988000,26883000,32989000,27616000,18867000,13881000,NA,NA
P24534,2031100000,2361000000,1927400000,2251400000,2446900000,3361100000,9306700000,8291800000
P24539,855050000,1139500000,995360000,1292900000,1688500000,1718800000,975590000,865170000
P24593,NA,NA,NA,NA,NA,NA,116100000,130410000
P24666,439990000,369580000,398070000,401890000,479120000,409350000,1598800000,1366900000
P24752,2520400000,2183600000,2621400000,4283000000,4779700000,4179800000,2700700000,3190300000
P24844,NA,NA,NA,112310000,133970000,114040000,NA,NA
P24928,601280000,620180000,572280000,589740000,636830000,596270000,450310000,435370000
P25054,NA,NA,NA,8660600,NA,NA,NA,NA
P25092,NA,NA,NA,NA,NA,NA,NA,NA
P25098,NA,NA,NA,11515000,11947000,14763000,NA,10294000
P25116,41789000,31942000,29905000,77555000,94689000,100690000,NA,NA
P25205,683150000,740590000,848410000,2039100000,2346100000,2075600000,1019500000,1014100000
P25208,NA,NA,NA,NA,NA,48316000,60492000,48268000
P25311,NA,NA,30811000,NA,NA,NA,1958700000,1965700000
P25325,340650000,279180000,198250000,208320000,174580000,274660000,210120000,262300000
P25398,7636300000,9982500000,6129100000,6714700000,6938000000,5418100000,5835500000,6740700000
P25445,47531000,62003000,54972000,NA,NA,NA,NA,NA
P25490,152790000,181270000,151510000,141730000,137330000,159460000,120620000,144710000
P25685,1057200000,884500000,821110000,1191200000,1112300000,1231600000,1205100000,1218800000
P25686,NA,NA,NA,NA,NA,NA,18691000,20489000
P25705,7994800000,7106900000,7856000000,11259000000,12062000000,12138000000,8145300000,7842900000
P25786,1977800000,1919800000,2255800000,2281300000,2022100000,2341100000,2336100000,2691600000
P25788,1554400000,1813900000,1738000000,1577300000,1867400000,1637200000,2039100000,1970800000
P25789,2128800000,1684700000,2429000000,1968100000,1915800000,2422100000,3140300000,3495000000
P25815,NA,NA,NA,NA,NA,NA,NA,NA
P26006,109940000,110730000,156020000,NA,NA,NA,29317000,29596000
P26012,NA,NA,NA,NA,NA,NA,NA,16411000
P26038,25616000000,26349000000,25441000000,9249900000,9590700000,9271500000,4916800000,5109800000
P26196,1581000000,1399600000,1355400000,1845000000,1729900000,1890200000,1365600000,1237800000
P26232,170790000,58211000,83855000,130750000,48836000,82672000,NA,NA
P26358,1336500000,1561800000,1522000000,1701800000,1861400000,1674200000,2463200000,2465600000
P26368,2249200000,2099400000,2109000000,1994800000,2464000000,2034100000,2823300000,2856400000
P26373,5223000000,7009100000,5186800000,5387900000,5175500000,5524300000,4211700000,4050800000
P26447,2904000000,5125900000,3683300000,717440000,839530000,703180000,204000000,211510000
P26572,NA,NA,NA,NA,NA,NA,NA,16516000
P26583,1425600000,1537200000,1622500000,2977900000,4294700000,3279500000,2033500000,2371700000
P26639,2186200000,2123400000,2212400000,3512900000,2935500000,2917600000,4330000000,4170300000
P26640,1328000000,1459700000,1409100000,2544300000,2530800000,2356500000,2235100000,2411200000
P26641,3490100000,3047300000,3519800000,4632700000,3852200000,4564000000,9472600000,8655100000
P26885,364650000,268120000,246830000,369440000,362400000,491370000,516260000,591100000
P27105,517850000,381700000,717800000,758090000,864680000,822030000,62744000,42199000
P27144,1181400000,1564800000,878570000,688230000,699610000,823050000,462250000,560400000
P27348,10886000000,8235800000,7018200000,6872500000,5973500000,5767500000,11001000000,11046000000
P27635,5871100000,7421800000,8553200000,6886000000,7543800000,6424000000,4915000000,6238200000
P27658,24906000,29170000,24645000,NA,11360000,15708000,NA,NA
P27694,1418100000,1572600000,1383900000,1749700000,1857100000,2004800000,1090700000,1101500000
P27695,2643400000,2932400000,2741800000,2337400000,2429300000,2305400000,2416000000,2328200000
P27701,12386000,NA,NA,NA,75348000,NA,77313000,NA
P27797,25419000000,15453000000,17720000000,10462000000,9209600000,10959000000,12132000000,12046000000
P27824,4900300000,4160400000,5054200000,7556100000,7162200000,7732700000,8839000000,8747900000
P27986,64124000,58613000,50239000,69565000,65360000,61093000,37414000,29144000
X5D2R7,NA,NA,NA,NA,NA,NA,319450000,286870000
P28066,3966100000,3387000000,3405400000,3132900000,3105200000,3609300000,3964700000,4081100000
P28070,1903000000,1101400000,1291200000,1174700000,1205900000,1162200000,1678800000,1695800000
P28072,799110000,519810000,683190000,800510000,738560000,821080000,591010000,892280000
P28074,991330000,1319600000,997700000,1118700000,974300000,1189100000,1054400000,938910000
P28161,307140000,376890000,239420000,NA,NA,74867000,NA,NA
P28288,145770000,43826000,123420000,147820000,154330000,236450000,317240000,341420000
P28289,NA,NA,NA,NA,NA,NA,NA,NA
P28300,24813000,34126000,29425000,NA,NA,NA,NA,NA
P28331,706730000,591240000,621400000,823010000,953560000,858380000,944310000,914980000
P28340,496430000,326220000,349990000,338030000,357540000,460080000,495490000,492850000
P28482,847820000,621990000,676400000,820130000,869850000,816420000,658040000,817910000
P28799,190510000,161160000,212660000,253180000,335970000,314080000,197870000,233610000
P28838,3469900000,2506000000,2668300000,2259300000,2080400000,2308800000,2147600000,2056800000
P29034,402030000,896890000,448850000,152150000,165120000,143840000,1096500000,786530000
P29083,NA,NA,NA,NA,NA,NA,NA,NA
P29084,128920000,152310000,105340000,91488000,103590000,103460000,84756000,79318000
P29144,574700000,535810000,416850000,675040000,569410000,622930000,587840000,595000000
P29218,420100000,453570000,495060000,368810000,484060000,461240000,73241000,77918000
P29279,390600000,524700000,124990000,481240000,752810000,798340000,NA,NA
P29317,1936900000,1591900000,1238900000,1253100000,839070000,962380000,18248000,15178000
P29350,NA,NA,NA,NA,NA,NA,NA,15456000
P29353,130870000,97776000,167690000,141670000,155030000,218560000,NA,39749000
P29372,NA,NA,NA,NA,NA,NA,13033000,NA
P29373,NA,NA,NA,NA,NA,NA,1877900000,1307800000
P29374,NA,NA,NA,NA,NA,NA,3438000,NA
P29401,10053000000,10220000000,12693000000,11104000000,10222000000,9963100000,21684000000,21291000000
P29590,443120000,389580000,310500000,164090000,176760000,127290000,171300000,168770000
P29966,2030700000,1790600000,1831400000,2021200000,2024700000,2493200000,1736200000,2154600000
P29992,502240000,336110000,414250000,331560000,348170000,276180000,166590000,154430000
P30038,86524000,133700000,112840000,120990000,142010000,121500000,624430000,514340000
P30040,1183200000,1217500000,1533200000,2031700000,1619100000,1976800000,2555800000,2478500000
P30041,3604700000,3652700000,4379800000,3254200000,3152300000,3597400000,7426400000,7265200000
P30043,1268900000,928380000,925390000,901400000,1006700000,954780000,730260000,811430000
P30044,1769400000,1618600000,1774000000,2058100000,2351800000,2452300000,4351600000,4314200000
P30046,2702800000,1376100000,2056200000,2330400000,2133800000,3095700000,1530700000,1408600000
P30048,2454000000,2167200000,2215800000,2291300000,2314100000,2528300000,2421200000,2570400000
P30049,NA,NA,78577000,NA,125050000,113860000,118020000,132300000
P30050,5634700000,7007500000,5988300000,4644100000,5500900000,3783600000,4608200000,4105300000
P30084,1443700000,1299400000,1565200000,1715100000,1998300000,2036000000,4562100000,4335400000
P30085,2200200000,2017500000,1661800000,1904400000,1862200000,2127400000,1211300000,1046300000
P30086,5809500000,5349900000,5599500000,5996700000,6648500000,7121600000,9755700000,9645700000
P30101,19568000000,18572000000,17420000000,6541600000,6972600000,7444400000,10613000000,10023000000
P30153,4975900000,4444000000,4657600000,4530900000,4217300000,4713000000,4348000000,4180100000
P30154,172360000,167230000,178780000,198970000,207280000,223080000,162600000,172640000
P30260,110870000,103390000,132080000,188370000,150790000,182690000,77551000,63449000
P30405,466190000,539060000,461030000,313880000,328300000,321540000,930780000,864430000
P30414,NA,32401000,41695000,NA,34402000,19261000,20368000,38361000
P30419,698870000,621900000,632160000,667620000,846030000,658500000,738710000,765370000
P30447,41668000,55773000,40990000,88769000,129520000,21929000,296240000,292870000
P30504,NA,NA,NA,NA,NA,NA,NA,12868000
P30519,410080000,751840000,616400000,421300000,640030000,663860000,68538000,NA
P30520,810720000,643100000,896610000,494230000,476880000,454620000,957180000,915470000
P30530,261590000,240460000,218550000,106770000,113290000,101490000,NA,NA
P30533,1265300000,988720000,1448500000,502300000,558280000,456160000,189170000,219430000
P30622,486010000,569390000,487830000,785570000,749390000,799870000,432410000,424640000
P30711,NA,NA,NA,39792000,42001000,64949000,NA,NA
P30740,NA,10518000,7139800,NA,NA,5681200,3037500000,3352900000
Q5JR49,NA,NA,NA,NA,NA,NA,NA,NA
P30837,606400000,624520000,762980000,352690000,463190000,409770000,323280000,365650000
P31040,871130000,1021200000,1206600000,1590400000,1805600000,1567600000,1777500000,2012900000
P31146,NA,36682000,34585000,24634000,33160000,56577000,NA,40717000
P31150,2974400000,2643800000,2122100000,1720200000,1373000000,1630000000,4078000000,3428800000
P31151,NA,NA,NA,NA,NA,NA,35430000,40241000
P31153,1698900000,2244800000,2154900000,2261900000,2270600000,2747500000,2822500000,2667200000
P31321,NA,NA,NA,NA,NA,NA,40001000,31553000
P31323,64436000,59497000,77966000,52225000,59087000,21440000,15325000,20236000
P31350,198000000,241500000,171850000,227550000,273100000,315280000,496600000,432540000
P31431,27926000,23084000,15104000,22466000,NA,31418000,12325000,NA
P31689,2060300000,2096500000,1762100000,1574500000,2117900000,1877700000,1837200000,1857500000
P31749,46043000,NA,49800000,34885000,43367000,42536000,31003000,37413000
P31751,40021000,17262000,26183000,32748000,29003000,32832000,24818000,NA
P31930,1555900000,1150800000,1280700000,1656100000,1616300000,1801000000,1180100000,1157100000
P31937,265000000,201870000,239470000,455490000,481810000,684960000,1168900000,1112500000
P31939,4611200000,3449200000,3845400000,5808900000,5220700000,5623300000,6781400000,7367400000
P31942,505240000,699280000,724120000,716720000,709940000,843180000,882600000,959570000
P31944,NA,NA,NA,NA,NA,27940000,948050000,854030000
P31946,5619100000,6278700000,6932800000,5709000000,5131000000,5107200000,8268700000,8344900000
P31947,558880000,1058400000,1376400000,1365400000,944580000,1077000000,8821700000,8563600000
P31948,6078900000,6897400000,6224900000,7869900000,6668700000,7250500000,9913000000,10423000000
P31949,10648000000,5888400000,8020300000,4706200000,3304400000,3939200000,9044300000,7923900000
P32004,NA,NA,NA,NA,NA,NA,24951000,21483000
P32119,2683800000,2742300000,3207400000,6495000000,6548000000,6682200000,9150900000,8456300000
P32121,NA,NA,NA,18998000,NA,NA,15038000,13111000
P32321,236030000,199660000,140560000,211420000,180990000,222420000,207820000,204260000
P32322,356230000,315810000,339800000,199960000,206340000,203410000,178910000,274820000
P32455,136210000,154610000,157700000,335450000,395270000,335920000,69142000,89342000
P32456,NA,NA,21062000,115230000,143620000,192040000,28286000,NA
P32780,NA,NA,15506000,NA,16729000,NA,13392000,14830000
P32969,4690300000,4488000000,4482900000,3650300000,3776000000,4202200000,3942300000,3329000000
P33121,164780000,188130000,155510000,292360000,367630000,329090000,636490000,785300000
P33176,2673300000,2876400000,2681500000,2677800000,3104300000,2391400000,2269000000,2466600000
P33240,462060000,497950000,660520000,577450000,582960000,672110000,374370000,397490000
P33316,540730000,637640000,705980000,231290000,193320000,103170000,843730000,979490000
P33552,93338000,112220000,119910000,68176000,68671000,89720000,112210000,122330000
P33764,NA,NA,NA,NA,NA,NA,67842000,38855000
P33897,NA,NA,4560000,NA,NA,NA,18267000,NA
P33908,72651000,33617000,47716000,NA,NA,21533000,NA,34003000
P33981,150220000,280290000,166600000,107380000,117580000,151100000,381240000,356150000
P33991,1624700000,1557400000,1798500000,2483000000,2856400000,2929200000,1590600000,1782500000
P33992,782420000,914290000,986320000,2380500000,2590800000,2207900000,1120200000,1163800000
P33993,1039900000,945650000,1009400000,1596800000,1788300000,2091200000,1091100000,1097500000
P34059,NA,NA,NA,NA,NA,NA,38196000,31507000
P34896,318630000,297110000,312000000,239760000,251390000,293570000,341770000,281450000
P34897,1955000000,2250400000,1865600000,2424600000,2117600000,2365000000,2382500000,2253300000
P34932,6636300000,5173100000,6008900000,7697400000,6965400000,7310200000,10544000000,10191000000
P34949,514990000,377610000,447260000,609990000,476620000,482240000,186200000,148050000
P35080,132820000,130150000,89516000,86072000,53108000,NA,54345000,70979000
P35219,NA,NA,NA,138110000,NA,47245000,NA,NA
P35221,4505700000,3784900000,4236500000,3306100000,3129400000,3397200000,53946000,45427000
P35222,1104000000,937110000,924470000,761190000,749000000,921490000,795790000,925070000
P35232,2132500000,1607200000,2265800000,3189400000,2992400000,3292900000,2719600000,2869500000
P35237,1076400000,802200000,875390000,1326700000,1253800000,1701000000,1579200000,1737200000
P35240,NA,NA,18285000,35525000,32641000,35606000,46900000,39014000
P35241,1638900000,1909200000,1807100000,2939400000,2832600000,2614200000,985220000,908700000
P35244,738970000,498410000,457850000,698890000,613530000,994530000,592580000,536820000
P35249,335180000,310520000,333690000,357110000,319220000,384700000,392280000,418960000
P35250,228600000,253780000,269710000,329480000,377710000,366750000,356880000,356910000
P35251,95949000,90836000,70641000,77673000,111840000,107870000,74602000,101340000
P35268,3055500000,4828300000,3901700000,3336400000,3907900000,3823500000,3663700000,3179200000
P35269,110430000,116590000,94930000,91329000,113060000,101330000,144380000,145010000
P35270,34950000,44449000,16122000,NA,NA,NA,212520000,220210000
P35367,279800000,251380000,NA,NA,NA,NA,NA,NA
P35555,47200000,43734000,91511000,27925000,NA,NA,17236000,NA
P35573,134050000,144320000,129440000,200720000,141040000,255840000,453220000,493410000
P35579,28156000000,27097000000,23152000000,35986000000,42212000000,37280000000,56317000000,59872000000
P35580,3127800000,2620100000,2399000000,1621500000,1676800000,1808600000,1339700000,1413700000
P35606,2889700000,2460300000,2464700000,1954200000,1884900000,1735100000,1799000000,1689500000
P35609,NA,NA,NA,NA,NA,NA,NA,NA
P35610,345770000,206670000,365960000,304080000,235340000,265580000,62784000,88501000
P35612,58077000,34746000,NA,NA,NA,NA,NA,NA
P35625,1632900000,1805500000,816200000,233110000,438100000,1021400000,70614000,62360000
P35658,706410000,583150000,634200000,521490000,703750000,584050000,501660000,482710000
P35659,1238500000,1696400000,1215300000,2135500000,1909700000,1840500000,1659100000,1671400000
P35749,NA,NA,NA,NA,NA,NA,NA,NA
P35754,201420000,147100000,185490000,190810000,165630000,182870000,87402000,99602000
P35813,118110000,137830000,99258000,102720000,143090000,104520000,69972000,113190000
P35869,27519000,34578000,27853000,50550000,42020000,43482000,103550000,82761000
P35914,191020000,123220000,179420000,295410000,353340000,433870000,156340000,146280000
P35998,2573300000,2176300000,2164000000,2340200000,2393400000,2406800000,2363800000,2302900000
V9GYD0,68779000,NA,NA,46420000,33971000,54565000,45163000,NA
P36405,281190000,277780000,247350000,239350000,229430000,356770000,429970000,466500000
P36507,535030000,524080000,479350000,523890000,554810000,629440000,755880000,787240000
P36542,1056000000,1322700000,1347900000,1907200000,1936600000,2047900000,1490500000,1725700000
P36543,515360000,610130000,738540000,675440000,756550000,667360000,1084800000,986190000
P36551,218220000,277030000,246510000,289530000,297440000,280900000,574780000,555390000
P36578,10264000000,14466000000,13532000000,12472000000,13084000000,12280000000,10113000000,11040000000
P36639,118410000,101430000,188450000,169430000,134650000,222200000,401230000,299420000
P36871,4523800000,4166700000,4140200000,3310600000,2710700000,3447500000,1537500000,1430200000
P36915,170660000,182160000,186590000,317170000,254380000,281270000,481650000,506100000
P36952,5879800000,4785500000,4022700000,438560000,357830000,216780000,176310000,146950000
P36954,30355000,46978000,38826000,27354000,NA,NA,28478000,NA
P36957,519700000,584650000,746750000,732640000,771830000,805770000,737270000,786240000
P36959,NA,NA,NA,NA,NA,NA,54488000,69955000
P37108,924240000,1175800000,1517500000,1170300000,1359300000,1406000000,1957500000,2289500000
P37173,23049000,34564000,46304000,20268000,NA,NA,NA,NA
P37198,643150000,625670000,519460000,384930000,376520000,447440000,441300000,409050000
P37235,192650000,218420000,244350000,153980000,175360000,148130000,287840000,330200000
P37268,618020000,515630000,279280000,937370000,585350000,813920000,380450000,366830000
P37275,NA,42389000,25841000,21188000,33002000,27999000,NA,NA
P37802,18585000000,13894000000,12326000000,9249300000,9288600000,11555000000,16827000000,16161000000
P37837,1680800000,2399200000,2431000000,2677900000,3134300000,2504500000,3808600000,3797100000
P38117,728810000,559390000,539520000,1156200000,1128300000,1147300000,1394100000,1440000000
P38159,1801900000,1878600000,2105300000,1952800000,2088500000,2001400000,1905900000,1895900000
P38432,24862000,47508000,35438000,61172000,64329000,21578000,42945000,40370000
P38606,1047400000,869630000,1188900000,1130500000,986030000,1278300000,2125500000,1737400000
P38646,13119000000,12580000000,13784000000,20953000000,18024000000,17911000000,17244000000,17046000000
P38919,1966700000,1861400000,1770300000,2513500000,2586600000,2628300000,4863700000,5023000000
P38935,NA,NA,NA,NA,NA,NA,NA,NA
P39019,6099000000,6771700000,6586300000,6533600000,5996000000,5498900000,4280700000,4408100000
P39023,10021000000,12287000000,12322000000,10610000000,11125000000,9789000000,9179500000,9728100000
P39748,1769600000,2069100000,1687500000,3151600000,3166200000,2942700000,2441500000,2324000000
P39880,32617000,29850000,19907000,345620000,430370000,355040000,64959000,58753000
P40121,7062900000,7169700000,7993300000,4907400000,3416800000,3665700000,2212100000,1622200000
P40123,493440000,487870000,439980000,788440000,801890000,716030000,477710000,475190000
P40189,113210000,140850000,122980000,112610000,107290000,103080000,NA,NA
P40222,517800000,809360000,581890000,725370000,787820000,653320000,579600000,595620000
P40227,6599400000,6615400000,6889000000,4178600000,4355200000,4734600000,11650000000,12962000000
P40261,496240000,453470000,321680000,1469200000,952680000,929450000,270940000,437260000
P40306,NA,NA,8898500,NA,NA,NA,NA,32109000
P40425,NA,NA,NA,NA,NA,NA,NA,NA
P40429,4481600000,6384700000,5566800000,4977200000,5614800000,5348600000,4570600000,4274400000
P40763,906610000,634530000,678980000,549150000,571330000,535620000,1623600000,1506500000
P40818,85227000,68108000,84678000,52579000,78874000,83498000,43823000,50241000
P40855,104740000,118310000,173200000,90426000,105910000,89578000,218780000,186200000
P40925,3669200000,4302100000,3271800000,4863000000,4743200000,4708700000,4489300000,4852000000
P40926,7733400000,7946800000,8081500000,17918000000,17356000000,17410000000,9167500000,8200000000
P40937,237790000,238460000,264640000,320780000,383140000,398550000,394840000,349880000
P40938,218390000,206630000,260380000,263950000,361910000,319100000,330750000,304010000
P40939,3051700000,2703900000,2679000000,3064200000,3026300000,3514200000,7128800000,7176000000
P41091,4814100000,4661900000,4395400000,4108900000,4290800000,4089700000,2790000000,3068500000
P41208,81340000,64162000,94073000,105040000,85341000,70870000,75808000,68743000
P41212,NA,NA,NA,NA,NA,NA,NA,NA
P41214,NA,NA,NA,NA,NA,NA,NA,NA
P41221,NA,NA,NA,NA,NA,38606000,NA,NA
P41223,407900000,447350000,282540000,419890000,411800000,361270000,472570000,414790000
P41226,NA,NA,NA,NA,NA,NA,NA,NA
P41227,912660000,832860000,762220000,846710000,888930000,785940000,898180000,967800000
P41229,40349000,41170000,19090000,29324000,39426000,25701000,NA,NA
P41240,252710000,229530000,201820000,246810000,250840000,223440000,226700000,204960000
P41250,3196300000,3000100000,3880900000,3228700000,2670800000,2604700000,5505800000,5406300000
P41252,2457800000,1961700000,1868600000,2787800000,2313700000,2455300000,1630500000,1655700000
P41440,37925000,46795000,43928000,NA,NA,NA,NA,NA
P41743,63653000,80618000,71314000,71514000,61721000,57658000,191310000,243120000
P42025,41540000,120790000,58611000,131290000,83101000,36645000,54343000,146690000
P42126,89264000,91564000,95919000,381080000,526500000,264980000,696280000,872590000
P42166,2396000000,2227300000,1951400000,2917200000,3448700000,3372600000,2570600000,2825800000
P42167,644450000,664450000,770340000,820290000,959720000,1037800000,1061800000,1274700000
P42224,3127600000,2320100000,2541000000,1619700000,1420400000,1455600000,1580700000,1686000000
P42285,886280000,840560000,746560000,860060000,1012400000,823430000,913310000,913300000
P42330,1066400000,762580000,1008400000,NA,NA,NA,3449300000,3061200000
P42345,145420000,102950000,98526000,152580000,119670000,139750000,120760000,110810000
P42356,NA,NA,NA,NA,NA,9451900,NA,NA
P42566,232720000,233580000,205150000,209730000,207900000,200010000,261680000,253130000
P42574,417220000,350120000,214910000,241810000,251710000,244010000,408990000,356200000
P42575,54455000,32106000,42319000,NA,12514000,31082000,85696000,68567000
P42677,692800000,773730000,590970000,406720000,550860000,840250000,281160000,414530000
P42695,73658000,45479000,47898000,80049000,63678000,86374000,109450000,99141000
P42696,43968000,104400000,136880000,173130000,206620000,177810000,216940000,247310000
P42704,4751200000,4587000000,4795900000,5423500000,5304100000,6280900000,11167000000,10692000000
P42765,1055800000,868250000,898230000,911390000,982540000,921420000,1136900000,1302700000
P42766,2560400000,3600900000,3097400000,3424800000,4819500000,2404100000,2530800000,2695500000
P42771,195200000,90506000,215120000,103390000,98209000,90314000,69987000,77297000
P42773,125370000,164250000,197480000,193620000,178270000,137460000,NA,NA
P42785,NA,NA,NA,NA,NA,NA,90707000,129740000
P42858,NA,NA,NA,NA,NA,NA,17033000,17532000
P42892,775670000,646250000,741850000,766430000,567900000,569010000,123260000,95625000
P43007,NA,NA,NA,NA,38896000,41883000,14726000,12544000
P43034,1891400000,1944500000,1825700000,1845700000,2040100000,1855700000,1135900000,1160200000
P43121,NA,NA,NA,NA,NA,NA,NA,NA
P43155,198610000,137940000,151650000,205610000,198490000,169680000,49182000,61609000
P43246,557660000,623180000,645000000,863290000,773050000,983180000,914330000,957080000
P43304,1459100000,1406900000,1322400000,1258600000,1294600000,1311600000,1057100000,1003500000
P43307,242560000,183780000,281010000,239960000,280650000,277090000,371240000,452890000
P43355,72564000,67422000,48311000,73989000,80556000,72628000,NA,NA
P43357,NA,NA,NA,NA,NA,NA,54406000,60419000
P43358,NA,NA,NA,15841000,13219000,NA,NA,NA
P43360,NA,NA,NA,NA,NA,NA,NA,NA
P43363,NA,NA,NA,98317000,104620000,183660000,NA,NA
P43405,NA,NA,NA,NA,NA,NA,45045000,36756000
P43487,1480400000,1308600000,1316000000,2129600000,1649700000,1688700000,2353600000,2464700000
P43490,1551700000,1322700000,1192300000,3167100000,2537900000,3065300000,2609100000,2375800000
P43686,2159300000,2011700000,2300300000,1958700000,1861000000,2161500000,2211600000,2095300000
P43897,632360000,613810000,684380000,695390000,732630000,593940000,771170000,776750000
P45877,110610000,96926000,56057000,NA,NA,NA,218380000,225060000
P45880,NA,10343000,17780000,8090100,NA,NA,10531000000,10282000000
P45954,68027000,47857000,93578000,26076000,106890000,91385000,245370000,167820000
P45973,792260000,606850000,687290000,760020000,742870000,816210000,869670000,859790000
P45974,1499700000,1547000000,1407300000,1624100000,1507900000,1570000000,1427800000,1356500000
P45983,NA,NA,23442000,32925000,40305000,51215000,22415000,26262000
P45984,26968000,42579000,NA,76826000,93484000,46159000,140730000,116060000
P45985,234920000,106180000,140250000,68593000,69254000,119680000,73703000,69933000
P46013,1403700000,1522100000,1449400000,2289200000,2456800000,2313900000,2124600000,2206900000
P46019,28064000,NA,58121000,NA,42736000,29641000,NA,22246000
P46060,1782700000,2031700000,1845200000,1933800000,1833300000,1676900000,1891500000,1750000000
P46063,1804600000,1670800000,1819700000,1675700000,1686100000,1474000000,841980000,783400000
P46087,761180000,897650000,760640000,741360000,852300000,923960000,951480000,924360000
P46100,52940000,55727000,77645000,84542000,126780000,80846000,60073000,55338000
P46108,302380000,215420000,155690000,158560000,182660000,136910000,72563000,56136000
P46109,142720000,126260000,87586000,192800000,207300000,229830000,93100000,96459000
P46199,NA,NA,11047000,11096000,NA,25126000,16147000,17728000
P46459,1204100000,1527200000,1420900000,2315000000,2307300000,2282100000,1066500000,1026300000
P46734,294680000,278030000,258260000,312020000,422840000,382350000,120590000,153540000
P46776,2578000000,3427100000,3222900000,2895200000,3635200000,3509100000,2429500000,2556800000
P46777,7570900000,10983000000,10301000000,8941400000,9285000000,8897100000,7541900000,7731700000
P46778,2919800000,4540300000,4431000000,2951200000,3347300000,3124100000,2224200000,2965200000
P46779,3003100000,3656600000,4410600000,3542100000,4005200000,3604400000,2345400000,2331400000
P46782,3449600000,2999300000,3215900000,2973200000,2881500000,3133200000,3007900000,2563800000
P46783,1554900000,1892100000,1714300000,1626200000,1500600000,1711300000,1336600000,1294300000
P46821,2763800000,2666600000,1640600000,3207800000,2757800000,2371900000,17619000,9320600
P46926,697830000,672410000,887010000,880080000,784550000,1060600000,576750000,626920000
P46937,128100000,161230000,171360000,182820000,213140000,181560000,222930000,188740000
P46939,542030000,477420000,461420000,322720000,348050000,247990000,272440000,276380000
P46940,10363000000,7719300000,8764200000,5425400000,5837900000,5124400000,6488900000,6029300000
P46976,175750000,214430000,248880000,332010000,367660000,293870000,256980000,256740000
P46977,265040000,206860000,456150000,329520000,336530000,442100000,418490000,351710000
P47224,337870000,373080000,263600000,239810000,264420000,217220000,90714000,97448000
P47712,209980000,240080000,487880000,30547000,9059600,14606000,NA,4703300
P47755,331520000,206850000,373390000,223970000,151010000,199870000,566050000,490450000
P47756,2660200000,2101800000,1986200000,2044800000,1936800000,2401400000,3050500000,2741500000
P47813,667120000,770120000,733000000,670970000,562200000,559370000,568540000,413290000
P47895,91733000,114470000,132030000,62947000,71367000,74989000,10256000000,10364000000
P47897,1552400000,1384900000,1607400000,1578700000,1581000000,1703800000,1733500000,1711600000
P47914,1552800000,3071900000,3462300000,2665000000,3224700000,2097900000,2140800000,2065300000
P47974,NA,12872000,NA,NA,NA,NA,NA,NA
P47985,774930000,562300000,728270000,821970000,754220000,644890000,463680000,418310000
P48029,NA,NA,8880400,NA,NA,NA,NA,NA
P48047,826840000,1207700000,1123400000,1664100000,2054500000,1845500000,1014600000,1032200000
P48059,238820000,272630000,174800000,346470000,432780000,416650000,315910000,337580000
P48060,56535000,31767000,27282000,42191000,41601000,40034000,NA,NA
P48147,1175300000,919770000,779790000,1151400000,1158200000,1236500000,1364700000,1289200000
P48163,NA,12772000,NA,NA,NA,NA,1106800000,862470000
P48382,13443000,NA,22781000,39316000,41292000,32485000,20226000,NA
P48426,90319000,59060000,93791000,81762000,100210000,195020000,30671000,34163000
P48436,61915000,49425000,NA,111310000,124140000,95164000,80990000,85283000
P48444,1531300000,1634600000,1875400000,1282900000,1115800000,1211500000,1093200000,1237900000
P48449,242310000,95762000,242080000,97945000,61478000,167460000,92169000,105000000
P48506,70369000,49412000,49122000,204650000,254740000,241660000,214200000,166140000
P48507,686940000,706010000,529620000,518120000,438540000,345550000,602570000,634860000
R4GMR5,804020000,692250000,687720000,861130000,734590000,837960000,850640000,805140000
P48634,227420000,202700000,217080000,288790000,335230000,296480000,297340000,375890000
P48637,665330000,466760000,620370000,742550000,674900000,705100000,667760000,604460000
P48643,7710400000,8171400000,7536800000,6016800000,6435500000,6246900000,10862000000,10543000000
P48651,NA,NA,30537000,NA,NA,NA,NA,NA
P48723,88628000,79021000,63339000,93293000,105440000,162770000,66580000,56841000
P48729,127250000,121350000,126950000,156770000,217640000,226100000,231880000,227530000
P48735,876960000,734720000,672560000,1553100000,2109100000,2745900000,2672800000,2452200000
P48739,631030000,663410000,609280000,872160000,1091700000,927420000,627420000,586290000
P48960,NA,NA,NA,NA,NA,NA,59226000,33952000
P49006,615940000,458210000,503050000,640930000,965790000,595770000,520470000,716260000
P49069,NA,NA,NA,NA,NA,NA,NA,NA
P49116,NA,NA,NA,NA,NA,NA,NA,NA
P49137,25630000,27014000,17557000,28006000,35581000,29731000,NA,25969000
P49189,1630600000,1326800000,1570000000,504480000,576660000,400560000,1112800000,1133700000
P49207,1601900000,3653600000,3192200000,2328900000,2459800000,2059200000,2038900000,1841900000
P49247,38002000,24545000,28080000,NA,30800000,30438000,105510000,71815000
P49257,2512800000,1952300000,1739700000,1159000000,1208100000,1088700000,349720000,510880000
P49321,2249300000,2286900000,2748100000,2961800000,3205000000,3402200000,1653500000,1835400000
P49327,7741700000,6382000000,6845600000,8128800000,6065300000,8951800000,10304000000,10460000000
P49354,114240000,141710000,126440000,84304000,114380000,106610000,86393000,90819000
P49366,211080000,146710000,214430000,132180000,133140000,152770000,145930000,157780000
P49368,9308000000,9310600000,9076200000,6316600000,5388500000,6321700000,13923000000,13465000000
P49406,20311000,40617000,47052000,59009000,50359000,96907000,92245000,86623000
P49407,NA,NA,NA,66032000,121250000,90283000,186720000,187960000
P49411,4204700000,3349800000,4445300000,5861200000,6439600000,6323500000,5417400000,5246200000
P49427,27120000,44312000,51701000,48968000,65603000,45818000,31276000,37265000
P49454,228280000,311030000,257500000,203820000,238170000,181660000,98253000,44027000
P49458,552760000,1483400000,1331200000,867080000,1439300000,571250000,2160200000,1920200000
P49588,5654100000,4147200000,5284700000,8629200000,6274700000,8215900000,4892800000,5052200000
P49589,812190000,763740000,752330000,1269600000,1205200000,1322200000,885740000,894630000
P49590,203980000,160930000,219820000,319740000,427140000,443190000,248280000,290840000
Q5T5C7,2902500000,2603500000,2402300000,2642500000,2165600000,2193600000,2400900000,2254300000
P49593,86342000,72236000,155520000,86137000,118160000,151480000,41083000,94841000
P49642,28220000,45907000,47215000,59856000,62995000,47335000,40473000,41851000
P49643,79540000,27407000,57609000,108880000,89618000,118670000,77113000,57412000
P49662,NA,NA,NA,31137000,35015000,22630000,29019000,17456000
P49711,171730000,174510000,156270000,307820000,364790000,271480000,184010000,220720000
P49720,1260100000,901100000,1010900000,922830000,775520000,1158400000,1554000000,1358100000
P49721,437010000,465550000,501100000,764950000,601780000,762140000,763090000,701180000
P49736,885800000,913920000,956660000,1489600000,1673900000,1562700000,850880000,867800000
P49748,3982900000,2885800000,4157700000,2671200000,2754200000,2739000000,3636000000,3734700000
P49755,1495800000,1566100000,1155600000,1342100000,1282100000,1709800000,939640000,960270000
P49756,466180000,695260000,664920000,545190000,692050000,562050000,496230000,498840000
P49757,74813000,86311000,74473000,41584000,NA,NA,106030000,105170000
P49770,303510000,351160000,319380000,184670000,241080000,253730000,178080000,147750000
P49773,4512800000,3630900000,5078400000,6383000000,5373400000,5771600000,6218600000,6120800000
P49788,NA,NA,NA,NA,NA,NA,251600000,241800000
P49789,NA,NA,NA,NA,NA,NA,NA,NA
P49790,516360000,612130000,502980000,742430000,824500000,866670000,774670000,879790000
P49792,1452400000,1426400000,1429100000,1337900000,1562500000,1262000000,1603200000,1707100000
P49841,395840000,309770000,297150000,225930000,257400000,252520000,451680000,365650000
P49902,390560000,264060000,252040000,161650000,191910000,159320000,614920000,648220000
P49903,504390000,458850000,397910000,622130000,602760000,563650000,653000000,634600000
P49914,84460000,NA,68484000,65761000,46032000,55128000,37081000,53087000
P49915,2110500000,2154400000,1923400000,2307700000,2461000000,2850300000,3165600000,3091900000
P49916,124080000,162690000,115130000,137770000,157470000,155370000,106250000,105670000
P49917,25477000,NA,29000000,34396000,17543000,32562000,31729000,33134000
P49959,233640000,240640000,257370000,380420000,429680000,388670000,483070000,498630000
P50135,NA,NA,NA,NA,NA,NA,36328000,42240000
P50148,27265000,33638000,NA,NA,NA,NA,18791000,NA
P50151,NA,NA,NA,41588000,45011000,58498000,66787000,72891000
P50213,577110000,595830000,854540000,997680000,1161100000,1272300000,1387900000,983970000
P50281,3056600000,2398300000,3343800000,822480000,705080000,842690000,31039000,16929000
P50395,9518300000,7605000000,7895000000,8740100000,7598500000,8326500000,13662000000,12988000000
P50402,635870000,459670000,641180000,371880000,414160000,393430000,728580000,1023300000
P50416,157780000,133870000,136630000,151620000,141970000,141850000,187620000,191500000
P50443,NA,NA,55630000,74416000,55386000,97929000,55447000,81375000
P50452,NA,NA,13916000,NA,NA,NA,16762000,13152000
P50454,27328000000,25626000000,21544000000,13420000000,12665000000,14961000000,3253400000,3046100000
P50502,2360500000,2385900000,2088100000,3015000000,3183400000,4165700000,2526800000,2597200000
P50542,NA,NA,NA,NA,NA,NA,NA,NA
P50552,818670000,749450000,753840000,628250000,520330000,515320000,922730000,959360000
P50570,1131600000,1207200000,1370900000,1507800000,1382100000,1523700000,2130000000,2099500000
P50579,856740000,1003600000,1013800000,440690000,585380000,407840000,1433400000,1718300000
P50583,235200000,153020000,119470000,141490000,110110000,130780000,58307000,NA
P50747,46067000,41404000,29246000,19862000,42049000,48300000,11863000,NA
P50748,NA,NA,16898000,18956000,19859000,17229000,8762600,15575000
P50750,52728000,71776000,69988000,96841000,116690000,143760000,45477000,53207000
P50895,NA,NA,29464000,18283000,NA,NA,272610000,177980000
P50914,3181500000,3513000000,3442700000,3368300000,3560600000,3401600000,3170100000,2987300000
P50990,11078000000,10937000000,10781000000,7776700000,8025500000,7132700000,13173000000,13903000000
P50991,8414800000,7865700000,7809200000,6355800000,5758800000,5630200000,11385000000,10923000000
P50995,672090000,761520000,707270000,446720000,574900000,525720000,864150000,903380000
P51116,422410000,366350000,311790000,250470000,226140000,198580000,157350000,160210000
P51148,1040200000,844160000,689490000,936400000,629130000,848150000,754220000,758150000
P51149,2887500000,2684900000,2500400000,3006700000,2404600000,3125500000,2289600000,2427500000
P51151,108980000,79104000,105370000,89883000,71943000,103920000,46393000,47874000
P51153,390380000,297680000,360930000,286510000,266270000,353080000,247120000,233520000
P51397,11450000,50392000,46075000,53934000,59464000,42036000,86882000,86830000
P51398,436390000,307230000,384010000,464590000,511430000,501220000,571050000,544970000
P51452,235750000,265450000,182480000,169810000,175600000,295300000,200970000,152580000
Q9HBD4,385480000,435780000,524230000,633130000,921030000,717710000,642110000,694910000
P51553,165170000,281250000,328900000,315740000,372120000,365800000,333440000,293720000
P51570,524950000,433130000,594860000,394340000,395580000,474220000,279970000,343460000
P51571,861530000,706650000,615120000,422670000,383180000,504340000,481730000,452020000
P51572,2677600000,3880900000,3765600000,1568300000,2107000000,1549600000,3925900000,4674100000
P51580,97069000,104150000,84009000,156850000,153090000,143920000,215600000,222500000
P51608,126190000,144220000,143370000,102130000,112600000,103400000,163390000,213600000
P51648,126380000,160790000,213940000,40330000,115520000,77422000,564560000,548840000
P51649,4582600,21404000,9507000,434880000,391980000,265040000,854750000,694450000
P51659,1600900000,1601200000,1530000000,2265800000,2096500000,2134500000,2823500000,2961000000
P51665,1005400000,1177900000,1031200000,1363600000,1063600000,1118600000,1068700000,1236100000
P51687,NA,NA,NA,NA,NA,NA,NA,NA
P51692,58853000,67761000,75942000,179290000,156020000,254730000,54976000,68618000
P51798,NA,NA,27997000,NA,NA,NA,NA,NA
P51809,137310000,67926000,71030000,44595000,56057000,38746000,145220000,131660000
P51812,401430000,438170000,358330000,357840000,368450000,380540000,162990000,173910000
P51857,214720000,148380000,402100000,22096000,35309000,NA,278440000,289450000
P51858,2968700000,2489500000,2761000000,3548800000,3725900000,3453900000,3871600000,3720200000
P51884,295600000,320120000,346510000,NA,20299000,NA,NA,NA
P51946,NA,60667000,17928000,NA,46801000,23436000,28074000,22666000
P51948,69799000,NA,37550000,47503000,48399000,38108000,105650000,82135000
P51970,167670000,240680000,259210000,398060000,333230000,323220000,405720000,438980000
P51991,7392200000,9063000000,9300100000,8852300000,10176000000,9501400000,9505900000,8654200000
P52209,4785500000,3480200000,4014600000,6515000000,6992200000,6687800000,4177500000,3222900000
P52272,10390000000,10456000000,11265000000,14124000000,14941000000,14338000000,13301000000,12672000000
P52292,830790000,766810000,725100000,1642900000,1514100000,1962300000,1127700000,1065700000
P52294,355010000,358810000,342810000,225750000,249700000,300230000,292740000,236870000
P52298,36775000,34435000,37041000,26818000,35448000,25956000,36282000,33177000
P52306,261240000,213940000,261420000,254470000,228310000,303430000,134890000,147290000
P52565,4905400000,6390800000,4703400000,5670500000,4797500000,5144900000,5636500000,4559400000
P52566,1333200000,1212600000,1007300000,NA,NA,NA,374480000,508290000
P52594,264180000,332320000,222560000,256910000,334200000,258600000,438040000,519860000
P52597,2964000000,3254400000,2657000000,2840400000,2885300000,3761700000,3894000000,3709200000
P52655,56810000,NA,NA,34448000,48824000,70093000,NA,NA
P52701,678010000,487850000,545560000,768270000,626100000,744450000,1007000000,831490000
P52732,293760000,371860000,298320000,411050000,444420000,455290000,287480000,298100000
P52735,NA,NA,NA,NA,30936000,NA,21913000,NA
P52756,14633000,19688000,NA,NA,33304000,28214000,13267000,27785000
P52758,116010000,113980000,93670000,39362000,81209000,74170000,115430000,130830000
P52788,1497400000,1263600000,1407600000,715270000,584840000,756050000,828740000,831230000
P52789,1405900000,1487300000,1296200000,1158900000,1126900000,1072000000,539940000,527790000
P52888,533680000,761200000,638410000,869430000,889550000,797460000,476150000,513390000
P52895,98788000,155850000,128910000,11950000,NA,11765000,1654200000,1617000000
P52907,2913500000,2470800000,2505300000,2281500000,2390000000,2111200000,2204100000,2148400000
P52943,1216600000,845170000,1204400000,1008800000,2162700000,1496400000,82240000,88191000
P52948,547810000,415430000,392400000,407090000,407790000,389890000,247850000,276210000
P53004,535960000,486840000,361540000,438800000,521730000,531680000,402700000,408010000
P53007,198490000,191280000,327570000,373360000,397550000,556370000,161040000,222480000
P53041,871650000,825130000,829130000,812210000,966420000,667020000,1077600000,1004100000
P53350,42306000,50270000,50187000,72452000,82955000,45734000,57957000,79019000
P53367,182570000,182670000,248160000,248590000,210460000,250360000,264060000,228810000
P53384,71941000,46306000,90709000,97082000,88053000,108940000,126510000,118630000
P53396,5094200000,5106000000,4754800000,4978100000,4224400000,5439900000,3440700000,3501500000
P53567,NA,NA,NA,NA,13849000,NA,NA,15518000
P53582,604480000,557340000,579080000,689000000,505560000,420560000,323110000,341270000
P53597,253930000,356490000,469100000,570360000,707640000,622950000,441390000,410150000
P53602,28602000,20087000,89540000,406940000,234280000,411360000,681680000,803700000
P53611,72937000,70997000,64891000,52489000,49515000,45681000,100180000,134270000
P53618,3053000000,2330400000,2172000000,1740600000,1751100000,1732100000,1972800000,1722500000
P53621,4478000000,4313100000,4080300000,3357500000,3056900000,3448000000,3159500000,3034600000
P53634,30507000,NA,NA,NA,NA,NA,425010000,394910000
X6R390,171420000,110940000,103010000,93325000,85489000,98401000,97802000,114510000
P53701,445980000,497680000,549810000,714330000,689740000,806610000,435710000,495930000
P53794,14746000,NA,32310000,18063000,35186000,53137000,NA,10869000
P53803,62164000,81738000,72030000,101350000,108710000,70882000,190130000,179100000
P53804,NA,NA,NA,NA,NA,NA,NA,NA
P53814,20582000,NA,NA,NA,NA,26400000,NA,NA
P53985,481470000,276660000,508250000,271350000,641580000,304970000,205450000,255700000
P53990,287080000,202200000,280350000,289750000,437960000,394810000,192520000,226880000
P53992,429060000,407220000,392970000,556250000,638990000,557010000,497440000,508900000
P53999,1534800000,2057900000,1696700000,2196200000,2290400000,2568500000,3867200000,3192700000
P54136,3302900000,3524300000,3314400000,5062700000,4816800000,4837200000,5346500000,5129800000
P54289,NA,NA,NA,126810000,136380000,109410000,85348000,NA
P54577,2668400000,3201800000,2627200000,4856600000,4862200000,4647300000,2737200000,2631500000
P54578,3411000000,3281300000,2834600000,2564900000,2254400000,2551600000,5978000000,4765200000
P54619,70457000,50021000,74400000,107050000,99146000,135980000,63698000,67880000
P54652,564810000,373130000,513560000,419500000,460480000,397030000,250630000,217030000
P54707,NA,NA,NA,NA,NA,NA,NA,NA
P54709,646140000,652090000,649360000,295320000,386870000,379180000,779040000,754020000
P54725,359360000,344180000,303600000,519550000,508860000,487620000,587170000,493940000
P54727,1075500000,1014100000,747700000,719200000,746410000,527380000,821650000,717280000
Q96L35,17256000,NA,25851000,31824000,26994000,34033000,13116000,NA
P54886,2321800000,2584200000,2429700000,1418600000,1420100000,1290900000,1483700000,1576400000
P54920,2182300000,1664800000,1651600000,1162300000,1047600000,1127400000,1422000000,1281500000
P55010,1402200000,2108700000,1909900000,1097700000,1318700000,1045800000,2422100000,2277100000
P55011,339260000,319700000,302640000,493680000,557490000,536500000,442110000,339570000
Q5VWC4,730280000,661090000,587930000,648910000,479730000,447450000,648540000,641110000
P55039,190720000,167800000,135400000,192710000,213320000,198720000,231450000,208450000
P55060,3053000000,3504100000,4560500000,4257200000,4319100000,5275800000,5049100000,4455300000
P55072,13403000000,10763000000,10522000000,12718000000,10224000000,13656000000,7466600000,6923500000
P55081,100030000,148560000,197300000,112480000,172220000,112400000,128670000,151780000
P55084,1887200000,1612100000,1670500000,2223300000,2450800000,2253400000,4548400000,4758800000
P55199,14969000,15993000,NA,11067000,NA,NA,13177000,NA
P55212,43688000,33702000,27864000,25636000,NA,31111000,67288000,56250000
P55263,613790000,463040000,557210000,453160000,621300000,624490000,1495800000,1559700000
P55265,2500000000,2156800000,2258900000,1834200000,2417400000,2249100000,1283600000,1334200000
P55268,5266500,NA,59697000,NA,NA,NA,NA,NA
P55285,NA,NA,NA,NA,NA,11556000,NA,NA
P55327,985320000,975750000,646080000,702910000,599140000,572900000,1025500000,1267900000
P55735,1065900000,1218000000,1207700000,780910000,632130000,807670000,636500000,590430000
P55769,1140300000,1315500000,1013700000,1362900000,2090700000,1899300000,1839800000,1697900000
P55789,NA,NA,NA,NA,NA,NA,NA,NA
P55795,380730000,265220000,424940000,343920000,382770000,627960000,147750000,93504000
P55809,411890000,422600000,461750000,1042900000,1175400000,1159400000,645980000,625590000
P55884,2294200000,1783100000,1653300000,2066900000,1926900000,2022400000,2666300000,2961300000
P55957,NA,NA,NA,NA,NA,NA,NA,150960000
P56134,25157000,NA,32317000,73085000,79725000,97229000,38302000,42991000
P56181,47388000,NA,NA,NA,NA,33541000,NA,NA
P56182,134900000,121810000,114210000,173090000,171860000,139550000,159130000,183360000
P56192,1519600000,1135200000,1374300000,1898400000,1738100000,2203900000,2703300000,2808200000
P56199,NA,NA,NA,36726000,47608000,41124000,NA,NA
P56270,49601000,77572000,96985000,115290000,110260000,99761000,45456000,53305000
P56277,55782000,71969000,113410000,79403000,102180000,69668000,54227000,75913000
P56377,NA,NA,26310000,NA,13403000,32367000,NA,NA
P56381,109130000,208950000,136780000,278620000,186950000,274010000,169430000,170540000
P56385,543730000,431690000,518280000,679990000,637560000,617930000,457130000,473520000
P56524,NA,NA,NA,NA,NA,25211000,NA,NA
P56537,970980000,455550000,635090000,535910000,539570000,629730000,926470000,972770000
Q5SQP8,433420000,445530000,389840000,276870000,239780000,240280000,310260000,278850000
P56559,NA,NA,NA,NA,NA,NA,NA,NA
P56589,172310000,91079000,96030000,88573000,65944000,95667000,334530000,316500000
P56937,22966000,NA,NA,NA,NA,NA,37741000,35957000
P56945,239590000,284330000,211830000,250690000,267730000,249440000,141340000,161600000
P56962,NA,NA,NA,NA,NA,NA,NA,NA
P57076,118170000,138430000,197440000,105000000,132840000,133430000,120190000,119580000
P57078,NA,NA,NA,NA,NA,NA,NA,NA
P57081,23694000,47760000,50254000,49229000,59728000,38833000,31487000,24763000
P57740,378350000,251770000,227970000,309010000,272110000,330310000,281010000,211690000
P57772,79853000,NA,61583000,82761000,85230000,82667000,126930000,109640000
P58511,NA,NA,NA,NA,NA,NA,NA,NA
P58546,1170000000,890180000,961940000,589580000,623200000,750390000,1097000000,1091300000
P58557,41690000,NA,30514000,51718000,45433000,51448000,142990000,274880000
P59768,499040000,366760000,195070000,379240000,303040000,335040000,NA,NA
P60059,243510000,135720000,203100000,197350000,102800000,183500000,497650000,373650000
P60174,33060000000,30326000000,27572000000,28655000000,25143000000,27444000000,8204300000,9647100000
P60228,1616000000,1477200000,1633100000,1647800000,1728600000,1731500000,1436800000,1315900000
P60468,54905000,116590000,99604000,41278000,60476000,56746000,34240000,NA
P60520,295020000,215360000,217120000,333710000,251070000,376060000,278900000,333630000
P60602,431870000,424270000,499700000,356390000,708090000,280340000,527290000,408310000
P60604,101690000,96466000,75547000,29438000,42530000,57262000,52299000,41047000
P60709,6221900000,NA,NA,NA,NA,2208000000,4123200000,6469400000
P60842,18484000000,16090000000,15142000000,16686000000,14388000000,14894000000,15150000000,12800000000
P60866,4444100000,6092600000,5495200000,4857400000,6080900000,4769200000,3354800000,3439700000
P60880,NA,NA,NA,NA,NA,NA,NA,NA
P60891,1960300000,1779300000,2015600000,1374000000,1298000000,1518700000,1023000000,975100000
P60903,3368800000,4512600000,4725500000,3479900000,3950200000,3767800000,5562700000,4723500000
P60953,1881600000,1629800000,1127600000,1944900000,1343400000,1440600000,1603200000,1526300000
P60981,4623600000,4973000000,4886100000,6128200000,6391400000,6987700000,6255000000,5852300000
P60983,823170000,417620000,474390000,227010000,307090000,232630000,488810000,502720000
P61006,212090000,228660000,333990000,230150000,233620000,229830000,294960000,340120000
P61009,221920000,288560000,282710000,235620000,282660000,158980000,263380000,429140000
P61011,1315200000,1069600000,1038000000,1022400000,961710000,999820000,1288700000,1274300000
P61019,2487400000,1641100000,1462800000,1207000000,1258900000,1346300000,549190000,620490000
P61020,128890000,106490000,122810000,104300000,94211000,123510000,80085000,74904000
P61024,236260000,187210000,233440000,210880000,166700000,144440000,261510000,334790000
P61026,468350000,322170000,469740000,407500000,376320000,333630000,686380000,801540000
P61081,697470000,827230000,903160000,965940000,920610000,1017200000,1164200000,1592800000
P61086,317910000,255700000,292740000,203680000,219620000,177860000,394210000,377470000
P61088,1013800000,903290000,717340000,1326600000,1480900000,1773000000,1527800000,1580200000
P61106,855750000,609560000,445660000,503160000,409150000,510290000,417190000,393310000
P61129,53095000,250090000,472010000,216370000,262960000,103910000,221820000,181400000
P61158,3450700000,3220600000,2922800000,2173100000,2177800000,1878400000,2862400000,2846100000
P61160,2908000000,2565100000,2788200000,1772800000,2161300000,2153200000,2717200000,2517700000
P61163,1795800000,1257000000,1721400000,1323100000,1215800000,1716200000,1365000000,1246400000
P61201,811210000,781780000,862330000,1048100000,1152500000,1227100000,593870000,580290000
P61204,NA,NA,NA,NA,NA,NA,NA,NA
P61221,1612700000,1836600000,1453300000,1584800000,1552100000,1747500000,1953100000,1883900000
P61224,402700000,404030000,438440000,195990000,293290000,260780000,207600000,418180000
P61225,NA,NA,NA,NA,36141000,42268000,NA,NA
P61247,8399200000,12583000000,10979000000,10986000000,10270000000,9772500000,8268600000,8040000000
P61254,2905900000,4031500000,3825600000,3691000000,3953900000,3736800000,2775100000,2874200000
P61289,813010000,680380000,942470000,954040000,787620000,816390000,847050000,847390000
P61313,3268600000,4704100000,4963900000,4314800000,4134700000,4406300000,3102100000,3338300000
P61326,1084900000,732370000,689770000,1112300000,709760000,1006400000,831710000,918830000
P61353,3653800000,5154400000,4100900000,4068100000,4584700000,3013800000,2920200000,2810100000
P61457,NA,75490000,99113000,133350000,120530000,94768000,317560000,250540000
P61513,1320600000,2283500000,1905400000,1676700000,2331600000,2258400000,1322400000,1656800000
P61586,2991000000,2929300000,2475500000,2511800000,2401600000,2462200000,2439100000,2521500000
Q53RZ3,NA,NA,31807000,NA,NA,NA,39305000,32441000
P61601,26150000,19991000,22178000,NA,NA,NA,NA,NA
P61604,1769700000,2850300000,3788100000,3292300000,3111000000,3226200000,4746300000,4682700000
P61758,293140000,395610000,472250000,381010000,438850000,480560000,597800000,609790000
P61769,1188200000,926780000,1574800000,428790000,429940000,295980000,775420000,681380000
P61812,62516000,NA,NA,38970000,48509000,44867000,61302000,51788000
P61916,580500000,474620000,449210000,148990000,133770000,281990000,398270000,411390000
P61927,209970000,635930000,635440000,277780000,342740000,353370000,268960000,424080000
P61952,28174000,25858000,16125000,355930000,472310000,316770000,NA,NA
P61956,865920000,1098300000,1437000000,1411300000,1969000000,1384300000,2942400000,2816000000
P61960,492420000,331340000,278470000,357460000,302060000,287620000,761560000,917050000
P61962,NA,NA,NA,NA,NA,40385000,NA,36307000
P61964,174610000,149520000,95825000,139280000,133400000,143250000,119280000,103710000
P61966,NA,NA,32407000,43086000,37830000,57282000,74157000,69761000
P61970,1865500000,1227800000,1295600000,1713100000,1639400000,2617600000,2574100000,2097200000
P61978,12873000000,8960900000,9434900000,10635000000,10001000000,12356000000,9115200000,9047500000
P61981,5054800000,7037500000,5795000000,7435300000,7208400000,6248900000,4470100000,4546900000
P62070,128710000,104310000,109510000,79885000,76675000,53113000,85457000,75041000
P62072,352840000,376310000,420480000,541780000,619850000,510420000,379970000,410500000
P62081,6366500000,6805000000,9294200000,7465900000,7315900000,6680300000,7179800000,6292800000
P62136,847650000,604360000,653450000,663390000,668960000,755580000,900000000,662610000
P62140,2637600000,1913000000,2043700000,2605900000,2185000000,2520000000,3003700000,2924600000
P62166,40696000,32828000,27019000,31171000,29519000,23818000,8976900,15997000
P62191,2195300000,1806700000,1718300000,1910700000,1796700000,1754500000,1632900000,1725100000
P62195,1759600000,2601200000,1924100000,2126500000,1992000000,2099200000,2031700000,2109000000
P62241,10921000000,11113000000,9006300000,9043100000,9574100000,9460000000,6817400000,6415500000
P62244,3691600000,5474900000,6236500000,6519400000,6017700000,3465300000,4675800000,4927600000
P62249,4019000000,5763200000,4431500000,3570000000,3915600000,4166200000,2881100000,3173800000
P62253,233110000,280450000,257480000,153820000,162410000,118430000,68090000,96326000
P62256,152680000,148270000,143390000,29420000,62341000,24338000,344140000,324300000
P62258,16613000000,18347000000,16673000000,15659000000,14842000000,13852000000,13198000000,14184000000
P62263,4891300000,5372300000,5064900000,4774200000,5220400000,4245400000,3949300000,3574700000
P62266,2178600000,4063100000,4684300000,2692600000,4131000000,3313200000,3336200000,3120200000
P62269,5114400000,5763800000,6573000000,6769700000,5577800000,5252400000,3902300000,4522600000
P62273,837190000,1747500000,2142400000,961410000,2056100000,1378000000,1363600000,1572800000
P62277,5287300000,4063800000,4553600000,4655900000,4265000000,4250500000,3949400000,3749400000
P62280,4640000000,7304700000,7192600000,6459100000,6793000000,5760400000,4614800000,4973500000
P62304,107350000,182260000,104270000,110260000,82443000,109620000,174760000,118790000
P62306,278700000,341110000,476900000,491620000,569640000,633940000,531230000,632500000
P62310,68361000,NA,42937000,NA,51369000,64183000,74257000,75950000
P62312,111150000,126150000,186180000,80372000,202250000,57321000,168780000,164380000
P62314,1255700000,1594200000,1622500000,1827000000,1895200000,1996800000,1521600000,1728600000
P62316,2424300000,2298900000,2939400000,3352300000,3671800000,2878800000,3319000000,2823300000
P62318,768070000,747900000,1131000000,977490000,835780000,1409300000,1749900000,1369400000
P62328,4004100000,30165000000,7601200000,3393600000,3227700000,2254000000,3606200000,3800400000
P62330,726050000,335020000,453060000,226940000,205750000,248980000,90409000,111580000
P62380,74702000,76217000,86565000,88427000,79396000,54348000,59319000,79659000
P62424,5886400000,7715100000,7744600000,6514400000,7758900000,6462400000,5506900000,5577400000
P62487,74891000,NA,77985000,82952000,93967000,94745000,82878000,72327000
P62491,86531000,15542000,3131500,10311000,NA,NA,10383000,NA
P62495,1743800000,1770300000,1289300000,1778500000,1550800000,1720800000,2537400000,2351400000
P62633,1106500000,1638000000,1577600000,1270000000,1526300000,1107300000,2236200000,2735100000
P62699,NA,NA,NA,NA,NA,NA,NA,NA
P62701,10215000000,11747000000,13170000000,11731000000,13261000000,11436000000,8887400000,9151900000
P62714,297280000,264230000,244590000,316040000,225970000,272390000,224560000,338520000
P62736,19168000000,18768000000,16114000000,8708500000,10153000000,11284000000,15322000000,12106000000
P62745,48794000,169210000,58375000,42711000,35541000,27448000,NA,NA
P62750,4113200000,6764100000,3516200000,3998300000,4296300000,3666800000,2888200000,2527100000
P62753,5657200000,7529400000,6986500000,7128100000,7296200000,7191600000,5385400000,5194100000
P62760,51936000,42873000,92263000,NA,NA,NA,39776000,44758000
P62805,35655000000,36866000000,35147000000,45634000000,45786000000,47206000000,31563000000,31132000000
P62820,1998000000,1931700000,1898900000,1668200000,1624700000,1566800000,2149700000,2515900000
P62826,8244800000,8955300000,10154000000,13937000000,12903000000,13315000000,10572000000,10100000000
P62829,5008600000,4962400000,5383500000,5500700000,5073300000,5123600000,5207500000,4392100000
P62834,1487600000,1328100000,1235400000,1213900000,1362500000,1240500000,1029500000,1002600000
P62851,1962300000,2897000000,3009200000,2740500000,3424800000,3325800000,2332200000,2441800000
P62854,2167000000,1729800000,2433000000,1711300000,1755600000,1742400000,1286500000,1138700000
P62857,3332200000,3451200000,2565700000,2131600000,2609100000,3529900000,1858000000,2128700000
P62861,460870000,756540000,516830000,654310000,725910000,663410000,406260000,357920000
P62873,1986100000,1471700000,1789400000,2120900000,1801200000,1591800000,1344200000,1306800000
P62875,114600000,256670000,176570000,152330000,229100000,190940000,262960000,212670000
P62877,432750000,645850000,437710000,364220000,559280000,461490000,437570000,436220000
P62879,1368800000,1192100000,1186400000,1508200000,1626200000,1681700000,2202000000,2085200000
P62888,5585100000,6299500000,3518600000,3697200000,3640600000,3196500000,3140800000,3044100000
Q59GN2,503580000,1635400000,793620000,663900000,1309500000,556670000,324460000,185720000
P62899,2717400000,3876100000,3979400000,3209200000,3358900000,2937500000,2754500000,3257800000
P62906,6165800000,7305200000,6096000000,5045900000,6850700000,5184900000,4113000000,3750100000
P62913,2850400000,7489300000,6514200000,4072100000,5252800000,3929200000,5024800000,4323800000
P62917,7212500000,7737900000,6671500000,6482500000,6911500000,5690900000,4787500000,4485500000
P62937,26851000000,28076000000,20431000000,26995000000,24166000000,25549000000,54119000000,45356000000
P62942,4261300000,2952300000,3615300000,2714000000,2154000000,3154100000,1349400000,1318700000
P62979,9861500000,10151000000,6783500000,8006800000,6469800000,6639600000,5475100000,5869600000
P62987,NA,8145600,38567000,10642000,29304000,25692000,39500000,24177000
P62993,137780000,167660000,191080000,247280000,209260000,229260000,206450000,281360000
P62995,243880000,151640000,311800000,317600000,258890000,258410000,159850000,284330000
P63000,1793000000,1826000000,2502000000,1731100000,2160000000,2199800000,2024300000,2252100000
P63010,1330500000,1154800000,1271900000,1085400000,933630000,1100100000,698380000,670030000
P63092,267920000,331080000,240900000,474720000,394540000,568350000,125300000,162350000
P63096,33162000,NA,39516000,79858000,100910000,78580000,18674000,39632000
P63104,19410000000,17144000000,15766000000,15328000000,11878000000,13080000000,26056000000,28196000000
P63151,672010000,419180000,492630000,510720000,536280000,356090000,282850000,333160000
P63167,1014900000,990080000,1067400000,1406700000,1082100000,1031000000,993410000,1043600000
P63172,335220000,226100000,220990000,335660000,376760000,335010000,317720000,358440000
P63173,763200000,1340200000,997620000,815060000,859360000,733260000,804220000,785540000
P63208,1380600000,1356800000,1199900000,1618600000,1486600000,1317400000,2503200000,2639500000
P63218,175760000,187110000,246800000,553350000,383510000,481860000,1388700000,1459700000
Q8WVC2,5331500000,5662900000,4588100000,4427100000,5075000000,4292000000,3716800000,3549100000
P63241,14473000000,11951000000,8083500000,6995300000,6248500000,5728900000,6363700000,6205000000
P63244,7542600000,6650900000,7429300000,6818800000,7414600000,8848400000,6098700000,5632700000
P63261,1.3864E+11,1.2176E+11,1.0013E+11,93809000000,82338000000,84384000000,94400000000,1.0302E+11
P63272,25296000,NA,40917000,24858000,53378000,NA,21850000,61767000
P63279,1126400000,836700000,835170000,1238700000,1395200000,1159300000,2503300000,2601000000
P63313,12192000000,12074000000,5595200000,4495800000,4066100000,NA,4091600000,4134600000
P67809,4774400000,4376100000,5752700000,5028400000,6301600000,5700100000,1998800000,2659400000
Q5SRQ6,634390000,582120000,581810000,764520000,677010000,795740000,895780000,761460000
P67936,15519000000,17939000000,15951000000,13240000000,15282000000,11617000000,9029900000,8568100000
P68032,NA,NA,NA,NA,NA,NA,NA,NA
P68036,733770000,537970000,755610000,885480000,911210000,1106600000,854290000,754140000
P68104,48053000000,47670000000,44852000000,46689000000,43742000000,47533000000,67082000000,66689000000
P68366,4706100000,6091700000,3049600000,4811100000,3735000000,6113600000,2912500000,3073700000
P68371,41683000000,38580000000,45011000000,46371000000,38998000000,46108000000,37029000000,33490000000
P68402,395780000,302740000,634240000,598230000,553660000,762730000,685000000,699230000
P68431,16471000000,22054000000,22523000000,29224000000,32139000000,34478000000,27487000000,29144000000
P78310,NA,34824000,13304000,NA,11390000,24505000,91833000,66553000
P78316,149030000,128860000,81271000,104650000,104240000,101160000,113480000,131880000
P78318,184560000,291060000,268210000,217640000,190340000,218290000,139770000,168330000
P78324,NA,NA,NA,NA,NA,NA,NA,17365000
P78330,210340000,91625000,169740000,59986000,73998000,73120000,3375500000,3083900000
P78344,1223500000,1256600000,1150700000,1485300000,1507400000,1329700000,2084100000,2044600000
P78345,24301000,NA,23221000,19554000,23402000,11579000,23144000,NA
P78346,73536000,93192000,94844000,108970000,115280000,98772000,118230000,122730000
P78347,1013500000,993870000,983860000,1501600000,1707200000,1848900000,1562300000,1467600000
P78356,25904000,NA,NA,NA,NA,31277000,NA,NA
P78357,29661000,NA,25397000,NA,NA,NA,NA,NA
P78362,154460000,136760000,114860000,231400000,221550000,141590000,59827000,69612000
P78369,NA,NA,NA,NA,NA,NA,NA,NA
P78371,8445500000,7263100000,6969900000,5079000000,4546100000,5856100000,10435000000,10224000000
P78406,503610000,479240000,449450000,498960000,451000000,472270000,368970000,391250000
P78417,1918400000,2033100000,2325800000,2396700000,2548000000,2149400000,1796000000,1989200000
P78504,125490000,118330000,78118000,124290000,79863000,168270000,NA,NA
P78527,12904000000,10862000000,12261000000,15596000000,16429000000,19097000000,7609500000,7909800000
P78536,50852000,51431000,45491000,30933000,42123000,31695000,38953000,43692000
P78540,49020000,NA,NA,NA,NA,NA,111070000,101250000
P78549,NA,NA,NA,NA,6846400,NA,17251000,NA
P78560,NA,NA,NA,NA,NA,NA,NA,6661400
P79522,NA,NA,NA,NA,NA,6493900,NA,NA
X6R8F3,NA,NA,NA,NA,NA,NA,245940000,255120000
P80217,86026000,84582000,137850000,49267000,27325000,NA,119470000,148500000
P80297,NA,NA,NA,NA,31747000,NA,8646300,NA
P80723,1037100000,3518200000,5321300000,4097400000,5186400000,1491600000,NA,NA
P81605,NA,NA,NA,NA,28440000,NA,29544000,24327000
P82094,106360000,132580000,108170000,71928000,61032000,59973000,65923000,81467000
P82663,215220000,221830000,214490000,256250000,224630000,170810000,274910000,281310000
P82664,160230000,179140000,108730000,178790000,213150000,157440000,222960000,226670000
P82673,94393000,140650000,126400000,112270000,162830000,95001000,173570000,198150000
P82675,101830000,153650000,207620000,195970000,203270000,142390000,284770000,265140000
P82909,60575000,NA,30875000,51743000,31688000,63329000,54932000,84928000
P82912,38099000,55484000,88980000,59331000,71536000,63497000,67804000,69180000
P82914,86801000,153630000,132220000,178690000,147740000,145030000,150010000,195460000
P82932,68206000,98328000,146420000,129190000,238860000,185340000,155900000,186380000
P82933,153340000,149190000,154170000,162560000,206450000,172660000,247390000,230670000
P82970,64981000,48581000,91070000,NA,NA,NA,54446000,73189000
P82979,558560000,568120000,718190000,593560000,843100000,778320000,631380000,807950000
P83111,218110000,261810000,215390000,158170000,168220000,151390000,98002000,92055000
P83731,3383900000,3661700000,3573700000,3272800000,3849400000,3721100000,3056200000,3075200000
P83876,17987000,59687000,73753000,48386000,67315000,34597000,63528000,NA
P83916,231630000,216950000,198620000,282620000,354310000,376680000,147120000,174350000
P84077,1613100000,376120000,559630000,498820000,339160000,607100000,545900000,577480000
P84085,196740000,78293000,119840000,67055000,69750000,70758000,233590000,349230000
P84090,1202200000,1696500000,1934900000,1719300000,2107700000,1542800000,2059800000,2550200000
P84095,574330000,451170000,479120000,339760000,329310000,310850000,168410000,159910000
P84098,4872000000,6710200000,8259500000,6191500000,7560600000,6202400000,4927800000,4804900000
P84101,11790000,128530000,58542000,24302000,28556000,NA,85245000,42678000
P84103,1659300000,1177300000,1241600000,1885300000,1827400000,2496300000,1368100000,1264100000
P84157,NA,NA,NA,NA,NA,NA,NA,NA
P85037,72975000,81296000,105290000,133640000,113560000,157620000,118920000,115910000
P86791,19276000,72206000,45405000,67188000,93257000,60848000,66198000,50267000
P98082,239920000,297140000,209230000,398870000,522130000,417260000,147050000,172660000
P98155,79395000,71772000,60063000,NA,NA,NA,NA,NA
P98170,47548000,31956000,42210000,NA,16752000,NA,12421000,22563000
P98179,2974800000,2141000000,3019200000,2330100000,2192400000,2252800000,772270000,842410000
Q00059,292340000,429270000,468710000,472860000,561550000,427110000,1027900000,1008000000
Q00169,333830000,326170000,303890000,305070000,300820000,280620000,187940000,184750000
Q00325,NA,NA,NA,NA,NA,NA,NA,NA
Q00403,139500000,140270000,130430000,96761000,135890000,128360000,108390000,103820000
Q00534,81863000,93711000,79867000,249820000,220830000,161570000,NA,23466000
Q00535,144790000,143500000,166320000,109520000,126430000,151880000,261880000,262020000
Q00577,188300000,182260000,129610000,229680000,270240000,181270000,189310000,235110000
Q00587,NA,NA,NA,NA,NA,NA,NA,NA
Q00653,151300000,106070000,72748000,23034000,42816000,24847000,55959000,47466000
Q00688,2471000000,2022300000,1866600000,1321800000,1106200000,1450500000,1528100000,1282500000
Q00765,311170000,378630000,379830000,486930000,517910000,576060000,971370000,1096300000
Q00796,461410000,382160000,368600000,225320000,258510000,167260000,338380000,282170000
Q00839,10976000000,12525000000,13333000000,14518000000,16132000000,17537000000,12667000000,11971000000
Q01082,6183500000,4942400000,4418600000,5761900000,4406000000,5442200000,2848000000,2898600000
Q01085,365820000,378890000,398720000,455870000,496730000,470310000,442880000,385500000
Q01105,2552800000,2062800000,2620400000,2121800000,1626100000,2695200000,2844700000,2457800000
Q01167,NA,NA,NA,13371000,12254000,NA,17786000,16768000
Q01459,NA,NA,NA,NA,NA,NA,NA,NA
Q01518,10703000000,10406000000,14515000000,11214000000,10787000000,12474000000,5098200000,5054600000
Q01581,725470000,612530000,423640000,2432800000,1535900000,2363400000,814080000,844350000
Q01628,1073700000,372890000,798780000,158850000,133500000,304020000,129260000,205040000
Q01650,41034000,120610000,101870000,298260000,369880000,123880000,506140000,459390000
Q01658,633840000,459290000,390350000,447360000,344510000,456870000,290890000,255720000
Q01780,257300000,245840000,256770000,372790000,322530000,328470000,333270000,348160000
Q01804,59457000,36461000,28019000,60380000,53341000,62534000,35298000,43786000
Q01813,6621200000,6850700000,5158500000,7121700000,5837900000,7582000000,4842100000,5452100000
Q01831,55670000,63090000,47726000,80216000,67306000,34923000,NA,NA
Q01968,163980000,166130000,130380000,85551000,129840000,76290000,78983000,64821000
Q01970,174330000,123960000,159630000,124950000,110990000,162150000,234580000,286740000
Q01995,1233000000,1506800000,494790000,6033300000,15851000000,10163000000,19819000,21372000
Q02040,97742000,81587000,151890000,129950000,145160000,175730000,NA,45796000
Q02078,27111000,25084000,14511000,46565000,NA,46617000,NA,NA
Q02218,942100000,879870000,884250000,1168000000,1068400000,1165900000,1734900000,1769300000
Q02252,NA,NA,NA,32606000,47382000,66406000,104680000,105070000
Q02318,NA,NA,NA,NA,NA,NA,40587000,49535000
Q02338,NA,NA,NA,NA,NA,NA,NA,NA
Q02446,NA,NA,NA,NA,NA,NA,NA,NA
Q02487,NA,NA,NA,NA,NA,NA,111010000,104800000
Q02535,NA,NA,NA,NA,24129000,32352000,NA,NA
Q02539,NA,NA,NA,3647300,NA,35884000,1238000000,1195700000
Q02543,3102900000,3960600000,4199700000,3419500000,3873300000,3160300000,2932100000,3192400000
Q02750,436970000,525080000,542750000,427730000,533590000,480480000,393590000,424590000
Q02790,3354800000,4296000000,4249300000,4295600000,4140100000,3494700000,2173000000,2223100000
Q02809,3584200000,2685000000,3762300000,1358900000,1284700000,1559000000,373180000,365590000
Q02818,688460000,593280000,533640000,833490000,1038800000,1096300000,333870000,331220000
Q02878,5841200000,7148300000,7512000000,6739600000,7991800000,6455400000,5591000000,6894500000
Q02880,480220000,424100000,432920000,395060000,483820000,476270000,256370000,303320000
Q02978,450150000,501660000,610120000,819300000,773910000,723770000,552350000,559420000
Q03001,464120000,371330000,325620000,533170000,629740000,742060000,137800000,125210000
Q03135,6334100000,5806600000,4921700000,2038000000,1887000000,1791300000,474760000,489490000
Q03154,38361000,NA,48387000,96246000,166420000,122420000,116540000,107510000
Q03164,14541000,45579000,NA,13370000,15922000,27485000,20568000,19437000
Q03252,1882800000,1937000000,1934300000,2261300000,2700200000,2772100000,1455000000,1529200000
Q03393,27411000,24654000,34632000,37062000,46011000,31001000,246040000,246370000
Q03426,208320000,178430000,141250000,143320000,109860000,124510000,184610000,160310000
Q03701,520940000,457860000,427620000,524080000,503570000,470240000,594950000,580990000
Q04446,1537800000,1342300000,1461300000,1117400000,909150000,1041900000,421340000,381140000
Q04656,NA,NA,NA,NA,NA,NA,NA,NA
Q04721,62444000,93961000,89412000,34708000,20232000,40836000,39675000,51384000
Q04724,85319000,51854000,42833000,58130000,57873000,58633000,NA,39189000
Q04760,1021600000,1339300000,1168200000,1873600000,1727800000,1756700000,1673700000,1904100000
Q04771,51679000,85784000,NA,29908000,NA,NA,NA,NA
Q04828,5256500000,3770300000,5630700000,398190000,391560000,362540000,8880500000,7051800000
Q04837,596520000,367520000,720510000,324110000,353610000,445860000,1946200000,1942200000
Q04864,NA,12788000,NA,14423000,NA,NA,NA,NA
Q04917,3840300000,3594500000,3187100000,4711000000,4819500000,3973700000,4659200000,5048000000
Q04941,NA,NA,NA,NA,NA,NA,NA,NA
Q05048,300560000,390900000,286470000,321020000,405530000,392790000,159760000,196990000
Q05209,30732000,55433000,65270000,69782000,78758000,74161000,68699000,71302000
Q05397,411460000,261380000,337220000,215980000,196360000,216210000,80396000,74196000
Q05519,258780000,266580000,245450000,267750000,333460000,345180000,234250000,279540000
Q05639,111210000,101720000,89945000,983670000,655220000,520650000,148270000,176200000
Q05655,NA,NA,NA,NA,31367000,15020000,NA,28461000
Q05D32,24508000,32311000,24755000,15577000,20797000,NA,17206000,NA
Q06124,374330000,382750000,405100000,580180000,542990000,530100000,586700000,687420000
Q06203,215020000,192470000,126160000,109470000,128410000,133110000,343730000,322970000
Q06210,1101500000,950220000,1103200000,785400000,753450000,877020000,880810000,951000000
Q06265,101690000,116960000,149140000,119430000,126110000,129950000,90071000,119120000
Q06323,2092300000,1623000000,1965400000,1564800000,1894400000,1759200000,2047000000,2468600000
Q06481,492240000,434550000,309540000,344160000,205390000,274250000,153350000,199060000
Q06546,112400000,71877000,82250000,93583000,108530000,79394000,73016000,69601000
Q06587,36098000,39999000,63364000,79682000,111430000,52834000,52826000,53892000
Q06787,313420000,392190000,456680000,255570000,336370000,228330000,454020000,497800000
Q06830,18243000000,17961000000,20912000000,25397000000,22120000000,20908000000,17980000000,18795000000
Q07020,4503800000,8417500000,9760200000,6699000000,7962600000,5738300000,5798000000,6587800000
Q07021,3025100000,1990200000,1972100000,1819800000,1123800000,1703500000,1904900000,1720900000
Q07065,1655400000,1381300000,1454000000,1226000000,1462000000,1398200000,389430000,421860000
Q07352,NA,71258000,NA,NA,NA,47732000,17243000,NA
Q07617,70116000,164510000,76867000,23345000,50870000,50469000,116670000,184990000
Q07666,2012100000,2162800000,2782200000,3025500000,2521800000,3192400000,2368300000,2284700000
Q07812,533910000,327350000,282510000,108450000,161320000,179040000,104650000,109410000
Q5QP59,NA,NA,NA,NA,NA,NA,NA,NA
Q07954,1003300000,1636600000,925430000,2580000,13389000,12934000,NA,NA
Q07960,973800000,629520000,962440000,823980000,725150000,844580000,436300000,463900000
Q08170,335010000,524260000,400270000,553040000,520810000,537380000,191670000,164190000
Q08174,NA,NA,NA,NA,NA,NA,NA,NA
Q08209,179850000,269990000,309350000,430750000,329850000,394140000,304000000,205070000
Q08211,5680500000,5250700000,6232600000,7110700000,7251700000,6783300000,5475700000,5361800000
Q08257,716140000,800620000,891100000,878530000,846240000,1160700000,1474700000,1860300000
Q08378,280200000,292830000,238410000,270920000,270690000,324040000,141690000,129630000
Q08379,148720000,131550000,133170000,110680000,80282000,85439000,97485000,96312000
Q08380,87442000,67626000,137940000,126520000,126880000,69553000,239640000,332040000
Q08623,89924000,44332000,131620000,64109000,51135000,106550000,92446000,76415000
Q08722,236440000,278910000,244300000,130040000,105820000,NA,119350000,113150000
Q08752,43605000,16542000,59278000,142110000,176780000,97818000,650710000,681620000
Q08945,2114700000,1395000000,1520300000,2411700000,2253300000,2506600000,1461200000,1385100000
Q08AD1,83090000,122750000,95396000,89564000,131990000,109330000,39058000,30596000
Q08AF3,NA,NA,NA,NA,NA,NA,29442000,30436000
Q08AG7,NA,NA,NA,NA,NA,NA,NA,NA
Q08AM6,152450000,91290000,79128000,153090000,163440000,141080000,72574000,96412000
Q08J23,1059800000,1243800000,1061100000,2041500000,2085700000,1969300000,2650900000,2685900000
Q09028,1154000000,1172500000,1014900000,1567600000,1576700000,1771300000,1086100000,934230000
Q09161,370560000,366100000,355800000,374190000,280080000,411160000,432950000,430640000
Q09472,NA,NA,29588000,28029000,48721000,37025000,23256000,26297000
Q09666,31507000000,27363000000,19843000000,22853000000,19838000000,21133000000,29475000000,27801000000
Q0JRZ9,52177000,59749000,41957000,39988000,35317000,34876000,17744000,56291000
Q0VDF9,184780000,175830000,176720000,161380000,177820000,148020000,184610000,162850000
Q0VF96,NA,NA,NA,NA,NA,NA,NA,NA
Q10469,102110000,111440000,78221000,26728000,43223000,33179000,NA,NA
Q10471,728180000,627830000,670360000,56417000,136930000,35189000,118470000,149970000
Q10472,65326000,NA,43034000,NA,63241000,62890000,NA,NA
Q10567,2538000000,2413800000,2144300000,3214400000,2755200000,2947900000,2596600000,2923400000
Q10570,174110000,93734000,130330000,92230000,120130000,123560000,89582000,64902000
Q10589,68744000,43617000,55904000,28689000,23313000,NA,NA,NA
Q10713,110640000,153490000,146230000,167970000,266430000,280750000,318130000,251720000
Q11201,NA,NA,NA,NA,NA,NA,NA,NA
Q12765,1004900000,944120000,965750000,542140000,543910000,603440000,986040000,1189400000
Q12769,28912000,49413000,33599000,69396000,57473000,76427000,68332000,31397000
Q12774,NA,NA,NA,NA,NA,NA,NA,NA
Q12788,187680000,297730000,255570000,240220000,409040000,267920000,436820000,486060000
Q12789,30199000,25553000,46928000,42699000,63050000,68042000,64455000,62408000
Q12792,876730000,880350000,684410000,654180000,686220000,562650000,920590000,818720000
Q12797,929730000,968660000,1140000000,661250000,666960000,503590000,173140000,191850000
Q12800,54388000,62326000,52543000,70872000,60297000,83274000,84983000,54017000
Q12802,26085000,28794000,31032000,42872000,46726000,55718000,36716000,24847000
Q12834,78569000,NA,24942000,48622000,31579000,47416000,42409000,32129000
Q12841,452360000,436540000,309570000,286260000,326090000,252230000,NA,NA
Q12846,270410000,234590000,296050000,139800000,153060000,166990000,70624000,99850000
Q12851,NA,NA,NA,NA,NA,NA,NA,NA
Q12872,28788000,22597000,30931000,52382000,37454000,45683000,NA,15947000
Q12874,1370500000,1106700000,1325500000,1580900000,1625400000,1717200000,1385400000,1374100000
Q12882,19255000,NA,27569000,NA,48985000,73951000,NA,NA
Q12888,506850000,392810000,366710000,199200000,214700000,179370000,170870000,167880000
Q12899,35515000,96765000,95135000,90793000,104740000,58277000,94716000,71022000
Q12904,1363100000,1256300000,1192200000,1652600000,1625400000,1579900000,1448900000,1527500000
Q12905,1803100000,1196400000,1372900000,1097200000,1133900000,1365900000,2491400000,2322000000
Q12906,6531500000,5678100000,6144400000,5633100000,5838700000,6737900000,7441900000,7343600000
Q12929,43821000,33590000,36604000,38828000,30022000,38264000,NA,NA
Q12931,1156600000,869150000,1049600000,1794900000,1430800000,1648700000,2925200000,2870100000
Q12933,45664000,41567000,40457000,30109000,35388000,26606000,42141000,44173000
Q12946,NA,NA,NA,NA,NA,NA,NA,NA
Q12951,NA,NA,NA,NA,NA,NA,NA,NA
Q12955,26924000,111190000,31516000,NA,NA,66972000,546630000,343360000
Q12962,NA,NA,NA,NA,NA,43824000,NA,NA
Q12965,180570000,189020000,148570000,105420000,121890000,136240000,111290000,89262000
Q12972,261240000,299130000,337830000,376870000,303820000,283100000,192180000,186060000
Q12974,45995000,54476000,54763000,59657000,66144000,59973000,69054000,81011000
Q12981,61360000,25520000,19940000,17805000,65321000,NA,175530000,171050000
Q12996,363930000,306420000,261390000,305290000,350110000,454620000,257990000,213650000
Q13011,506390000,485320000,638750000,217760000,377200000,252610000,1914700000,1835400000
Q13015,140510000,80542000,104720000,70649000,96058000,71200000,NA,NA
Q13023,NA,NA,NA,21017000,NA,21885000,NA,NA
Q13033,160790000,178640000,96730000,82075000,92266000,77042000,76946000,55309000
Q5T8C6,74461000,50510000,34253000,52863000,51052000,49716000,66677000,68689000
Q13043,74015000,93136000,131760000,35508000,67626000,86212000,82911000,52474000
Q13045,1004900000,709740000,800980000,976070000,841490000,871470000,879670000,965820000
Q13049,47783000,99803000,85919000,76003000,62149000,82974000,55029000,50159000
Q13057,130010000,65496000,158840000,91348000,68757000,138370000,33977000,33374000
Q13084,96330000,65596000,113020000,78574000,87415000,107250000,216840000,153440000
Q13085,167850000,125010000,129800000,213130000,161980000,265720000,82145000,83948000
Q13107,42747000,35283000,NA,78359000,73911000,81317000,31769000,NA
Q13111,99735000,81237000,92649000,74851000,77234000,83182000,33635000,45695000
Q13112,70372000,79250000,92502000,86856000,78954000,91746000,37635000,44889000
Q13123,229140000,243220000,234840000,304600000,375730000,315630000,284690000,311590000
Q13129,NA,NA,16620000,34002000,26447000,32685000,NA,NA
Q13131,197530000,199700000,183160000,301390000,246730000,301680000,173660000,166090000
Q13136,65967000,70583000,58491000,112120000,104410000,108340000,166510000,160340000
Q13137,609290000,663050000,600810000,361540000,376860000,359300000,57535000,49781000
Q13144,79522000,79897000,73809000,87301000,73935000,72345000,68101000,71434000
Q13145,NA,NA,NA,NA,NA,60262000,NA,NA
Q13148,826100000,1256200000,888890000,1192800000,1193500000,940440000,907800000,991440000
Q13151,1898600000,1740400000,2382100000,3313800000,4145800000,3530600000,2214200000,3075600000
Q13153,46188000,31279000,36870000,35804000,52651000,31220000,73571000,81457000
Q13155,698240000,684580000,594160000,1013400000,729670000,785420000,1341400000,1167000000
Q13158,31954000,NA,27712000,28794000,NA,39987000,117790000,78828000
Q13162,3073500000,2012700000,2067900000,1461500000,1391000000,1719000000,574740000,656040000
Q13164,23878000,28750000,26409000,23245000,23901000,12038000,NA,NA
Q13177,1550100000,1662900000,1279900000,1149300000,1239800000,1198700000,950630000,1014500000
Q13185,2234600000,1692300000,1336000000,1344100000,1488400000,1240700000,3386100000,3294200000
Q13188,252420000,355430000,232110000,259770000,240540000,205960000,206920000,213350000
Q13190,103560000,104170000,91838000,71331000,75758000,79728000,127520000,129850000
Q13200,2161100000,1831300000,2462600000,2436200000,2073300000,2423300000,2251500000,2342400000
Q13206,74981000,94975000,84722000,102840000,141210000,102500000,151760000,154010000
Q13217,250020000,283130000,304900000,233900000,247000000,298840000,134150000,172950000
Q13228,NA,19253000,NA,NA,NA,55678000,106730000,94306000
Q13242,445460000,494990000,385760000,695550000,531250000,633790000,788590000,791840000
Q13243,379780000,419980000,662480000,429420000,401430000,509660000,348070000,426810000
Q13247,574470000,705750000,750480000,821190000,841140000,680090000,783220000,909920000
Q13257,54352000,61562000,NA,90711000,53235000,63856000,31850000,NA
Q13263,8036400000,6978400000,5839400000,6160700000,6205900000,6393700000,16246000000,16583000000
Q13283,2581400000,1947600000,2207500000,3023300000,3266800000,3033900000,2339800000,2427600000
Q13287,165700000,152320000,151970000,NA,59859000,NA,171510000,215130000
Q13308,388840000,388470000,388930000,358050000,483750000,428370000,282680000,293960000
Q13315,43774000,17526000,31414000,118160000,114410000,56196000,NA,NA
Q13322,NA,NA,NA,NA,NA,NA,NA,NA
Q13325,343520000,210660000,220090000,134930000,152650000,160980000,NA,NA
Q13330,172730000,130540000,142600000,122100000,145460000,167880000,64584000,61137000
Q13336,NA,28910000,59144000,232820000,162090000,147830000,NA,NA
Q13347,2004500000,2234100000,2265200000,2663800000,2412600000,2598400000,4482200000,4072800000
Q13356,NA,NA,NA,NA,21992000,19366000,NA,NA
Q13363,323990000,277970000,354470000,349810000,371460000,382930000,277110000,264750000
Q13371,NA,NA,NA,NA,NA,NA,NA,NA
Q13404,336030000,384510000,373610000,324010000,425920000,487380000,412490000,343590000
Q13405,94932000,61075000,58568000,95128000,91670000,221130000,207190000,166590000
Q13409,1222600000,1469300000,1288900000,1199200000,1185200000,1129200000,763630000,915260000
Q13416,63689000,59595000,66802000,37154000,61072000,50490000,75722000,120780000
Q13423,663550000,546420000,745380000,962010000,1087300000,1085200000,672040000,700400000
Q13425,81794000,100050000,125710000,167020000,218350000,221050000,155100000,135140000
Q13426,111790000,108430000,169830000,193540000,187460000,170080000,219250000,264750000
Q13427,89581000,143440000,116120000,96300000,139400000,109780000,90254000,93132000
Q13428,469510000,582020000,600220000,966780000,1322400000,987700000,860730000,1064300000
Q13432,NA,NA,NA,NA,NA,NA,NA,NA
Q13435,3161900000,2640800000,2610100000,3225200000,3212900000,2926800000,2613400000,2568200000
Q13438,52045000,30740000,60512000,36714000,28041000,NA,NA,NA
Q13442,774400000,966320000,586560000,1401800000,1439400000,1050600000,1250300000,1277100000
Q13443,622490000,574390000,448310000,284200000,182530000,235600000,125580000,106160000
Q13445,86917000,33825000,59548000,56918000,52690000,50196000,30428000,39685000
Q13451,NA,NA,23570000,NA,NA,NA,232940000,296520000
Q13464,177130000,187850000,159800000,205340000,208300000,222870000,212490000,227080000
Q13472,80902000,74547000,54569000,60616000,69258000,78170000,28197000,25737000
Q13492,433330000,624890000,711160000,723120000,800420000,691420000,1039600000,1138600000
Q13496,210410000,157950000,142840000,120580000,156010000,NA,149280000,153660000
Q13501,3261500000,2136300000,2353900000,2127500000,1100400000,1740100000,770100000,931640000
Q13509,6674600000,6946900000,7294300000,2808400000,2448800000,3213700000,331240000,295720000
Q13523,272810000,301950000,341210000,519730000,482500000,419820000,451930000,427750000
Q13526,284070000,202100000,247620000,372490000,285780000,272170000,1088700000,1214200000
Q13530,31845000,29437000,33060000,59690000,27704000,29839000,NA,NA
Q13535,NA,NA,NA,NA,NA,NA,NA,NA
Q13541,234430000,76956000,103310000,85753000,44646000,NA,NA,NA
Q13546,261370000,234590000,197510000,218970000,247360000,251700000,161240000,150520000
Q13547,501890000,472320000,903710000,586990000,651960000,820170000,434220000,444790000
Q13561,1599400000,1220200000,1734500000,1116300000,1123500000,1388900000,1700600000,1474000000
Q13564,466700000,492200000,291130000,384270000,344850000,398050000,627130000,581010000
Q13572,45481000,43591000,NA,NA,NA,NA,27003000,19720000
Q13573,637640000,675100000,584550000,627410000,677780000,559610000,512700000,479470000
Q13595,130560000,97756000,74484000,140620000,128360000,149890000,122620000,107960000
Q13596,404390000,388140000,311980000,403390000,432390000,420710000,319630000,300440000
Q13601,208870000,170160000,173520000,228110000,257520000,227880000,421960000,375610000
Q13608,58267000,NA,NA,NA,NA,NA,NA,NA
Q13610,480020000,423760000,464330000,261790000,396410000,332300000,495990000,485890000
Q13614,NA,NA,NA,26405000,36413000,79971000,50129000,18008000
Q13616,503590000,432900000,371900000,294470000,261300000,294250000,434060000,479020000
Q13618,297280000,306560000,361150000,398640000,326440000,374560000,669070000,659840000
Q13619,265790000,240010000,202500000,358450000,329630000,339910000,477110000,346370000
Q13625,48073000,42143000,56982000,33881000,42047000,NA,39196000,40169000
Q13627,18087000,NA,NA,NA,NA,NA,NA,NA
Q13630,614790000,547150000,532590000,467930000,468110000,433140000,360140000,388300000
Q13636,24624000,28363000,34747000,163530000,126610000,60107000,23583000,48360000
Q13637,211690000,179810000,112570000,235730000,199410000,178810000,NA,NA
Q13641,113270000,103780000,137660000,49892000,77525000,60918000,40634000,24967000
Q13643,NA,NA,NA,28660000,46981000,29000000,18691000,23358000
Q13670,NA,NA,NA,NA,NA,NA,NA,6171000
Q13671,60653000,69113000,84281000,46548000,42185000,23062000,NA,NA
Q13724,85105000,81100000,103920000,97276000,101000000,102170000,124370000,113190000
Q13748,4803900000,3357300000,3962000000,3750200000,3684900000,3269200000,2858800000,3062000000
Q13769,142340000,175970000,205960000,155420000,160720000,195130000,75858000,76619000
Q13772,211480000,317540000,297170000,330090000,237010000,248370000,NA,NA
Q13795,NA,NA,28364000,NA,NA,18942000,12368000,NA
Q13813,5526300000,4553100000,4636900000,4937800000,3891700000,4395500000,3416400000,3609900000
Q13823,204220000,190190000,189970000,326140000,318970000,221500000,530040000,550100000
Q13825,NA,NA,NA,NA,30823000,20279000,NA,NA
Q13838,2060100000,1469400000,1549400000,2228200000,2104800000,2191200000,1897700000,1504300000
Q13867,637420000,539950000,752580000,778940000,800660000,973150000,377080000,388820000
Q13868,199270000,143720000,188090000,204010000,217290000,144420000,209580000,252990000
Q13884,28067000,NA,28142000,34706000,26821000,24950000,NA,NA
Q13885,926630000,739730000,744210000,864840000,790200000,992300000,383400000,441240000
Q6P1K8,11827000,21484000,24513000,27977000,31954000,39452000,18375000,19391000
Q13895,111900000,83019000,82461000,133480000,120910000,98892000,93694000,103830000
Q13907,712620000,592420000,469800000,1222500000,793910000,1049700000,1559500000,1296200000
Q13951,100440000,119880000,95548000,143940000,191830000,213300000,136340000,140250000
Q14004,NA,NA,NA,NA,8636700,19741000,49647000,33601000
Q14008,1622100000,1577100000,1480600000,1774600000,1918100000,1718600000,1705200000,1713900000
Q14011,877900000,661880000,659300000,1089700000,1189300000,1394600000,307270000,303350000
Q14019,1414000000,705220000,964890000,1080300000,843890000,1032100000,3161800000,3889700000
Q14055,NA,NA,NA,NA,NA,NA,NA,NA
Q14061,76661000,173560000,251520000,109460000,115380000,69807000,860840000,993230000
Q14103,3060600000,4192600000,5011500000,4174400000,5796200000,5207300000,3302500000,3660000000
Q14114,NA,NA,NA,NA,NA,NA,NA,NA
Q14116,NA,NA,NA,NA,NA,NA,49302000,36718000
Q14118,224220000,199100000,125970000,164620000,107700000,107870000,62895000,32051000
Q14126,130940000,323690000,169140000,182500000,144590000,174100000,174450000,201600000
Q14134,NA,NA,NA,NA,NA,NA,736260000,757590000
Q14137,377600000,372440000,259170000,401490000,386060000,343820000,252330000,250890000
Q14139,136450000,78732000,82933000,75238000,117720000,127660000,106050000,102380000
Q14145,35450000,35371000,32126000,60296000,58580000,36900000,75768000,89151000
Q14149,71899000,55713000,45579000,56458000,49240000,24294000,47020000,34194000
Q14151,934260000,1056800000,1012600000,1197200000,1253100000,1097900000,635400000,693230000
Q14152,3586900000,3871400000,3578000000,4248200000,4690400000,4427600000,3041900000,3539900000
Q14157,1400100000,1440100000,1317800000,1347000000,1326100000,1369600000,677540000,702600000
Q14161,81684000,71186000,70408000,64611000,74348000,74947000,55020000,46301000
Q14165,622530000,466620000,363350000,373230000,339250000,387560000,358150000,417860000
Q14166,582030000,518630000,580650000,702160000,792450000,908240000,879680000,843780000
Q14181,106270000,61158000,74244000,61949000,92592000,123840000,80986000,86134000
Q14185,24688000,18406000,21462000,27264000,32126000,32535000,19857000,NA
Q14186,NA,29724000,23981000,32850000,34832000,37314000,22725000,21505000
Q14191,NA,NA,NA,NA,NA,NA,NA,3399900
Q14192,13238000,21763000,23998000,382650000,465190000,307360000,1032000000,1085800000
Q14195,617010000,862160000,1165300000,3024000000,4639000000,3633200000,275320000,313200000
Q14204,12811000000,10637000000,11417000000,13602000000,12463000000,13972000000,10879000000,10731000000
Q14210,NA,NA,NA,NA,NA,NA,45108000,58139000
Q14232,204620000,217570000,231290000,462660000,467390000,537150000,336840000,370980000
Q14240,443320000,405180000,323070000,344670000,458690000,418360000,1273800000,1167800000
Q14244,NA,NA,NA,NA,NA,NA,314060000,308710000
Q14247,1669800000,2203300000,2410900000,1850900000,1813100000,1729500000,3364800000,4089200000
Q14249,NA,NA,NA,NA,NA,NA,NA,NA
Q14257,228030000,175510000,270320000,295880000,299800000,277950000,146170000,152350000
Q14258,1130100000,1096500000,1229400000,1196200000,1169500000,1326000000,580980000,539230000
Q14318,388730000,478620000,608630000,437850000,460940000,445430000,591000000,652380000
Q14320,904630000,1043500000,962310000,591670000,746350000,555860000,1640400000,1492300000
Q14331,64758000,74433000,94980000,133610000,131670000,126910000,171630000,175820000
Q14344,172430000,203360000,112250000,294200000,248070000,230420000,14329000,NA
Q14353,133530000,56365000,103330000,143670000,112540000,216230000,NA,NA
Q14376,137480000,44942000,131160000,193480000,126480000,153920000,214890000,200670000
Q14435,NA,NA,NA,NA,NA,NA,318140000,301390000
Q14444,2195000000,1828000000,1998500000,2364600000,2256700000,2281600000,2382000000,2337000000
Q14451,NA,NA,NA,NA,NA,NA,NA,NA
Q14498,1044600000,851310000,994840000,1199400000,981500000,1139500000,828330000,850410000
Q14512,NA,NA,NA,NA,NA,NA,NA,NA
Q14554,245190000,236580000,235210000,150290000,171740000,135880000,100400000,120570000
Q14558,197680000,137540000,198710000,298640000,284770000,386580000,384490000,376290000
Q14562,77507000,74624000,51158000,59466000,56180000,51701000,51819000,39454000
Q14566,1419900000,1873500000,1536800000,2303700000,2473500000,1975100000,1271700000,1344200000
Q14571,30806000,NA,NA,NA,NA,NA,NA,NA
Q14573,NA,NA,NA,NA,NA,NA,NA,NA
Q14574,NA,NA,NA,NA,NA,NA,NA,NA
Q14592,NA,NA,NA,NA,9523600,12180000,NA,13146000
Q14596,130420000,85142000,101330000,71557000,49343000,58319000,NA,NA
Q14627,460940000,332150000,234310000,NA,NA,NA,NA,NA
Q14643,685500000,837440000,627830000,57248000,50653000,33822000,4784200,NA
Q14651,32263000,44219000,14256000,28308000,18553000,19187000,831290000,790990000
Q14653,38684000,39623000,58488000,49338000,NA,NA,49521000,56424000
Q14657,NA,NA,NA,NA,NA,NA,NA,NA
Q14669,334760000,372870000,320400000,223440000,257310000,245770000,344060000,305500000
Q14676,168480000,423030000,NA,347230000,330700000,290270000,478930000,513600000
Q14677,410540000,372290000,321170000,386340000,452420000,417000000,512340000,570290000
Q14678,23931000,8045300,24730000,33860000,21436000,31148000,21443000,15272000
Q14683,1341000000,1507800000,1464300000,1068200000,1238500000,1102800000,1239900000,1375800000
Q14684,241460000,299360000,339430000,210240000,346090000,190650000,231290000,258350000
Q14689,NA,NA,NA,NA,NA,NA,NA,NA
Q14690,581850000,690210000,570980000,738390000,804920000,708650000,670750000,681940000
Q14691,40594000,NA,NA,NA,NA,NA,63269000,NA
Q14692,246160000,274160000,223280000,344670000,377180000,285820000,427680000,430970000
Q14693,NA,NA,NA,NA,NA,NA,39073000,33065000
Q14694,283370000,326990000,303760000,371410000,366100000,413190000,519230000,456570000
Q14696,469870000,391400000,346550000,281990000,283630000,302540000,199210000,253890000
Q14697,3614200000,2233300000,3363300000,3894700000,3762600000,4621200000,2889000000,3466100000
Q14739,39160000,36529000,43786000,30627000,32938000,32462000,NA,26637000
Q14746,36480000,NA,17548000,NA,26762000,NA,41438000,51059000
Q14764,4509200000,3830800000,5423300000,1737000000,1441400000,1586900000,2107500000,2265300000
Q14789,604060000,533940000,569130000,372940000,379650000,356470000,312670000,368410000
Q14790,41437000,NA,25757000,NA,NA,NA,102230000,86372000
Q147X3,92497000,103470000,56947000,68639000,62868000,45413000,50389000,67762000
S4R445,NA,NA,NA,NA,NA,NA,57419000,58022000
Q14847,1209900000,1987100000,1401000000,662840000,765600000,806270000,2200400000,2348700000
Q14914,NA,NA,68808000,NA,NA,NA,41457000,25882000
Q14934,25813000,20112000,37191000,26659000,NA,NA,NA,NA
Q14938,120910000,81780000,159230000,82185000,128240000,155500000,267660000,254190000
Q14956,31257000,41644000,76249000,53858000,62765000,85438000,89298000,77628000
Q14966,282370000,299770000,252680000,272570000,308930000,283660000,249960000,230080000
Q14974,4745200000,4021500000,4758500000,5889400000,5159300000,6193700000,5114200000,5262200000
Q14978,530830000,585190000,733940000,620520000,552160000,527810000,673590000,639070000
Q14980,1861700000,1673200000,2087500000,2504500000,2986100000,3055900000,2713700000,3125100000
Q14997,66248000,46909000,37135000,48804000,36121000,49088000,83092000,70868000
Q14999,25042000,17352000,37722000,20947000,26026000,27320000,24151000,29386000
Q14BN4,NA,NA,NA,NA,NA,NA,54841000,NA
Q14CX7,130360000,155710000,175110000,230940000,313850000,242240000,221380000,258630000
Q15004,86107000,134160000,83935000,93226000,115650000,84449000,43252000,39293000
Q15006,297410000,216260000,259810000,181020000,191710000,248230000,189660000,191490000
Q15007,95937000,126880000,78523000,106870000,124880000,93234000,90526000,88087000
Q15008,1127800000,1294200000,1118000000,1367500000,1331000000,1253800000,1071300000,1098600000
Q15012,86347000,NA,85449000,48105000,NA,33113000,NA,NA
Q5JXX1,75388000,75466000,99685000,150750000,127270000,130190000,45193000,40588000
Q15018,44426000,64097000,66529000,72790000,92550000,77370000,23440000,NA
Q15019,2396000000,2017800000,2140900000,1900700000,1585300000,2160900000,2798300000,2538100000
Q15020,290370000,280440000,359030000,428010000,509830000,435820000,411570000,383860000
Q15021,721370000,574320000,703070000,636840000,603110000,695670000,846410000,852900000
Q15024,114070000,101090000,71121000,107590000,100010000,107250000,97294000,85486000
Q15029,2982300000,2483500000,2477400000,2623800000,2709400000,2838800000,2641700000,2372200000
Q15031,NA,NA,32222000,52537000,52182000,54846000,43865000,40184000
Q15032,NA,6434600,NA,7116100,NA,NA,NA,13344000
Q15036,59260000,44797000,44450000,NA,48161000,46502000,NA,NA
Q15042,237920000,206420000,176570000,126950000,116350000,121260000,165800000,190740000
Q15043,263490000,293130000,260540000,71113000,63878000,41462000,NA,NA
Q15046,2530500000,2642200000,2811600000,4020300000,5278800000,4340500000,6083100000,5468000000
Q15047,NA,NA,NA,NA,NA,NA,NA,NA
Q15050,346770000,524250000,536280000,694840000,796750000,542070000,615030000,696580000
Q15052,NA,NA,NA,NA,NA,NA,NA,NA
Q15054,129220000,197050000,118280000,162780000,189180000,196010000,135080000,126710000
Q15056,1963100000,2052400000,2173100000,2923200000,2465400000,2663500000,1986800000,1909900000
Q15058,20986000,38311000,39700000,80824000,86918000,86050000,24032000,22087000
Q15059,10444000,10879000,14325000,14326000,30622000,22215000,NA,NA
Q15061,248550000,335130000,245590000,281500000,283430000,304180000,408110000,426400000
Q15067,319400000,346520000,386300000,371850000,359400000,257150000,1578500000,1686400000
Q15072,NA,NA,NA,NA,NA,NA,NA,NA
Q15075,1522500000,1516200000,1684300000,1977000000,2115200000,1913300000,1189800000,1281600000
Q15084,4910000000,3784100000,4243600000,3698500000,3468400000,4021900000,7072100000,6613400000
Q15102,602520000,635080000,886800000,596070000,573610000,756600000,1049200000,1293300000
Q15118,21196000,NA,24088000,43562000,31350000,54152000,NA,NA
Q15120,129230000,91889000,90192000,107690000,84370000,95808000,154110000,114560000
Q15121,153050000,177030000,201680000,154260000,170630000,221270000,485220000,534300000
Q15124,NA,NA,NA,41952000,46716000,67652000,NA,NA
Q15125,21832000,22557000,82667000,43442000,27044000,NA,NA,36270000
Q15126,142510000,186110000,167780000,159190000,181180000,201510000,83438000,93826000
Q15149,37685000000,33106000000,42782000000,30123000000,29108000000,28328000000,12342000000,12262000000
Q15170,42486000,39677000,128950000,55798000,58082000,45230000,NA,28288000
Q15172,NA,NA,25001000,NA,NA,NA,NA,NA
Q15181,3287400000,3000600000,2308200000,1914100000,1983400000,1943300000,12146000000,10919000000
Q15185,3510200000,4238600000,5339500000,4937200000,6009400000,3428500000,4043500000,3461500000
Q15208,42847000,99886000,61348000,117540000,117050000,101440000,92943000,75334000
Q15233,7750300000,7344700000,7637900000,6686300000,7645600000,7723400000,4863500000,5000500000
Q15257,484120000,455070000,541350000,482430000,445000000,491210000,499820000,542390000
Q15269,153560000,134380000,92600000,187490000,167150000,151420000,252150000,214950000
Q15274,NA,NA,NA,16962000,NA,NA,521080000,624990000
Q15276,69589000,109830000,102800000,54166000,72885000,40977000,NA,NA
Q15291,NA,21971000,NA,59374000,50165000,51793000,55927000,44017000
Q15293,644650000,567580000,631410000,967690000,905410000,1081600000,3098400000,3167300000
Q15311,NA,NA,37801000,NA,NA,24129000,48851000,40173000
Q15363,152800000,63011000,88513000,86297000,100220000,96030000,111820000,78720000
Q15365,4946200000,3354100000,3785000000,4080700000,3769300000,4756300000,2842600000,2547900000
Q15366,2817200000,2380300000,2260200000,2816900000,2519700000,3227100000,2912700000,3028200000
Q15369,1378400000,1356700000,1153300000,1396600000,1470300000,1376600000,1441600000,1408700000
Q15370,781720000,514500000,715770000,724000000,874940000,699610000,1097300000,1091400000
Q15382,197180000,233540000,252050000,107570000,106990000,79308000,312750000,346790000
Q15386,35368000,NA,33553000,20231000,24754000,24202000,29094000,27732000
Q15388,226800000,120980000,104680000,123620000,149380000,126080000,233380000,266380000
Q15390,NA,39664000,11448000,44897000,42001000,29185000,16031000,16757000
Q15392,276880000,332260000,277500000,412000000,269130000,333180000,666030000,605290000
Q15393,2058700000,1768400000,1766800000,2682000000,2645400000,2214100000,2424200000,2642900000
Q15397,418470000,371410000,295730000,324130000,394700000,373210000,514950000,507530000
Q15398,290550000,366430000,206870000,209050000,234770000,174380000,197270000,241990000
Q15404,633550000,508850000,552330000,663420000,484010000,754070000,684370000,563820000
Q15417,3629600000,3589800000,2849600000,3544100000,4660900000,4368200000,3211600000,2838900000
Q15424,543520000,503350000,438570000,487340000,501630000,479160000,328480000,377290000
Q15427,1083600000,919580000,907460000,841510000,873830000,878050000,1017600000,1026300000
Q15428,779690000,663050000,729200000,959090000,882020000,983800000,634350000,622530000
Q15435,238270000,202270000,212410000,262150000,238110000,380350000,1029800000,916260000
Q15437,303910000,226310000,259060000,353010000,395610000,428530000,394000000,391270000
Q15459,1350500000,1296600000,1409000000,1878100000,1943900000,2132800000,1409400000,1417500000
Q15477,227710000,194580000,139170000,234640000,221770000,221110000,168910000,174420000
Q15526,NA,NA,NA,NA,NA,NA,NA,NA
Q15527,NA,22163000,NA,57829000,39546000,39483000,85848000,62185000
Q15543,NA,NA,NA,NA,NA,NA,NA,NA
Q15545,NA,NA,NA,NA,9161100,16437000,NA,10687000
Q15554,NA,NA,42238000,50471000,127470000,61303000,40341000,NA
Q15555,112910000,143290000,143010000,169810000,154590000,224430000,59907000,63725000
Q15582,16375000,41657000,NA,52029000,42933000,50942000,NA,NA
Q15583,NA,NA,NA,NA,NA,NA,NA,6706100
Q15599,NA,NA,NA,NA,17346000,NA,83634000,102650000
Q15628,NA,NA,43676000,NA,NA,NA,44985000,NA
Q15631,130380000,218690000,67327000,205290000,171950000,244880000,457220000,316400000
Q15637,966510000,1277700000,1081600000,1201500000,1138200000,1207200000,876370000,873230000
Q15642,249680000,335160000,250410000,306620000,317370000,262930000,370810000,407580000
Q15643,193600000,266970000,301340000,207540000,233780000,230720000,128550000,163420000
Q15645,259510000,231410000,140860000,323090000,244510000,252700000,811520000,676300000
Q15648,67471000,85402000,87376000,89414000,82094000,76715000,68725000,70386000
Q15650,106580000,88993000,70132000,100890000,85367000,74263000,79205000,74238000
Q15651,15313000,43755000,98099000,42501000,45490000,NA,NA,NA
Q15654,355330000,294100000,342530000,605210000,525720000,596040000,326200000,500350000
Q15678,81040000,91095000,68603000,38851000,43696000,36365000,25023000,50222000
Q15691,2917500000,2657900000,2657300000,2441000000,2165000000,2794000000,2945500000,2857800000
Q15714,43301000,28225000,NA,48762000,NA,68413000,45754000,58772000
Q15717,2254100000,2405600000,2097000000,2619000000,3186800000,3544100000,2041300000,1886500000
Q15723,NA,NA,NA,NA,NA,20568000,NA,NA
Q15738,1243600000,909200000,977630000,783320000,645140000,840300000,1682900000,1559000000
Q15746,NA,NA,NA,51245000,42028000,NA,NA,NA
Q15750,77236000,61957000,91007000,69668000,88911000,73627000,70186000,61139000
Q15751,NA,NA,NA,NA,NA,NA,NA,NA
Q15758,362840000,263320000,274660000,327290000,135090000,245740000,194260000,194330000
Q15785,372330000,519180000,476880000,632720000,634270000,461090000,408890000,488050000
Q15797,NA,NA,NA,NA,NA,NA,NA,NA
Q15813,353940000,289660000,354790000,292810000,267750000,311810000,178960000,199340000
Q15814,70730000,70814000,56301000,62841000,84554000,90345000,91321000,57524000
Q15819,1814700000,2053100000,2051000000,1761600000,2144700000,1729100000,1323400000,1369200000
Q15833,NA,23174000,NA,NA,NA,8459400,315320000,309730000
Q15836,656380000,360260000,417010000,515010000,333810000,358590000,NA,252380000
Q15843,814490000,563460000,619220000,395870000,455600000,417960000,274690000,274090000
Q15847,NA,NA,NA,NA,NA,NA,129360000,134210000
Q15904,190680000,135520000,142710000,116170000,109350000,121540000,162130000,115420000
Q15907,2128000000,1967900000,1594100000,1744000000,1506100000,1713400000,1661500000,1790700000
Q15910,39133000,24598000,33053000,24925000,21715000,22762000,31302000,50680000
Q15942,1230600000,1207200000,1025000000,585150000,674660000,613140000,834920000,801160000
Q16134,57344000,50685000,57713000,56288000,71233000,60076000,74369000,82165000
Q16181,2244500000,2016500000,2168800000,2015500000,2166400000,2251000000,2900700000,3182200000
Q16186,452460000,469780000,400740000,532070000,528460000,448070000,573820000,546610000
Q16204,418960000,416250000,418050000,425450000,363940000,267620000,542810000,410830000
Q16222,4180800000,3588200000,2274700000,976430000,784460000,689240000,493230000,387240000
Q16342,NA,NA,NA,NA,NA,NA,NA,NA
Q16401,NA,25788000,NA,NA,NA,NA,484900000,415670000
Q16512,66607000,46799000,55738000,81492000,72950000,55741000,50397000,76593000
Q16513,265730000,202920000,169130000,178450000,183560000,215320000,236010000,214580000
Q16526,NA,NA,NA,NA,NA,NA,NA,NA
Q16527,252340000,270830000,303100000,761190000,1200400000,1037300000,132140000,169620000
Q16531,1334400000,1034700000,1153100000,1369300000,1379000000,1367800000,1979500000,2022200000
Q16537,63707000,52945000,62320000,31143000,33795000,36866000,48706000,51973000
Q16539,122570000,65704000,113590000,106550000,44208000,126140000,122880000,80213000
Q16540,41671000,39387000,NA,40154000,21613000,319250000,59905000,30582000
Q16543,1965200000,3165200000,3024200000,2455800000,2375300000,2391100000,8568500000,6469800000
Q16566,49094000,NA,43655000,NA,48083000,NA,NA,NA
Q16576,1880800000,1452100000,1589800000,1459200000,1633200000,1662000000,1821000000,1541000000
Q16594,NA,NA,NA,29510000,NA,36802000,NA,NA
Q16610,NA,NA,NA,NA,20635000,25617000,NA,NA
Q16626,77331000,31276000,57893000,84837000,80844000,66673000,NA,NA
Q16643,1065800000,1067100000,1012100000,1942200000,2291700000,2553100000,1901200000,1883600000
Q16647,169060000,57105000,229930000,NA,NA,NA,NA,NA
Q16651,NA,NA,NA,NA,NA,NA,35010000,NA
Q16658,3509000000,2412400000,3245800000,2107000000,2393600000,2244200000,649560000,715450000
Q16666,2208300000,1878700000,2170900000,477980000,822890000,180800000,NA,NA
Q16678,NA,NA,NA,NA,NA,NA,73454000,29232000
Q16695,109860000,179420000,212570000,223710000,161810000,142030000,163450000,152660000
Q16698,1856200000,1431400000,2091300000,3044300000,3706400000,3517000000,849980000,954350000
Q16706,164680000,114160000,117220000,125230000,148660000,118720000,195860000,147590000
Q16718,178100000,264520000,261890000,258720000,240080000,286840000,381170000,381960000
Q16719,14698000,NA,45568000,526130000,383320000,290920000,11201000,6293100
Q16720,82568000,93117000,93185000,88485000,155600000,114890000,34788000,51504000
Q16762,149530000,154500000,198490000,84724000,126870000,127090000,174130000,230060000
Q16763,137190000,128690000,76375000,146990000,134220000,169730000,250000000,186700000
Q16775,152530000,168830000,139920000,128180000,141710000,122120000,197870000,194300000
Q16777,30214000000,20940000000,16346000000,26552000000,22457000000,19059000000,16120000000,11975000000
Q16795,101860000,124210000,171630000,182810000,267440000,218740000,242590000,231280000
Q2NKQ5,NA,NA,NA,NA,NA,NA,NA,NA
Q16822,40934000,32001000,42620000,354700000,197460000,381740000,90336000,55652000
Q16831,NA,NA,NA,NA,NA,NA,431640000,136780000
Q16832,322070000,221250000,249170000,51346000,12688000,22509000,NA,NA
Q16851,2054200000,2256100000,1932100000,1148200000,971560000,1069400000,2783000000,2854000000
Q16864,71776000,102010000,96553000,67514000,66157000,51641000,84198000,81309000
Q16880,NA,NA,NA,NA,NA,NA,NA,14381000
Q16890,1970000,NA,8033300,NA,4657100,4207300,1534400000,1456000000
Q16891,1947400000,2143900000,2116500000,2130200000,2044500000,1777800000,3943700000,4095400000
Q1ED39,248120000,272140000,236970000,300970000,462590000,262410000,361280000,302620000
Q1RLN5,NA,NA,NA,26752000,26726000,27455000,NA,NA
Q27J81,127830000,197690000,251740000,26495000,72283000,53293000,283670000,305020000
Q29RF7,682430000,705690000,545280000,660310000,810450000,798540000,622150000,652070000
Q2KHR3,NA,NA,12951000,NA,15056000,12710000,11058000,13958000
Q2KHT3,NA,NA,NA,NA,NA,NA,NA,NA
Q2M2I8,244750000,224730000,108460000,211840000,143570000,134010000,40095000,52266000
Q2NKX8,435730000,380830000,339320000,162280000,173360000,154130000,42579000,14863000
Q2NL82,849580000,817580000,755070000,650790000,732170000,668800000,370090000,299500000
Q2T9J0,NA,NA,NA,NA,NA,NA,NA,NA
Q2TAA2,NA,NA,NA,NA,NA,NA,312150000,207290000
Q2TAL8,183410000,137780000,160290000,170540000,195660000,146790000,151230000,134930000
Q2TAY7,231120000,235780000,217410000,301610000,348290000,346710000,327510000,371410000
Q32MZ4,1057400000,1181800000,1075000000,1434500000,1379300000,1355900000,968060000,1233400000
Q32NC0,NA,NA,NA,20277000,14788000,NA,9764700,NA
Q32P28,2688900000,1688600000,2218300000,1016000000,930490000,1019000000,10416000,NA
Q32P41,55877000,50101000,72601000,71038000,78961000,87260000,49578000,51933000
Q3B726,24600000,26152000,30548000,NA,50161000,44303000,38433000,38718000
Q3KQU3,206860000,272540000,266000000,210850000,195820000,142020000,54267000,60919000
Q3KQV9,261840000,223060000,372730000,590920000,394850000,300240000,NA,NA
Q3KQZ1,NA,NA,NA,NA,NA,NA,NA,NA
Q3LXA3,80654000,41238000,69507000,114340000,120130000,167200000,73481000,72879000
Q3MHD2,42672000,100950000,137310000,100890000,103320000,96794000,95941000,102760000
Q3SXM5,NA,NA,NA,59550000,NA,92305000,NA,76034000
Q3SY69,287300000,193550000,278400000,155950000,134170000,193330000,17033000,NA
Q3V6T2,24492000,34232000,48353000,34212000,22182000,27361000,22783000,27146000
Q3ZCM7,3004600000,6899200000,4289600000,4286200000,3295500000,4008000000,3764800000,3432100000
Q3ZCQ8,112130000,93908000,176240000,169400000,195160000,240590000,163460000,189980000
Q3ZCW2,NA,NA,NA,NA,NA,NA,NA,9214400
Q460N5,345320000,220430000,236900000,104930000,107720000,116730000,107880000,102120000
Q495G5,NA,NA,10043000,NA,14814000,14407000,13072000,NA
Q49A26,84918000,65986000,90229000,94048000,104440000,99055000,NA,NA
Q49AR2,23881000,27704000,40250000,69371000,64218000,79121000,72821000,61218000
Q49B96,NA,NA,NA,NA,NA,25867000,NA,23922000
Q4G0F5,43060000,NA,27188000,32952000,38942000,40923000,41147000,45148000
Q4G0J3,272310000,246870000,247500000,399110000,513420000,408740000,176190000,171140000
Q4G0N4,84756000,84283000,50704000,85872000,118420000,117840000,125710000,84276000
Q4G176,NA,NA,70050000,205830000,156060000,157660000,NA,242730000
Q4J6C6,138270000,98324000,77334000,76946000,117960000,91470000,134030000,130300000
Q4KMQ2,NA,NA,NA,NA,4487300,10801000,NA,14109000
Q4LE39,24073000,23191000,17646000,20974000,30663000,11530000,19265000,18913000
Q4U2R6,45966000,66715000,79132000,77701000,90708000,92437000,143420000,128730000
Q52LJ0,328920000,325830000,258630000,260430000,260110000,273830000,428250000,438000000
Q52LW3,142210000,144580000,156700000,NA,12130000,9042900,417550000,402940000
Q53EL6,537630000,321810000,336570000,171730000,167970000,202320000,122000000,108390000
Q53EP0,103630000,85363000,129730000,93047000,80173000,99329000,38943000,43219000
Q53EU6,NA,NA,NA,NA,NA,9430300,NA,NA
Q53EZ4,38345000,41809000,29477000,45759000,35834000,34412000,19524000,NA
Q53F19,41580000,91638000,96894000,90518000,101950000,64596000,67378000,92263000
Q53FA7,129920000,112500000,61058000,44324000,47825000,67912000,176540000,274590000
Q53FT3,NA,NA,NA,53143000,63016000,37066000,32453000,36430000
Q53GA4,NA,NA,NA,NA,NA,NA,207550000,223800000
Q53GQ0,403030000,291570000,375550000,96151000,82383000,99812000,385350000,382730000
Q53GS7,NA,NA,NA,NA,NA,NA,NA,NA
Q53H12,386110000,323120000,357760000,266420000,263530000,263350000,676980000,652350000
Q53H82,406350000,318570000,464450000,574860000,509840000,607490000,332720000,406360000
Q53HL2,45020000,62260000,41489000,102880000,83124000,114870000,34205000,51532000
Q53LP3,NA,NA,NA,NA,NA,NA,NA,NA
Q53R41,NA,NA,NA,NA,NA,NA,15654000,NA
Q53S33,23703000,NA,44925000,68713000,56772000,92702000,44583000,48376000
Q53T59,375700000,474270000,329570000,358310000,264110000,269270000,78781000,57235000
Q53TN4,14348000,NA,24469000,NA,NA,NA,NA,NA
Q562F6,NA,10677000,NA,NA,9336400,NA,NA,10899000
Q562R1,NA,NA,NA,NA,NA,NA,NA,NA
X6R8Y7,NA,NA,NA,NA,NA,NA,NA,NA
Q56VL3,NA,NA,NA,NA,NA,NA,685470000,616240000
Q587I9,NA,NA,18139000,NA,NA,NA,46229000,NA
Q58FF6,NA,NA,NA,NA,NA,NA,NA,NA
Q58FF8,1087500000,NA,841720000,1814100000,1207300000,1263200000,1507400000,1061000000
Q5BIX2,NA,NA,NA,NA,NA,NA,NA,NA
Q5BKZ1,710640000,665890000,605980000,511200000,496590000,495780000,386170000,437890000
Q5C9Z4,6496400,31731000,18067000,18109000,15012000,17147000,18339000,14904000
Q5F1R6,NA,NA,NA,NA,NA,21159000,NA,NA
Q5GLZ8,409970000,258980000,301910000,283510000,307820000,288740000,355790000,333200000
Q5H9I0,NA,NA,NA,NA,NA,8799300,NA,NA
Q5HYI7,NA,11815000,NA,27151000,34841000,33443000,NA,NA
Q5HYI8,65143000,104050000,60593000,52227000,68541000,52866000,91620000,20174000
Q5JPE7,1429800000,1116900000,1015900000,832910000,844260000,864400000,605560000,546120000
Q5JPH6,NA,NA,NA,44557000,40014000,49353000,60091000,49009000
Q5JPI9,NA,NA,NA,NA,13809000,NA,NA,NA
Q5JRA6,423940000,417050000,574100000,313780000,373300000,291830000,173470000,208810000
X6R922,NA,NA,NA,1243500000,1323300000,1877000000,NA,NA
Q5JRX3,589080000,721550000,601270000,506220000,533880000,615440000,1005300000,958180000
Q5JS54,NA,NA,NA,NA,NA,NA,NA,NA
Q5JSH3,73057000,90409000,91861000,43225000,54786000,40484000,41315000,52028000
Q5JTH9,378910000,422270000,326660000,326510000,362690000,286870000,341620000,310600000
X6R5Z6,319170000,278110000,342780000,244700000,271780000,226330000,163550000,142040000
Q5JTV8,342960000,336750000,440900000,504570000,483140000,439890000,305280000,316910000
Q5JTZ9,NA,NA,NA,22067000,NA,16239000,NA,NA
Q5JUL1,NA,NA,NA,NA,11228000,NA,NA,NA
Q5JUR7,NA,NA,NA,NA,NA,11868000,NA,38092000
Q5JVF3,NA,11964000,15301000,38086000,NA,18279000,13340000,NA
Q5JVZ5,145580000,89137000,83047000,74971000,84342000,83724000,NA,NA
Q5JWT2,NA,NA,14922000,15273000,13623000,16822000,16766000,11227000
Q5JXI8,548180000,660240000,856500000,1852400000,1665600000,1594700000,NA,NA
Q5JY65,99811000,132480000,135020000,140040000,125270000,118190000,113160000,104410000
X6R3N0,NA,NA,NA,NA,NA,NA,NA,NA
Q5K651,624410000,214490000,292930000,375590000,248780000,220190000,41575000,NA
Q5LJA5,651240000,672370000,548200000,484300000,466710000,484130000,444620000,390910000
Q5M775,191490000,198500000,190210000,94198000,164160000,111170000,145610000,114300000
Q5MIZ7,NA,NA,NA,NA,NA,NA,NA,NA
Q5QJE6,73460000,96523000,92742000,103080000,124770000,86725000,117950000,114760000
Q5QPL9,783450000,1227300000,1107000000,1338200000,1851000000,1299400000,1546000000,1558500000
Q5QPR3,NA,NA,NA,NA,NA,NA,NA,NA
Q5R372,25731000,27548000,34450000,NA,15035000,NA,18299000,22315000
Q5RHS7,1198000000,963180000,2599100000,326600000,444840000,553650000,4131800000,3470500000
Q5RI15,144210000,208760000,151840000,232330000,218330000,193140000,217580000,173020000
Q5RKV6,17345000,NA,60073000,43444000,57459000,44254000,34491000,52731000
Q5SNT2,18599000,NA,NA,56879000,63121000,109370000,19237000,16474000
Q5SRE5,36483000,26804000,25567000,33552000,25438000,46957000,27562000,22764000
Q5SSJ5,1762200000,1839900000,2203400000,3105100000,3391100000,3521200000,1143000000,1005800000
Q5SVZ6,18807000,20482000,NA,15712000,16291000,17750000,12672000,14544000
Q5SW79,324600000,528190000,500150000,339320000,539720000,512480000,6761000,10396000
Q5SW96,55509000,53796000,NA,43316000,14896000,NA,NA,NA
Q5SWX8,NA,NA,13288000,12529000,NA,12786000,21079000,13068000
Q5SY16,52895000,111490000,72865000,91538000,79661000,91781000,74243000,69685000
Q5SYE7,NA,NA,NA,NA,NA,NA,24390000,17187000
Q5T0D9,202900000,243100000,204230000,181050000,139530000,151640000,107540000,57553000
Q5T0I0,133950000,263410000,187430000,201870000,280990000,323400000,128490000,132160000
S4R347,45066000,27019000,23783000,56685000,56388000,81341000,76320000,86741000
Q5T0R9,76240000,NA,46352000,68811000,37606000,63341000,22418000,23912000
Q5T0W9,NA,NA,NA,NA,NA,NA,11478000,12694000
Q5T0Z8,NA,NA,NA,NA,NA,NA,NA,NA
Q5T160,NA,NA,13322000,NA,NA,16561000,22324000,23798000
Q5T1V6,NA,NA,17158000,29384000,41523000,28935000,NA,NA
Q5T1Z4,264500000,250850000,255360000,276290000,305180000,357890000,170330000,150520000
Q5T200,16289000,21115000,28717000,29976000,31302000,20868000,37820000,22032000
Q5T280,18284000,38715000,23723000,39753000,56836000,NA,66124000,78315000
Q5T2E6,NA,NA,NA,NA,NA,NA,NA,10587000
Q5T2L0,NA,NA,NA,NA,NA,NA,24554000,31308000
Q5T2T1,NA,NA,NA,NA,NA,NA,31258000,42530000
Q5T370,NA,NA,NA,NA,NA,NA,NA,NA
Q5T3J3,NA,NA,NA,NA,NA,NA,NA,NA
Q5T440,NA,NA,NA,NA,NA,NA,31278000,33957000
Q5T447,62436000,45821000,77644000,55639000,61369000,42186000,46521000,32258000
Q5T4S7,861140000,822480000,793220000,1439800000,1399100000,1466200000,1043700000,1072400000
Q5T5P2,28706000,38374000,49676000,67193000,67214000,46826000,113380000,126710000
Q5T653,37844000,53359000,54785000,88789000,64336000,63109000,55798000,70676000
Q5T6F2,90294000,129860000,126670000,98355000,115430000,96194000,96203000,89694000
Q5T6V5,NA,NA,NA,NA,NA,NA,NA,NA
Q5T6W2,313080000,303710000,234920000,199690000,219730000,350070000,337580000,305720000
Q5T8P6,120150000,123150000,141780000,130790000,174100000,168180000,257750000,309710000
Q5T9A4,215980000,197790000,210420000,140950000,112110000,151530000,139610000,113970000
Q5TA45,115370000,75949000,83726000,87875000,104740000,96486000,54046000,80378000
Q5TAQ0,72321000,60962000,32741000,63906000,74617000,106030000,NA,NA
Q5TBR1,NA,NA,NA,NA,NA,NA,NA,NA
Q5TCQ9,NA,NA,NA,NA,NA,NA,NA,NA
Q5TCU3,2854100000,3185900000,2283800000,2367900000,2791100000,1837200000,1499600000,753440000
Q5TDH0,90701000,91497000,83071000,119100000,94969000,123780000,52949000,60142000
Q5TEC6,702210000,306620000,588770000,966860000,914020000,925490000,573500000,618080000
Q5TFE4,245050000,238500000,221270000,444080000,431280000,386720000,1322400000,1140600000
Q5TGZ0,NA,NA,96849000,NA,72791000,88726000,81760000,80339000
Q5TH58,NA,NA,NA,NA,NA,NA,NA,NA
Q5U5X0,53144000,66649000,73206000,116210000,64026000,95876000,32315000,NA
Q5UIP0,146750000,153940000,132910000,190110000,193120000,170770000,241840000,225420000
Q5VIR6,60043000,46660000,49126000,47751000,48370000,63293000,30365000,18852000
Q5VSL9,36787000,54010000,48174000,66001000,66813000,56306000,44917000,38088000
Q5VT52,96819000,86189000,82505000,102740000,113290000,100220000,60912000,69237000
Q5VT66,NA,NA,NA,NA,NA,NA,NA,21366000
Q5VT79,NA,10147000,10131000,3568700,10183000,5345700,901950000,741370000
Q5VTB9,29330000,NA,NA,NA,NA,NA,NA,NA
Q5VTE6,28010000,22264000,39228000,37627000,24839000,33723000,38580000,22217000
Q5VTL8,32135000,34696000,58166000,60151000,58940000,89976000,105510000,114920000
Q5VTR2,224180000,254640000,176530000,237560000,259180000,255210000,154960000,156240000
Q5VUA4,16115000,NA,NA,28332000,36715000,NA,NA,16660000
Q5VUM1,35143000,NA,NA,44973000,44263000,29650000,75646000,68599000
Q5VV41,NA,NA,NA,NA,NA,NA,162610000,193880000
Q5VV42,54036000,41128000,21001000,36577000,47981000,56075000,76758000,54383000
Q5VVH9,NA,NA,NA,NA,NA,NA,NA,NA
Q5VVQ6,NA,NA,NA,NA,NA,NA,NA,NA
Q5VW32,192560000,204660000,181070000,208510000,227560000,248320000,266110000,258930000
Q5VW36,56515000,87867000,NA,NA,85772000,NA,67229000,NA
Q5VWU8,NA,NA,NA,NA,NA,17578000,NA,13714000
Q5VWZ2,37448000,20985000,82220000,82017000,101040000,99448000,213450000,217490000
Q5VY60,NA,NA,NA,9197000,NA,NA,12382000,12487000
Q5VYS8,50817000,49231000,54723000,37468000,40895000,60105000,24614000,34713000
Q5VYY1,NA,NA,NA,NA,NA,NA,NA,8259400
Q5VZ89,NA,24073000,20608000,NA,17275000,25921000,32284000,31677000
Q5VZE5,150660000,139210000,139320000,120790000,115560000,113870000,178080000,174490000
Q5VZK9,62273000,64123000,117500000,252160000,190420000,156970000,796710000,730980000
Q5VZL5,43962000,61287000,66606000,98956000,108000000,103450000,36689000,38845000
Q7L523,55329000,66080000,62837000,77155000,128410000,72007000,22110000,28340000
Q5W0U4,NA,NA,NA,NA,NA,NA,NA,NA
Q5W0V3,NA,NA,NA,NA,NA,35606000,NA,NA
Q5XKP0,128070000,141360000,140290000,206150000,155420000,139620000,302000000,296570000
Q63ZY3,58487000,48111000,76494000,59250000,125490000,126270000,106850000,93956000
Q658P3,1063700000,467670000,656620000,65493000,15493000,42626000,62089000,76147000
Q658Y4,373470000,214420000,324580000,283670000,305210000,334870000,401900000,361590000
Q659A1,NA,NA,NA,NA,NA,17300000,NA,NA
Q66K14,133030000,109810000,98355000,109360000,122560000,115300000,131210000,118540000
Q66K74,287970000,193560000,224630000,253730000,236130000,336260000,432700000,364920000
Q66PJ3,94382000,78767000,102350000,150570000,204090000,156810000,74008000,70427000
Q68CP9,NA,NA,243180000,NA,NA,117370000,69999000,90869000
Q68CQ4,NA,21808000,27472000,23236000,23844000,18822000,24422000,26922000
Q68CQ7,47474000,58707000,66452000,54599000,38381000,36708000,NA,18857000
Q68CZ2,403070000,270560000,302220000,772540000,726900000,713410000,818720000,811650000
Q68CZ6,NA,NA,NA,NA,NA,NA,NA,21790000
Q68D10,NA,NA,NA,NA,NA,NA,NA,NA
Q68DU7,NA,NA,NA,40206000,25575000,NA,NA,NA
Q68E01,70940000,58581000,NA,60696000,57385000,94905000,50123000,53231000
Q68EM7,195080000,135660000,246340000,268430000,256310000,315920000,138710000,103160000
Q69YN2,202430000,163180000,135970000,139920000,153270000,127980000,161860000,131200000
Q69YN4,52229000,39585000,54151000,58223000,48920000,72432000,79449000,47256000
Q69YU5,NA,NA,NA,NA,13388000,9940600,48611000,36799000
Q6BCY4,NA,NA,NA,NA,NA,NA,NA,NA
Q6DD88,1220600000,1485600000,1041600000,1142600000,977030000,1113000000,804710000,838380000
Q6DKI1,133730000,172600000,252840000,250390000,378290000,416640000,539090000,515890000
Q6DKJ4,48809000,60159000,76876000,61649000,53417000,88082000,40875000,27345000
Q6DKK2,NA,NA,NA,NA,NA,NA,NA,NA
Q6DT37,NA,NA,26939000,NA,NA,NA,20023000,19844000
Q6EMK4,NA,NA,NA,NA,NA,NA,NA,NA
Q6FI81,534020000,568210000,427460000,899280000,922080000,931480000,610750000,541810000
Q6GMV2,47462000,NA,NA,36261000,35593000,35138000,NA,NA
Q6GMV3,309250000,382300000,325250000,520940000,710440000,633150000,696880000,623280000
Q6GPH4,113030000,67083000,49676000,NA,NA,NA,NA,NA
Q6GQQ9,23163000,20056000,25012000,27408000,36579000,21418000,21902000,19401000
Q6I9Y2,107640000,170850000,259280000,104420000,125640000,173390000,58584000,58740000
Q6IA17,NA,NA,NA,NA,NA,NA,NA,NA
Q6IA86,NA,NA,NA,22909000,33386000,39843000,NA,NA
Q6IAA8,196710000,207000000,201460000,211910000,172550000,199460000,82487000,90007000
Q6IBS0,1075800000,1202800000,1327300000,1251100000,1171900000,974410000,671790000,697570000
Q6IPR3,NA,NA,NA,NA,30551000,NA,NA,14689000
Q6IQ22,133600000,132730000,86284000,116890000,125110000,80668000,207140000,201490000
Q6IQ49,NA,NA,17880000,NA,19740000,13977000,NA,NA
Q6ISB3,NA,NA,NA,NA,NA,NA,99506000,58527000
Q6KC79,54120000,91619000,47527000,119790000,103530000,93584000,65503000,69307000
Q6N069,NA,NA,NA,NA,NA,NA,19494000,26772000
Q6NSJ5,NA,NA,NA,NA,NA,NA,NA,NA
Q8TCE6,50797000,47115000,74449000,32072000,60739000,24442000,38545000,37644000
Q6NUK1,1398100000,1373900000,1307500000,1436400000,1547500000,1565600000,1718400000,1782200000
Q6NUM9,74456000,97270000,106640000,87893000,89851000,64501000,47659000,33151000
Q6NUQ1,NA,21450000,28268000,49125000,30585000,26932000,42199000,51677000
Q6NUQ4,228380000,253260000,218170000,227680000,201280000,196750000,235700000,218630000
Q6NVY1,302770000,277960000,282850000,568430000,517410000,705100000,824520000,656210000
Q6NW34,NA,18781000,22544000,19628000,26626000,28892000,NA,NA
Q6NXE6,159780000,197340000,231410000,317720000,307210000,309490000,301370000,378520000
Q6NXG1,NA,NA,NA,NA,NA,NA,372740000,310500000
Q6NZI2,5116700000,5911300000,6014600000,2772100000,3794900000,2954500000,596980000,753640000
Q6NZY4,103560000,87487000,60085000,101600000,98905000,140070000,103030000,101230000
Q6P158,33522000,NA,31901000,NA,NA,39244000,24509000,16860000
Q6P161,134620000,84828000,87318000,97063000,83508000,NA,166680000,144170000
Q6P1J9,177310000,175110000,195840000,182680000,183620000,190960000,137900000,139180000
U3KQ54,NA,NA,NA,NA,NA,NA,15821000,NA
Q6P1L8,89540000,84937000,71379000,119320000,129680000,141550000,212340000,188520000
Q6P1M0,NA,26639000,19542000,13154000,NA,28009000,22927000,NA
Q6P1N0,59622000,55047000,74784000,NA,61119000,47177000,67043000,59914000
Q6P1N9,404640000,460390000,459070000,394710000,419630000,350980000,679650000,654550000
Q6P1Q9,16967000,29096000,24270000,NA,21243000,21158000,11957000,NA
Q6P1R4,NA,NA,NA,NA,NA,NA,NA,NA
Q6P1X5,52152000,22139000,37640000,17599000,21317000,42244000,25055000,20276000
Q6P2C8,NA,NA,NA,NA,NA,NA,NA,NA
Q6P2E9,210480000,267250000,291250000,474440000,433450000,516700000,749260000,729320000
Q6P2H3,145680000,18514000,NA,13568000,NA,NA,NA,NA
Q6P2I3,NA,NA,NA,NA,NA,NA,NA,NA
Q6P2Q9,2993300000,2802000000,2764000000,3229900000,3430500000,3754400000,2738900000,2646900000
Q6P3W7,248210000,208200000,195740000,187060000,166760000,220090000,305220000,280350000
Q6P3X3,25652000,NA,NA,NA,NA,NA,NA,NA
Q6P4A7,NA,NA,NA,NA,NA,10022000,NA,25819000
Q6P4A8,NA,NA,NA,NA,NA,NA,NA,NA
Q6P4E1,63237000,45576000,95972000,NA,22032000,16605000,26446000,40809000
Q6P4F2,NA,NA,NA,NA,NA,NA,NA,NA
Q6P4Q7,NA,NA,NA,NA,NA,NA,40998000,NA
Q6P587,332380000,178490000,188230000,132060000,117510000,127510000,178560000,241050000
Q6P597,NA,NA,NA,NA,NA,NA,77321000,122340000
Q6P6C2,281820000,259270000,202240000,238470000,172780000,187210000,137380000,109060000
Q6P996,366790000,425170000,313990000,147150000,189530000,185540000,303880000,284980000
Q6P9B6,87463000,32239000,56406000,57272000,NA,101440000,385960000,379940000
Q6PCB5,NA,NA,NA,NA,NA,NA,NA,NA
Q6PCB7,NA,NA,NA,NA,NA,NA,NA,NA
Q6PCE3,18828000,23898000,NA,21219000,49626000,73160000,98902000,92134000
Q6PD62,267040000,231730000,225260000,220800000,231770000,219390000,249370000,228140000
Q6PD74,28569000,NA,12038000,NA,NA,NA,NA,NA
Q6PGP7,340530000,344970000,304510000,370750000,492020000,433100000,329990000,373300000
Q6PHR2,NA,NA,NA,NA,NA,NA,6935000,NA
Q6PI47,NA,NA,NA,NA,NA,NA,NA,NA
Q6PI48,273600000,215900000,402730000,190090000,148900000,195050000,333410000,319600000
Q6PI78,NA,NA,NA,NA,NA,NA,NA,NA
Q6PJ69,24696000,NA,15776000,37461000,32719000,42794000,NA,NA
Q6PJF5,NA,NA,NA,NA,NA,NA,NA,NA
Q6PJG6,NA,62555000,28115000,36221000,62149000,49860000,54214000,31500000
Q6PKG0,917670000,1122600000,1041700000,1541500000,1448400000,1551600000,1574000000,1606300000
Q6PL18,69911000,106170000,65296000,102570000,117480000,110380000,72255000,61527000
Q6PL24,181940000,229740000,108550000,66084000,62216000,97333000,NA,NA
Q6R327,NA,NA,NA,NA,NA,23462000,NA,NA
Q6RFH5,28992000,34027000,46305000,51532000,61763000,60517000,55530000,62285000
Q6SJ93,NA,21990000,NA,30393000,44100000,35581000,72861000,64434000
Q6SZW1,NA,NA,NA,NA,NA,4478100,NA,NA
Q6UN15,141610000,180560000,177590000,173220000,228050000,204830000,144760000,106500000
Q6UUV9,84557000,NA,58478000,NA,NA,52710000,117750000,70124000
Q6UVJ0,NA,NA,NA,NA,NA,NA,NA,NA
Q6UVY6,NA,NA,21619000,NA,NA,NA,NA,NA
Q6UW02,27460000,NA,26253000,30861000,33954000,25828000,62646000,39498000
Q6UW63,105610000,98108000,104400000,61219000,62356000,57614000,NA,NA
Q6UW78,NA,NA,NA,NA,NA,NA,NA,NA
Q6UWE0,NA,57602000,48696000,32580000,41090000,49613000,28587000,NA
Q6UWP2,NA,NA,13973000,NA,35756000,35332000,24803000,18710000
Q6UWP7,NA,NA,27691000,38227000,41291000,42786000,34482000,26986000
Q6UWS5,NA,NA,NA,NA,NA,NA,56368000,NA
Q6UX04,70584000,83061000,77067000,150520000,122460000,120610000,92998000,84594000
Q6UX71,NA,NA,NA,NA,NA,NA,NA,NA
Q6UXG2,NA,NA,NA,NA,NA,NA,NA,NA
Q6UXH1,47762000,36872000,48744000,39716000,39425000,31942000,22365000,NA
Q6UXN9,415600000,497120000,373300000,469240000,530490000,463730000,342970000,305350000
Q6UY01,NA,NA,NA,NA,29877000,NA,NA,NA
Q6VMQ6,30964000,43785000,38946000,NA,24784000,49839000,28140000,NA
Q6VY07,40439000,44707000,32077000,31201000,36936000,30094000,48414000,46097000
Q6WCQ1,190810000,208950000,162150000,149920000,160550000,156430000,94765000,97361000
Q6WKZ4,NA,NA,NA,26853000,18536000,24649000,108880000,113020000
Q6X4U4,NA,NA,NA,NA,NA,NA,NA,NA
Q6XZF7,39303000,38942000,14688000,41735000,28730000,25615000,NA,NA
Q6Y1H2,NA,4819500,NA,NA,5762600,11361000,18165000,21019000
Q6Y288,54957000,NA,26935000,52315000,73155000,132400000,47322000,39724000
Q6Y7W6,291350000,276300000,226320000,258040000,282890000,245550000,261330000,223850000
Q6YHK3,63049000,56638000,100120000,125020000,101170000,118960000,NA,NA
Q6YN16,354350000,306590000,374790000,370650000,429370000,352660000,335530000,352270000
Q6YP21,193270000,135480000,180920000,266150000,267610000,289390000,634560000,575170000
Q6ZMZ3,NA,NA,17683000,NA,25860000,14020000,NA,NA
Q6ZN40,1915100000,2436900000,1362300000,1634200000,2254200000,2092200000,7030300000,7380500000
Q6ZNB6,29312000,37968000,44758000,50520000,64972000,67071000,54992000,61649000
Q6ZR64,28466000,NA,11746000,26705000,33383000,28912000,NA,NA
Q6ZRP7,31674000,28695000,39731000,25804000,50331000,49544000,27802000,51647000
Q6ZS30,NA,NA,NA,NA,NA,NA,NA,NA
Q6ZSJ8,NA,NA,NA,NA,NA,27671000,NA,NA
Q6ZT12,NA,NA,NA,NA,NA,NA,NA,NA
Q6ZUT6,NA,NA,NA,NA,NA,NA,NA,NA
Q6ZVM7,178460000,117660000,108360000,51629000,64328000,45926000,12522000,NA
Q6ZVX7,NA,NA,NA,NA,NA,NA,15154000,NA
Q6ZWT7,NA,NA,NA,NA,23796000,NA,NA,34484000
Q6ZXV5,66331000,73231000,59657000,83929000,85434000,32380000,139290000,102760000
Q6ZYL4,NA,NA,NA,NA,NA,NA,NA,NA
Q709C8,150080000,105110000,106740000,103380000,116960000,140790000,128580000,98336000
Q70E73,106940000,106180000,57432000,78972000,62836000,59910000,109000000,118120000
Q70J99,NA,NA,NA,NA,NA,NA,17439000,NA
Q70UQ0,768290000,1079400000,842210000,324170000,286620000,287900000,15080000,9598600
Q70Z35,NA,NA,NA,NA,NA,NA,74197000,13602000
Q712K3,38727000,46847000,45478000,71384000,78437000,75491000,35149000,40941000
Q71DI3,479250000,466070000,800950000,554330000,650960000,3288500000,1081300000,1282600000
Q71RC2,301140000,297290000,236310000,261210000,315680000,200010000,211580000,202710000
Q71SY5,NA,NA,NA,NA,NA,NA,NA,NA
Q71UI9,NA,NA,7177100,NA,NA,54264000,100560000,26385000
Q71UM5,1493800000,2455000000,1814600000,1257200000,2467000000,1882400000,1277300000,1559100000
Q76FK4,20783000,22133000,30506000,13132000,25859000,12426000,18510000,18040000
Q7KYR7,22457000,NA,29585000,47650000,44658000,44661000,30881000,45315000
Q7KZ85,245120000,324640000,254720000,297770000,377980000,272800000,237880000,213100000
Q7KZF4,4551900000,3763900000,4219200000,2294900000,2502100000,2726900000,3869300000,3451900000
Q7L014,49324000,NA,60158000,49785000,48193000,47567000,40866000,42220000
Q7L0Y3,712640000,727840000,740680000,886990000,1002100000,1020600000,720450000,739860000
Q7L1Q6,1556300000,2096900000,1502800000,1204900000,1442000000,1288100000,1814000000,1797100000
Q7L1T6,NA,NA,NA,25735000,16114000,15746000,54828000,58667000
Q7L1W4,41034000,34018000,46691000,NA,16736000,17820000,35095000,27283000
Q7L266,NA,NA,NA,NA,NA,NA,134410000,172010000
Q7L273,NA,NA,NA,NA,NA,NA,NA,12629000
Q7L2H7,1719400000,1202200000,1020500000,1955100000,1310500000,1438700000,1828100000,1245200000
Q7L2J0,57580000,73680000,74582000,194690000,180780000,143740000,178760000,174390000
Q7L2Z9,NA,NA,NA,NA,NA,NA,8209700,NA
Q7L4I2,54424000,51651000,39363000,69029000,64123000,62615000,28488000,45473000
Q7L576,672080000,509160000,430820000,601020000,551380000,675880000,707060000,868770000
Q7L592,NA,NA,21264000,28225000,19163000,44163000,66832000,63951000
Q7L5D6,52959000,51784000,25675000,52253000,38309000,57275000,102870000,126760000
Q7L5N7,86177000,91162000,89748000,67035000,94177000,83433000,76362000,86681000
Q7L5Y1,NA,6015400,4091300,NA,NA,13171000,600850000,446450000
Q7L7V1,NA,NA,NA,NA,NA,NA,NA,NA
Q7L7X3,32929000,NA,23470000,25528000,28650000,19360000,37872000,NA
Q7L8J4,NA,NA,NA,NA,NA,NA,NA,NA
Q7L8L6,63820000,NA,53344000,87902000,39983000,72973000,100420000,60915000
Q7L9B9,NA,NA,NA,NA,NA,NA,NA,NA
Q9H8S9,66544000,63968000,76540000,64035000,82011000,60511000,49990000,57911000
Q7LBC6,123280000,139210000,104230000,188650000,224500000,204120000,165170000,181800000
Q7LBR1,106090000,147370000,251570000,93788000,129950000,129600000,269990000,311020000
Q7LGA3,113710000,97653000,89464000,71878000,85318000,62894000,88381000,85484000
Q7RTP6,21918000,15374000,19615000,20833000,23685000,11178000,16686000,15618000
Q7RTV0,396110000,457340000,530120000,474900000,697980000,686290000,399820000,463100000
Q7Z2K6,NA,NA,NA,NA,19893000,16552000,73109000,82938000
Q7Z2K8,NA,NA,NA,NA,NA,34889000,NA,NA
Q7Z2T5,130300000,134400000,139630000,205930000,198760000,203630000,68527000,72937000
Q7Z2W9,52428000,22338000,24288000,37383000,29757000,48691000,72038000,76499000
Q7Z2Y5,NA,NA,NA,NA,NA,NA,5730500,7117700
Q7Z2Z2,137150000,102900000,98937000,89011000,86557000,102330000,149090000,154070000
Q7Z392,NA,20424000,15767000,20925000,15553000,17134000,12582000,NA
Q7Z3B4,143300000,134170000,115920000,91383000,99271000,101970000,84942000,110290000
Q7Z3K3,90805000,67220000,126290000,115650000,154890000,85072000,101680000,107920000
Q7Z3T8,35532000,34791000,44958000,66101000,61867000,56929000,34440000,32431000
Q7Z406,152210000,47115000,69351000,78313000,40063000,54622000,1489800000,869490000
Q7Z417,329030000,377150000,278210000,280930000,315840000,311210000,240970000,237190000
Q7Z422,NA,NA,NA,NA,NA,NA,NA,NA
Q7Z434,130420000,109670000,141410000,114640000,127710000,87022000,104010000,115930000
Q7Z460,138900000,136470000,139490000,328640000,338840000,351090000,159530000,137030000
Q7Z4G1,55783000,45058000,24483000,25970000,27577000,32297000,32850000,22454000
Q7Z4H3,59597000,65366000,54412000,98920000,99758000,143550000,228210000,190280000
Q7Z4H8,335340000,407960000,330110000,364700000,366600000,514950000,180780000,148950000
Q7Z4Q2,32831000,48487000,67868000,67057000,45464000,50749000,125310000,109110000
Q7Z4R8,NA,NA,NA,NA,13409000,NA,NA,NA
Q7Z4T8,NA,NA,NA,NA,NA,92281000,8402500,NA
Q7Z4V5,677970000,670120000,831650000,857420000,919500000,1022500000,371460000,371970000
Q7Z4W1,38739000,63430000,67404000,68176000,83694000,87859000,49932000,68478000
Q7Z589,NA,NA,NA,NA,31224000,30403000,24531000,23650000
Q7Z5G4,11077000,38277000,12494000,NA,NA,NA,15719000,14438000
Q7Z5K2,63909000,69629000,59427000,73952000,80704000,62893000,61232000,84726000
Q7Z5L9,420360000,415230000,414430000,234780000,316900000,302320000,200800000,190530000
Q7Z6E9,124360000,107370000,99686000,123040000,132480000,122550000,86060000,100540000
Q7Z6I8,NA,NA,NA,39897000,60099000,NA,NA,NA
Q7Z6J9,NA,NA,NA,NA,NA,NA,NA,20793000
Q7Z6M1,79568000,96385000,112430000,80918000,127120000,82551000,46513000,49733000
Q7Z6R9,NA,NA,NA,NA,NA,NA,NA,NA
Q7Z6Z7,1302400000,749300000,1126700000,1199700000,1072900000,1246600000,999660000,1070900000
Q7Z739,597500000,790510000,702190000,533440000,579420000,586140000,228810000,248200000
Q7Z7E8,64495000,102740000,98029000,113060000,113150000,96664000,113090000,120630000
Q7Z7F0,NA,NA,NA,NA,NA,NA,17759000,NA
Q7Z7F7,18961000,NA,19969000,21053000,21381000,NA,23358000,35016000
Q7Z7H5,NA,NA,70918000,86076000,98253000,68415000,138790000,132720000
Q7Z7H8,53027000,35720000,73124000,72023000,63290000,101020000,149750000,142110000
Q7Z7K0,97239000,60754000,94090000,107380000,143730000,156430000,123830000,155250000
Q7Z7K6,129650000,59629000,93279000,29709000,38745000,60507000,NA,NA
Q7Z7L1,NA,NA,NA,NA,NA,NA,NA,NA
Q86SF2,NA,19318000,NA,257110000,279750000,237760000,209960000,190820000
Q86SJ2,90624000,77082000,NA,31216000,26747000,41339000,NA,NA
Q86SK9,NA,NA,NA,NA,NA,NA,NA,20852000
Q86SX6,223500000,327980000,156450000,257140000,203990000,207310000,166100000,218010000
Q86SZ2,86630000,77434000,72459000,47036000,45145000,60545000,61229000,46169000
Q86T03,90403000,65297000,63019000,54057000,58794000,54430000,58815000,74334000
Q86TB9,199140000,183650000,192490000,177110000,250880000,236840000,304040000,266030000
Q86TI0,NA,NA,NA,NA,42392000,33620000,31319000,25145000
Q86TI2,346420000,278920000,232110000,147720000,154290000,156940000,111650000,119960000
Q86TP1,NA,NA,23715000,41620000,26297000,40867000,27908000,31701000
Q86TU7,65615000,39059000,53214000,54263000,60415000,63425000,88272000,64678000
Q86TX2,NA,NA,NA,NA,NA,NA,43729000,37371000
Q86U28,NA,NA,NA,NA,NA,NA,NA,NA
Q86U38,51556000,46490000,21051000,36257000,42593000,28531000,36644000,44115000
Q86U42,546470000,570590000,621380000,582040000,487920000,632460000,364810000,555040000
Q86U44,95246000,79845000,88697000,73977000,91882000,97399000,25650000,56535000
Q86U86,11203000,65397000,32591000,48667000,64780000,55706000,99135000,92363000
Q86U90,68500000,34509000,46873000,71117000,84238000,59426000,78609000,49420000
Q86UA1,NA,NA,22866000,NA,25506000,NA,NA,NA
Q86UL3,48201000,33430000,17025000,17352000,14880000,NA,16845000,21598000
Q86UP2,2510300000,2819800000,3335800000,2995500000,3072200000,2764000000,2602800000,2839600000
Q86UR5,41509000,35352000,22007000,NA,NA,NA,NA,NA
Q86UV5,53912000,24459000,35590000,125330000,66258000,120850000,68958000,60019000
Q86UY6,NA,NA,NA,NA,19760000,34787000,50542000,40723000
Q86UY8,NA,36605000,56404000,148350000,77902000,110580000,37263000,46041000
Q86V15,NA,NA,NA,NA,NA,NA,NA,NA
Q86V21,51340000,55167000,46714000,54195000,55701000,28747000,83402000,106950000
Q86V35,NA,NA,NA,NA,NA,77908000,NA,NA
Q86V48,411880000,422630000,364550000,961540000,1195000000,1102800000,247520000,260200000
Q86V81,945050000,663480000,585410000,886360000,1002500000,1374900000,1274200000,1400600000
Q86V85,NA,15402000,38535000,NA,12982000,6092300,15354000,21378000
Q86V87,37281000,NA,NA,NA,NA,99332000,NA,NA
Q86V88,72722000,NA,38503000,35134000,26232000,17197000,NA,NA
Q86VN1,NA,NA,NA,18456000,12574000,21677000,18668000,NA
Q86VP6,3274200000,2691200000,3111400000,2249300000,2288700000,2390900000,3909200000,4040600000
Q86VS8,663360000,1041600000,699090000,566860000,487910000,519800000,297300000,298810000
Q86VU5,NA,NA,NA,NA,NA,NA,NA,NA
Q86VX2,NA,14071000,NA,NA,15146000,NA,NA,NA
Q86W42,101910000,56277000,83861000,70533000,64548000,114980000,52683000,47499000
Q86W50,59769000,NA,48357000,78542000,48481000,67485000,58166000,40610000
Q86W56,NA,25248000,NA,18343000,NA,NA,26185000,23936000
Q86W92,368150000,331010000,306930000,182030000,150380000,136860000,166880000,169990000
Q86WA6,26287000,NA,49218000,51617000,99364000,78691000,52493000,42405000
Q86WA8,NA,NA,NA,NA,NA,NA,55380000,49856000
Q86WQ0,88001000,74576000,129330000,114720000,129270000,141470000,113900000,141190000
Q86WR0,220410000,286130000,260330000,156330000,259450000,168440000,156930000,173150000
Q86WR7,NA,NA,NA,22790000,27089000,17775000,7125900,NA
Q86WV6,NA,NA,NA,NA,NA,NA,NA,NA
Q86WV7,NA,NA,21155000,41369000,48627000,32118000,51589000,41214000
Q86X02,NA,NA,NA,NA,19703000,NA,NA,NA
Q86X27,21848000,NA,NA,22888000,17132000,NA,NA,NA
S4R3V8,NA,NA,NA,NA,NA,NA,121670000,123480000
Q86X55,377510000,364450000,390270000,426040000,335910000,460800000,182810000,198230000
Q86X76,162130000,203280000,205120000,148900000,184690000,232390000,116780000,113400000
Q86X83,94513000,33932000,46620000,73724000,69666000,54174000,76387000,59745000
Q86X95,NA,NA,NA,NA,NA,NA,NA,NA
Q86XI2,27037000,31035000,32077000,40705000,33771000,36619000,41630000,30068000
Q86XL3,21565000,90211000,30718000,73672000,94998000,83211000,46304000,65656000
Q86XP3,472960000,474650000,486620000,719910000,718040000,695540000,390900000,365590000
Q86XZ4,44592000,47965000,46328000,32663000,36029000,27335000,34094000,26635000
Q86Y07,36972000,NA,15922000,30889000,33741000,29129000,62657000,52016000
Q86Y37,NA,NA,NA,NA,NA,NA,NA,NA
Q86Y39,23168000,NA,46998000,68975000,82762000,55956000,124040000,77613000
Q86Y56,45985000,31365000,37340000,62212000,NA,65326000,62306000,52340000
Q86Y82,164970000,229850000,163630000,128320000,134490000,128870000,90748000,120120000
Q86YH6,NA,NA,NA,NA,NA,NA,40938000,47597000
Q86YM6,NA,NA,NA,42842000,33077000,27177000,NA,23875000
Q86YP4,120370000,140430000,86542000,124910000,92287000,117010000,122510000,116780000
Q86YS6,13308000,NA,29489000,NA,NA,NA,30153000,31119000
Q86YS7,NA,NA,NA,NA,NA,10597000,NA,NA
Q86YT6,256810000,NA,248080000,NA,279430000,NA,235610000,193420000
Q8IU81,45175000,NA,81091000,73779000,106920000,87884000,61982000,54070000
Q8IU85,NA,NA,NA,NA,NA,NA,57876000,52022000
Q8IUC4,NA,NA,12490000,NA,11482000,NA,13436000,56089000
X6RLX0,173730000,192850000,224530000,217110000,253030000,226600000,164130000,169310000
Q8IUE6,4367000000,554090000,234920000,707930000,399130000,200070000,545740000,105050000
Q9BRT8,31891000,NA,17712000,NA,NA,NA,67956000,57018000
Q8IUF8,116400000,111450000,110860000,105390000,138270000,170570000,166380000,225720000
Q8IUH3,NA,NA,NA,21209000,30741000,13315000,31500000,29133000
Q8IUH4,NA,NA,34917000,NA,NA,NA,NA,22036000
Q8IUI8,NA,49498000,36933000,NA,35538000,23391000,34284000,27070000
Q8IUR0,64785000,77013000,73197000,103310000,62959000,70248000,77430000,68559000
Q8IUR7,49608000,46328000,33584000,50745000,47189000,43246000,46583000,30383000
Q8IUX1,NA,NA,12152000,23341000,NA,NA,32281000,33180000
Q8IV08,114370000,59669000,98480000,61162000,101340000,103910000,91942000,81322000
Q8IV36,NA,NA,NA,NA,NA,NA,NA,NA
Q8IV38,69019000,37796000,72984000,41562000,20931000,46959000,162560000,172800000
Q8IV48,138580000,198130000,116170000,109510000,127220000,95419000,110920000,103730000
Q8IVD9,93098000,145490000,229480000,110030000,129440000,111710000,117460000,114060000
Q8IVF2,5845000000,4478700000,5341300000,6781400000,5502000000,5757100000,634930000,686850000
Q8IVL5,179410000,118510000,199810000,122400000,178010000,156650000,15150000,15560000
Q8IVL6,73189000,51977000,112430000,NA,23166000,34166000,NA,NA
Q8IVM0,55790000,59259000,73076000,52782000,67095000,41616000,32459000,47020000
Q8IVP5,29067000,15760000,16684000,23564000,12324000,19804000,7341100,14569000
Q8IVS2,NA,NA,20866000,52852000,54215000,80447000,47111000,61926000
Q8IW45,NA,NA,NA,NA,17534000,14850000,11967000,NA
Q8IWA0,152180000,127120000,89884000,92254000,94715000,77030000,159140000,144940000
Q8IWA5,NA,413550000,5007300,20672000,NA,NA,848190000,803940000
Q8IWB7,149580000,135440000,192070000,179750000,274720000,105540000,78781000,93296000
Q8IWC1,116650000,128690000,114030000,84641000,129560000,113040000,38001000,24227000
Q8IWE2,609350000,623200000,546900000,262520000,337130000,296960000,156780000,156400000
Q8IWF2,NA,NA,NA,NA,NA,6833200,NA,NA
Q8IWI9,NA,27136000,NA,NA,26295000,NA,25936000,28561000
Q8IWJ2,NA,NA,42998000,16929000,28363000,108300000,73969000,64567000
Q8IWL3,NA,NA,NA,26623000,NA,NA,22853000,33174000
Q8IWR0,NA,46860000,NA,NA,16065000,NA,42582000,33181000
Q8IWT0,12431000,20038000,17731000,22435000,30962000,28683000,15013000,24684000
Q8IWT6,NA,NA,NA,NA,NA,19072000,NA,NA
Q8IWV8,25006000,NA,NA,13988000,23901000,23596000,19243000,14296000
Q8IWZ3,139520000,103040000,147370000,180820000,128660000,206120000,234940000,186430000
Q8IWZ8,61126000,NA,42585000,57745000,60219000,42069000,42308000,42047000
Q8IX12,742800000,783890000,719980000,786960000,863700000,796040000,531350000,439060000
Q8IX18,NA,NA,NA,9846200,NA,NA,NA,NA
Q8IX90,NA,NA,NA,NA,NA,NA,NA,NA
Q8IXB1,143270000,127190000,173830000,108220000,99800000,112560000,105540000,143940000
Q8IXI1,114080000,119480000,105160000,155570000,216000000,183520000,207460000,229470000
Q8IXJ6,NA,42947000,32591000,NA,20559000,22162000,NA,NA
Q8IXM3,131940000,109240000,167330000,214040000,199720000,185400000,259960000,248290000
Q8IXQ5,NA,NA,6334800,NA,NA,10254000,24442000,21466000
Q8IXQ6,211990000,49187000,200120000,36001000,25974000,NA,7949500,NA
Q8IXU6,NA,NA,NA,NA,NA,NA,NA,NA
Q8IY17,NA,NA,14075000,11823000,16747000,15701000,25444000,17670000
Q8IY18,18480000,21621000,NA,NA,NA,NA,NA,NA
Q8IY37,28443000,27680000,30978000,38204000,45002000,34855000,39000000,42897000
Q8IY81,327490000,370630000,361230000,687000000,623300000,579080000,536750000,602400000
Q8IY95,NA,NA,41839000,36926000,43151000,37094000,26853000,30199000
Q8IYB5,68684000,29974000,40460000,50813000,63222000,43422000,89330000,106110000
Q8IYB7,17189000,25789000,17363000,17797000,26568000,31135000,14171000,7597400
Q8IYB8,111240000,64073000,116960000,103110000,102410000,73599000,170230000,196750000
Q8IYD1,NA,NA,NA,NA,NA,NA,NA,NA
Q8IYI6,NA,38800000,44372000,44835000,63246000,42689000,72691000,35402000
Q8IYK4,183640000,142190000,121370000,NA,NA,NA,NA,NA
Q8IYL3,NA,31645000,20034000,62445000,28617000,34133000,11395000,NA
Q8IYQ7,NA,NA,13895000,22718000,31420000,31752000,22552000,15965000
Q8IYS1,27855000,37105000,54430000,NA,NA,6296000,1129500000,980320000
Q8IYS2,29858000,47112000,148500000,51579000,51020000,63740000,23751000,33784000
Q8IYU8,30696000,30906000,23541000,39802000,47276000,52756000,85100000,73464000
Q8IZ07,NA,23086000,35585000,31249000,NA,31548000,112090000,105040000
Q8IZ21,60549000,53781000,36803000,NA,41946000,61261000,25995000,33368000
Q8IZ73,19201000,NA,NA,NA,NA,NA,NA,9848800
Q8IZH2,781940000,461380000,444660000,959270000,773040000,1075300000,672580000,615970000
Q8IZL8,53705000,NA,69138000,49546000,85347000,76265000,91810000,61149000
Q8IZP9,193720000,192700000,192020000,NA,NA,NA,NA,NA
Q8IZT6,NA,NA,NA,NA,6029900,7009300,6870700,10811000
Q8IZV5,NA,NA,24287000,NA,37986000,52812000,41498000,50921000
Q8N0X4,NA,NA,NA,28670000,35601000,48740000,NA,NA
Q8N0X7,478700000,534300000,455740000,397280000,420650000,382630000,214530000,247420000
Q8N0Z6,16853000,NA,NA,NA,NA,NA,NA,NA
Q8N118,NA,NA,NA,NA,NA,NA,NA,NA
Q8N122,NA,NA,36207000,NA,33241000,NA,NA,NA
Q8N129,116300000,81479000,85206000,64777000,49211000,76870000,NA,NA
Q8N163,1059600000,1081300000,1413200000,1609800000,1892200000,1783600000,814200000,897080000
Q8N183,77638000,173800000,170250000,253870000,368180000,255780000,389640000,425630000
Q8N1F7,498110000,475360000,483420000,602680000,656900000,595770000,571450000,598270000
Q8N1G0,NA,22660000,24818000,22201000,21653000,17004000,26786000,25587000
Q8N1G2,82354000,66156000,54080000,94769000,91885000,114020000,117800000,104110000
Q8N1G4,728340000,730760000,919560000,1060600000,1258500000,1250600000,581050000,605730000
Q8N1W1,NA,NA,NA,27699000,18379000,27771000,NA,NA
Q8N201,16074000,NA,NA,13795000,NA,NA,NA,NA
Q8N257,17071000000,19269000000,20933000000,22053000000,23156000000,19852000000,19404000000,17986000000
Q8N2F6,20548000,NA,NA,26721000,23088000,34430000,30361000,40676000
Q8N2G8,NA,NA,NA,NA,NA,NA,NA,NA
Q8N2K0,NA,NA,NA,42083000,NA,50706000,56594000,85560000
Q8N2W9,NA,NA,NA,NA,NA,NA,NA,NA
Q8N335,NA,68057000,61381000,105160000,123420000,105480000,140790000,153010000
Q8N357,NA,NA,NA,NA,NA,NA,NA,NA
Q8N392,106400000,88800000,111860000,23900000,6240900,16318000,268650000,201910000
Q8N3C0,191350000,97504000,140570000,176390000,220150000,187640000,121620000,121400000
Q8N3D4,NA,NA,NA,NA,NA,26706000,18324000,25733000
Q8N3F8,88363000,40313000,121840000,134170000,267500000,176410000,34023000,14434000
Q8N3R9,42802000,NA,41289000,24072000,32221000,31534000,83237000,79566000
Q8N3U4,236490000,224740000,148730000,179370000,203260000,184090000,129140000,135820000
Q8N3V7,NA,NA,NA,29580000,22271000,44059000,NA,NA
Q8N3X1,NA,NA,24423000,NA,NA,17821000,8478800,28556000
Q8N428,220820000,125120000,104240000,44178000,46015000,37885000,NA,NA
Q8N442,NA,NA,NA,10273000,NA,19794000,NA,NA
Q8N474,NA,NA,NA,NA,NA,NA,NA,NA
Q8N488,36028000,NA,30876000,53653000,49010000,NA,26702000,38479000
Q8N490,NA,NA,NA,NA,NA,NA,NA,NA
Q8N4C8,90167000,118890000,155400000,153310000,160370000,129110000,119870000,129990000
Q8N4H5,124220000,118790000,225470000,171000000,177220000,241280000,287210000,312100000
Q8N4Q1,303330000,310280000,364720000,550690000,577690000,501360000,141050000,155740000
Q8N4V1,160440000,140440000,127710000,113530000,107190000,165700000,128490000,159650000
Q8N4X5,NA,NA,NA,NA,NA,NA,31441000,39324000
Q8N543,175540000,211530000,149590000,194860000,143060000,247250000,189720000,145270000
Q8N573,482930000,316030000,554850000,200310000,185560000,170400000,230060000,267900000
Q8N5C6,19426000,NA,17487000,47385000,36113000,74886000,29923000,10125000
Q8N5F7,110580000,65208000,90975000,60708000,67372000,33725000,53770000,42759000
Q8N5G0,NA,NA,8726500,25943000,26984000,26740000,58113000,46552000
Q8N5G2,27970000,43254000,24141000,47371000,42670000,63613000,21772000,33174000
Q8N5I9,NA,NA,NA,NA,NA,NA,NA,NA
Q8N5K1,195370000,268400000,215670000,286630000,363840000,406470000,219090000,253320000
Q8N5L8,33214000,46917000,49442000,46045000,54261000,47154000,37654000,49423000
Q8N5M4,54351000,112570000,127690000,82203000,79934000,74576000,173940000,153130000
Q8N5M9,NA,NA,NA,NA,NA,NA,NA,NA
Q8N5N7,182940000,145010000,127460000,206230000,175090000,213940000,267030000,190460000
Q8N5U6,NA,NA,NA,NA,NA,NA,NA,NA
Q8N668,17118000,NA,NA,15508000,NA,25334000,NA,NA
Q8N6I1,NA,NA,NA,NA,NA,NA,NA,NA
Q8N6M0,146430000,145290000,137550000,103090000,91532000,73491000,171170000,96126000
Q8N6N3,NA,14080000,14847000,16589000,31014000,13999000,NA,NA
Q8N6N7,NA,NA,NA,NA,NA,NA,40624000,NA
Q8N6R0,141490000,103250000,85143000,54851000,60285000,59672000,62104000,58474000
Q8N6T3,137870000,104170000,95401000,101180000,129370000,102220000,116480000,95737000
Q8N726,NA,NA,NA,NA,NA,NA,NA,NA
Q8N766,444480000,321510000,420070000,395700000,399690000,382810000,309800000,291620000
Q8N7H5,241510000,223070000,205910000,163910000,210730000,176120000,214750000,218840000
Q8N806,127860000,114260000,166550000,191890000,198130000,226840000,66401000,67052000
Q8N8A2,NA,NA,NA,NA,NA,NA,NA,NA
Q8N8A6,49091000,39251000,33929000,NA,38028000,50152000,72652000,59788000
Q8N8N7,16598000,35625000,49903000,62474000,34757000,61855000,156010000,130580000
Q8N8R5,68163000,NA,23937000,NA,14819000,34801000,27301000,NA
Q8N8S7,541760000,561540000,629200000,895910000,1097700000,1052400000,526780000,482050000
Q8N8U9,NA,NA,NA,NA,NA,7807400,NA,NA
Q8N8Y2,NA,NA,NA,NA,NA,NA,NA,35191000
Q8N8Z6,NA,NA,NA,NA,NA,8961600,NA,NA
Q8N961,NA,NA,NA,NA,NA,NA,NA,NA
Q8N999,25055000,35014000,52954000,NA,28980000,20727000,79312000,78558000
Q8N9N5,NA,NA,NA,NA,NA,NA,NA,NA
Q8N9N7,25962000,45940000,27087000,33984000,41021000,43074000,42648000,49437000
Q8N9Q2,NA,NA,NA,NA,NA,NA,NA,NA
Q8N9T8,153090000,148680000,107070000,130320000,151810000,172490000,339260000,323390000
Q8NAV1,69828000,66942000,69582000,95937000,80418000,125270000,91331000,77973000
Q8NB16,NA,NA,56343000,NA,33446000,71540000,37534000,30970000
Q8NB37,NA,NA,NA,25374000,19635000,NA,NA,NA
Q8NB90,213810000,199020000,147290000,143200000,125140000,138380000,66710000,63069000
Q8NBF2,233920000,95448000,193940000,312910000,273200000,376760000,231600000,246080000
Q8NBI6,32952000,21729000,NA,35969000,27829000,27271000,NA,11831000
Q8NBJ4,273740000,199220000,143740000,92722000,61147000,80401000,78528000,58145000
Q8NBJ5,1660900000,1684500000,1756800000,1172400000,1093500000,1183400000,1034100000,1030000000
Q8NBN3,80098000,54480000,47555000,78951000,68513000,75190000,73289000,79204000
Q8NBN7,66501000,62891000,58421000,78786000,103630000,78560000,93858000,92699000
Q8NBP0,NA,NA,NA,NA,NA,NA,NA,NA
V9GYK6,NA,NA,NA,NA,NA,NA,NA,NA
Q8NBS9,3506000000,2665600000,2926700000,2298400000,2151400000,2534400000,1982800000,2058600000
Q8NBT2,263650000,245310000,297360000,238540000,220590000,277150000,199630000,229640000
Q8NBU5,65243000,22016000,56149000,118490000,136250000,138590000,210280000,173600000
Q8NBX0,179400000,193500000,243940000,302440000,290240000,390640000,122190000,118860000
Q8NBZ7,103400000,103520000,78937000,39638000,39370000,60424000,57889000,71738000
Q8NC51,2810800000,2577200000,4540200000,3483300000,3870200000,4355700000,2396800000,2732600000
Q8NC54,NA,163600000,NA,NA,NA,27050000,NA,NA
Q8NC56,47030000,88161000,33626000,80084000,72565000,56399000,54823000,63677000
Q8NC60,NA,NA,NA,21416000,19072000,20044000,17887000,16299000
Q8NCD3,NA,NA,19793000,NA,24567000,25254000,34563000,31529000
Q8NCF5,NA,40674000,33195000,NA,NA,NA,NA,31001000
Q8NCW5,1033400000,793290000,863120000,1022900000,998650000,1242100000,1369100000,1256600000
Q8ND24,103290000,105030000,63583000,121640000,131530000,127550000,110440000,118020000
Q8ND56,103890000,142230000,135760000,139770000,74834000,116310000,106110000,137680000
Q8ND82,NA,17086000,21297000,12192000,15361000,10328000,NA,NA
Q8NDC0,NA,321620000,NA,205260000,174250000,NA,NA,231400000
Q8NDI1,29498000,36315000,34040000,26960000,36650000,25211000,42169000,39612000
Q8NDV3,NA,23919000,NA,NA,47377000,24673000,46668000,65964000
Q8NDX5,NA,NA,NA,NA,NA,24575000,NA,NA
Q8NE71,1093100000,1084000000,821250000,1023900000,1086400000,983960000,1193800000,1250700000
Q8NE86,91801000,80817000,87313000,99453000,123880000,104350000,202520000,155500000
Q8NEC7,NA,NA,NA,11190000,12996000,NA,NA,NA
Q8NEF9,23128000,61174000,64157000,80395000,120180000,88161000,72878000,67085000
Q8NEJ9,23829000,21341000,43253000,28510000,28106000,32614000,80020000,77923000
Q8NEM2,84970000,109270000,52947000,79615000,91575000,50961000,47232000,38068000
Q8NEU8,28514000,42413000,NA,44930000,61733000,89159000,21115000,27877000
Q8NEZ2,27503000,29483000,26836000,23839000,39828000,29808000,19829000,18869000
Q8NEZ5,24928000,22756000,24374000,47983000,52290000,47311000,37255000,37791000
Q8NF37,69722000,51311000,91652000,38212000,44862000,34191000,66164000,47346000
Q8NFC6,20612000,20876000,NA,21903000,NA,32570000,27379000,16675000
Q8NFF5,49162000,46107000,59459000,78381000,49255000,55281000,64429000,79063000
Q8NFG4,57989000,36229000,34269000,43608000,32922000,44427000,NA,NA
Q8NFH3,15281000,45263000,52325000,40352000,NA,9217400,66647000,39185000
Q8NFH4,89021000,111060000,75886000,106150000,82991000,96228000,87983000,76489000
Q8NFH5,181420000,214090000,190880000,194780000,187610000,213730000,221680000,242820000
Q8NFJ5,NA,NA,NA,NA,NA,NA,NA,NA
Q8NFQ8,323190000,336630000,407340000,324600000,362250000,330810000,279020000,277290000
Q8NFT8,NA,40481000,NA,64021000,NA,NA,NA,NA
Q8NFU3,121900000,88225000,148120000,106370000,145250000,132730000,94095000,150840000
Q8NFV4,62392000,44408000,61858000,170660000,113980000,125550000,86266000,105630000
Q8NFW8,58645000,77505000,86572000,101350000,122250000,116890000,148690000,139260000
Q8NFX7,104660000,82533000,NA,NA,NA,NA,NA,NA
Q8NFZ8,NA,NA,NA,NA,NA,NA,NA,NA
Q8NHG7,NA,NA,NA,NA,NA,NA,NA,NA
Q8NHG8,NA,NA,NA,NA,NA,NA,NA,NA
Q8NHH9,91602000,231110000,130200000,147230000,135650000,141670000,278610000,281520000
R4GMN1,67778000,57563000,30001000,249290000,347480000,280060000,31392000,36043000
Q8NHU6,22391000,NA,NA,NA,NA,NA,NA,NA
Q8NHV4,73476000,57146000,53026000,61373000,62413000,80036000,231700000,207810000
Q8NHZ8,57375000,43583000,39262000,32089000,43105000,NA,NA,NA
Q8NI08,NA,NA,NA,42586000,20392000,42543000,112040000,80566000
Q8NI22,297620000,246270000,443520000,320890000,295750000,304580000,256430000,372480000
Q8NI27,321910000,397550000,374170000,300640000,341870000,323950000,153460000,162690000
Q8NI35,NA,NA,NA,NA,NA,NA,28182000,35393000
Q8NI60,NA,NA,NA,NA,NA,NA,NA,NA
Q8NI77,10714000,NA,28308000,NA,NA,43584000,9638500,19840000
Q8TA86,NA,NA,NA,NA,NA,NA,NA,NA
Q8TAA5,NA,NA,NA,NA,11692000,NA,13350000,12511000
Q8TAA9,63614000,46850000,40916000,NA,13950000,22530000,NA,13996000
Q8TAD8,48730000,27235000,43296000,65178000,68366000,55034000,NA,NA
Q8TAE6,NA,NA,NA,NA,NA,NA,NA,NA
Q8TAE8,54640000,58619000,61830000,58333000,62521000,40485000,85307000,89542000
Q8TAF3,62171000,56214000,29988000,69714000,52612000,55448000,36680000,37010000
Q8TAP9,NA,NA,NA,NA,NA,NA,NA,NA
Q8TAQ2,521450000,524210000,383320000,747550000,657630000,631730000,515600000,430640000
Q8TAT6,558970000,463350000,457660000,442090000,436740000,554050000,511820000,477270000
Q8TB03,NA,NA,18442000,NA,NA,NA,NA,12089000
Q8TB36,155210000,109680000,59965000,26984000,25863000,31945000,14577000,NA
Q8TB37,NA,NA,NA,NA,NA,NA,NA,NA
Q8TB45,NA,NA,NA,88230000,104980000,145190000,NA,NA
Q8TB52,NA,19697000,NA,55322000,62943000,43999000,NA,NA
Q8TB61,NA,NA,25889000,NA,26898000,NA,NA,NA
Q8TBA6,252970000,232920000,214780000,58731000,51908000,75395000,50737000,54487000
Q8TBC4,448930000,267400000,287580000,243410000,268490000,339530000,713220000,533660000
Q8TBE9,43024000,30186000,30697000,27828000,19919000,33142000,27556000,30210000
Q8TBM8,NA,NA,NA,NA,NA,NA,NA,NA
Q8TBP6,NA,NA,NA,NA,NA,NA,25021000,NA
Q8TBX8,97394000,154750000,176820000,83255000,87228000,157960000,294640000,378030000
Q8TC07,281860000,228970000,269890000,271420000,230530000,264940000,221550000,248120000
Q8TC12,432040000,325350000,456300000,302610000,325710000,347620000,245140000,261830000
X6RK58,NA,NA,NA,NA,NA,NA,NA,NA
Q8TCC3,42691000,68065000,75828000,95095000,103170000,NA,96635000,121010000
Q8TCD5,12241000,NA,64228000,39675000,54122000,82927000,66938000,50754000
Q8TCJ2,88119000,60081000,84070000,91550000,87611000,110130000,103740000,111030000
Q8TCS8,497030000,437250000,358380000,323370000,424660000,353220000,496910000,522470000
Q8TCT9,37603000,NA,41865000,NA,NA,NA,42909000,49371000
Q8TD16,100770000,140700000,72203000,129770000,163100000,94666000,106920000,101930000
Q8TD19,92713000,81936000,162070000,85052000,111650000,146820000,26811000,23840000
Q8TD30,104330000,56225000,24300000,107460000,86172000,102710000,608570000,531870000
Q8TD43,NA,NA,NA,NA,NA,NA,NA,NA
Q8TD57,NA,NA,NA,NA,NA,NA,NA,NA
Q8TDB6,335490000,103710000,255030000,12266000,29271000,7726100,21204000,24726000
Q8TDD1,106050000,123930000,134510000,192750000,218140000,171520000,327710000,313830000
Q8TDM6,NA,NA,30743000,NA,NA,NA,NA,23879000
Q8TDN6,689480000,701610000,634970000,1241700000,1211900000,1063100000,1869900000,1492200000
Q8TDQ7,NA,NA,NA,27452000,NA,26501000,NA,NA
Q8TDX7,164240000,181150000,111210000,67922000,69694000,47586000,36553000,40660000
Q8TDY2,108000000,133820000,100710000,106690000,103640000,102120000,22306000,31599000
Q8TDZ2,25556000,NA,22903000,36245000,33579000,42975000,29895000,25982000
Q8TE04,NA,NA,NA,NA,NA,NA,NA,NA
Q8TE68,NA,NA,NA,NA,NA,NA,15230000,17561000
Q8TE77,NA,NA,27961000,NA,NA,26753000,34003000,56793000
Q8TEA8,320330000,356920000,342010000,251170000,241520000,276010000,517450000,531070000
Q8TED0,113770000,115570000,121990000,104560000,119970000,135200000,169900000,179930000
Q8TED1,361810000,511210000,580130000,210620000,295620000,276780000,111880000,109420000
Q8TEM1,NA,NA,NA,NA,NA,NA,153530000,130290000
Q8TEQ6,844200000,599780000,569800000,950670000,948230000,904610000,1033500000,966560000
Q8TEX9,880960000,473340000,733700000,753840000,612600000,643500000,364720000,310140000
Q8TEY7,29932000,98166000,94666000,29716000,63608000,32674000,60632000,63654000
Q8TF01,14201000,34271000,88843000,53192000,65567000,23250000,56297000,43113000
Q8TF05,336010000,291190000,328620000,288600000,265500000,245300000,580200000,592090000
Q8TF42,86641000,119960000,109730000,45602000,46054000,41712000,111610000,105030000
Q8TF65,NA,NA,NA,NA,NA,NA,NA,NA
Q8TF68,56337000,52394000,46837000,84210000,107620000,121430000,38824000,42372000
Q8TF72,NA,NA,NA,NA,NA,NA,NA,NA
Q8TF74,NA,NA,NA,NA,NA,NA,NA,NA
Q8WTS1,13148000,NA,NA,15651000,27057000,NA,44405000,52912000
Q8WTS6,47954000,54216000,35035000,30858000,57580000,39110000,NA,NA
Q8WTT2,252620000,226550000,205700000,294530000,365280000,346980000,295350000,238990000
Q8WTW3,10321000,19166000,NA,NA,9702000,17637000,52986000,43142000
Q8WU03,NA,NA,NA,NA,NA,NA,28777000,21038000
Q8WU76,NA,NA,NA,NA,NA,NA,44635000,NA
Q8WU79,82126000,109160000,74644000,58838000,82437000,56418000,22129000,NA
Q8WU90,235640000,264920000,276610000,192340000,174190000,185360000,525460000,605690000
Q8WUA2,47164000,36327000,68283000,40206000,38986000,42123000,34605000,38338000
Q8WUA4,NA,NA,25772000,55362000,58742000,56304000,67010000,66342000
S5FZ81,NA,NA,NA,NA,NA,NA,NA,NA
Q8WUD1,16687000,NA,NA,34323000,60360000,58624000,30960000,23988000
Q8WUF5,275220000,364070000,177210000,99486000,53682000,53169000,218400000,202430000
Q8WUF8,15502000,NA,NA,25662000,34871000,34829000,NA,NA
Q8WUH2,NA,NA,NA,NA,NA,NA,NA,NA
Q8WUH6,342790000,390570000,335270000,203850000,192440000,183800000,81680000,112460000
Q8WUJ3,28256000,NA,NA,NA,27108000,NA,NA,NA
Q8WUK0,NA,NA,NA,NA,NA,NA,NA,NA
Q8WUM0,362540000,293000000,198900000,221690000,252460000,216740000,242730000,230800000
Q8WUM4,4303000000,4495000000,4465200000,3483800000,3746000000,3669000000,3026100000,3100900000
Q8WUM9,241500000,147680000,144790000,81346000,54270000,NA,NA,NA
Q8WUP2,NA,NA,NA,NA,NA,NA,146010000,149050000
Q8WUQ7,NA,NA,NA,NA,NA,NA,NA,NA
Q8WUW1,70318000,48865000,69317000,68572000,72110000,82227000,79729000,94426000
Q8WUX2,NA,NA,NA,NA,NA,NA,NA,NA
Q8WUX9,64156000,NA,76460000,73258000,86048000,98510000,41822000,47157000
Q8WUY1,NA,NA,NA,NA,NA,NA,NA,NA
R4GND3,21153000,57463000,35733000,53432000,58800000,31933000,66725000,114000000
Q8WVC0,32498000,65107000,39411000,40249000,61740000,49660000,50025000,64528000
Q8WVJ2,299510000,333260000,202830000,324330000,247910000,307330000,748030000,751320000
Q8WVK2,NA,NA,NA,NA,18714000,43861000,44444000,32072000
Q8WVM0,NA,27764000,35146000,70092000,67120000,63150000,38431000,37465000
Q8WVM7,NA,NA,NA,NA,NA,NA,NA,NA
Q8WVM8,371980000,391440000,447780000,301950000,305000000,246570000,453950000,450060000
Q8WVQ1,59057000,33445000,24390000,34454000,48670000,31565000,37845000,39596000
Q8WVX3,NA,NA,NA,NA,NA,NA,NA,NA
Q8WVX9,42533000,76428000,41097000,81434000,59879000,55211000,26387000,26548000
Q8WVY7,142100000,150760000,141310000,295120000,328400000,279880000,206670000,201660000
Q8WW01,NA,NA,NA,NA,NA,NA,NA,NA
Q8WW12,242430000,388650000,310560000,302700000,403000000,361330000,415280000,495020000
Q8WW59,42261000,39865000,52820000,71202000,66851000,51239000,41027000,38256000
Q8WWA1,NA,NA,NA,NA,NA,NA,NA,NA
Q8WWC4,34064000,NA,NA,NA,NA,29390000,64699000,42173000
Q8WWH5,48161000,75793000,45237000,92875000,79864000,77162000,81294000,86990000
Q8WWI5,NA,NA,NA,NA,29125000,NA,42188000,NA
Q8WWK9,36129000,NA,NA,33175000,26824000,39798000,24806000,NA
Q8WWM7,603450000,711750000,662950000,603330000,742730000,666780000,388190000,453500000
Q8WWQ0,52863000,30631000,62130000,196180000,229820000,186160000,210450000,251200000
Q8WWV3,48204000,30538000,71839000,59872000,66859000,82305000,152690000,118710000
Q8WX93,282350000,275460000,246530000,588130000,916690000,761680000,255540000,257790000
Q8WXA9,28771000,39256000,44284000,34677000,56105000,43148000,16317000,33978000
Q8WXC6,NA,NA,NA,NA,NA,NA,NA,NA
Q8WXD5,28666000,31973000,36409000,20769000,42268000,50407000,41786000,NA
Q8WXE0,NA,NA,NA,NA,NA,NA,20321000,20215000
Q8WXF1,710350000,559630000,709010000,707520000,551010000,757790000,1213800000,1115500000
Q8WXX5,424270000,322970000,268350000,305740000,331880000,421000000,622810000,527980000
Q8WY22,NA,NA,NA,NA,26278000,10857000,18594000,NA
Q8WYP5,257360000,232840000,246590000,258050000,331110000,312960000,178220000,182850000
Q8WYQ5,NA,NA,NA,NA,NA,NA,NA,NA
Q8WZ42,337400000,295920000,245600000,273240000,204220000,332420000,182630000,235500000
Q8WZ82,85005000,NA,56868000,82179000,48513000,59689000,26864000,21188000
Q8WZA0,246730000,156980000,102620000,274750000,276970000,434860000,72049000,55065000
Q8WZA1,NA,NA,NA,NA,NA,NA,NA,NA
Q8WZA9,58339000,54021000,49996000,37145000,44092000,65568000,71011000,81993000
Q92466,NA,NA,NA,NA,NA,21649000,NA,NA
Q92485,NA,NA,NA,NA,NA,NA,162930000,123300000
Q92499,2377000000,2515800000,2409100000,2588600000,2732300000,2490000000,3975900000,3752500000
Q92503,NA,NA,NA,NA,NA,23761000,NA,NA
Q92520,78206000,114470000,126910000,95206000,68301000,101930000,88981000,117680000
Q92522,540950000,491500000,399750000,439480000,452910000,631480000,225570000,196850000
Q92530,292970000,329590000,214890000,192340000,198040000,236300000,341620000,349580000
Q92538,198320000,124420000,128210000,114580000,85810000,170600000,84281000,69240000
Q92541,242760000,303970000,250390000,250830000,268150000,221460000,167800000,142890000
Q92542,108580000,48473000,72534000,51725000,38653000,91637000,41490000,39012000
Q92547,NA,NA,NA,NA,15429000,17997000,27461000,17969000
Q92552,111500000,48133000,76577000,64431000,75582000,72651000,90938000,90753000
Q92558,NA,NA,NA,NA,NA,NA,NA,NA
Q92567,NA,NA,NA,NA,NA,NA,NA,NA
Q92572,131750000,134570000,94664000,152820000,209090000,178240000,96884000,103210000
Q92575,65488000,78215000,100680000,123650000,93782000,77332000,109330000,183740000
Q92576,42411000,53587000,44736000,50432000,45532000,49465000,71072000,73456000
Q92597,6016200000,3901700000,5716300000,2868400000,2975000000,3517100000,356620000,325500000
Q92598,12113000000,9715900000,8770300000,8321200000,7761300000,8498200000,9343700000,8760100000
Q92600,79802000,69888000,77547000,83762000,93520000,69328000,82067000,86314000
Q92604,NA,NA,NA,NA,NA,40006000,NA,NA
Q92609,41615000,30921000,33167000,30984000,36428000,30658000,41415000,50366000
Q92615,87497000,84889000,151580000,150310000,171700000,188710000,294610000,273940000
Q92616,1726400000,1243800000,1412900000,2725900000,2733100000,2962400000,3454900000,3457000000
Q92620,108300000,123200000,127300000,139360000,146220000,154350000,148010000,140020000
Q92621,292610000,224850000,178510000,241420000,218170000,186280000,268910000,288310000
Q92625,27965000,14371000,27851000,15499000,27373000,41124000,47255000,46964000
Q92626,87810000,93296000,65877000,43735000,78260000,40230000,15546000,19709000
Q92636,107960000,64221000,75330000,49779000,45880000,49267000,NA,NA
Q92643,52936000,65928000,17903000,32351000,NA,71778000,NA,14285000
Q92665,122020000,95153000,95119000,113560000,85931000,110030000,243430000,263950000
Q92667,12838000,NA,NA,53935000,47539000,57971000,31156000,22469000
Q92673,NA,NA,NA,NA,NA,NA,NA,NA
Q92688,1506200000,1217500000,1505500000,2257700000,1808900000,2753800000,1599800000,1974700000
Q92733,NA,NA,47888000,43225000,47078000,56509000,NA,53995000
Q92734,689150000,743050000,706290000,649790000,666830000,521180000,1074900000,923220000
Q92747,376540000,409150000,309580000,346330000,298350000,296580000,380520000,302190000
Q92754,NA,NA,NA,NA,NA,NA,57817000,33613000
Q92766,NA,NA,NA,NA,NA,NA,NA,NA
Q92769,1548200000,1720200000,1323800000,1717900000,1810500000,1794600000,2349200000,2081900000
Q92783,291650000,306050000,322090000,299020000,325110000,324900000,174570000,156200000
Q92791,175030000,91753000,67218000,49179000,41264000,44896000,NA,NA
Q92793,56102000,65524000,71863000,83760000,115330000,75512000,78527000,85117000
Q92797,312390000,261180000,205580000,222550000,199200000,239180000,214930000,212020000
Q92804,1029600000,1428000000,1416600000,1461700000,1533100000,1516600000,903820000,808250000
Q92805,NA,NA,NA,NA,18956000,NA,NA,NA
Q92820,311130000,368730000,316240000,193180000,217490000,248460000,668370000,715820000
Q92830,NA,NA,NA,NA,NA,NA,NA,NA
Q92845,NA,26733000,17430000,18178000,24541000,28757000,16053000,11873000
Q92859,NA,NA,NA,22871000,NA,40898000,NA,NA
Q92871,NA,NA,18359000,NA,29341000,NA,9517900,NA
Q92876,NA,NA,NA,NA,NA,NA,NA,NA
Q92878,328470000,373820000,437500000,728330000,814670000,801420000,821860000,903170000
Q92882,1228400000,1120200000,614630000,351280000,338890000,365470000,453210000,415120000
Q92889,49343000,9209900,NA,NA,NA,NA,NA,NA
Q92890,368470000,413550000,368580000,514170000,439930000,305690000,450640000,395930000
Q92896,767680000,795430000,668470000,664840000,630160000,777530000,548550000,542920000
Q92900,2293600000,1827200000,1781900000,1833400000,1853400000,1865900000,4113600000,4034300000
Q92901,NA,NA,NA,21945000,40243000,27067000,39835000,36996000
Q92903,NA,NA,NA,NA,NA,NA,NA,NA
Q92905,387700000,437890000,418160000,569580000,485190000,629680000,252630000,221990000
Q92917,173840000,234490000,176360000,176600000,171010000,222260000,86159000,127650000
Q92922,576340000,966060000,1054500000,842720000,1126200000,882480000,799200000,780850000
Q92930,NA,32421000,55177000,8790300,NA,23819000,24180000,14035000
Q92947,179270000,148380000,157330000,219510000,219890000,282980000,524300000,513570000
Q92973,2486800000,1955000000,1625800000,1683100000,1632000000,1961200000,1423400000,1284800000
V9GYM8,898560000,843110000,1005400000,450970000,346400000,336520000,330500000,353210000
Q92979,218110000,196680000,280810000,257000000,291970000,393670000,401780000,304530000
Q92982,NA,NA,NA,NA,NA,NA,NA,NA
Q92990,59034000,39682000,60906000,99061000,63047000,89695000,61773000,62265000
Q92995,57438000,35765000,37075000,75856000,52335000,72653000,NA,NA
Q93008,361510000,427950000,363440000,284370000,268840000,328800000,287550000,274810000
Q93009,902250000,844490000,891670000,1109300000,1067900000,1039900000,1253900000,1206400000
Q93034,310700000,308880000,279950000,596820000,621140000,569150000,339550000,337670000
Q93050,108130000,133510000,111400000,136080000,123490000,162540000,207020000,187080000
Q93052,339800000,413910000,283790000,795820000,1166900000,907540000,296290000,362730000
Q93063,NA,NA,36350000,NA,NA,NA,NA,NA
Q93074,NA,NA,26111000,25176000,23874000,25315000,NA,13490000
Q93096,NA,NA,NA,NA,NA,NA,NA,16644000
Q93100,NA,NA,NA,NA,NA,NA,NA,NA
Q969E2,NA,NA,NA,NA,NA,NA,NA,NA
Q969E4,52625000,162800000,261550000,182890000,310840000,132310000,42626000,NA
Q969E8,NA,NA,NA,NA,NA,NA,NA,NA
Q969G3,NA,NA,15220000,NA,17098000,15080000,474640000,534140000
Q969G5,544250000,789890000,934090000,568910000,446340000,321320000,NA,NA
Q969G6,NA,21354000,19083000,20983000,17651000,25921000,24716000,17138000
Q969H8,2682300000,2231700000,2295900000,1266700000,1274400000,1292000000,725290000,762270000
Q969M3,49681000,53945000,60889000,50521000,72333000,45218000,37557000,47786000
Q969P6,113430000,124690000,NA,NA,NA,NA,NA,NA
Q969Q0,1406400000,1834700000,1950400000,1525400000,1718900000,1035200000,946540000,1116400000
Q969Q5,NA,NA,NA,NA,NA,NA,NA,NA
Q969S3,143930000,160190000,117210000,132200000,200760000,128130000,152750000,170540000
Q969S9,6988100,10160000,NA,43664000,51350000,32862000,124760000,147240000
Q969U7,357350000,316200000,171880000,150640000,179730000,123430000,243720000,247940000
Q969V3,254870000,258430000,200000000,132840000,179020000,133620000,115700000,112240000
Q969V5,NA,NA,NA,17262000,NA,NA,NA,NA
Q969X5,132580000,79312000,177540000,138760000,133240000,161870000,341670000,297100000
Q969X6,112430000,84696000,49171000,75340000,73867000,76538000,144660000,149510000
Q969Y2,NA,NA,NA,NA,NA,NA,NA,NA
Q969Z0,302770000,325120000,335890000,313750000,408210000,348150000,482050000,529480000
Q96A08,7234600000,4432300000,4210900000,6084600000,3913900000,6346600000,5030900000,3816900000
Q96A33,1019800000,1175300000,866630000,1431600000,1293600000,1420200000,1126700000,1065000000
Q96A35,103460000,83362000,93462000,138060000,152040000,175670000,161240000,172080000
Q96A49,476880000,555570000,390760000,355410000,381120000,348440000,204470000,201050000
Q96A57,NA,NA,NA,NA,NA,NA,NA,NA
Q96A65,216340000,196080000,178230000,179330000,169290000,165330000,263200000,257010000
Q96AB3,389830000,285020000,382130000,284890000,270810000,587840000,132200000,200940000
Q96AB6,NA,NA,NA,NA,NA,7298700,NA,NA
Q96AC1,1413000000,1673800000,1490500000,1778800000,1777000000,1705100000,1230200000,1083400000
Q96AE4,3279500000,3005200000,3161600000,3521500000,4795800000,4277300000,4261400000,4242300000
Q96AE7,NA,NA,19935000,23553000,NA,21330000,43921000,28384000
Q96AG4,2684200000,2671100000,3721500000,3502800000,3591200000,3506600000,2860400000,2642200000
Q96AQ6,64327000,38740000,73273000,40560000,NA,76570000,49545000,34441000
U3KQP8,12448000,33605000,NA,31487000,30583000,16213000,27020000,NA
Q96AT1,79699000,67889000,47546000,46125000,88549000,90877000,43855000,54097000
Q96AT9,206870000,130290000,302980000,241770000,175770000,253200000,783700000,659860000
Q96AX1,45096000,44701000,30957000,51509000,48820000,38372000,NA,28463000
Q96AY3,2799500000,2732500000,2935300000,1023000000,1216800000,1205000000,NA,NA
Q96B26,138570000,137440000,123550000,106290000,129520000,119150000,95027000,135460000
Q96B36,62935000,29177000,66285000,37710000,39826000,70616000,36805000,38664000
Q96B67,77340000,65728000,38894000,31579000,NA,54674000,NA,NA
Q96B97,1027500000,800800000,783120000,684360000,693460000,605900000,38238000,21554000
Q96BD5,NA,NA,NA,NA,NA,NA,NA,NA
Q96BD8,18167000,NA,NA,NA,NA,8031700,NA,NA
Q96BH1,NA,48214000,NA,NA,35228000,35102000,16330000,20348000
Q96BJ3,80699000,45550000,57191000,22349000,37960000,28127000,26242000,26206000
Q96BN8,NA,NA,NA,42355000,47653000,47390000,61999000,63042000
Q96BP2,NA,26835000,54076000,NA,NA,NA,59017000,48028000
Q96BP3,109080000,119420000,81536000,152000000,143630000,133110000,110660000,110440000
Q96BQ5,NA,NA,NA,NA,NA,NA,NA,NA
Q96BR5,222800000,258320000,275460000,254560000,261880000,222250000,141330000,137220000
Q96BT7,NA,NA,NA,NA,NA,NA,NA,NA
Q96BW5,55461000,NA,57910000,89316000,101050000,43534000,108620000,107420000
Q96BW9,NA,NA,NA,36845000,NA,37821000,NA,NA
Q96BY6,123030000,59241000,106800000,131320000,190070000,160380000,NA,NA
Q96BZ9,14333000,NA,NA,NA,NA,NA,NA,NA
Q96C01,318960000,369380000,410130000,421430000,341480000,459200000,316220000,406680000
Q96C19,596600000,473810000,837850000,207090000,198860000,234100000,165840000,186100000
Q96C23,NA,NA,NA,NA,NA,NA,NA,NA
Q96C24,NA,NA,NA,NA,NA,NA,NA,NA
Q96C36,722680000,625700000,525280000,407580000,426620000,440720000,247790000,246550000
Q96C86,148780000,124780000,112880000,102360000,101870000,93497000,164150000,188270000
Q96C90,223340000,140120000,165150000,205860000,129690000,215970000,223910000,145820000
Q96CB8,NA,24498000,NA,16926000,NA,NA,14428000,24840000
Q96CB9,NA,NA,NA,NA,NA,17671000,30200000,NA
Q96CD2,NA,NA,NA,NA,59600000,45031000,53922000,49543000
Q96CG3,NA,NA,NA,NA,NA,NA,NA,NA
Q96CN7,120990000,134160000,135520000,790790000,1277600000,1283800000,637260000,696530000
Q96CN9,NA,NA,NA,NA,NA,359350000,356820000,626510000
Q96CP2,106860000,104240000,119100000,83156000,121710000,105120000,119330000,132590000
Q96CS2,NA,NA,NA,NA,NA,6668900,NA,NA
Q96CS3,70717000,76352000,96413000,113610000,128020000,152620000,89900000,117430000
Q96CT7,334620000,307610000,350110000,370180000,301940000,258660000,522120000,623810000
Q96CU9,13104000,20719000,27270000,30160000,27799000,37171000,43261000,55558000
Q96CV9,257650000,279410000,336510000,197040000,137180000,155700000,128180000,130000000
Q96CW5,52786000,32663000,NA,70880000,72359000,59007000,78106000,84315000
Q96CW6,NA,NA,NA,25315000,16716000,NA,NA,NA
Q96CX6,NA,26097000,NA,NA,NA,NA,31819000,35419000
Q96D15,447850000,312450000,219080000,NA,40191000,NA,NA,NA
Q96D53,NA,NA,NA,NA,NA,NA,NA,NA
Q96D71,162950000,123690000,131080000,129270000,126780000,122850000,239490000,214370000
Q96DA6,60966000,83986000,58082000,62122000,83353000,69027000,95849000,84308000
Q96DB5,109510000,157670000,151530000,209640000,253740000,249790000,122470000,155790000
Q96DE0,NA,NA,NA,NA,NA,NA,NA,NA
Q96DG6,67258000,56317000,43684000,62538000,NA,NA,NA,NA
Q96DI7,368170000,425900000,380510000,512260000,511510000,459580000,411290000,432280000
Q96DV4,57844000,52234000,48520000,83704000,71359000,79550000,85646000,82175000
Q96DX4,NA,NA,NA,NA,NA,NA,NA,NA
Q96DX7,NA,NA,NA,NA,NA,NA,NA,NA
Q96DZ1,56332000,46103000,NA,23932000,NA,NA,NA,NA
Q96E11,95246000,113010000,75777000,121090000,125120000,122160000,96462000,129570000
Q96E29,31063000,40006000,33736000,26659000,35118000,38659000,30453000,23439000
Q96E39,NA,58401000,44482000,61119000,86400000,52493000,69346000,85667000
Q96EA4,95546000,84153000,56075000,53617000,67840000,66049000,46179000,35838000
Q96EB6,35578000,41871000,23727000,38367000,41739000,38776000,37851000,37824000
Q96ED9,NA,NA,NA,NA,NA,NA,NA,15869000
Q96EE3,350550000,445050000,279250000,306220000,263710000,244700000,419100000,366630000
Q96EK4,NA,NA,NA,NA,NA,NA,NA,NA
Q96EK6,1564900000,977700000,635430000,532700000,412820000,544020000,465800000,440300000
Q96EK9,66126000,NA,38909000,30854000,NA,18440000,NA,17237000
Q96EL2,NA,NA,NA,NA,NA,NA,NA,NA
Q96EL3,46208000,NA,30133000,70455000,52837000,71415000,48702000,62855000
Q96EN8,NA,NA,NA,NA,NA,NA,50999000,21567000
Q96ER3,33144000,40039000,32156000,35560000,32761000,55251000,17363000,36035000
Q96ER9,NA,NA,22717000,31113000,36838000,30483000,13602000,29607000
Q96ES7,NA,NA,NA,NA,11756000,22576000,NA,9090000
Q96EU6,33144000,27579000,32705000,39801000,45217000,12771000,37644000,44584000
Q96EU7,NA,51492000,26071000,NA,NA,NA,NA,NA
Q96EV2,NA,NA,NA,NA,NA,27544000,16642000,NA
Q96EX1,25096000,33199000,84323000,50426000,59854000,53223000,24236000,37982000
Q96EY1,187780000,165750000,146830000,200770000,223220000,213180000,301710000,330390000
Q96EY7,215790000,89694000,158480000,212170000,196670000,192610000,305330000,389350000
Q96EY8,61074000,NA,33106000,89171000,82915000,94844000,98735000,132110000
Q96F63,68397000,98255000,43470000,26243000,44355000,19739000,48579000,53617000
Q96F86,106330000,147430000,166500000,159450000,230190000,166640000,190530000,171240000
Q96FJ2,96775000,36628000,51371000,66095000,25879000,44584000,187450000,256250000
Q96FN4,NA,NA,NA,NA,NA,NA,NA,NA
Q96FQ6,NA,NA,NA,NA,NA,NA,1850200000,1613000000
Q96FX7,132940000,130270000,99360000,74672000,101350000,64477000,114520000,132150000
Q96FZ2,NA,NA,36482000,59427000,39973000,40783000,135860000,139210000
Q96FZ7,27808000,32231000,NA,27558000,NA,NA,33454000,32653000
Q96G03,1203300000,833570000,758050000,1098700000,1434300000,1378900000,1216200000,1093700000
Q96G21,41650000,53038000,50517000,36010000,70066000,34656000,34444000,34282000
Q96G23,44251000,61255000,77217000,90717000,135610000,90590000,68219000,91208000
Q96G25,13766000,NA,60982000,NA,26197000,7437800,27783000,33352000
Q96G46,196090000,228270000,254140000,238550000,281540000,327210000,43761000,42810000
Q96G61,84326000,91206000,60941000,28012000,18750000,44811000,NA,NA
Q96GA3,31441000,35276000,22742000,36619000,26207000,38674000,40946000,36013000
Q96GA7,NA,NA,NA,87447000,82946000,76251000,148820000,161180000
Q96GC9,NA,8075500,13811000,9546500,13174000,10950000,11618000,16310000
Q96GD0,NA,NA,NA,48609000,30023000,8913900,NA,NA
Q96GD4,19866000,NA,35969000,40160000,31741000,33793000,40813000,38967000
Q96GG9,205510000,105040000,147420000,146660000,149190000,145010000,182440000,192710000
Q96GK7,150550000,181690000,188210000,139130000,131340000,119690000,334060000,383750000
Q96GM5,69545000,34210000,47771000,25029000,89047000,119150000,NA,15052000
Q96GM8,119480000,105260000,56009000,123150000,91698000,68016000,19863000,NA
Q96GT9,NA,NA,NA,NA,NA,NA,NA,NA
Q96GW9,NA,NA,NA,NA,NA,NA,NA,NA
Q96GX2,55291000,62446000,41626000,56627000,70451000,44510000,35621000,28574000
Q96GX5,NA,NA,NA,NA,NA,NA,295390000,NA
Q96GX9,134630000,149490000,115740000,250880000,245460000,206150000,262580000,266970000
Q96GY0,78522000,95155000,89542000,113670000,127320000,120240000,NA,NA
Q96H20,NA,NA,NA,NA,NA,52959000,20668000,NA
Q96H55,NA,NA,NA,NA,NA,NA,NA,NA
Q96H79,181300000,202630000,162850000,76609000,93687000,75855000,89668000,83552000
Q96HA1,13917000,NA,NA,30120000,21814000,NA,15199000,NA
Q96HA7,NA,NA,NA,NA,NA,NA,NA,NA
Q96HA8,NA,NA,NA,NA,15888000,13382000,NA,NA
Q96HC4,2707200000,2858100000,3121200000,1705100000,2279100000,1713400000,373270000,403710000
Q96HD1,NA,NA,NA,NA,NA,NA,NA,NA
Q96HE7,3160400000,1909500000,2075000000,770730000,674180000,785550000,571840000,535280000
Q96HQ2,39315000,NA,22920000,45290000,24658000,53861000,86286000,77467000
Q96HR8,20133000,NA,32762000,20053000,NA,25169000,40865000,40303000
Q96HR9,NA,NA,NA,NA,NA,NA,NA,NA
Q96HS1,347650000,340720000,280210000,557050000,624950000,759550000,448070000,442200000
Q96HW7,NA,NA,NA,17212000,NA,NA,15462000,19621000
Q96HY6,54056000,55936000,161440000,66337000,89812000,120760000,77121000,110880000
Q96HY7,11116000,8311300,60918000,11703000,34799000,62913000,573700000,547100000
Q96I23,NA,NA,15695000,NA,20005000,NA,NA,NA
Q96I24,758090000,866300000,666690000,893940000,943740000,1107100000,704350000,742060000
Q96I25,305160000,313310000,260620000,384200000,430730000,418350000,383280000,353270000
Q96I51,NA,NA,20723000,38629000,25318000,28554000,21456000,NA
Q96I59,NA,NA,NA,12870000,19262000,27943000,NA,NA
Q96I99,617460000,547510000,467240000,799730000,851010000,864000000,286730000,302770000
Q96IJ6,45164000,48998000,70333000,46993000,56627000,58958000,51269000,53936000
Q96IK1,71574000,52833000,63425000,51381000,57305000,69814000,NA,NA
Q96IU4,271090000,348600000,395650000,402930000,611150000,893610000,155570000,119940000
Q96IV0,106250000,79507000,NA,NA,NA,NA,NA,NA
Q96IX5,234800000,234310000,214310000,280890000,323470000,394070000,147160000,158400000
Q96IZ0,71028000,80155000,57430000,68393000,113150000,71078000,195680000,262430000
Q96IZ7,NA,62762000,18345000,56260000,27124000,NA,30330000,NA
Q96J01,164200000,187970000,228510000,123820000,187560000,138510000,231310000,210750000
Q96J02,119330000,104840000,112630000,74313000,75281000,90362000,53096000,21185000
Q96JB2,NA,35975000,NA,NA,NA,NA,113220000,79815000
Q96JB5,209260000,118590000,125300000,170680000,133390000,167280000,80427000,116390000
Q96JG6,35247000,53066000,43236000,31358000,46931000,50585000,22700000,20614000
Q96JH7,185940000,206990000,276100000,113130000,103610000,106040000,51649000,48374000
Q96JJ7,447250000,343340000,413760000,390820000,367320000,375600000,53816000,78795000
Q96JM3,39627000,93462000,86776000,66516000,97837000,80865000,81695000,70822000
Q96JQ2,NA,NA,NA,NA,NA,NA,NA,NA
Q96K17,722730000,571890000,462530000,637100000,490490000,759410000,404190000,339890000
Q96K49,63886000,33141000,30209000,NA,NA,17331000,56919000,50090000
Q96K76,154920000,175740000,197810000,162610000,163890000,205510000,109990000,129980000
Q96KA5,120830000,30432000,46010000,152300000,118130000,151350000,227500000,267770000
Q96KB5,1140300000,1409800000,1085900000,1288300000,845280000,1049200000,459760000,445400000
Q96KM6,NA,NA,19770000,NA,NA,23321000,NA,NA
Q96KN1,NA,NA,NA,NA,NA,19645000,11122000,19008000
Q96KP1,130940000,107620000,110110000,151630000,148800000,132600000,217900000,211180000
Q96KP4,956130000,758040000,736020000,429180000,434030000,557000000,802580000,714920000
Q96KR1,362450000,413570000,483290000,693230000,881030000,695170000,531090000,577260000
Q96L91,NA,NA,NA,20409000,30381000,43403000,23622000,19652000
Q96L92,55569000,39165000,72191000,52277000,51605000,107490000,29367000,43287000
Q96LD4,NA,NA,NA,NA,NA,NA,NA,NA
Q96LJ7,NA,NA,NA,NA,NA,NA,NA,15944000
Q96LR5,NA,NA,NA,NA,NA,NA,NA,NA
Q96LZ7,100380000,NA,188020000,306620000,272630000,149590000,149820000,190270000
Q96M27,531500000,418310000,520310000,465720000,394770000,483560000,286600000,342050000
Q96ME1,NA,NA,NA,NA,NA,NA,23348000,31163000
Q96MG7,NA,NA,NA,NA,NA,NA,NA,NA
Q96MX6,127690000,101850000,72883000,27797000,53175000,60775000,64107000,78251000
Q96N66,94506000,95113000,164330000,66701000,83425000,NA,45887000,51258000
Q96N67,258250000,253690000,218700000,277920000,225460000,298610000,92535000,69824000
Q96NB3,24703000,33783000,NA,36239000,63639000,32435000,NA,29099000
Q96NC0,66261000,62007000,48208000,88813000,79623000,66032000,105600000,85706000
Q96NY8,NA,NA,NA,NA,NA,NA,NA,NA
Q96P11,NA,NA,15210000,35556000,40289000,35091000,65622000,69648000
Q96P16,41268000,NA,48931000,55428000,46052000,47717000,73222000,76379000
Q96P48,NA,NA,NA,NA,NA,20296000,20021000,NA
Q96P70,354890000,360360000,411610000,414620000,589720000,440800000,203220000,275910000
Q96PE2,NA,NA,NA,NA,NA,NA,NA,NA
Q96PK6,904110000,995540000,1097600000,1222400000,1260400000,1207900000,1098300000,1212500000
Q96PU4,21132000,24904000,27457000,NA,29210000,22752000,35747000,19931000
Q96PU8,296520000,291810000,234480000,420280000,496860000,458100000,85203000,115240000
Q96PY5,18519000,NA,NA,NA,12960000,NA,NA,NA
Q96PZ0,316960000,381670000,334720000,425130000,629140000,592470000,229390000,232130000
Q96Q11,78535000,65819000,90478000,127070000,118150000,133030000,113820000,127100000
Q96Q83,NA,NA,NA,NA,NA,NA,NA,NA
Q96QC0,113830000,74732000,102070000,132400000,116400000,145400000,126960000,124400000
Q96QD8,1221100000,842930000,1115100000,655020000,311150000,552870000,200850000,168340000
Q96QD9,NA,NA,NA,NA,NA,NA,NA,NA
Q96QE5,NA,NA,NA,NA,NA,NA,NA,31477000
Q96QG7,42386000,76844000,95952000,59117000,57551000,44536000,30776000,34243000
Q96QK1,1243200000,1026300000,969110000,915640000,900540000,1045600000,1562400000,1254600000
Q96QR8,178140000,312210000,244960000,340590000,384390000,303970000,575600000,706820000
Q96R06,119200000,152090000,94997000,145400000,141250000,94995000,64969000,63262000
Q96RD7,15975000,NA,NA,NA,NA,28334000,NA,NA
Q96RE7,93506000,69543000,61616000,52092000,79759000,61871000,74509000,82751000
Q96RF0,29298000,34029000,NA,56650000,47326000,42829000,NA,NA
Q96RL1,NA,13748000,NA,NA,NA,12559000,40274000,17239000
Q96RL7,NA,27827000,NA,NA,25703000,NA,NA,NA
Q96RN5,38384000,43127000,42498000,43782000,45987000,37433000,28363000,35205000
Q96RP9,376200000,368730000,402370000,468130000,561280000,592000000,890260000,1119300000
Q96RS6,869630000,660160000,576910000,593100000,590230000,835350000,620160000,563590000
Q96RT1,55045000,97426000,44985000,49496000,67586000,78253000,25063000,21805000
Q96S44,247380000,163830000,163110000,173730000,181480000,192220000,117480000,144980000
Q96S52,99505000,22288000,103880000,97821000,145260000,173160000,64994000,66097000
Q96S55,89869000,68895000,24754000,240580000,191720000,254940000,306060000,261450000
Q96S59,273940000,151780000,142060000,225930000,156690000,279750000,235380000,224270000
Q96S66,114900000,84185000,76642000,62903000,62745000,38096000,233270000,213530000
Q96S82,59043000,35923000,45665000,89614000,72474000,107450000,24814000,NA
Q96S99,64811000,NA,95923000,NA,21628000,55911000,34171000,28808000
Q96SB4,131900000,262920000,217460000,257970000,219390000,262640000,185470000,202290000
Q96SB8,21259000,21335000,NA,22352000,24775000,23786000,11820000,13825000
Q96SI9,228610000,479000000,245040000,211130000,221750000,153660000,370010000,409960000
Q96SK2,NA,NA,NA,NA,NA,NA,NA,NA
Q96ST2,160310000,181930000,212240000,193770000,286360000,301820000,284630000,218070000
Q96ST3,142390000,165050000,166420000,147390000,182960000,203720000,175730000,170470000
Q96SU4,159330000,143310000,119950000,177260000,214330000,194450000,165540000,205630000
Q96SZ5,73732000,101250000,80745000,91048000,45213000,57972000,41596000,54799000
Q96SZ6,NA,33924000,NA,NA,38400000,30760000,53859000,43287000
Q96T23,120400000,95876000,130330000,169510000,203090000,166240000,184160000,195690000
Q96T51,279850000,281830000,309060000,250120000,238670000,192770000,259680000,252080000
Q96T58,NA,NA,NA,NA,24303000,NA,16783000,4919000
Q96T60,193900000,228240000,192790000,144150000,181600000,172270000,195230000,215200000
Q96T76,NA,62186000,39487000,80629000,62358000,92464000,80416000,31339000
Q96TA1,1805900000,1918300000,1805800000,1024500000,889740000,882600000,686820000,710770000
Q96TA2,271290000,222460000,208800000,204520000,240570000,264340000,185990000,211680000
Q96TC7,29319000,40233000,39529000,54425000,40969000,55232000,48816000,40730000
Q99426,1586700000,1402000000,1651600000,1017800000,877970000,962600000,1200000000,1432700000
Q99436,1227400000,1141300000,980930000,1154600000,1355100000,1002500000,1259300000,1315300000
Q99447,NA,NA,53969000,82205000,78426000,97909000,94143000,128740000
Q99459,835140000,997530000,834060000,1055600000,1033200000,1111200000,894650000,812130000
Q99460,2340800000,1958600000,2194800000,2238300000,2228800000,2223800000,2300000000,2137100000
Q99470,28460000,38338000,68884000,44714000,42288000,70074000,68530000,83089000
Q99471,666990000,530090000,535090000,642030000,449270000,624930000,841670000,832990000
Q99496,109300000,252310000,237690000,230100000,248730000,184060000,96901000,126890000
Q99497,9350200000,7182200000,6410400000,9952600000,9226700000,10721000000,4553900000,4490100000
Q99504,28514000,33994000,22452000,NA,22761000,18175000,NA,NA
Q99523,49853000,52542000,31503000,21948000,78763000,83092000,463710000,432650000
Q99536,2995500000,1761700000,2405600000,2549300000,2816600000,2869100000,986230000,1082800000
Q99538,40995000,NA,39386000,31069000,NA,NA,40634000,NA
Q99541,23252000,41643000,52344000,NA,NA,NA,105490000,58490000
Q99543,188460000,269250000,162220000,189170000,173900000,206560000,190390000,192610000
Q99547,62321000,61197000,38452000,NA,60151000,65613000,55755000,57295000
Q99549,NA,8118100,NA,12698000,NA,7611100,NA,NA
Q99567,329300000,395900000,243510000,262110000,225630000,239990000,197990000,231900000
Q99570,156690000,136090000,89962000,117850000,104300000,117030000,92066000,78045000
Q99575,999880000,959770000,863820000,1044900000,1244000000,1140600000,508540000,393130000
Q99584,1276700000,1207300000,1263100000,1338300000,1329500000,1213100000,632020000,608480000
Q99598,252440000,366890000,271940000,311760000,294550000,303830000,349580000,392580000
Q99611,NA,NA,24300000,NA,NA,NA,NA,6719900
Q99613,2558400000,2292900000,2337400000,2671400000,2741600000,3125600000,2060700000,1985300000
Q99614,373600000,386540000,369780000,624470000,577540000,512900000,478520000,478280000
Q99615,711020000,542270000,517110000,576020000,554040000,618520000,382970000,366460000
Q99618,NA,NA,NA,16502000,NA,14751000,NA,NA
Q99622,88952000,69601000,98391000,84811000,96349000,110640000,54623000,61689000
Q99623,1404800000,1211700000,1483100000,2180900000,2089300000,2998600000,1794600000,2167200000
Q99633,NA,NA,NA,19253000,13302000,13372000,8210900,14849000
Q99650,59352000,56270000,71478000,50831000,41572000,36234000,NA,NA
Q99653,124900000,82802000,109660000,133980000,132090000,136620000,43612000,59568000
Q99661,215650000,318730000,269790000,482110000,443860000,320690000,220480000,253750000
Q99707,63017000,42223000,33640000,70390000,68277000,69755000,27756000,NA
Q99714,918710000,904010000,1078000000,1798900000,1761400000,2566300000,1075600000,1226100000
Q99717,43775000,19999000,40862000,47944000,46151000,36955000,31275000,29920000
Q99733,1299700000,1542500000,1292200000,2168000000,1786900000,1742400000,1754900000,1587300000
Q99747,599390000,530720000,592020000,333300000,394410000,368760000,953810000,949020000
Q99757,162290000,158840000,221460000,317670000,306580000,224020000,175840000,81849000
Q99766,NA,NA,NA,NA,NA,10067000,20888000,NA
Q99797,NA,40360000,46341000,60794000,63147000,44890000,33163000,42313000
Q99798,2257500000,2101500000,1940700000,6449500000,6374400000,7140100000,2241800000,2239100000
Q99805,231070000,306680000,398420000,233700000,224290000,242840000,171850000,226120000
Q99832,6839700000,6065700000,6340200000,4768600000,4519600000,5295300000,8012800000,8452100000
Q99943,NA,NA,NA,NA,NA,NA,NA,NA
Q99959,NA,NA,NA,NA,NA,NA,91250000,75111000
Q99961,883350000,906290000,905400000,1068700000,1151500000,886560000,413240000,443660000
Q99985,47368000,41367000,34384000,45193000,43168000,67591000,NA,NA
Q99986,245520000,275930000,207920000,160210000,167050000,169160000,240680000,255640000
Q99990,NA,NA,NA,NA,NA,NA,NA,NA
Q9BPW8,16253000,38804000,163810000,272260000,393520000,468900000,379330000,350060000
Q9BPX3,478510000,529110000,374500000,382210000,337370000,422590000,491670000,451840000
Q9BPX5,168240000,284280000,282380000,189950000,198560000,118480000,550530000,480590000
Q9BPX7,NA,NA,97485000,144980000,135510000,204170000,NA,80007000
Q9BQ04,NA,NA,NA,NA,NA,12054000,NA,NA
Q9BQ24,27578000,32716000,68822000,20368000,NA,16448000,26632000,28835000
Q9BQ39,317310000,355900000,281910000,363130000,344550000,358260000,357400000,409000000
Q9BQ52,829870000,900350000,779360000,687160000,723900000,673570000,409340000,408810000
Q9BQ61,138520000,147410000,218210000,136990000,223330000,116880000,160250000,174310000
Q9BQ67,398130000,497800000,500420000,350890000,288910000,352970000,445740000,470770000
Q9BQ69,NA,12210000,25692000,52828000,143280000,91551000,307120000,420230000
Q9BQ70,17229000,22277000,36856000,38288000,53895000,32069000,53937000,95528000
Q9BQ75,59315000,90971000,80297000,61493000,78864000,67441000,263730000,290420000
Q9BQ95,NA,NA,NA,NA,NA,NA,53516000,57235000
Q9BQA1,185060000,192780000,184810000,179990000,179150000,132070000,145360000,135490000
Q9BQC3,61506000,58059000,64034000,71893000,53190000,103280000,39188000,33730000
Q9BQC6,NA,NA,NA,NA,NA,NA,NA,NA
Q9BQE3,37815000000,32977000000,31802000000,38932000000,31682000000,39334000000,28745000000,28465000000
Q9BQG0,1634900000,1613300000,1467000000,1695000000,1778900000,1756300000,1456500000,1533600000
Q9BQI0,NA,NA,NA,NA,NA,NA,108880000,92252000
Q9BQK8,NA,NA,NA,NA,NA,NA,NA,NA
Q9BQL6,46420000,46135000,36524000,NA,NA,NA,71432000,58280000
Q9BQP7,83622000,104500000,63334000,79303000,64118000,42155000,86986000,87085000
Q9BR61,76574000,148600000,46889000,53264000,35966000,53039000,52024000,47978000
Q9BR76,649600000,889230000,942550000,563200000,573700000,699420000,854450000,1179700000
Q9BRA2,2562900000,2312900000,2260600000,1230500000,1272000000,1488600000,1431200000,1475900000
Q9BRD0,NA,NA,NA,17753000,NA,NA,NA,NA
Q9BRF8,112460000,51142000,49914000,130750000,78774000,109290000,151390000,142630000
Q9BRG1,51116000,36926000,41584000,62798000,62700000,75149000,56421000,42961000
Q9BRK5,886120000,900380000,730960000,744330000,819880000,914220000,613400000,608530000
Q9BRP1,NA,82803000,44266000,48193000,62656000,40311000,103810000,90516000
Q9BRP4,39829000,40213000,35027000,41880000,40956000,NA,37469000,30868000
Q9BRP8,105090000,106680000,122840000,170790000,148790000,136210000,80784000,96929000
Q9BRQ8,NA,NA,NA,NA,NA,NA,NA,NA
Q9BRR6,NA,NA,46076000,55863000,36792000,27440000,NA,42280000
Q9BRS2,20259000,47434000,53796000,33457000,51435000,47653000,42759000,51062000
Q9BRS8,38947000,NA,53535000,NA,NA,39965000,NA,NA
Q9BRT6,108120000,157370000,120860000,114120000,121370000,126520000,147800000,152780000
Q9BRT9,32458000,34206000,38709000,28632000,30264000,29757000,91854000,91754000
Q9BRU9,23295000,NA,9402700,21912000,18532000,24422000,NA,NA
Q9BRV8,NA,NA,NA,NA,NA,NA,NA,NA
Q9BRX2,250850000,330110000,389260000,328240000,378430000,258400000,249010000,291180000
Q9BRX5,50799000,63111000,58265000,35832000,49423000,39129000,84588000,75396000
Q9BRX8,NA,NA,NA,NA,NA,25324000,235230000,168710000
Q9BRZ2,36322000,19352000,31166000,21672000,19029000,21572000,58104000,39635000
Q9BS26,1660100000,1582100000,1449200000,675330000,700030000,820700000,471970000,468260000
Q9BS40,NA,NA,NA,NA,NA,65423000,518830000,623680000
Q9BSB4,NA,NA,NA,NA,NA,NA,NA,NA
Q9BSC4,172720000,102840000,94308000,123560000,102530000,113250000,171360000,198510000
Q9BSD7,87269000,107800000,86692000,49793000,73274000,51216000,103220000,105700000
Q9BSE4,NA,NA,NA,NA,NA,NA,NA,NA
Q9BSE5,NA,NA,NA,NA,NA,NA,NA,NA
Q9BSF4,50844000,63741000,58572000,53790000,44216000,36273000,44033000,49765000
Q9BSH4,179990000,186870000,178280000,366090000,320710000,424150000,189630000,203270000
Q9BSH5,NA,17991000,NA,NA,NA,NA,88550000,66802000
Q9BSJ2,116970000,189560000,153160000,244380000,229650000,153760000,165680000,167560000
Q9BSJ8,1036500000,777700000,995330000,940440000,843330000,936550000,807470000,726200000
Q9BSL1,NA,NA,11362000,18263000,15553000,16314000,18840000,13478000
Q9BST9,NA,NA,NA,NA,NA,NA,24071000,48122000
Q9BSU1,NA,NA,NA,31197000,27254000,35258000,20414000,NA
Q9BSV6,89449000,68814000,74532000,31671000,42175000,49096000,65792000,66017000
Q9BSY4,NA,58206000,60975000,NA,61423000,NA,NA,NA
Q9BT09,228520000,153800000,161810000,182450000,221490000,223320000,145670000,155530000
Q9BT22,14075000,23711000,75235000,36740000,21627000,17756000,59858000,45835000
Q9BT25,NA,NA,NA,NA,NA,NA,NA,NA
Q9BT67,230980000,37297000,116900000,113860000,77574000,102780000,NA,NA
Q9BT73,118770000,103130000,51454000,224080000,161320000,300300000,246560000,282990000
Q9BT78,929920000,549640000,702740000,901510000,754380000,1064400000,468980000,454720000
Q9BT88,88815000,121500000,83354000,23931000,NA,NA,NA,NA
Q9BTA9,39081000,27374000,48021000,40882000,65289000,51678000,37781000,41279000
Q9BTC0,230300000,258730000,242350000,206100000,204360000,249860000,90905000,68579000
Q9BTE1,41725000,NA,34371000,33831000,32516000,25526000,29424000,42575000
Q9BTE3,239990000,317220000,330640000,336060000,360080000,346220000,323670000,309060000
Q9BTE7,82521000,62179000,53536000,120380000,90003000,88469000,135640000,126560000
Q9BTL3,63999000,71965000,58926000,73425000,74770000,59616000,51485000,79084000
Q9BTT0,689570000,691530000,611340000,797730000,979900000,1142800000,539270000,485860000
Q9BTT4,NA,NA,15954000,NA,NA,16142000,NA,21066000
Q9BTT6,NA,NA,NA,NA,NA,NA,NA,NA
Q9BTV4,323790000,207870000,276270000,240160000,224010000,247230000,109590000,118970000
Q9BTV5,59647000,43275000,29173000,82295000,66001000,90638000,NA,NA
Q9BTX1,NA,32848000,32929000,26669000,32568000,30325000,16908000,27524000
Q9BTX7,NA,NA,NA,11751000,11675000,NA,8142900,NA
Q9BTY2,NA,NA,14903000,NA,NA,12231000,24284000,NA
Q9BTY7,NA,10724000,24016000,NA,NA,NA,NA,NA
Q9BTZ2,55772000,55332000,92450000,38709000,67986000,64060000,41062000,52783000
Q9BU61,NA,NA,NA,NA,NA,NA,NA,NA
Q9BU76,NA,NA,NA,NA,NA,NA,NA,NA
Q9BU89,63260000,46416000,28070000,45487000,NA,42757000,NA,NA
Q9BUB7,180280000,97633000,94621000,82329000,91779000,105390000,34946000,42066000
Q9BUE0,9107000,NA,NA,NA,22832000,39661000,NA,NA
Q9BUE6,NA,NA,NA,NA,37162000,40222000,NA,NA
Q9BUF5,7966800000,7502900000,6184300000,3762400000,2970000000,3064600000,2790000000,2721300000
Q9BUH6,12164000,39804000,21519000,38118000,24789000,14847000,NA,22244000
Q9BUI4,51347000,44737000,40081000,44453000,40647000,43549000,85995000,92917000
Q9BUJ2,1653500000,1657500000,1547600000,1362800000,1541700000,1671400000,1351900000,1600700000
Q9BUK6,NA,26568000,12117000,NA,NA,NA,44362000,39184000
Q9BUL5,NA,NA,NA,NA,NA,NA,NA,NA
Q9BUL8,119180000,NA,58700000,132890000,84258000,115540000,232780000,190950000
Q9BUL9,NA,NA,NA,23846000,42674000,41789000,40873000,NA
Q9BUP0,105550000,168200000,200490000,194750000,205000000,222900000,1846600000,1664400000
Q9BUP3,NA,NA,NA,NA,NA,NA,287570000,288840000
Q9BUQ8,335080000,307610000,325370000,400690000,418130000,469290000,232050000,243330000
Q9BUT1,32904000,39224000,NA,96213000,220800000,156770000,84351000,99391000
Q9BUT9,NA,NA,NA,NA,NA,12204000,NA,10154000
Q9BUV8,NA,NA,NA,NA,NA,NA,NA,NA
Q9BV19,NA,40889000,27481000,60823000,58972000,53376000,NA,NA
Q9BV20,248360000,290570000,208760000,236850000,236280000,358830000,391190000,391510000
Q9BV40,NA,NA,NA,NA,NA,NA,425670000,342830000
Q9BV44,161060000,78422000,93468000,173840000,125570000,69725000,56549000,42719000
Q9BV57,743010000,713090000,649860000,554880000,466750000,560290000,1305600000,1256500000
Q9BV79,44777000,104750000,100530000,93176000,112130000,71762000,37947000,79100000
Q9BV81,NA,NA,NA,NA,NA,NA,NA,NA
Q9BV86,186360000,171060000,278010000,250420000,262720000,221440000,100050000,115860000
Q9BVC3,113610000,54056000,107920000,78941000,80942000,102030000,137280000,128600000
Q9BVC4,NA,NA,17272000,NA,21099000,NA,15255000,NA
Q9BVC6,92255000,60632000,115960000,122920000,106690000,123370000,72209000,92373000
Q9BVG4,620000000,743750000,621320000,160560000,237230000,194870000,NA,NA
Q9BVI4,NA,NA,NA,NA,NA,NA,NA,NA
Q9BVJ6,211990000,284970000,191450000,159010000,183130000,170360000,219230000,197950000
Q9BVJ7,NA,NA,NA,NA,NA,NA,59062000,83384000
Q9BVK6,1102900000,558510000,507380000,564460000,542510000,782670000,439160000,431310000
Q9BVM2,57531000,91575000,137920000,110140000,147260000,106950000,86126000,83615000
Q9BVM4,32474000,NA,14509000,35082000,23899000,36159000,NA,NA
Q9BVP2,323950000,387650000,312250000,368510000,397410000,344530000,623350000,600090000
Q9BVQ7,14717000,18635000,15268000,NA,NA,11068000,NA,NA
Q9BVS4,56119000,73786000,46292000,74368000,58720000,65360000,53470000,35481000
Q9BVW5,NA,NA,NA,NA,NA,12743000,NA,NA
Q9BW04,NA,NA,NA,NA,NA,NA,32029000,28823000
Q9BW19,82823000,106350000,89824000,199980000,274660000,270940000,110960000,147840000
Q9BW27,100590000,NA,65488000,98636000,89010000,91956000,114950000,116930000
Q9BW60,57912000,36611000,73618000,48344000,35046000,63256000,14675000,35500000
Q9BW61,NA,NA,NA,NA,25203000,NA,NA,NA
Q9BW71,23966000,33144000,44451000,57261000,50218000,66067000,NA,NA
Q9BW72,NA,NA,204920000,432080000,305490000,458850000,659700000,NA
Q9BW83,41322000,NA,20988000,NA,21654000,NA,46585000,49819000
Q9BW85,65852000,49825000,32697000,40647000,33403000,51811000,37681000,26899000
Q9BW91,105080000,124030000,125610000,117690000,141030000,91871000,88105000,79212000
Q9BW92,NA,NA,18329000,NA,NA,30567000,33326000,40119000
Q9BWD1,1806900000,1266400000,1560300000,3273800000,2467200000,3463700000,3839400000,4642800000
Q9BWE0,NA,NA,NA,NA,NA,NA,28276000,28237000
Q9BWF3,531170000,554110000,610700000,687790000,875800000,769480000,843070000,838300000
Q9BWH2,33363000,36686000,46942000,46047000,58832000,NA,170710000,189690000
Q9BWH6,NA,NA,NA,NA,NA,13527000,NA,NA
Q9BWJ5,423980000,559140000,281500000,363790000,444780000,502550000,520810000,502290000
Q9BWS9,103800000,132950000,123210000,92177000,140930000,122110000,89921000,96710000
Q9BWT7,NA,NA,NA,NA,NA,NA,NA,NA
Q9BWU1,9896600,53757000,NA,35333000,58666000,25700000,52048000,70269000
Q9BX10,NA,NA,NA,NA,NA,NA,NA,NA
Q9BX40,80680000,89355000,60819000,102520000,129980000,101130000,109130000,81014000
Q9BX68,81180000,89492000,NA,187690000,249990000,201900000,189440000,210580000
Q9BX95,NA,NA,NA,NA,NA,NA,NA,NA
Q9BXB4,51836000,46503000,38252000,49397000,50889000,88732000,65170000,65865000
Q9BXJ9,1000500000,1418100000,1408100000,1671600000,1781100000,1478200000,1416100000,1440800000
Q9BXK5,244090000,141690000,137070000,186510000,250600000,161140000,76443000,91821000
Q9BXP5,665710000,942900000,1051300000,1058100000,1132700000,1071600000,960050000,918600000
Q9BXR0,135150000,117550000,109470000,117520000,152950000,141410000,135040000,140410000
Q9BXS4,388180000,333530000,708220000,327120000,287940000,270050000,NA,NA
Q9BXS5,312940000,264530000,273640000,350960000,520180000,409200000,156070000,150390000
Q9BXS6,NA,18316000,35312000,99455000,184020000,96689000,155870000,172330000
Q9BXV9,177670000,83491000,82628000,90786000,65805000,113170000,NA,47766000
Q9BXW6,NA,NA,64491000,71748000,94810000,86119000,65477000,73340000
Q9BXW7,106180000,73606000,76536000,258280000,180840000,234230000,308260000,353480000
Q9BXY0,205530000,180060000,130990000,214550000,198290000,230890000,190140000,163220000
Q9BY32,1389700000,1097700000,1111300000,1392200000,1345600000,1428500000,1070300000,1153200000
Q9BY43,NA,NA,NA,NA,NA,NA,NA,NA
Q9BY44,704800000,597360000,543080000,707100000,729310000,754040000,840630000,809470000
Q9BY77,277530000,341570000,331530000,548940000,686370000,442610000,519160000,568710000
Q9BY89,NA,NA,NA,NA,NA,NA,31649000,23411000
Q9BYB4,NA,NA,NA,NA,NA,NA,NA,NA
Q9BYC5,44130000,30318000,NA,NA,NA,NA,NA,NA
Q9BYC8,57132000,53092000,75261000,69463000,122570000,69126000,95228000,83232000
Q9BYC9,69003000,46665000,71792000,82707000,88640000,82785000,100460000,107540000
Q9BYD1,24246000,NA,74305000,83518000,78875000,156380000,155320000,132180000
Q9BYD2,100370000,172060000,202860000,143350000,181720000,133840000,112600000,149940000
Q9BYD3,105120000,92481000,75046000,152420000,157250000,248360000,354260000,247260000
Q9BYD6,238690000,208350000,239130000,308800000,325570000,391380000,299170000,291430000
Q9BYG3,212140000,196410000,252250000,297250000,286930000,280750000,366470000,399180000
Q9BYI3,NA,NA,NA,NA,NA,22233000,NA,NA
Q9BYJ9,126360000,112670000,143140000,127320000,196780000,138410000,112790000,142280000
Q9BYK8,309700000,178090000,121180000,NA,16567000,24263000,2602200,NA
Q9BYM8,NA,NA,NA,10826000,NA,NA,NA,NA
Q9BYN0,42047000,NA,NA,NA,NA,NA,36980000,NA
Q9BYN8,270590000,361200000,505800000,441730000,390780000,250670000,345120000,353680000
Q9BYT8,576900000,635020000,450820000,1116600000,1038200000,929610000,1096800000,1084100000
Q9BYV8,NA,NA,NA,NA,NA,NA,NA,NA
Q9BYW2,NA,NA,NA,NA,NA,NA,NA,NA
Q9BYX2,266130000,305080000,104280000,59913000,21809000,33977000,NA,NA
Q9BYX4,50275000,49787000,64003000,NA,61415000,NA,41990000,NA
V9GYZ0,NA,NA,NA,NA,NA,NA,NA,NA
Q9BZ29,9421000,40410000,32120000,24851000,27113000,25238000,90234000,67421000
Q9BZ95,26106000,19088000,NA,13378000,NA,NA,NA,NA
Q9BZD4,141300000,173050000,136620000,95443000,102850000,96838000,68817000,70496000
S4R369,309040000,207120000,224840000,236000000,260690000,303120000,362500000,289450000
Q9BZE4,603590000,602980000,517250000,739250000,784500000,829490000,1009400000,1132100000
Q9BZE9,46423000,56147000,43587000,62523000,47172000,82632000,100730000,83412000
Q9BZF1,77978000,69006000,76944000,103570000,123710000,153350000,186780000,206370000
Q9BZF3,NA,NA,NA,NA,NA,NA,NA,NA
Q9BZH6,57004000,55459000,37818000,38935000,37351000,48017000,97459000,56851000
Q9BZI7,80860000,86472000,55895000,79099000,110250000,87222000,111430000,138540000
Q9BZK7,308310000,310020000,341730000,485970000,549750000,620550000,432020000,423990000
Q9BZL1,434020000,734110000,519120000,559490000,756070000,662280000,1149800000,1377500000
Q9BZQ6,NA,42934000,148870000,37230000,43462000,35438000,36099000,39633000
Q9BZQ8,752050000,684290000,605160000,619120000,345980000,325170000,124120000,114470000
Q9BZV1,147740000,134500000,68021000,109950000,83842000,75317000,NA,56906000
Q9BZX2,314950000,329280000,110750000,108820000,99538000,101050000,NA,54369000
Q9C002,923380000,975020000,650020000,NA,NA,NA,NA,NA
Q9C005,179880000,129240000,244150000,170280000,154790000,259460000,401200000,324070000
Q9C099,NA,NA,NA,NA,NA,NA,27687000,22753000
Q9C0B0,NA,NA,NA,NA,19495000,NA,10886000,NA
Q9C0B1,253710000,224130000,231040000,389490000,334800000,508930000,184980000,214670000
Q9C0B5,NA,NA,NA,NA,NA,NA,NA,NA
Q9C0C2,424440000,264380000,373530000,83983000,54529000,105310000,425080000,484890000
Q9C0C9,294390000,218760000,204370000,273490000,273730000,286770000,266840000,254520000
Q9C0D5,27038000,NA,NA,12991000,24966000,29933000,88398000,85944000
Q9C0E8,77190000,127510000,87704000,56245000,88301000,69941000,53553000,56936000
Q9C0I1,NA,NA,NA,17348000,20175000,17535000,27064000,NA
Q9C0J8,122160000,103730000,106100000,139950000,152120000,127620000,96642000,91673000
Q9GZL7,482620000,493930000,461060000,692590000,661900000,563720000,341790000,341610000
Q9GZN8,236190000,391640000,223530000,207160000,201980000,275560000,153790000,165870000
Q9GZP4,132520000,123830000,91285000,121750000,71994000,70990000,192300000,133630000
Q9GZR2,48016000,58701000,NA,35361000,41107000,31370000,58695000,65858000
Q9GZR5,NA,NA,NA,NA,NA,NA,NA,NA
Q9GZS1,227160000,230060000,179970000,117810000,127980000,146240000,173740000,171260000
Q9GZS3,357530000,347410000,474580000,332650000,416660000,428650000,618620000,538060000
Q9GZT3,465280000,417010000,650930000,571040000,609390000,631060000,824570000,1119300000
Q9GZT4,70373000,40715000,70140000,23957000,39615000,47027000,21477000,26137000
Q9GZT6,41236000,28838000,32697000,78148000,108630000,95673000,62131000,58223000
Q9GZT8,202730000,152700000,164540000,213270000,193970000,218850000,279820000,245880000
Q9GZT9,208260000,155360000,196040000,98077000,90038000,100060000,18201000,25514000
Q9GZU8,78942000,168130000,141690000,150080000,126840000,127510000,88566000,65557000
Q9GZX9,NA,84683000,50245000,38625000,33203000,NA,NA,39662000
Q9GZZ1,NA,NA,NA,NA,NA,NA,NA,39845000
Q9GZZ9,86597000,62711000,43564000,94031000,78559000,76875000,197760000,136090000
Q9H008,35535000,21831000,38217000,33379000,68608000,76582000,30393000,49515000
Q9H013,NA,NA,NA,NA,NA,NA,NA,NA
Q9H061,18014000,31453000,NA,72641000,62131000,32446000,43981000,54589000
Q9H074,98962000,133120000,184880000,221220000,354370000,338230000,227300000,260460000
Q9H078,225330000,194030000,171070000,236320000,228700000,212200000,272410000,247900000
Q9H081,NA,NA,12599000,32278000,13992000,NA,NA,NA
Q9H082,25563000,42767000,20777000,18877000,18125000,NA,NA,NA
Q9H089,31330000,NA,24863000,15070000,26557000,28934000,37179000,30819000
Q9H0A0,677870000,657040000,562160000,643640000,546100000,593610000,761740000,598610000
Q9H0A8,84620000,68478000,43116000,57091000,53796000,35977000,36654000,33974000
Q9H0B6,290420000,328740000,263510000,229240000,266330000,201200000,236060000,274950000
Q9H0C8,322870000,437900000,382570000,441690000,499550000,352760000,423980000,462180000
Q9H0D6,751950000,712140000,793350000,840220000,850710000,929880000,840610000,740690000
Q9H0E2,199830000,198690000,196850000,176490000,194490000,163190000,27779000,27885000
Q9H0G5,19090000,51537000,89099000,47454000,62805000,21996000,29747000,35114000
Q9H0H5,295350000,335560000,241860000,518990000,463340000,519880000,171910000,190580000
Q9H0L4,NA,NA,12373000,NA,NA,17425000,24313000,23980000
X6RM59,110110000,177550000,138950000,170730000,211700000,173900000,343300000,403670000
Q9H0Q0,NA,NA,NA,NA,NA,NA,37072000,23896000
Q9H0R6,28267000,32344000,38180000,35739000,52639000,39000000,88089000,64520000
Q9H0S4,159830000,126920000,96122000,135530000,128510000,175630000,257710000,233490000
Q9H0T7,NA,NA,NA,NA,NA,NA,NA,NA
Q9H0U4,410240000,320900000,532310000,282260000,302220000,357060000,564040000,573940000
Q9H0U6,31871000,39933000,22447000,48870000,42140000,44483000,48164000,64532000
Q9H0V9,64859000,NA,NA,NA,NA,NA,NA,NA
Q9H0W8,31888000,62717000,38957000,44901000,52671000,44723000,72217000,61016000
Q9H0W9,142360000,116800000,160330000,220650000,295340000,345120000,381880000,256620000
Q9H0Z9,NA,NA,NA,147190000,91529000,313210000,NA,NA
Q9H173,82133000,51478000,38350000,33408000,36936000,45877000,NA,NA
Q9H1A4,NA,NA,NA,NA,NA,320500000,NA,NA
Q9H1B7,11266000,NA,37857000,78326000,85692000,78106000,93366000,93820000
Q9H1E3,146110000,143570000,279160000,253080000,187970000,201650000,173600000,227040000
Q9H1E5,20108000,NA,14541000,15678000,12875000,29104000,19321000,14268000
Q9H1I8,21137000,34623000,23526000,37482000,45447000,42417000,14137000,21194000
Q9H1K1,39228000,NA,37405000,66964000,70068000,68035000,93249000,79361000
Q9H1Y0,69258000,NA,36073000,43680000,24620000,29384000,57480000,47060000
Q9H1Z4,17220000,NA,NA,NA,NA,NA,NA,NA
Q9H204,NA,NA,NA,NA,NA,NA,22598000,18137000
Q9H223,1264900000,999310000,773510000,406960000,404860000,452320000,445930000,414960000
Q9H269,NA,NA,27123000,NA,43298000,51806000,38710000,37307000
Q9H270,60202000,112210000,69548000,67333000,117680000,103840000,87039000,85624000
Q9H299,3894800000,2353400000,3258400000,2348400000,2387100000,2965600000,1606700000,1684900000
Q9H2A2,NA,NA,NA,NA,NA,NA,NA,NA
Q9H2C0,NA,NA,NA,NA,NA,NA,36189000,NA
Q9H2D6,25691000,47965000,44146000,53877000,51020000,26903000,47973000,62222000
Q9H2G2,713620000,786410000,884870000,905270000,841920000,853110000,435640000,539610000
Q9H2H8,250270000,295480000,213900000,350870000,415990000,283570000,80590000,64938000
Q9H2J4,357990000,245580000,212240000,177000000,152030000,140030000,357630000,299570000
Q9H2K0,47158000,42980000,37594000,52331000,60422000,37891000,42017000,51167000
Q9H2K8,104050000,135670000,133260000,129300000,188990000,121080000,292510000,284610000
Q9H2M9,322920000,253420000,259480000,178140000,134320000,149830000,164480000,147230000
Q9H2P0,305080000,301380000,289200000,358840000,445640000,495250000,314800000,349980000
Q9H2P9,83652000,63751000,52069000,68247000,77090000,70849000,50573000,59993000
Q9H2U1,194600000,169180000,211170000,151210000,150930000,145680000,166220000,145390000
Q9H2U2,711170000,583210000,827690000,774360000,893210000,1044500000,784500000,767140000
Q9H2W6,161530000,183210000,149790000,231210000,239610000,249920000,206350000,213200000
Q9H307,1028200000,1147100000,994050000,1088000000,1372600000,1210800000,1060400000,1210500000
Q9H336,NA,NA,NA,NA,NA,23152000,NA,NA
Q9H3F6,NA,30262000,24570000,29367000,27889000,NA,18182000,18317000
Q9H3G5,NA,NA,NA,NA,NA,NA,346850000,258610000
Q9H3H1,NA,NA,NA,NA,NA,NA,NA,NA
Q9H3H3,86596000,68424000,95298000,255330000,146940000,247820000,NA,NA
Q9H3K2,NA,NA,NA,NA,NA,NA,16115000,24095000
Q9H3K6,842190000,1362800000,1077000000,1735200000,1833800000,1936800000,862000000,1091100000
Q9H3M7,33548000,NA,NA,NA,NA,NA,NA,NA
Q9H3N1,599430000,456730000,452330000,510950000,418210000,495420000,452640000,418380000
Q9H3N8,NA,NA,NA,NA,NA,NA,NA,NA
Q9H3P2,124130000,138000000,104330000,155930000,199870000,166970000,90752000,82001000
Q9H3P7,380680000,338100000,306000000,235030000,222950000,272700000,146210000,144900000
Q9H3Q1,NA,NA,NA,17587000,NA,NA,86823000,89504000
Q9H3S7,417020000,360390000,368800000,418640000,375650000,439450000,218540000,158790000
Q9H3Z4,44070000,NA,37148000,34349000,57510000,47836000,27760000,38107000
Q9H410,78018000,42762000,53990000,87023000,95646000,64455000,55085000,34780000
Q9H425,NA,NA,NA,NA,NA,NA,121350000,135980000
Q9H444,500580000,514510000,534340000,451330000,372680000,322370000,898230000,779910000
Q9H467,NA,NA,NA,NA,NA,NA,NA,NA
Q9H477,NA,NA,NA,NA,NA,NA,16653000,22348000
Q9H479,38358000,44129000,37782000,46778000,49200000,34969000,42673000,41597000
Q9H488,651010000,578280000,442510000,484180000,453270000,416570000,192440000,214370000
Q9H492,NA,NA,101360000,10296000,23784000,17641000,NA,NA
Q9H497,NA,NA,NA,NA,NA,NA,NA,NA
Q9H4A4,590450000,420370000,499090000,725300000,686450000,867020000,218880000,212100000
Q9H4A5,137830000,98976000,72743000,50503000,34257000,44387000,55338000,47511000
Q9H4A6,280340000,260070000,233420000,241680000,175900000,233190000,321300000,245200000
Q9H4G4,NA,NA,NA,NA,NA,34904000,NA,NA
Q9H4L4,124790000,138020000,96555000,93932000,94048000,81800000,91523000,81683000
Q9H4L5,159350000,166610000,157410000,173330000,213130000,168890000,147870000,165530000
Q9H4L7,122550000,89634000,101660000,133050000,143470000,158060000,81303000,63679000
Q9H4M9,1957900000,1506800000,1151400000,860160000,697100000,918510000,1592300000,1475900000
Q9H4X1,NA,NA,NA,NA,NA,NA,NA,NA
Q9H4Z3,10252000,NA,NA,16076000,19618000,19505000,10398000,11922000
Q9H501,68017000,98494000,92162000,91231000,94101000,92183000,134890000,145170000
Q9H553,25593000,NA,25761000,21103000,21426000,25973000,33720000,33011000
Q9H583,402510000,295060000,325510000,313380000,308870000,400170000,614990000,549950000
Q9H5K3,32020000,NA,22689000,33601000,NA,31884000,NA,27793000
Q9H5N1,24391000,34679000,32661000,27358000,34444000,33895000,35423000,37305000
Q9H5Q4,121540000,118070000,170910000,237180000,217240000,160050000,139360000,112640000
Q9H5V8,NA,NA,NA,NA,NA,NA,40167000,NA
Q9H5V9,NA,NA,NA,NA,NA,NA,NA,NA
Q9H5X1,NA,NA,NA,NA,NA,NA,NA,29380000
Q9H6E4,75959000,74399000,50696000,83387000,93790000,85614000,34088000,52005000
Q9H6F5,85248000,158630000,91412000,105270000,132660000,122590000,240670000,273560000
Q9H6K4,27719000,34570000,50295000,34029000,51506000,48131000,28500000,39933000
Q9H6R0,NA,NA,NA,25860000,22940000,37145000,35161000,28258000
Q9H6R4,20114000,29873000,39202000,24245000,42375000,28703000,37117000,27360000
Q9H6S0,NA,NA,NA,16410000,11550000,48872000,36672000,22362000
Q9H6S3,NA,NA,NA,NA,NA,77135000,255820000,209700000
Q9H6T0,NA,NA,NA,NA,NA,NA,NA,NA
Q9H6T3,320110000,266400000,251920000,309910000,291570000,306400000,308940000,286680000
Q9H6X2,58109000,57760000,57156000,72217000,65221000,81363000,46304000,13331000
Q9H6Y2,NA,NA,NA,NA,NA,NA,NA,NA
Q9H773,94326000,37332000,NA,50590000,NA,40226000,63184000,86798000
Q9H788,NA,19354000,NA,NA,NA,NA,74906000,76982000
Q9H792,53478000,93488000,85622000,78815000,88685000,70842000,62737000,80079000
Q9H7B2,283710000,334400000,311920000,485070000,667000000,484030000,500310000,553890000
Q9H7C4,17427000,26407000,50396000,NA,16321000,16530000,NA,NA
Q9H7D0,58054000,48629000,67808000,20716000,48807000,35734000,22505000,21151000
Q9H7D7,104090000,100840000,89572000,106110000,75055000,75901000,88029000,84113000
Q9H7E9,53412000,65209000,40051000,46257000,45543000,93567000,128830000,63012000
Q9H7L9,51356000,64947000,71095000,54064000,59685000,50032000,62330000,43328000
Q9H7N4,NA,61762000,30945000,32172000,39268000,32571000,43031000,45603000
Q9H7X7,32568000,NA,19647000,37142000,NA,NA,NA,NA
Q9H7Z3,NA,NA,NA,NA,NA,NA,NA,NA
Q9H7Z6,21660000,NA,26982000,25512000,41859000,25529000,NA,27925000
Q9H7Z7,37921000,50859000,96385000,109310000,85535000,194080000,236960000,206490000
Q9H813,NA,NA,NA,NA,NA,NA,NA,NA
Q9H814,90889000,102750000,157830000,195810000,219830000,195500000,106030000,136640000
Q9H832,433700000,588260000,284270000,415900000,355480000,328340000,258550000,204020000
Q9H840,NA,NA,NA,NA,NA,NA,NA,NA
Q9H845,355500000,361380000,390640000,537710000,570300000,623220000,522620000,574300000
Q9H871,NA,NA,30819000,20174000,56925000,55542000,71366000,73465000
Q9H8G2,NA,NA,NA,NA,NA,7871400,NA,NA
Q9H8H0,120090000,137070000,113560000,127420000,139110000,138930000,179970000,234960000
Q9H8T0,NA,NA,NA,NA,NA,NA,NA,NA
Q9H8V3,16418000,26505000,29941000,45340000,43199000,22308000,40136000,55043000
Q9H8W4,51949000,47879000,31879000,51026000,55155000,44712000,16714000,NA
Q9H8Y5,24880000,34676000,33300000,NA,NA,NA,NA,12647000
Q9H8Y8,342870000,219410000,248110000,127520000,179010000,197800000,311840000,284660000
Q9H900,34348000,NA,NA,23727000,22309000,94793000,50918000,33161000
Q9H910,487980000,381600000,320140000,439960000,457610000,483890000,568900000,579240000
Q9H936,194680000,259130000,202450000,261590000,341280000,299570000,224460000,193950000
Q9H944,29909000,NA,44316000,NA,62724000,49501000,NA,23907000
Q9H974,33839000,NA,NA,30030000,34556000,39163000,68235000,47749000
Q9H981,NA,NA,NA,NA,16361000,16475000,15269000,13923000
Q9H993,158650000,98289000,94643000,119000000,92780000,89876000,113760000,89934000
Q9H9A5,68095000,69567000,97323000,81926000,122260000,103630000,139940000,169950000
Q9H9A6,180840000,150730000,169500000,160590000,171990000,188220000,196470000,170010000
Q9H9B1,31677000,NA,NA,24358000,37469000,26526000,NA,NA
Q9H9B4,899840000,897340000,788630000,1008400000,1069600000,1376000000,1155500000,1200700000
Q9H9F9,NA,NA,NA,16357000,NA,29159000,NA,NA
Q9H9H4,76164000,47668000,51168000,84460000,99389000,132830000,54331000,66298000
Q9H9J2,81541000,107570000,119080000,137130000,173450000,161690000,217060000,196500000
Q9H9L3,NA,33584000,32748000,24448000,43756000,29646000,26644000,24508000
Q9H9Q2,71672000,69554000,72387000,84626000,65966000,130920000,76949000,64042000
Q9H9Q4,47054000,NA,58982000,28482000,NA,26973000,21929000,NA
Q9H9T3,39360000,31574000,61266000,46312000,38740000,37342000,42463000,34744000
Q9H9Y2,34852000,37572000,37401000,33684000,76817000,38838000,36346000,40899000
Q9H9Y6,60516000,56253000,44259000,57994000,70002000,51490000,57504000,55849000
Q9HA47,NA,NA,20306000,36683000,NA,39608000,NA,30587000
Q9HA64,97537000,78827000,95645000,47699000,75784000,113770000,296450000,289440000
Q9HA77,NA,NA,32367000,40815000,48294000,56929000,28117000,28852000
Q9HAB8,100470000,154250000,195160000,165860000,152440000,173770000,238220000,231510000
Q9HAN9,NA,NA,25893000,34508000,45792000,86018000,22772000,NA
Q9HAU0,175220000,76295000,102080000,50448000,23783000,31121000,NA,NA
Q9HAU4,27619000,47305000,30118000,53467000,63689000,46440000,NA,NA
Q9HAU5,149200000,132510000,121100000,126620000,115990000,143870000,155960000,174350000
Q9HAV0,135050000,101530000,101070000,83275000,87225000,91701000,95124000,47275000
Q9HAV4,520840000,356930000,376530000,691140000,663430000,911210000,964450000,905530000
Q9HAV7,845480000,976220000,822740000,1125700000,980670000,896540000,904420000,851700000
Q9HB07,378150000,158480000,159320000,328470000,345590000,411900000,161370000,171970000
Q9HB21,NA,NA,NA,NA,NA,NA,NA,NA
Q9HB40,16492000,19080000,NA,NA,8323300,NA,106030000,69109000
Q9HB63,NA,NA,NA,NA,NA,NA,NA,1488600
Q9HB66,53691000,NA,49026000,54869000,50447000,65447000,97179000,85419000
Q9HB71,6240600000,9508900000,7940400000,4441100000,4792600000,4295600000,3929600000,3345800000
Q9HB90,175290000,198870000,206490000,234290000,221420000,240530000,53067000,42641000
Q9HBG4,236750000,27000000,NA,NA,NA,NA,126460000,160530000
Q9HBH5,45069000,30065000,53438000,59325000,42976000,50037000,51091000,67041000
Q9HBL7,NA,NA,NA,29500000,12517000,49230000,NA,13886000
Q9HBL8,72023000,65079000,80931000,73575000,54010000,62527000,34316000,30339000
Q9HBM1,181080000,206250000,149820000,150390000,96116000,144210000,150220000,192480000
Q9HC07,78645000,30186000,34212000,NA,NA,NA,30355000,33433000
Q9HC21,NA,NA,NA,11655000,NA,NA,NA,24228000
Q9HC35,76767000,151020000,195170000,155380000,117200000,149960000,227610000,240020000
Q9HC36,97855000,87628000,82561000,119910000,75948000,80263000,46981000,54918000
Q9HC52,86658000,100270000,79744000,114850000,92453000,185470000,66288000,71962000
Q9HCC0,170040000,169240000,289690000,452910000,492440000,469640000,781060000,831570000
Q9HCD5,265430000,251800000,241450000,196790000,193180000,141450000,92082000,79278000
Q9HCE1,348180000,239380000,341810000,359440000,483410000,398170000,273350000,304030000
Q9HCE3,NA,NA,NA,21984000,NA,25821000,NA,NA
Q9HCE5,22291000,12971000,29709000,36165000,38715000,35167000,NA,NA
Q9HCG8,26649000,NA,24465000,51058000,53703000,53777000,32686000,39093000
Q9HCK8,81942000,65663000,48743000,46244000,52807000,55219000,32647000,34573000
Q9HCL0,NA,NA,8348900,NA,NA,NA,NA,NA
Q9HCM4,NA,NA,NA,9363900,NA,22509000,102650000,84173000
Q9HCN4,59176000,61985000,54873000,53402000,52503000,42759000,84398000,77319000
Q9HCN8,330190000,244510000,233560000,159280000,155880000,199010000,NA,83762000
Q9HCS7,32238000,43517000,71738000,49459000,44075000,56442000,44506000,66241000
Q9HCU5,56025000,48497000,78078000,103530000,83202000,114110000,136860000,131960000
Q9HCY8,NA,NA,NA,NA,NA,NA,1395500000,1432600000
Q9HD15,38817000,49821000,34196000,NA,60188000,46164000,16238000,18174000
Q9HD20,240000000,174700000,229060000,216250000,230340000,269290000,608660000,561780000
Q9HD23,NA,NA,NA,NA,NA,NA,NA,NA
Q9HD26,166580000,219760000,218300000,205720000,247090000,186720000,422260000,421580000
Q9HD33,74635000,102950000,138570000,158820000,220920000,168140000,205490000,216340000
Q9HD34,28567000,NA,30198000,82621000,87927000,68686000,45597000,53703000
Q9HD45,203820000,208320000,196120000,213980000,178390000,286270000,164810000,156080000
Q9HDC9,715240000,559390000,931950000,365920000,609260000,608110000,525360000,467710000
Q9NP61,154240000,217930000,168800000,158870000,170300000,186710000,70721000,70534000
Q9NP66,33194000,52089000,54029000,59206000,73195000,30487000,51024000,46383000
Q9NP72,523320000,514470000,363840000,393500000,312930000,451310000,397780000,371840000
S4R313,NA,NA,53274000,46832000,NA,14729000,57242000,55144000
Q9NP77,119830000,189690000,115050000,144760000,146100000,100380000,85024000,90954000
Q9NP92,123090000,53693000,77253000,141960000,134240000,133510000,179380000,172110000
Q9NP97,1271900000,1047900000,772460000,899490000,685330000,897250000,726820000,631860000
Q9NPA0,137650000,132770000,191880000,114920000,111690000,87646000,112540000,125810000
Q9NPA3,21269000,29739000,NA,NA,NA,NA,NA,NA
Q9NPA8,272110000,257170000,134570000,238410000,267300000,186280000,150620000,189050000
Q9NPD8,NA,NA,NA,NA,19754000,52710000,NA,NA
Q9NPE3,149600000,188960000,210580000,181530000,226700000,153240000,170720000,207020000
Q9NPF0,NA,NA,NA,NA,NA,29053000,NA,NA
Q9NPF4,NA,78195000,132200000,124360000,158390000,189390000,145640000,87927000
Q9NPF5,NA,NA,NA,NA,8008900,10067000,NA,NA
X5D289,NA,NA,NA,NA,NA,NA,68017000,76123000
Q9NPH2,NA,5844300,4137100,19544000,NA,NA,175230000,165680000
Q9NPI1,40696000,32325000,37458000,33494000,31216000,31568000,34007000,31497000
Q9NPI6,29165000,45956000,NA,36260000,38207000,39467000,48054000,36632000
Q9NPJ3,322650000,299860000,288680000,574250000,623600000,758870000,757930000,791980000
Q9NPJ6,NA,NA,NA,NA,NA,NA,NA,NA
Q9NPJ8,NA,NA,NA,NA,14982000,NA,17467000,NA
Q9NPL8,56815000,78757000,81584000,52832000,85946000,46490000,89449000,118540000
Q9NPQ8,378260000,322980000,206500000,242860000,212420000,204010000,167630000,192870000
Q9NQ29,146760000,134100000,130490000,239420000,264440000,118760000,302750000,267180000
Q9NQ48,247920000,205250000,114730000,171850000,181830000,146750000,73870000,100640000
Q9NQ50,72213000,82537000,84469000,135710000,141340000,123830000,137110000,124110000
Q9NQ88,211090000,200700000,82479000,111270000,80460000,96529000,165060000,173490000
Q9NQC3,519350000,334570000,375560000,347880000,239240000,345960000,NA,157430000
Q9NQE9,NA,NA,NA,NA,NA,NA,67476000,64794000
Q9NQG5,415140000,334800000,357020000,418400000,550840000,532630000,304860000,325130000
Q9NQH7,75896000,84574000,98350000,225340000,306600000,340000000,73000000,79138000
Q9NQR4,703550000,630460000,628790000,623180000,691560000,683930000,894130000,810540000
Q9NQS1,NA,42336000,30234000,21629000,35411000,31127000,23371000,16204000
Q9NQS3,NA,20327000,16872000,NA,17316000,17238000,NA,NA
Q9NQS7,24495000,30085000,19617000,27229000,44952000,68988000,NA,21114000
Q9NQT4,111460000,99526000,79803000,84048000,85550000,53850000,97183000,85846000
Q9NQT5,193080000,188210000,142600000,166150000,188560000,236710000,164920000,162220000
Q9NQT8,33716000,21590000,46171000,29840000,26799000,33512000,47386000,42474000
Q9NQW6,724380000,938330000,726930000,886190000,1082500000,811110000,1200300000,1377200000
Q9NQW7,996270000,888290000,800040000,720720000,741300000,691490000,395670000,349730000
Q9NQX3,200540000,120070000,119520000,136260000,141900000,126750000,86220000,84650000
Q9NQZ2,32386000,52140000,80897000,64589000,73030000,62488000,68358000,76383000
Q9NQZ5,NA,NA,NA,NA,NA,NA,18399000,16579000
Q9NR09,89104000,62380000,130910000,58390000,113610000,109110000,135250000,135020000
Q9NR12,698140000,725320000,443620000,686780000,846800000,864590000,702300000,560490000
Q9NR19,95950000,86426000,141800000,210300000,94589000,151600000,258880000,243400000
Q9NR28,85594000,83394000,107200000,241850000,236890000,305490000,209470000,135610000
Q9NR30,3211100000,3956600000,2928500000,4462400000,4419400000,4457000000,6087100000,6320600000
Q9NR31,1414100000,829050000,974090000,888240000,738800000,912300000,1615500000,1422000000
Q9NR45,1023100000,1111700000,1025600000,1276500000,1505900000,1454900000,1027200000,1166700000
Q9NR50,405040000,375540000,321310000,468870000,424280000,328960000,340840000,332790000
Q9NRA8,NA,NA,NA,NA,NA,NA,NA,NA
Q9NRF8,82860000,53259000,NA,NA,NA,NA,NA,61535000
Q9NRF9,279490000,319870000,249820000,241760000,201130000,151800000,219050000,154380000
Q9NRG4,48850000,44158000,39966000,26493000,NA,24170000,38679000,31121000
Q9NRH1,NA,NA,NA,NA,NA,NA,18210000,NA
Q9NRK6,NA,NA,NA,NA,NA,16308000,NA,NA
Q9NRL2,113180000,260530000,214410000,93038000,127840000,170070000,119930000,146370000
Q9NRN7,168260000,208210000,171130000,316140000,347930000,373410000,192880000,181580000
Q9NRP2,185850000,119410000,89030000,99845000,156880000,126970000,180170000,218640000
Q9NRR3,NA,NA,50853000,67939000,57474000,50130000,95560000,98889000
Q9NRR4,NA,NA,14438000,NA,NA,NA,NA,NA
Q9NRR5,97975000,132810000,172840000,176780000,272450000,170100000,145490000,161570000
Q9NRV9,295790000,212850000,305030000,279650000,305610000,339910000,296670000,232500000
Q9NRW1,NA,NA,NA,NA,NA,NA,NA,NA
Q9NRW3,NA,NA,NA,NA,NA,NA,45945000,49283000
Q9NRW7,36814000,44875000,37946000,55968000,49820000,64503000,26046000,30227000
Q9NRX1,93033000,101770000,63269000,97811000,52851000,89900000,69322000,126620000
Q9NRX2,58016000,89045000,70484000,47073000,95219000,96875000,66030000,76232000
Q9NRX4,278680000,301050000,259050000,254860000,348640000,247660000,688140000,552020000
Q9NRY2,84654000,52528000,111630000,53072000,61607000,52092000,30916000,43175000
Q9NRY4,99024000,107730000,106200000,63279000,50949000,97737000,160900000,109750000
Q9NRY5,148300000,125800000,106830000,194690000,191920000,169510000,130890000,158370000
Q9NRZ9,NA,25471000,25038000,56437000,83199000,71406000,95526000,107930000
Q9NS00,216640000,125620000,75328000,47745000,28804000,22109000,NA,NA
Q9NS25,NA,NA,NA,27056000,40908000,44236000,NA,NA
Q9NS69,270430000,108840000,132660000,277650000,164940000,224630000,277310000,291450000
Q9NS86,74938000,83990000,133790000,58461000,89517000,81192000,7224000000,6335500000
Q9NS87,NA,39096000,23595000,23263000,33072000,22998000,NA,NA
Q9NS91,114610000,154540000,NA,NA,NA,NA,NA,NA
Q9NSC5,89957000,40796000,45485000,48197000,70422000,46024000,139910000,137810000
Q9NSD9,1147800000,1207600000,1245700000,1515100000,1575500000,1565100000,1794300000,1667900000
Q9NSE4,1229400000,1065500000,1162100000,916390000,1023700000,1040200000,1401200000,1265300000
Q9NSK0,NA,NA,27391000,NA,40921000,29943000,28923000,37494000
Q9NSU2,35257000,47637000,73962000,52271000,40895000,39723000,NA,NA
Q9NSY1,79249000,67519000,68661000,30418000,NA,32214000,NA,NA
Q9NT62,199470000,101680000,140990000,195550000,181790000,260250000,437920000,395260000
Q9NTI5,637140000,661120000,652830000,823640000,859580000,893880000,1004700000,1025400000
Q9NTJ3,1932900000,1909700000,2060900000,1712100000,1726500000,1692500000,1871900000,1835500000
Q9NTJ5,163000000,226450000,202080000,229070000,184190000,161950000,183770000,220000000
Q9NTM9,107500000,104090000,148780000,213110000,189000000,216640000,22046000,NA
Q9NTX5,254560000,281680000,236940000,182570000,267320000,213310000,615480000,580220000
Q9NTZ6,210990000,276760000,243030000,286890000,385330000,335000000,295190000,291130000
Q9NU22,4501500,NA,NA,61457000,51383000,53000000,119920000,127260000
Q9NU23,NA,NA,NA,NA,NA,NA,NA,NA
Q9NU53,29529000,NA,NA,NA,NA,NA,NA,NA
Q9NUD5,NA,16768000,20742000,NA,11765000,NA,NA,NA
Q9NUG6,33660000,49923000,22507000,25694000,37117000,34604000,11358000,NA
Q9NUJ1,280250000,170880000,167790000,187660000,204800000,204010000,339780000,328190000
Q9NUL5,NA,NA,NA,NA,NA,NA,NA,NA
Q9NUL7,NA,NA,NA,NA,NA,NA,NA,NA
Q9NUM3,3251300,16053000,18251000,6232500,8871800,5681000,3039100,NA
Q9NUP1,NA,NA,NA,NA,NA,NA,NA,NA
Q9NUP7,NA,NA,16799000,37586000,42999000,39884000,NA,NA
Q9NUP9,210100000,314210000,232380000,174430000,201160000,246150000,353160000,408330000
Q9NUQ2,182900000,86963000,150200000,199040000,194540000,110730000,145950000,146420000
Q9NUQ3,224770000,181020000,151750000,188050000,230500000,213780000,95266000,76382000
Q9NUQ6,381710000,466760000,616730000,475030000,922730000,524090000,128730000,132950000
Q9NUQ7,104680000,102580000,66745000,108790000,100940000,87365000,126830000,121270000
Q9NUQ8,58547000,29657000,57614000,65161000,61735000,58608000,43161000,41897000
Q9NUQ9,469390000,229020000,252890000,336230000,304270000,402380000,223800000,217070000
Q9NUT2,NA,NA,NA,NA,NA,NA,NA,NA
Q9NUU7,1495600000,1551000000,1359000000,1752300000,1868700000,2013200000,1350400000,1280700000
Q9NUW8,7015200,NA,NA,NA,NA,NA,15730000,10651000
Q9NUY8,34058000,33041000,21836000,NA,NA,20873000,31191000,33241000
Q9NV31,NA,NA,31976000,25161000,33719000,29747000,40299000,50205000
Q9NV35,NA,19457000,NA,NA,NA,NA,NA,NA
Q9NV56,NA,30061000,NA,NA,NA,NA,NA,NA
Q9NV58,NA,NA,NA,NA,NA,8537700,NA,NA
Q9NV70,173330000,153130000,211680000,100060000,132360000,139770000,220910000,156810000
Q9NV88,21916000,NA,26867000,17748000,18064000,20348000,24899000,11910000
Q9NV96,61801000,47798000,46039000,57448000,47388000,48417000,52608000,77295000
Q9NVA4,NA,NA,NA,NA,NA,NA,NA,NA
Q9NVE7,94056000,95955000,92679000,130090000,133720000,142080000,76583000,88693000
Q9NVG8,101370000,63952000,55476000,43263000,29596000,62320000,NA,NA
Q9NVH0,NA,NA,NA,17975000,NA,NA,NA,26415000
Q9NVH1,138980000,223450000,229070000,253130000,251250000,242510000,152390000,158020000
Q9NVH2,64867000,89975000,176800000,179330000,211510000,115370000,159060000,109580000
Q9NVH6,NA,NA,NA,NA,NA,NA,50903000,62241000
Q9NVI1,78608000,74023000,71686000,101340000,72747000,102600000,30710000,NA
Q9NVI7,860900000,970310000,1096700000,1273300000,1483900000,1284100000,1399000000,1601800000
Q9NVJ2,305200000,172010000,239040000,199800000,149690000,179550000,183820000,191990000
Q9NVM6,NA,NA,NA,NA,NA,NA,NA,NA
Q9NVM9,14059000,15782000,31162000,14573000,37306000,NA,21600000,23920000
Q9NVN8,83636000,121300000,106330000,159580000,171750000,174060000,61677000,64142000
Q9NVP1,953270000,872380000,848630000,1319500000,1305800000,1276100000,2001500000,1714300000
Q9NVQ4,NA,NA,NA,NA,NA,NA,46734000,45384000
Q9NVR0,NA,NA,NA,NA,NA,NA,NA,NA
Q9NVS2,63652000,67929000,124690000,99392000,118400000,173840000,254100000,212540000
Q9NVS9,310010000,217560000,262170000,211720000,209230000,249270000,190140000,127350000
Q9NVT9,289950000,203200000,225730000,232090000,203680000,322430000,150170000,150370000
Q9NVU7,113060000,98526000,78330000,125580000,116190000,112330000,46487000,39425000
Q9NVV4,109110000,89051000,62711000,80660000,98952000,97786000,56214000,57083000
Q9NVX0,NA,NA,12869000,NA,NA,NA,NA,11090000
Q9NVX2,67730000,59778000,NA,62024000,59865000,66995000,101900000,85563000
Q9NVZ3,NA,NA,NA,29799000,44285000,41855000,29472000,22680000
Q9NW08,12273000,NA,NA,NA,NA,NA,NA,NA
Q9NW13,240990000,359680000,310250000,257610000,235010000,193830000,540030000,530350000
Q9NW15,156330000,53868000,50138000,45412000,37341000,43534000,65911000,56457000
Q9NW64,316910000,295950000,205880000,353920000,368420000,381130000,299220000,243060000
Q9NW81,NA,NA,NA,NA,NA,NA,NA,NA
Q9NW82,64714000,47500000,32671000,56734000,67731000,67296000,52719000,43378000
Q9NWA0,NA,NA,NA,NA,NA,NA,NA,NA
Q9NWB6,213500000,214030000,310930000,159870000,175550000,70663000,309010000,308760000
Q9NWD8,NA,NA,NA,11329000,13413000,21108000,NA,NA
Q9NWH9,158570000,116930000,100060000,96488000,110690000,130910000,178710000,195630000
Q9NWK9,37487000,68942000,NA,48525000,46378000,39917000,26377000,37751000
Q9NWM8,120120000,71298000,51457000,NA,22675000,NA,26921000,32057000
Q9NWQ8,212630000,196390000,200820000,172690000,274040000,195040000,NA,NA
Q9NWQ9,NA,18999000,NA,NA,NA,NA,NA,NA
Q9NWR8,NA,NA,NA,NA,NA,NA,NA,NA
Q9NWS0,130230000,83826000,94722000,69809000,73362000,83822000,123460000,80176000
Q9NWT1,86212000,144040000,120350000,161150000,219920000,274800000,220180000,261250000
Q9NWT6,NA,NA,NA,20004000,NA,18277000,20761000,NA
Q9NWT8,NA,NA,NA,NA,NA,NA,NA,NA
Q9NWU1,NA,27001000,NA,NA,NA,NA,NA,NA
Q9NWU2,123330000,39810000,107770000,182410000,175150000,148720000,203460000,187760000
Q9NWV4,316600000,217540000,220000000,290740000,243830000,275960000,154960000,189580000
Q9NWV8,38405000,NA,45315000,NA,NA,59601000,42727000,36076000
Q9NWX6,47292000,126570000,308810000,NA,NA,NA,NA,28783000
Q9NWY4,168210000,150040000,129870000,146480000,175770000,169290000,210900000,181850000
Q9NWZ3,40953000,42336000,32029000,NA,20184000,NA,NA,NA
Q9NWZ5,61265000,NA,NA,NA,NA,28977000,NA,NA
Q9NX01,NA,NA,NA,NA,20514000,NA,9837600,NA
Q9NX08,116240000,76416000,79390000,92668000,84449000,95079000,68961000,59099000
Q9NX14,192360000,114440000,157410000,193640000,232820000,196570000,223550000,215560000
Q9NX20,62994000,73087000,100050000,133370000,161810000,148570000,129600000,207090000
Q9NX24,114550000,65600000,174580000,175470000,181100000,215770000,158040000,144040000
Q9NX40,273870000,336410000,388850000,311990000,348410000,212690000,375970000,357030000
Q9NX46,254720000,247280000,230290000,283740000,284840000,281010000,145820000,149320000
Q9NX47,20232000,NA,NA,19193000,NA,24076000,50400000,53268000
Q9NX55,106060000,53012000,95792000,85629000,87294000,49268000,50319000,123480000
Q9NX58,279020000,269600000,265990000,235770000,261410000,240580000,376010000,447470000
Q9NX62,545210000,785960000,670630000,545310000,548330000,493900000,156630000,127360000
Q9NX63,547530000,750280000,668580000,560210000,631310000,499380000,1037500000,1250300000
Q9NXA8,NA,NA,26987000,70934000,68314000,75280000,70684000,72265000
Q9NXC5,13172000,7658400,30684000,12947000,NA,NA,20951000,20693000
Q9NXE4,NA,NA,26146000,41433000,25677000,24746000,26552000,39744000
Q9NXF1,85392000,72242000,90133000,82038000,121560000,124260000,75579000,94359000
Q9NXF7,NA,NA,NA,NA,NA,NA,NA,NA
Q9NXG2,131720000,220610000,343790000,288320000,422700000,390310000,237030000,311400000
Q9NXH9,104420000,113470000,71371000,44193000,81396000,57824000,97400000,65482000
U3KQ24,NA,NA,NA,NA,NA,NA,NA,NA
Q9NXK8,NA,NA,14542000,19281000,NA,14582000,36113000,35068000
Q9NXR1,22243000,NA,NA,25041000,21765000,23803000,NA,NA
Q9NXS2,40919000,NA,23870000,8947000,NA,12338000,NA,9362700
Q9NXV6,157960000,162830000,165630000,208020000,234610000,218020000,155660000,134300000
Q9NXW2,96990000,91966000,108750000,29165000,55492000,37073000,72231000,84078000
Q9NXW9,NA,NA,NA,NA,NA,NA,NA,NA
Q9NY12,326250000,365340000,278470000,355610000,389410000,443310000,277620000,356500000
Q9NY27,349810000,226240000,294860000,294340000,275400000,306360000,256630000,249650000
Q9NY61,92646000,121880000,99441000,96628000,102550000,93370000,203770000,198790000
Q9NY93,77977000,63286000,55827000,65652000,61797000,124130000,129930000,114160000
Q9NYB0,36395000,38821000,38330000,70871000,82457000,88008000,29762000,47435000
Q9NYF8,1356100000,1547700000,1429900000,1898000000,2080800000,1836300000,1668100000,1872700000
Q9NYH9,99290000,111020000,79406000,90462000,101880000,87757000,108930000,115570000
Q9NYJ1,109650000,148010000,105210000,185940000,143420000,236170000,66122000,84910000
Q9NYK5,149290000,209480000,245070000,227350000,272410000,181840000,291580000,336590000
Q9NYK6,NA,NA,NA,NA,NA,NA,NA,NA
Q9NYL2,NA,NA,NA,NA,NA,NA,NA,NA
Q9NYL9,1111800000,1214000000,1005500000,958840000,1038700000,1222900000,1080000000,930350000
Q9NYP7,43847000,NA,28070000,41014000,28252000,41633000,31438000,41515000
Q9NYP9,NA,NA,NA,NA,NA,NA,NA,NA
Q9NYU2,750900000,743870000,699220000,807040000,880110000,903150000,767720000,769840000
Q9NYV4,58619000,83179000,102920000,53546000,43743000,49678000,62296000,44284000
Q9NYY8,103590000,89809000,90700000,125750000,141660000,117930000,145100000,101970000
Q9NYZ3,NA,NA,NA,NA,49218000,58870000,NA,NA
Q9NZ01,679300000,613270000,663240000,729040000,964550000,766490000,1394000000,1479100000
Q9NZ08,230820000,97706000,142670000,293030000,346050000,372950000,607690000,560000000
Q9NZ32,68538000,49423000,55960000,67236000,58888000,67976000,54621000,69012000
Q9NZ45,566670000,874130000,649260000,649140000,1105600000,719360000,1225600000,1202600000
Q9NZ52,NA,17897000,13040000,NA,12531000,17466000,30204000,29230000
Q9NZ63,168370000,196420000,134130000,184900000,238580000,199480000,201880000,184360000
Q9NZB2,738640000,693090000,753540000,678950000,775320000,714500000,523720000,559150000
Q9NZC3,NA,NA,NA,NA,NA,NA,NA,NA
Q9NZC4,NA,NA,NA,NA,NA,NA,NA,NA
Q9NZC9,NA,NA,NA,NA,NA,NA,23375000,NA
Q9NZD2,175840000,176240000,137310000,104420000,97873000,91294000,263090000,199380000
Q9NZD8,109830000,62829000,44519000,31180000,37427000,43120000,33478000,42771000
Q9NZE8,39249000,68178000,60845000,56306000,69431000,54114000,69601000,65712000
Q9NZI6,NA,NA,NA,NA,NA,NA,NA,NA
Q9NZI7,NA,NA,NA,NA,NA,NA,NA,32794000
Q9NZI8,NA,NA,NA,NA,NA,NA,83583000,76994000
Q9NZJ4,NA,NA,NA,NA,74987000,76575000,NA,51066000
Q9NZJ6,NA,NA,NA,NA,24786000,19351000,26315000,17452000
Q9NZL4,214270000,169800000,204060000,252370000,247950000,198330000,310100000,354530000
Q9NZL9,600880000,584930000,839270000,1084700000,1164200000,1046200000,1223100000,1408500000
Q9NZM1,11567000000,10686000000,11729000000,11636000000,11358000000,11891000000,4714400000,4700500000
Q9NZM5,41711000,41010000,45378000,49664000,72560000,51673000,110940000,139770000
Q9NZN3,25321000,NA,15674000,8496900,NA,NA,NA,NA
Q9NZN4,2189000000,1630300000,2595700000,740250000,770440000,783810000,NA,NA
Q9NZN5,NA,NA,NA,NA,43589000,64287000,54992000,62993000
Q9NZT1,35206000,NA,NA,NA,NA,NA,1680000000,815410000
Q9NZT2,170000000,94976000,144220000,62320000,122300000,89101000,50093000,47359000
Q9NZU5,73723000,32888000,24638000,526600000,867610000,660080000,27357000,27884000
Q9NZV1,165570000,147410000,102820000,109920000,102770000,101820000,NA,45609000
Q9NZW5,91059000,89526000,55302000,49049000,44328000,38363000,232940000,213420000
Q9NZZ3,310610000,327290000,265610000,251570000,189500000,287550000,159220000,177620000
Q9P000,49544000,78525000,81824000,77635000,57885000,80348000,102250000,74435000
Q9P013,86603000,88849000,112090000,135500000,130390000,158490000,94480000,132060000
Q9P015,164870000,195480000,262090000,282920000,274020000,310580000,312790000,275600000
Q9P016,91727000,82598000,105470000,135300000,180720000,141700000,307890000,311110000
Q9P021,17688000,30815000,35885000,28123000,40514000,20297000,58405000,84018000
Q9P031,NA,NA,NA,NA,NA,12129000,18071000,NA
Q9P032,78857000,94471000,120710000,129540000,107020000,86614000,202650000,223320000
Q9P035,262070000,126770000,283480000,202700000,222830000,256230000,347520000,299740000
Q9P0I2,164730000,78933000,143230000,118150000,116930000,83070000,170730000,133270000
Q9P0J0,83892000,NA,53698000,74106000,55368000,76926000,84401000,88580000
Q9P0J1,91145000,93599000,112740000,83594000,127770000,136450000,68363000,90264000
Q9P0J7,30936000,36525000,52015000,52268000,76283000,65040000,NA,34248000
Q9P0K7,210550000,257060000,177760000,148470000,203240000,165270000,189050000,221070000
Q9P0L0,1332300000,2290500000,2241100000,2585900000,2022200000,1898800000,4075100000,3744600000
Q9P0M6,NA,NA,NA,NA,NA,NA,592660000,667740000
Q9P0U1,92669000,NA,37241000,104890000,NA,NA,200840000,152650000
Q9P0V3,48154000,63187000,50913000,NA,25480000,51709000,103920000,77089000
Q9P0W2,NA,NA,NA,NA,NA,NA,NA,NA
Q9P107,NA,NA,NA,NA,NA,NA,45862000,48201000
Q9P1F3,665610000,452970000,500380000,427970000,303160000,574640000,2512100000,1924900000
Q9P1U0,34043000,NA,24170000,NA,NA,NA,43833000,35286000
Q9P1Y5,NA,NA,NA,NA,NA,NA,31333000,34039000
Q9P1Z2,49895000,38110000,21182000,26827000,NA,NA,29178000,NA
Q9P206,52719000,68709000,NA,NA,NA,NA,NA,27938000
Q9P253,NA,34686000,30016000,48974000,59348000,42989000,29409000,19159000
Q9P258,1055600000,1153100000,1028100000,1570500000,1723100000,1545600000,1448700000,1543200000
Q9P260,54953000,43106000,92015000,49256000,35246000,48695000,30260000,47466000
Q9P265,221610000,171830000,150970000,113470000,156800000,151560000,122520000,123570000
Q9P270,52252000,43844000,34939000,33195000,42469000,NA,28882000,26039000
Q9P275,NA,NA,NA,NA,NA,8236300,NA,NA
Q9P287,331110000,315570000,349380000,393650000,294860000,372140000,664050000,600020000
Q9P2B2,NA,NA,NA,NA,NA,NA,94122000,137490000
Q9P2B4,76651000,88385000,103510000,69374000,67616000,49906000,31481000,44395000
Q9P2C4,NA,NA,NA,NA,NA,18550000,NA,NA
Q9P2D3,93076000,62439000,80436000,52274000,102870000,55744000,109010000,120220000
Q9P2E3,125640000,NA,79318000,NA,71390000,NA,77379000,NA
Q9P2I0,213910000,250750000,215070000,203840000,239950000,222570000,207610000,160900000
Q9P2J5,1700600000,1406600000,1809200000,2834500000,3310200000,3103400000,2032800000,2208800000
Q9P2K3,NA,NA,NA,NA,NA,37763000,NA,NA
Q9P2K8,27975000,24712000,23493000,17325000,25628000,NA,20701000,NA
Q9P2M7,NA,NA,NA,NA,44582000,64185000,203670000,167330000
Q9P2N5,148150000,160620000,141100000,225080000,263710000,265200000,179600000,179210000
Q9P2P1,NA,103550000,NA,NA,NA,NA,220710000,NA
Q9P2P5,NA,NA,20119000,72704000,54727000,59709000,NA,NA
Q9P2R3,903230000,596610000,890640000,468000000,487300000,465610000,199960000,173440000
Q9P2R7,216590000,211930000,201580000,268470000,351800000,281520000,283210000,288190000
Q9UBB4,257320000,216710000,260980000,335960000,348240000,427660000,340470000,400260000
Q9UBB5,70081000,85712000,110100000,129370000,108050000,147650000,149220000,122680000
Q9UBB6,89443000,60348000,92976000,111110000,93934000,130060000,78733000,59198000
Q9UBB9,27997000,NA,39782000,NA,NA,NA,NA,NA
Q9UBD5,67097000,67887000,62949000,70003000,57415000,83404000,115580000,110680000
Q9UBE0,1008000000,1027000000,1219300000,1280200000,1200800000,1286100000,1624100000,1866100000
Q9UBF1,NA,NA,67907000,55568000,63715000,114390000,NA,NA
Q9UBF2,328030000,241250000,382630000,214290000,209930000,269160000,648880000,648390000
Q9UBF6,46062000,35786000,27620000,53270000,56052000,39956000,NA,23888000
Q9UBG0,51448000,45000000,95990000,22824000,49379000,20236000,NA,NA
Q9UBH6,NA,NA,NA,NA,NA,27364000,NA,NA
Q9UBI1,NA,NA,NA,NA,NA,NA,NA,NA
Q9UBI6,588630000,650080000,702910000,494170000,507820000,417920000,319530000,378540000
Q9UBK8,31348000,28265000,17608000,26806000,35453000,40816000,NA,NA
Q9UBK9,NA,NA,NA,NA,NA,NA,NA,NA
Q9UBM7,36766000,7975500,41849000,64426000,58477000,63325000,128100000,137090000
Q9UBP0,54545000,99923000,53032000,NA,NA,83114000,62466000,77879000
Q9UBP6,NA,18912000,12912000,22948000,19683000,24956000,NA,16688000
Q9UBP9,NA,NA,NA,66710000,75625000,94690000,NA,NA
Q9UBQ0,668860000,615690000,853210000,782340000,833770000,768040000,1008600000,975210000
Q9UBQ5,690680000,694010000,479400000,713730000,646660000,773280000,549560000,477890000
Q9UBQ6,NA,NA,47361000,29557000,31902000,103670000,NA,NA
Q9UBQ7,1503600000,1096900000,1422100000,756420000,885930000,1026100000,664420000,688170000
Q9UBR2,NA,NA,NA,NA,NA,NA,50068000,62487000
Q9UBS0,NA,27324000,52005000,41807000,NA,20394000,15681000,22977000
Q9UBS4,620170000,594590000,504710000,476480000,502390000,506920000,484430000,474350000
Q9UBS8,102450000,97418000,43814000,84138000,58465000,71333000,39487000,27859000
Q9UBT2,1412400000,1392700000,1003900000,1435300000,1380000000,1527100000,1683200000,1536900000
Q9UBT7,8453900,10044000,NA,21779000,10978000,17258000,10357000,5000000
Q9UBU9,175510000,183590000,224270000,280370000,352360000,222140000,214250000,253590000
Q9UBV2,98748000,139140000,107890000,101270000,115750000,95097000,44102000,59423000
Q9UBV7,NA,NA,NA,NA,NA,NA,NA,NA
Q9UBV8,26664000,NA,NA,48154000,30194000,NA,56337000,56329000
Q9UBW7,126120000,353240000,305280000,282040000,237560000,269970000,356240000,378790000
Q9UBW8,151090000,86378000,119940000,96822000,137530000,88530000,34389000,38086000
Q9UBY8,NA,NA,NA,NA,8528600,NA,NA,NA
Q9UDT6,31043000,41297000,29315000,NA,33182000,39686000,16734000,28938000
Q9UDY4,775960000,533440000,561220000,359210000,276450000,370500000,6179500,53181000
Q9UDY8,153190000,173860000,106470000,79319000,92492000,85250000,91576000,104320000
Q9UEE9,70997000,76673000,76184000,114550000,80821000,151380000,199550000,202760000
Q9UER7,84780000,NA,56213000,70108000,95037000,62026000,78997000,97769000
Q9UET6,14356000,NA,16566000,13554000,NA,20951000,19779000,23770000
Q9UEU0,125150000,103790000,200210000,NA,99442000,83432000,52782000,52170000
Q9UEW8,46201000,22657000,26517000,24376000,38586000,42950000,21359000,16663000
Q9UEY8,119840000,83820000,69928000,29470000,29562000,25825000,17442000,28530000
Q9UFC0,94785000,67262000,89494000,98700000,91934000,115340000,108990000,105350000
Q9UFM8,102070000,120270000,202080000,138860000,123900000,87285000,59593000,86779000
Q9UFN0,173610000,149770000,176550000,354670000,328120000,327020000,197420000,191480000
Q9UFW8,113820000,115250000,93160000,162270000,175240000,172290000,61029000,55747000
Q9UG63,793840000,1028400000,741330000,328810000,455130000,371060000,843310000,1004800000
Q9UGI8,NA,NA,69677000,NA,6793600,NA,1126400000,1278700000
Q9UGM6,39434000,NA,22422000,51362000,83114000,112360000,83618000,65479000
Q9UGP4,27709000,26153000,NA,35781000,45508000,23665000,31067000,30541000
Q9UGP8,607430000,491670000,557630000,662750000,645080000,774750000,896150000,914220000
Q9UGR2,147010000,131990000,226960000,220490000,229030000,280960000,87798000,83443000
Q9UGT4,NA,NA,NA,NA,NA,NA,55222000,58651000
Q9UGU0,NA,NA,NA,NA,NA,18388000,16609000,NA
Q9UGV2,382260000,209500000,240040000,371620000,248730000,320790000,228110000,205080000
V9GYY5,NA,NA,13758000,47028000,46498000,16234000,NA,39863000
Q9UH62,204640000,249890000,185900000,74273000,80599000,76193000,NA,NA
Q9UH65,710860000,682810000,830690000,733660000,820070000,803750000,337410000,365240000
Q9UH99,113050000,127350000,139200000,170150000,231530000,149330000,49614000,59466000
Q9UHA3,168980000,263820000,190590000,185570000,318760000,189840000,446490000,403500000
Q9UHA4,262350000,175170000,235680000,256330000,332940000,384510000,108080000,82730000
Q9UHB6,508700000,518760000,468760000,765260000,815200000,751700000,705540000,912930000
Q9UHB7,23282000,21805000,26405000,13787000,21915000,17384000,20967000,23585000
Q9UHB9,685240000,647680000,795120000,913540000,947270000,964150000,952730000,974440000
Q9UHD1,1382300000,1348700000,1127000000,2724900000,2881000000,2665200000,2243100000,2293900000
Q9UHD2,93652000,104570000,95634000,52440000,67029000,82930000,74230000,69661000
Q9UHD8,2507800000,2269600000,2683000000,2844100000,2839900000,2973700000,4618400000,4782000000
Q9UHD9,NA,NA,NA,NA,NA,NA,NA,NA
Q9UHE8,47630000,56283000,43502000,56562000,40414000,60417000,NA,NA
Q9UHF7,199200000,253000000,297640000,112100000,142570000,134850000,61861000,78717000
Q9UHG3,340180000,204120000,181570000,196660000,192920000,149210000,204140000,242440000
Q9UHI6,213810000,303640000,261570000,344010000,385820000,347600000,207440000,227770000
Q9UHI8,NA,NA,NA,16699000,NA,NA,28986000,28213000
Q9UHL4,NA,NA,NA,NA,NA,NA,NA,NA
Q9UHN6,NA,NA,NA,15710000,NA,24111000,26915000,22281000
Q9UHQ9,270150000,187690000,230420000,236120000,249280000,347910000,206370000,172810000
Q9UHR4,68510000,89748000,79994000,241280000,179300000,145350000,237560000,264510000
Q9UHV9,799120000,1036300000,1008300000,903330000,1120600000,846150000,873790000,1036700000
Q9UHY1,364760000,328350000,279090000,287880000,195500000,231970000,263130000,244290000
Q9UHY7,225320000,171530000,283640000,270730000,241250000,267770000,209900000,211360000
Q9UI09,113340000,147780000,113710000,134350000,206000000,137090000,221360000,190010000
Q9UI10,170900000,102890000,102890000,152460000,151450000,131520000,101690000,90111000
Q9UI12,189340000,235930000,273400000,247980000,235940000,179630000,214990000,200330000
Q9UI15,NA,NA,NA,NA,NA,NA,NA,NA
Q9UI26,114230000,19792000,43236000,52606000,59536000,86375000,98067000,106470000
Q9UI30,441800000,315840000,286480000,256530000,255620000,345560000,315250000,341930000
Q9UIA9,464840000,418420000,443520000,610780000,644830000,762660000,353870000,319020000
Q9UIC8,NA,13376000,19727000,NA,26860000,34180000,34438000,36995000
Q9UID3,21871000,NA,NA,35642000,25273000,NA,NA,NA
Q9UIG0,495120000,571800000,536810000,921520000,1176800000,854070000,341940000,362450000
Q9UII2,73794000,66981000,215010000,191450000,192220000,228280000,121420000,184240000
Q9UIJ7,188660000,169640000,167350000,220120000,252190000,306960000,151060000,128840000
Q9UIQ6,187360000,85456000,106610000,195750000,227480000,246050000,130500000,143790000
Q9UIV1,NA,20232000,45750000,NA,NA,25689000,25109000,29707000
Q9UIW2,NA,NA,582940000,NA,NA,412850000,404370000,NA
Q9UJ68,NA,NA,NA,29790000,36781000,31753000,NA,NA
Q9UJ70,587240000,374530000,444170000,387480000,332680000,410180000,263930000,278320000
Q9UJA5,404700000,556910000,579700000,274630000,339900000,212270000,532820000,546050000
Q9UJC3,NA,NA,NA,NA,NA,NA,133010000,137070000
Q9UJC5,NA,NA,NA,37602000,32546000,29271000,41133000,35696000
Q9UJF2,38663000,43003000,43276000,27634000,36994000,33867000,44383000,48555000
Q9UJG1,18987000,19917000,NA,NA,NA,NA,NA,NA
Q9UJJ9,NA,58358000,796050000,NA,NA,NA,NA,NA
Q9UJK0,NA,NA,NA,NA,NA,NA,NA,NA
Q9UJS0,703210000,584320000,619210000,1105000000,1221000000,1331500000,680570000,494950000
Q9UJU6,643250000,578270000,532960000,492130000,598230000,457870000,1044400000,938020000
Q9UJV9,73243000,78648000,71863000,90395000,78873000,102670000,73425000,97067000
Q9UJW0,320070000,168410000,177270000,180370000,170210000,163000000,187650000,168440000
Q9UJX2,33790000,51188000,62759000,64700000,76622000,29976000,49491000,45152000
Q9UJX3,140390000,133970000,104890000,138740000,124840000,107100000,64038000,74875000
Q9UJX5,25680000,20899000,24206000,NA,14842000,23175000,36011000,29486000
Q9UJX6,NA,NA,NA,NA,NA,NA,NA,17157000
Q9UJY1,NA,NA,NA,178380000,144000000,131560000,NA,NA
Q9UJY4,NA,NA,NA,NA,NA,NA,NA,NA
Q9UJY5,45028000,81550000,67381000,80765000,100070000,101670000,81192000,81835000
Q9UJZ1,793140000,729060000,696370000,1199700000,876150000,1154000000,618360000,540470000
Q9UK45,178670000,250700000,277700000,144830000,225120000,284910000,194360000,250580000
Q9UK59,33666000,NA,74719000,87862000,63879000,67767000,59851000,67297000
Q9UK61,46529000,37113000,34287000,46050000,31750000,31453000,27379000,40313000
Q9UK76,610410000,565770000,510580000,589820000,611160000,585740000,1005200000,1053600000
Q9UKA4,41231000,30757000,52778000,32237000,24437000,58765000,50717000,47303000
Q9UKD2,618610000,783040000,497710000,787260000,826930000,782650000,1024800000,986370000
Q9UKF6,271050000,197390000,198800000,240710000,246310000,179320000,365940000,330630000
Q9UKG1,231260000,202710000,181610000,281820000,208910000,280420000,208090000,168970000
Q9UKI8,NA,NA,NA,NA,NA,NA,NA,NA
Q9UKJ3,37594000,48225000,119230000,57980000,62145000,45274000,48639000,53919000
Q9UKK3,307050000,249250000,308500000,113290000,163500000,123740000,212220000,151420000
Q9UKK9,1088600000,832960000,785400000,786070000,801360000,805830000,1102200000,1311900000
Q9UKL0,117270000,111430000,104880000,87310000,81493000,98246000,141280000,137730000
Q9UKN8,84533000,78116000,111060000,111730000,142870000,209670000,142730000,150360000
Q9UKS6,37619000,62223000,123190000,49549000,101530000,47329000,83751000,95744000
Q9UKU7,NA,NA,NA,NA,NA,NA,44324000,60330000
Q9UKV5,NA,NA,NA,NA,NA,NA,NA,NA
Q9UKV8,62917000,60522000,97596000,75460000,135010000,104560000,52846000,44005000
Q9UKX7,456140000,583010000,499270000,850610000,1022000000,832480000,456610000,386270000
Q9UKY1,55179000,NA,71456000,NA,NA,37653000,NA,NA
Q9UKY7,947460000,1032300000,950670000,955280000,1052400000,806100000,1548300000,1496500000
Q9UKZ1,NA,NA,17729000,19140000,23530000,35483000,49895000,46899000
Q9UL15,261310000,206200000,189500000,230110000,262580000,226390000,119400000,131880000
Q9UL18,28962000,NA,21266000,33969000,57287000,29469000,19209000,20589000
Q9UL25,515590000,396980000,373860000,425940000,312820000,330420000,442510000,413700000
Q9UL26,36310000,41505000,86914000,45036000,58074000,75804000,NA,19052000
Q9UL42,34646000,24914000,NA,NA,NA,NA,NA,NA
Q9UL63,NA,NA,NA,NA,NA,NA,20363000,18391000
Q9ULC3,106250000,140390000,113930000,248600000,341270000,257350000,119670000,131400000
Q9ULC4,909600000,857240000,890230000,1285900000,973390000,1388400000,806740000,787260000
Q9ULD2,NA,NA,NA,NA,NA,NA,38087000,41993000
Q9ULF5,41984000,NA,53941000,34498000,58180000,48937000,24251000,37200000
Q9ULG6,36458000,20051000,23323000,NA,NA,NA,NA,NA
Q9ULH0,120520000,105610000,55460000,133360000,113230000,152940000,NA,6744100
Q9ULH7,24620000,13041000,9812500,NA,35221000,22743000,34371000,40704000
Q9ULJ3,23108000,53506000,69230000,36094000,64822000,68330000,30904000,31860000
Q9ULM3,NA,NA,NA,NA,NA,NA,NA,NA
Q9ULR0,90651000,92328000,77234000,67622000,101890000,98349000,102040000,71752000
Q9ULT8,325050000,332900000,293550000,91160000,108490000,68656000,41437000,52794000
Q9ULV4,1829200000,2295300000,2348300000,3034700000,2991600000,2209700000,2096400000,2445600000
Q9ULW0,635940000,799100000,528900000,831630000,1077700000,981890000,554940000,505920000
Q9ULW3,NA,NA,NA,NA,NA,NA,NA,NA
Q9ULX3,72440000,125640000,97800000,96635000,90316000,102200000,126940000,124060000
Q9ULX6,172840000,279740000,198010000,312060000,366090000,204080000,274030000,316940000
Q9ULZ3,NA,NA,NA,NA,NA,NA,NA,NA
Q9UM21,NA,NA,NA,NA,NA,NA,NA,NA
Q9UM47,NA,NA,NA,NA,NA,NA,54281000,53014000
Q9UMS0,80561000,130490000,61247000,82757000,92097000,93427000,86150000,119570000
Q9UMS4,1673200000,1373800000,1250400000,1446700000,1389300000,1910100000,1333100000,1264500000
Q9UMX0,371700000,204400000,278870000,298190000,284910000,354180000,210950000,239900000
Q9UMX5,608630000,522900000,323790000,320730000,258940000,323170000,202970000,166220000
Q9UMY1,NA,94573000,84358000,161820000,136220000,81346000,239700000,275460000
Q9UMZ2,NA,NA,12064000,NA,NA,NA,NA,NA
Q9UN37,167280000,178930000,148290000,186260000,235810000,304150000,122590000,126220000
Q9UN70,96678000,79769000,119030000,NA,87541000,95008000,NA,NA
Q9UN86,1244900000,868710000,989400000,705270000,709470000,970450000,524080000,450950000
Q9UNE7,609980000,665760000,579850000,565490000,460140000,426850000,667150000,644900000
Q9UNF0,297750000,305980000,235480000,303030000,333580000,318930000,322930000,360920000
Q9UNF1,1034400000,759810000,795480000,261450000,297450000,332360000,422360000,433900000
Q9UNH6,46494000,NA,NA,39905000,39001000,43203000,48506000,63383000
Q9UNH7,457460000,427130000,419610000,359870000,354970000,260590000,332200000,347940000
Q9UNI6,37465000,36952000,45106000,59333000,48538000,58712000,38837000,38444000
Q9UNK0,127870000,53372000,59150000,NA,22996000,44624000,25242000,38786000
Q9UNM6,1327200000,1365400000,1309900000,1538800000,1167600000,1365900000,1579800000,1536700000
Q9UNP9,217450000,190180000,168010000,163830000,165920000,152150000,205840000,195010000
Q9UNQ2,NA,53913000,64331000,98019000,108610000,88090000,63456000,66332000
Q9UNS1,NA,NA,NA,NA,NA,NA,NA,NA
Q9UNS2,969650000,785170000,800060000,725500000,706560000,988960000,653930000,685830000
Q9UNW1,57258000,NA,68414000,41602000,46528000,42245000,44192000,33257000
Q9UNX3,25805000,46741000,71352000,33666000,41331000,128320000,134100000,163420000
Q9UNX4,324150000,312440000,275220000,311580000,376890000,369470000,567190000,495230000
Q9UNY4,53574000,57999000,44476000,64907000,78024000,69329000,114190000,111160000
Q9UNZ2,1257200000,1242100000,1374200000,1027100000,766150000,898520000,619880000,838860000
Q9UNZ5,93386000,217490000,263380000,208780000,228180000,227470000,131770000,156520000
Q9UP38,29685000,17987000,NA,49557000,36570000,33874000,NA,NA
Q9UP83,33933000,NA,20770000,NA,NA,19424000,59164000,34630000
Q9UPN7,99978000,106520000,60824000,62301000,32506000,51505000,98187000,111530000
Q9UPN9,103540000,137170000,111380000,138970000,176730000,178250000,168500000,169470000
Q9UPQ9,38564000,18823000,37909000,84328000,134440000,62700000,NA,19795000
Q9UPR3,NA,NA,NA,24319000,NA,NA,NA,NA
Q9UPT5,290240000,275120000,212240000,219420000,261060000,285740000,327580000,304750000
Q9UPT9,28282000,29595000,19844000,34787000,30053000,47427000,22468000,21253000
Q9UPU5,104090000,64882000,110780000,131770000,129900000,132470000,10931000,37808000
Q9UPU9,40672000,21533000,27497000,25090000,NA,NA,NA,NA
Q9UPY3,NA,NA,NA,NA,NA,32377000,50718000,NA
Q9UPZ3,NA,NA,NA,NA,NA,NA,NA,NA
Q9UQ13,72362000,NA,65568000,47638000,52043000,57366000,36828000,31899000
Q9UQ35,1153200000,910650000,1011400000,882380000,892220000,949880000,1062400000,1124800000
Q9UQ80,5370400000,5676800000,4737000000,6924200000,6984500000,7181700000,7896900000,8253400000
Q9UQ90,NA,NA,NA,18464000,23290000,NA,NA,21436000
Q9UQB8,111000000,54455000,48049000,27652000,69089000,105500000,623680000,537690000
Q9UQC2,NA,NA,NA,NA,NA,NA,40462000,36467000
Q9UQE7,988200000,947800000,918560000,697480000,818720000,784320000,953320000,1070500000
Q9UQN3,41584000,49548000,41589000,27051000,34183000,23834000,33966000,53132000
Q9UQR0,28176000,NA,24706000,22688000,NA,NA,NA,NA
Q9UQR1,36772000,NA,20580000,NA,32802000,18007000,24925000,NA
Q9Y217,112710000,112060000,103920000,NA,33318000,52658000,87336000,NA
Q9Y221,383860000,496170000,372670000,340350000,354660000,407430000,478660000,458210000
Q9Y223,134660000,151200000,154820000,177550000,152270000,162480000,139010000,151450000
Q9Y224,1252900000,1443000000,1263700000,909070000,1005900000,1014700000,1334200000,1523300000
Q9Y225,NA,NA,NA,NA,NA,NA,NA,NA
Q9Y230,2454100000,2677300000,2609400000,2760500000,2915000000,2312700000,2228800000,2266100000
Q9Y232,92617000,47502000,34436000,86879000,82508000,76486000,70427000,83200000
Q9Y237,235410000,241930000,258220000,265040000,223090000,237750000,147580000,165880000
Q9Y244,48690000,54495000,19369000,NA,57278000,NA,70003000,54124000
Q9Y247,NA,NA,NA,NA,NA,NA,17240000,12576000
Q9Y248,111230000,65517000,65328000,62240000,47497000,84409000,166950000,127440000
Q9Y263,452280000,404580000,536960000,558860000,488960000,427100000,368150000,465760000
Q9Y265,2836000000,2648700000,2593400000,3626100000,3341000000,3511100000,2878100000,2394900000
Q9Y266,4241600000,6235600000,4479000000,5500900000,6322900000,6108900000,3415300000,3472300000
Q9Y276,NA,NA,24493000,24869000,20268000,45486000,50187000,27719000
Q9Y277,2025100000,1550400000,1682100000,1411400000,1630900000,1476800000,1374400000,1055400000
Q9Y281,4046200000,3284500000,2884400000,1544200000,1489300000,1222400000,321600000,314510000
Q9Y285,642230000,970510000,872180000,1166700000,1261700000,1137100000,1345000000,1192900000
Q9Y287,145570000,81516000,NA,101030000,47913000,88071000,NA,NA
Q9Y289,NA,NA,NA,NA,9940400,NA,28091000,32123000
Q9Y294,51080000,42532000,43681000,43521000,NA,54984000,32355000,44504000
Q9Y295,320050000,295790000,366350000,248880000,266230000,258290000,931770000,859030000
Q9Y2A7,408770000,356110000,335160000,456180000,443570000,389950000,468240000,461700000
Q9Y2B0,622490000,822210000,593540000,432570000,340060000,411150000,366070000,387940000
Q9Y2C4,NA,NA,16826000,38626000,NA,NA,NA,NA
Q9Y2D5,30679000,50213000,36255000,102870000,159870000,122320000,201310000,222250000
S4R403,NA,NA,8224200,NA,NA,NA,10586000,11919000
Q9Y2F5,NA,NA,NA,NA,NA,NA,NA,NA
Q9Y2G5,62302000,55814000,82147000,25132000,34008000,42236000,44333000,38986000
Q9Y2H0,NA,16972000,36017000,NA,25199000,38252000,NA,NA
Q9Y2H6,19968000,NA,NA,NA,NA,NA,NA,NA
Q9Y2J8,NA,NA,NA,NA,NA,NA,976650000,934690000
Q9Y2P4,45936000,46233000,NA,46897000,77048000,70145000,NA,25848000
Q9Y2P8,12464000,45820000,70321000,74419000,98006000,87484000,155430000,146330000
Q9Y2Q3,471360000,321940000,322560000,194790000,179460000,234730000,966880000,887050000
Q9Y2Q5,123480000,85724000,107060000,106430000,117030000,209460000,43483000,30603000
Q9Y2Q9,46999000,NA,NA,54105000,NA,49961000,71181000,57344000
Q9Y2R0,90570000,100880000,80616000,129740000,163530000,135930000,105820000,133840000
Q9Y2R4,36974000,40212000,53843000,61673000,65376000,59561000,91564000,103980000
Q9Y2S7,78036000,56650000,NA,51904000,63249000,NA,61150000,54497000
Q9Y2T2,380780000,381750000,302860000,432540000,357830000,368260000,324170000,349740000
Q9Y2T3,101030000,50617000,92336000,364170000,322140000,317860000,NA,NA
Q9Y2T7,NA,NA,NA,NA,NA,NA,NA,NA
Q9Y2U5,47926000,45718000,26126000,33826000,27918000,23946000,24486000,17403000
Q9Y2U8,49342000,44319000,35945000,50743000,60419000,53937000,86512000,97141000
Q9Y2V2,325030000,214070000,245190000,686710000,573480000,568490000,1114800000,1247200000
Q9Y2V7,NA,NA,NA,NA,NA,NA,NA,NA
Q9Y2W1,823490000,1098600000,1186700000,1016700000,1142700000,1075800000,825370000,940440000
Q9Y2W2,332810000,436780000,404480000,418440000,450090000,443780000,282810000,274420000
Q9Y2X3,1307200000,1352900000,1534600000,1691700000,1882000000,1869400000,1999400000,2130000000
Q9Y2X9,26647000,13678000,NA,11892000,NA,NA,NA,NA
Q9Y2Y0,45553000,61981000,36141000,70471000,117880000,123410000,NA,NA
Q9Y2Z0,413050000,432860000,355050000,389770000,511980000,380600000,281800000,318870000
Q9Y2Z2,NA,NA,NA,NA,NA,NA,NA,NA
Q9Y2Z4,73548000,117560000,140150000,195720000,212960000,202060000,266880000,230990000
Q9Y303,NA,NA,NA,NA,NA,NA,NA,NA
Q9Y305,965050000,792820000,1191700000,1045800000,1157800000,1022600000,471470000,449380000
Q9Y314,361740000,350120000,232650000,299820000,326380000,264960000,456460000,434680000
Q9Y315,130710000,78928000,117320000,184350000,140960000,203220000,162270000,172030000
Q9Y316,185300000,160910000,131090000,121680000,107910000,126350000,418020000,346580000
Q9Y320,160380000,161870000,128710000,169430000,200400000,170700000,118420000,127080000
Q9Y333,356590000,305460000,399230000,431000000,469560000,470470000,610170000,758360000
Q9Y337,NA,NA,NA,NA,NA,NA,130460000,145530000
Q9Y371,446440000,283480000,361590000,190050000,198760000,267470000,229380000,222480000
Q9Y375,NA,23431000,17356000,32017000,30160000,55175000,34766000,33354000
Q9Y383,910800000,968770000,773530000,741090000,762140000,765720000,1510300000,1374300000
Q9Y385,10554000,11547000,18229000,NA,NA,NA,16161000,21360000
Q9Y394,245430000,138880000,183030000,140790000,158740000,146800000,402290000,317230000
Q9Y399,92609000,59767000,73606000,136190000,121850000,114490000,113330000,111750000
Q9Y3A2,35160000,NA,43228000,34010000,47107000,39698000,40949000,51295000
Q9Y3A4,43895000,59776000,60635000,74087000,76730000,91728000,88085000,97638000
Q9Y3A5,395410000,488110000,383990000,539830000,597020000,520610000,440280000,502160000
Q9Y3A6,NA,68082000,82884000,78581000,70680000,86967000,37940000,88267000
Q9Y3B2,106280000,171030000,106060000,110060000,148420000,107790000,121250000,114030000
Q9Y3B4,76181000,83027000,75680000,NA,89870000,84261000,NA,82880000
Q9Y3B7,280380000,259600000,174040000,333210000,319980000,312030000,340960000,326910000
Q9Y3B8,293760000,251010000,209330000,270960000,241090000,251390000,553660000,620680000
Q9Y3B9,169240000,199820000,174960000,200010000,232460000,172400000,294930000,240620000
Q9Y3C1,281730000,254680000,236390000,396260000,455610000,400410000,428170000,423180000
Q9Y3C4,279170000,180310000,232790000,191080000,163490000,229100000,306420000,197020000
Q9Y3C6,233420000,121370000,93676000,247400000,254770000,289670000,224620000,191660000
Q9Y3C7,19116000,NA,NA,NA,NA,NA,NA,NA
Q9Y3C8,468680000,517220000,447380000,377030000,423380000,468980000,346040000,276510000
Q9Y3D0,NA,38223000,39699000,NA,NA,33918000,29444000,NA
Q9Y3D3,61568000,139670000,77835000,97689000,65898000,84368000,120430000,93459000
Q9Y3D5,40181000,48891000,43622000,NA,43354000,41672000,77481000,60279000
Q9Y3D6,80829000,12229000,55861000,227050000,321940000,272190000,146880000,104360000
Q9Y3D8,NA,10459000,32736000,47636000,24353000,74268000,25891000,78436000
Q9Y3D9,266470000,207920000,169990000,318030000,281460000,341190000,240400000,267680000
Q9Y3E7,252780000,206940000,191420000,161050000,164420000,93899000,308230000,290820000
Q9Y3F4,1859500000,1803200000,1439300000,1361800000,1443900000,1478500000,2711100000,2185100000
Q9Y3I0,2353200000,2193100000,2229800000,2518200000,2500700000,2767000000,2814200000,2871400000
Q9Y3I1,27714000,25053000,35540000,54885000,52088000,NA,57277000,24566000
Q9Y3L3,NA,NA,NA,NA,NA,NA,96622000,114090000
Q9Y3L5,204050000,121640000,130350000,122640000,74416000,159040000,66518000,78332000
Q9Y3M8,NA,NA,NA,NA,NA,NA,NA,NA
Q9Y3P9,161130000,188600000,219770000,202210000,242260000,212130000,202520000,188910000
Q9Y3R5,11479000,NA,NA,4214800,NA,NA,NA,NA
Q9Y3S2,NA,44695000,40481000,41385000,41445000,59182000,57199000,50023000
Q9Y3T9,169950000,164610000,201300000,280930000,303850000,252200000,233940000,258360000
Q9Y3U8,1631900000,1846300000,1410300000,1489300000,1496800000,1505000000,1132000000,1229600000
Q9Y3X0,35716000,54247000,49805000,26357000,25608000,23470000,54718000,64105000
Q9Y3Y2,468420000,365750000,417730000,362040000,500250000,375210000,337110000,336690000
Q9Y3Z3,194710000,293180000,231950000,121850000,145920000,84782000,153420000,173170000
Q9Y421,NA,21768000,40396000,15708000,NA,18821000,18551000,NA
Q9Y426,NA,NA,NA,NA,NA,NA,NA,NA
Q9Y446,NA,NA,NA,NA,NA,NA,368710000,461300000
V9GY01,61634000,125290000,130060000,97741000,131190000,103780000,49300000,39707000
Q9Y450,569300000,490880000,347820000,416930000,358140000,394930000,831720000,690140000
Q9Y478,135260000,89975000,77336000,133910000,123830000,171580000,84119000,69572000
Q9Y487,NA,NA,NA,NA,NA,NA,NA,NA
Q9Y490,10081000000,8401800000,9117600000,9377800000,9434600000,10534000000,7806000000,8207400000
Q9Y4B5,NA,NA,NA,NA,NA,NA,15199000,10916000
Q9Y4B6,NA,NA,NA,6727800,NA,7523200,38102000,19043000
Q9Y4C2,NA,NA,28101000,NA,NA,25907000,26312000,NA
Q9Y4C8,14498000,NA,31466000,49717000,46430000,59830000,75136000,68715000
Q9Y4D1,NA,NA,NA,NA,NA,NA,NA,NA
Q9Y4E6,NA,NA,NA,NA,12047000,20084000,NA,NA
Q9Y4E8,480380000,426630000,363030000,427630000,387640000,459560000,292040000,266000000
Q9Y4F1,42668000,26831000,31583000,103220000,123960000,130030000,44882000,62394000
Q9Y4G6,NA,NA,NA,17878000,26910000,NA,NA,NA
Q9Y4K0,1040100000,738750000,428540000,160930000,182960000,145160000,NA,NA
Q9Y4K3,32427000,28847000,19485000,22568000,NA,NA,31329000,26853000
Q9Y4L1,4786300000,3673400000,3764600000,5461700000,5255800000,5368100000,2524900000,2706200000
Q9Y4P1,NA,NA,41912000,41204000,30216000,37781000,158370000,152630000
Q9Y4P8,37391000,33315000,10607000,30414000,40382000,24598000,30412000,34257000
Q9Y4R8,NA,NA,NA,NA,NA,NA,NA,NA
Q9Y4W2,189440000,149320000,153610000,178770000,142070000,169040000,79228000,117710000
Q9Y4W6,1164200000,990390000,1292700000,1191700000,1393500000,1213900000,1073500000,1232400000
Q9Y4X0,NA,26580000,NA,NA,NA,NA,NA,NA
Q9Y4X5,80447000,108530000,67630000,97531000,82084000,101680000,53236000,59559000
Q9Y4Y9,134880000,56787000,101900000,40143000,18899000,97627000,225760000,130740000
V9GZ56,156780000,117940000,178280000,168170000,137300000,186490000,243310000,233600000
Q9Y508,225200000,234080000,155520000,239360000,234100000,275870000,273730000,247760000
Q9Y512,168760000,154880000,138730000,204670000,176700000,121970000,287400000,297910000
Q9Y530,NA,NA,NA,NA,19300000,NA,44512000,54404000
Q9Y536,NA,NA,NA,NA,29489000,NA,55294000,NA
Q9Y546,NA,NA,NA,NA,NA,NA,NA,NA
Q9Y547,330290000,123390000,110580000,170660000,102800000,178300000,108290000,140330000
Q9Y570,954800000,980490000,731530000,960550000,1112000000,1108800000,1193900000,1055200000
Q9Y584,43087000,NA,34188000,35313000,42902000,38467000,36784000,40495000
Q9Y5A9,349020000,401200000,299870000,479070000,608640000,461710000,185830000,162810000
Q9Y5B6,NA,NA,11423000,16452000,15603000,25387000,NA,NA
Q9Y5B9,2533100000,2154900000,2559900000,3418100000,3529000000,3631800000,1748700000,1750600000
Q9Y5G9,NA,NA,NA,NA,18185000,NA,NA,NA
Q9Y5J1,113340000,113820000,117440000,141660000,176390000,163740000,229770000,217520000
Q9Y5J6,26496000,23101000,14047000,41190000,43575000,43409000,24920000,18359000
Q9Y5J7,250710000,282580000,234410000,248630000,370540000,220750000,287930000,341880000
Q9Y5J9,100610000,73713000,186900000,184220000,184360000,291780000,54403000,53994000
Q9Y5K5,61487000,NA,NA,NA,NA,NA,NA,NA
Q9Y5K6,271470000,240260000,235340000,502240000,474710000,444780000,594180000,585240000
Q9Y5K8,104620000,143490000,56088000,119790000,105850000,72314000,101430000,87730000
Q9Y5L4,597210000,947520000,783000000,1450900000,1492900000,1522400000,243870000,228820000
Q9Y5N5,NA,8248300,NA,NA,11075000,NA,NA,11133000
Q9Y5N6,NA,NA,NA,NA,NA,NA,12719000,9888200
Q9Y5P4,43252000,59927000,62771000,39277000,37936000,42850000,49771000,41843000
Q9Y5P6,62545000,60478000,66672000,56349000,59102000,91569000,69664000,83773000
Q9Y5Q8,103770000,99629000,91972000,129870000,123930000,129140000,125010000,119770000
Q9Y5Q9,16308000,35891000,49635000,36270000,32834000,36315000,32555000,43976000
Q9Y5S2,89657000,114770000,131690000,81143000,73402000,69122000,92474000,88376000
Q9Y5S9,831900000,773700000,933420000,782550000,1099500000,1064200000,894630000,793030000
Q9Y5T5,44000000,60302000,60360000,57979000,50567000,44307000,48594000,49559000
Q9Y5U8,NA,NA,NA,NA,NA,NA,75776000,91375000
Q9Y5V0,117230000,143890000,109310000,NA,51854000,NA,130400000,116450000
Q9Y5V3,488310000,297010000,329650000,103310000,133440000,118930000,NA,NA
Q9Y5X1,348570000,187440000,340260000,332910000,447500000,357400000,137270000,168700000
Q9Y5X2,63923000,56783000,53787000,68072000,44700000,63997000,50965000,46951000
Q9Y5X3,331320000,351130000,325250000,646060000,564830000,654780000,987510000,859480000
Q9Y5Y0,NA,NA,NA,NA,NA,NA,NA,NA
Q9Y5Y2,167410000,65241000,107470000,161820000,127430000,182050000,142900000,139160000
Q9Y5Y6,NA,NA,NA,NA,NA,NA,54156000,59503000
Q9Y5Z4,244940000,224490000,204330000,321640000,297620000,374900000,397180000,484180000
Q9Y5Z9,NA,NA,NA,NA,13778000,NA,NA,NA
Q9Y605,51778000,NA,43576000,63370000,57017000,54558000,26749000,31038000
Q9Y608,137360000,167810000,210530000,97137000,225300000,121960000,89625000,107520000
Q9Y613,33169000,NA,17313000,19593000,26950000,18360000,72610000,90913000
Q9Y617,2469600000,2040900000,1623800000,1108700000,644670000,939960000,2566100000,2279500000
Q9Y619,NA,NA,NA,NA,NA,NA,NA,NA
Q9Y624,NA,NA,NA,21898000,NA,NA,156390000,180820000
Q9Y657,73116000,64048000,31927000,47919000,43337000,37852000,64066000,45814000
Q9Y673,77861000,75784000,67544000,117290000,139460000,213380000,104110000,108470000
Q9Y676,122630000,145710000,156770000,121930000,133690000,143490000,187500000,166710000
Q9Y678,3933100000,2713300000,2953900000,2397300000,2055000000,2389100000,2032600000,1997000000
Q9Y679,63194000,96574000,80108000,66012000,87489000,102390000,33926000,29673000
Q9Y692,20104000,14312000,21776000,31664000,NA,41955000,13075000,10025000
Q9Y696,4662600000,3480700000,3011000000,3573000000,3743200000,3650700000,1973800000,1892300000
Q9Y697,93358000,76900000,83993000,142770000,147960000,153520000,136410000,148870000
Q9Y6A5,234350000,148530000,132620000,180750000,205590000,166600000,201980000,232620000
Q9Y6A9,153930000,59560000,113940000,NA,170150000,78403000,NA,NA
Q9Y6B6,160320000,73698000,67121000,96820000,64681000,78897000,134150000,100030000
Q9Y6C9,456360000,439280000,542740000,705640000,556910000,514110000,595120000,766920000
Q9Y6D5,98969000,86129000,93307000,76901000,82188000,95410000,64720000,45392000
Q9Y6D6,353600000,267930000,264120000,242020000,214440000,280980000,155220000,145630000
Q9Y6D9,140790000,139000000,98661000,97396000,117380000,89896000,110230000,126260000
Q9Y6G9,685460000,686680000,715600000,896050000,1115000000,1030300000,703850000,846730000
Q9Y6H1,153430000,192550000,231320000,86179000,105070000,91447000,1293300000,1636400000
Q9Y6I3,241030000,214750000,257050000,209310000,209630000,239980000,167960000,165310000
Q9Y6I4,NA,NA,NA,NA,NA,19479000,NA,NA
Q9Y6I9,83645000,55856000,47545000,41042000,35374000,63206000,NA,41625000
Q9Y6K5,75914000,47286000,97994000,NA,NA,NA,55094000,50796000
Q9Y6K8,NA,NA,20670000,NA,NA,NA,NA,NA
Q9Y6M4,31254000,44309000,32271000,47979000,36667000,34067000,14778000,NA
Q9Y6M5,520740000,283110000,131980000,349000000,415170000,402530000,132820000,124180000
Q9Y6M9,165850000,175520000,163560000,195940000,308480000,288070000,295100000,329910000
Q9Y6N1,NA,NA,NA,NA,NA,NA,NA,33911000
Q9Y6N5,NA,NA,NA,8527900,NA,NA,1268400000,1268100000
Q9Y6Q5,109770000,65467000,58582000,155530000,107020000,142850000,460860000,457300000
Q9Y6V7,30079000,17760000,43624000,49670000,58611000,53130000,124250000,123030000
Q9Y6W3,114070000,25722000,54742000,91847000,97314000,86550000,108770000,102510000
Q9Y6W5,344470000,362860000,324600000,336820000,313950000,342310000,326180000,280510000
Q9Y6X5,88241000,43649000,63450000,226360000,287790000,223910000,143880000,118580000
Q9Y6X9,37318000,46331000,54371000,63062000,63684000,66278000,67962000,56400000
Q9Y6Y0,242060000,180290000,293780000,129640000,191500000,214680000,53327000,36535000
Q9Y6Y8,650960000,582700000,507290000,562180000,458150000,465590000,297970000,400410000
R4GMX3,120260000,76043000,61328000,124500000,142010000,82784000,58994000,69332000
R4GN18,NA,NA,NA,NA,NA,NA,NA,NA
R4GNH3,3909200000,3647900000,3023100000,3409800000,3018900000,3066900000,3223100000,3011800000
R9WNI0,57221000,63079000,62906000,44677000,38624000,38084000,NA,NA
S4R341,50508000,NA,19083000,34758000,NA,20685000,33727000,40176000
S4R3H4,1009100000,998210000,1216000000,1152300000,1130800000,1155200000,703630000,645270000
S4R3N1,4063500000,4699700000,4118900000,4228300000,4495700000,4341700000,7549100000,7161500000
X5CMH5,86423000,66762000,88565000,NA,22878000,43714000,61295000,55928000
X6RAL5,153050000,258410000,317360000,276810000,273610000,311860000,330220000,323450000
