Genes,Value1,Value2
Ctsh,25.75727592,-4.50678917
Cebpa,22.74230776,-0.309425051
Anxa4,22.14905051,-0.707551445
Muc1,20.86538194,2.626111753
Npc2,20.36890658,-4.173956175
Cldn3,20.19954348,18.9058216
C1qa,19.95327409,-6.389818059
H2-DMb1,19.60328612,-0.890141169
Clcn5,19.07751025,0.806064272
Hap1,19.00956563,1.456796533
Lamc2,18.16955059,0.475328382
Vegfb,18.13202446,0.961983457
Tgoln1,17.93720927,-6.35285141
Unc119,17.82994411,1.627127712
Birc5,17.74414443,-0.527087907
Vamp2,17.67003424,-4.989643906
Rap1gap,17.60819977,3.469495303
D17Wsu104e,17.5543908,1.443233076
Mef2b,17.40807737,1.157143949
Pafah1b3,17.37476867,13.0666798
Cstb,17.32756133,0.97364313
Cask,17.27881851,6.09584005
Lamc1,17.21262818,-1.692332853
Taok3,16.81311004,-0.529256941
Myst1,16.68711334,-1.317491099
Psen1,16.57624003,0.746585909
Bhlhb2,16.56767961,-0.003169551
B3gat3,16.33851452,4.559953877
Gadd45a,16.12137402,1.552326287
Psmb9,16.06817585,0.068759542
Kcnk1,16.02157801,12.73884069
Slc4a4,15.99244961,-0.167941889
Grhpr,15.97012342,1.285934444
Psmd5,15.9090809,1.772845935
Map3k11,15.76433696,-2.475032706
Slc31a1,15.59032584,1.578849319
Polg,15.49999786,-2.804375669
Hmgcl,15.3149605,1.265287755
Tcf2,15.27165528,-1.033637697
Hmgb3,15.21845122,3.071889416
Ctnnd2,15.02421634,0.006120648
B4galnt1,14.6759685,-0.818571806
Prcc,14.64601615,1.519061938
Rdh11,14.48322686,-0.343798886
Atp6v0d1,14.35410736,-1.891385297
Atp1a1,14.34062579,0.473908892
Exosc7,14.27475539,1.60956728
Ahr,14.19130039,6.811274637
2900009I07Rik,14.10357303,-5.299695536
Epha2,14.10213501,0.107831775
Gne,14.01052537,-0.25132779
Ddx27,13.98741013,2.742001196
Galnt3,13.94062118,7.368953139
Ctps,13.86444375,2.849880539
Mcfd2,13.84506953,0.948660971
Atox1,13.82413673,0.816636933
Wdr77,13.7238804,-0.386588048
Cyba,13.71413553,0.065528753
Crygd,13.68785674,1.679076367
Slc2a4,13.47736635,-1.121325369
6330416G13Rik,13.46967294,0.203052776
Cd44,13.46473586,-4.713240435
Nfil3,13.44383273,-2.174592254
Ostf1,13.35944722,-0.921486799
Atxn10,13.2107472,1.110538028
Fbl,13.13565305,3.496769672
Celsr1,13.11917749,2.854168838
St7,13.05315688,-4.421957652
Nek4,12.99852104,3.111753393
Prss8,12.97329583,7.16486767
Vasp,12.87882834,-1.741735624
Mod1,12.87439837,3.088004684
Pon2,12.86153379,3.11990743
Polr2h,12.77854866,8.747183771
Relb,12.76280521,-0.202235796
D7Wsu128e,12.7235117,5.454740773
Usp52,12.69081324,-0.206416189
H2-Aa,12.69008768,-3.718654563
Ptgs1,12.54877097,-1.825547567
Tnnt1,12.50205463,0.836028366
Lbp,12.41629387,2.011419373
Lcn2,12.38120399,6.533372438
Slc25a1,12.349772,1.322150512
Kdelr1,12.26349782,2.332166089
Csf2rb1,12.02352572,-6.520725144
St3gal4,11.99184588,0.764587965
Ggcx,11.94646906,4.940372011
Gcgr,11.94337816,-1.205766046
Pld3,11.94268477,0.115123852
Litaf,11.87730804,-4.262691272
Entpd1,11.83576029,-1.010565992
Slc15a2,11.83561564,-3.641266184
Ppp2r5c,11.80281106,2.903912231
Pabpn1,11.77968943,2.049928233
Hspa9,11.76929635,4.764014369
Elf5,11.72494854,-1.683534948
Zdhhc3,11.6554744,-3.731803104
Pparg,11.63792013,-3.33065266
Hif1a,11.53414881,0.680878272
Siva1,11.48578439,0.785723637
Ly6e,11.25089119,2.344601388
Pla2g1b,11.2001147,-4.253838891
Trp53,11.17013265,1.216470037
Ctss,11.15994846,-0.875212327
Cox6c,11.12661334,2.360632657
Fnta,11.09377676,-0.913253344
Bcl2a1d,11.08395934,-2.503307117
F7,11.07048221,3.540166256
Rpp14,11.02529322,-0.153286348
Nup88,10.99756657,2.622932964
Pdia6,10.98735915,4.652558167
Chrnb1,10.97267148,-1.155585439
Nucb2,10.93953471,2.91357893
Glrx,10.91657434,-2.703142959
Inhbb,10.841114,3.632829694
Taf15,10.82246478,0.02421711
Il11,10.80842958,0.17448289
Gjb1,10.73647874,0.443589856
Actn4,10.73577315,-2.453827226
Axin1,10.70761262,0.127723908
Ifi30,10.68838278,-4.772788679
Sat1,10.66094546,-1.269373956
Elac2,10.59095373,-0.575215159
Ube2m,10.58717746,0.15036348
Inpp5b,10.53445682,-1.391967498
Ephb4,10.49658948,0.172037399
Chd4,10.46708856,1.782995155
Hmgn1,10.44783738,9.097473243
Plxnb2,10.3818787,0.070698061
1110008P14Rik,10.37929645,1.541393532
Sfrs16,10.27726974,1.215013228
Eif3s6,10.22720502,2.361868856
Znhit3,10.22014253,3.456567425
Krr1,10.19588994,2.657844197
Fmod,10.18961069,-2.571462152
Pcbd1,10.14735081,5.441951426
Gse1,10.01815114,-0.179370528
Tank,10.00122077,-0.397153407
Ctsc,9.99379635,-1.355080026
A030007L17Rik,9.980390837,10.46230372
Eef1d,9.969773991,2.765366712
Hddc2,9.956188822,-1.404901497
Pitx3,9.952290114,-0.081230882
Tnfaip1,9.911592612,-3.358332872
Il13ra2,9.889033079,0.353226606
Kras,9.877305331,2.022743699
Cdk2ap2,9.845280061,4.596517859
Sh3bp2,9.823505761,-1.653094624
Phlda1,9.786219615,0.05342113
Hax1,9.772248135,4.553358357
Lamb3,9.769995679,-1.494294573
Ctsz,9.749538691,0.396039403
Cd68,9.749455112,-4.185245853
Hsp110,9.732564954,-0.298404145
Rxrb,9.72205455,0.461676226
Samm50,9.720811735,0.284169559
Fbxo21,9.707656211,-0.852650149
Zfp143,9.649977346,2.429520373
Stxbp2,9.62427397,-3.062775699
Arg2,9.61428099,0.146509339
Pou2af1,9.580822858,3.943163724
Aldoa,9.558403488,8.165186145
Dap,9.539186046,8.639549795
Fabp1,9.524240668,2.403149678
Actr1b,9.522487011,-0.307477976
Fmr1,9.521056743,2.93343949
Pkm2,9.5182135,3.18659983
Phlda2,9.43273637,9.734570296
Abcf1,9.420084644,1.46527781
Tax1bp3,9.40771048,0.129742169
Ros1,9.407498584,-0.32475837
Ccdc86,9.375068269,-0.253278108
Gys1,9.350579354,-0.246972631
Cops7a,9.328774166,0.192320478
Ceacam1,9.242619559,10.65785785
Id2,9.229143729,-3.784423026
Crlf1,9.221150459,4.357383979
BC017133,9.196496647,1.427613321
Lgals3,9.139406563,-2.051352889
Phb2,9.128566734,2.468922468
D15Wsu75e,9.105734024,3.769942163
Gpi1,9.059636172,5.618617163
Ch25h,9.034457936,-0.557626674
Itpk1,9.007382278,-1.839710975
Btg3,8.968773692,0.419405751
Erbb3,8.945945467,12.94410333
Etfb,8.94318201,0.126321885
Foxa2,8.911140407,-1.273213574
Pik4ca,8.910996722,-0.215110021
Slc16a1,8.839643931,1.65610137
Osbpl1a,8.827884615,0.718775943
Rnf4,8.807388476,0.97851711
Dnajb5,8.807158836,-2.278802144
Ly6d,8.805441316,1.687062587
Slc4a7,8.783369818,-0.022563785
Il11ra1,8.728671125,-2.030975577
Ssr4,8.726693283,9.408561911
Gnb2l1,8.665448217,3.9796344
Nnt,8.658457096,4.273841719
Nucb1,8.655131538,-2.362518362
Sephs2,8.611793411,5.709056094
Cited2,8.602697431,-3.059786577
Gipc1,8.599205191,-0.152802931
Ggtla1,8.525538127,1.05427413
Serpine2,8.515447627,3.353005549
Ptdss1,8.51385572,-0.104275118
Psme1,8.513259166,-0.031160191
Ap3s1,8.472470641,1.228858484
Mpdu1,8.46208577,-0.547076195
Cutl1,8.440755605,-0.507148
Fcgr1,8.391226879,-1.637504803
Mrpl12,8.380530219,4.594564371
Gars,8.375607413,4.66642924
Arl1,8.349890673,5.16435005
Reep5,8.341851544,-3.931800638
Klf5,8.313907067,6.116250155
Rnh1,8.303623984,-1.408402416
Lipa,8.273321697,-0.751191058
Hcls1,8.258812324,-4.404282164
Frat2,8.238954662,0.274347991
S100a1,8.221880044,0.921662488
Coq7,8.21328983,0.415777549
Ap3b1,8.203330185,1.31595446
Ctse,8.176044404,0.241138029
Mrpl28,8.157127548,2.774459487
Cyb5r3,8.147847118,-5.404907312
Erp29,8.125015053,0.689733069
Nola2,8.121258582,6.111548646
Cyb5r1,8.105868197,0.785651529
Tgfbi,8.098080755,0.477907817
Mapre2,8.087522736,-5.260530027
Itga8,8.079649168,-3.723329303
Chl1,8.045379711,3.872765998
Cryz,7.947493716,2.791129941
Cope,7.939322035,0.881075661
Lgals3bp,7.888557824,9.856661051
Etf1,7.807998672,-1.901470633
Frg1,7.801016321,0.481610658
Nrp2,7.76014397,1.305767212
Psmd8,7.756804519,4.076693186
Hsd17b10,7.752748526,1.946887177
Dvl3,7.749292158,0.486615813
Zfp787,7.746768546,1.588277779
Naglu,7.732950102,0.901074411
Svil,7.710609702,-2.981319347
Entpd2,7.654938565,2.076081099
Dusp6,7.641370072,-1.664554109
Itgb2,7.630871874,-2.907213299
Actl6a,7.630852309,12.54442894
Las1l,7.612963934,-1.242708421
Sfrs6,7.61154919,-1.915237453
Iqgap1,7.606929305,-3.536051287
Il18,7.574104812,-0.599798602
Apoc1,7.560768371,-1.631540399
Lasp1,7.541591015,0.636263025
Prdx3,7.535597679,6.758506082
Hhex,7.524403162,-3.602935545
Cbx4,7.508815019,3.368786853
Gcs1,7.492678124,10.14908966
Idi1,7.489881278,-5.162370798
Ddx10,7.473091046,1.573433174
Itga4,7.45850741,-0.915806987
Gcdh,7.450681346,2.729355403
Sfpq,7.438630716,2.969675445
Tkt,7.430307836,5.298587743
Mmp2,7.429954034,0.088358526
Gusb,7.4268982,0.977215793
Arfgef1,7.408898356,6.360459668
Mmp15,7.404622854,3.001289505
St13,7.403727053,-0.165544955
Vil2,7.35063613,-1.929510724
Serpine1,7.342490324,-1.947031993
Snd1,7.335260106,1.044203777
Ilf3,7.30525962,4.364150858
Rrp9,7.279208787,-0.438012257
Atp6v1a,7.265213292,0.258124907
0610031J06Rik,7.264044608,10.96987048
Zfp282,7.248484344,0.312337339
Atp6v0b,7.229934918,-0.234986782
Tapbp,7.15045124,-2.475685018
Atp6v1f,7.145257424,-0.382910684
Rpo1-1,7.136920612,6.334099804
Ehd1,7.122595361,-4.850092148
Acadl,7.1069836,-3.037505614
Cpox,7.0981095,1.548622823
Tacstd2,7.091672799,2.637840178
Pabpc1,7.08282029,6.619267701
Cdk8,7.068819824,5.370795916
Adcy7,7.028901262,-0.63604588
Hrsp12,7.027487206,7.002276734
Gnai3,7.026586859,-0.668991781
Pfkl,7.001001945,1.139433626
Polr2e,6.990973472,-0.558977218
Capn1,6.957857957,5.651505934
Tspo,6.88417966,-2.661150793
Arpc1a,6.87443448,3.738743998
Edem1,6.871540198,-2.664385523
4930573I19Rik,6.865948066,-0.934912049
Pdc,6.860968681,-0.26133504
Csrp2,6.832812252,-1.487168678
Atp6v1g1,6.830101337,-1.072775624
Prdx1,6.81632141,2.329877689
Epha7,6.778171209,-0.98132962
Dhx9,6.771650643,3.759755979
Glb1,6.765072426,0.027658913
Hsp90b1,6.757656429,4.436341467
Tmed9,6.743643227,1.932050159
Thbs1,6.733541713,-0.902959786
Pon3,6.696513866,3.819381149
Tram1,6.694434985,0.651484423
Aprt,6.680697145,4.676804907
Vamp8,6.648580624,-0.879807539
Nipsnap1,6.642606455,9.383908593
Plod3,6.635974955,1.514874183
Snx2,6.628596011,-2.892678805
Gns,6.625155007,1.140547045
Ndufs3,6.602909042,1.434135516
Ccr5,6.59892373,7.473166006
Fbp2,6.588371613,-0.781438924
Asna1,6.562838869,-0.615276745
Hdc,6.534955236,-3.214132461
Abr,6.530928808,-0.943878528
Tbxas1,6.528006645,-3.644833752
Prdx4,6.510107866,11.25768404
Hoxd10,6.503369642,0.277204597
Ctsk,6.471058287,6.872958671
Sfn,6.425402379,1.637728758
Tmed2,6.418474831,8.666813969
Chmp7,6.401889592,1.91899448
Tpm4,6.393508216,-0.811889606
Man1a,6.390385063,0.139831634
Hal,6.379589543,0.015664204
Cyb5b,6.367366767,2.687167935
Tufm,6.334563688,6.48059056
Hdac6,6.334072461,-0.803879482
Galnt2,6.330447676,1.017950892
Mrpl40,6.308727436,3.674504793
Dscr2,6.302076335,3.288337603
Mcm2,6.2970727,3.728814454
Pla2g5,6.293627642,-6.888984849
Eif2s1,6.276985519,5.717209301
Armet,6.249300967,2.603688384
Rrbp1,6.247573395,3.743033374
Atp6ap1,6.243257157,-1.251131735
Faah,6.242933583,1.924805017
Myc,6.235651206,0.319088801
Stk39,6.2335711,13.5496174
Etv1,6.207059054,-3.279275749
Cks2,6.198239106,1.956556548
Adfp,6.196843104,-1.482624241
Acp2,6.178819258,0.648192692
Polr2g,6.14526145,0.968213037
Pin1,6.142232261,-3.958091585
Coasy,6.095517716,7.83125598
Pdpk1,6.091248292,-0.019269815
Mtdh,6.082036184,2.667366694
Il4ra,6.081837692,-3.551933092
Cfl1,6.06468048,0.434032705
D15Mgi27,6.06173434,1.152797492
Ndufs2,6.056916837,0.919761535
Nme6,6.053231351,0.433585237
Sox4,6.048822991,18.88288189
Clpp,6.03699005,0.010298903
Wfdc2,6.031045823,13.09103508
Gif,6.021789121,0.668324561
Capn5,6.013046057,2.162855268
Xrcc5,5.965580323,3.355165508
Capg,5.964740822,-0.575402595
Eif2b1,5.949097195,0.387341049
Tacstd1,5.936983629,22.71925205
Cybb,5.899211274,-1.4714811
Nr2f6,5.891812803,7.725731384
Sec63,5.885902883,0.524621305
Cul1,5.861527357,-0.042909109
Rfk,5.860311897,1.053066417
Slc12a1,5.854870349,0.174938474
Ndufv1,5.853677297,0.884284348
Pprc1,5.846359389,-0.10778096
Nfkb2,5.805606678,-2.961179416
Fcer1g,5.780777222,-5.507116228
Pigq,5.776407183,0.152971609
St3gal5,5.775079176,0.904206605
Guca2b,5.773512691,0.73935906
Oxct1,5.759711472,1.083984295
Lama5,5.745826618,0.129089806
Dnajc4,5.733741345,4.267396244
Hprt1,5.725723622,8.129843308
Dctn2,5.718667126,-0.58181362
Irs2,5.687329629,1.472745142
Tbp,5.677494503,0.481235627
Psmb5,5.673461731,4.682058431
Syngr2,5.66051312,1.566287109
Galc,5.646824097,-2.604206536
Lyst,5.618001643,-2.371796934
Ssna1,5.611144599,-0.360448909
Dhrs7,5.55494417,2.277437176
Ndufa9,5.545534294,2.949367897
Vac14,5.532442937,2.21264765
Aass,5.517699197,-0.090405452
Usp37,5.470637774,4.027133077
Tnfrsf1b,5.454226823,-6.078485557
Rhog,5.446675543,-2.780225339
Fgfr2,5.411583741,-3.164198559
Prkar1b,5.408398401,2.924671813
Csf2,5.374268823,1.194232857
Serpind1,5.373995554,-0.780052315
Chga,5.367930225,0.102867516
Hoxd1,5.366228621,2.486834096
Necap1,5.362515291,1.564050246
Rpl19,5.355972152,4.390481256
Itgb4bp,5.352424725,3.957316875
Cebpg,5.332716572,1.669695829
Dctn3,5.324358886,-3.175555094
Psma2,5.321711996,3.566450896
Arih2,5.318108461,-1.089197927
5730469M10Rik,5.317367536,1.287098858
Mtr,5.314688619,0.142979231
Arhgef2,5.302899801,-5.309572835
Sfpi1,5.29916297,-4.251889335
Adora1,5.285760911,-0.408719482
Gga2,5.276538048,-0.377636368
Adora2b,5.264579446,2.876591466
Trip6,5.254717265,0.518944807
Sec14l2,5.253530605,0.130884131
Yipf3,5.212859651,0.930375306
Hspe1,5.210332108,9.691965357
Rabggtb,5.209654514,1.118311085
Cdc123,5.207388451,3.071828924
Itih1,5.197901524,1.057679991
Bckdha,5.183000416,-0.143896234
Rfc3,5.180365729,3.677914607
Xpnpep1,5.179567045,-0.823134189
Gsk3a,5.179153703,2.094010819
Atp6v1e1,5.177826592,-2.335294564
Ly75,5.160530416,2.128706766
Npas1,5.15685037,-1.027049731
Hoxd13,5.148986704,1.307026413
Il12rb1,5.143917785,-0.648808842
Kcnd3,5.135742788,5.224062098
Ptprj,5.122594987,0.980440359
Pfdn1,5.114555301,-0.041727215
Pglyrp1,5.107699058,0.006230042
Arfip2,5.096216226,1.580523181
Hip2,5.079692134,5.95902021
Itih4,5.068584968,-0.282724989
Rag2,5.053972182,-2.260960376
Pex14,5.02845752,-0.853863056
Calr,5.02163665,1.5483326
Sos2,5.01909896,-0.47578753
Akr7a5,5.016023828,0.999676973
Gabarap,4.990932027,-2.936301475
Mybpc3,4.973015816,1.354042246
Tpp1,4.968272606,-2.549861225
Stard3,4.968262652,0.202069791
Rps6ka4,4.962945317,-0.176259677
Lhx1,4.962431908,0.851831025
Plaur,4.959087312,1.633279839
Bmp1,4.958210087,0.719498783
Gsr,4.944666208,4.463479542
D19Ertd721e,4.923127481,-0.498129794
Eif4b,4.918901486,-0.150314513
Bcat2,4.916098799,1.232198675
Tgfb1,4.913800432,-1.880304273
Traf4,4.911061544,9.88586877
Jmjd1a,4.910673852,0.693858893
Zfp110,4.909365662,0.202841863
Itih2,4.880069665,0.329110726
Lsm1,4.876567557,0.136380444
Arg1,4.872301971,-0.238381131
Mdh2,4.869583125,0.587356894
Polb,4.820156209,5.783655098
Tspan8,4.819946667,5.373983033
Rhod,4.800176735,-0.204035089
Pnrc1,4.792875667,-1.391517462
Cpn1,4.791471211,-0.277488444
Cct5,4.787970946,11.11109855
Tnfrsf9,4.783314494,3.153958678
Rbp4,4.780089369,-3.028443649
2210010A19Rik,4.77641637,8.979172389
Marco,4.770335748,-7.523130753
Mvd,4.769488055,-0.602422982
Smarcc1,4.764675014,3.415075116
Etv4,4.755580354,1.869459666
Eif2b5,4.735645893,1.408123834
Fmnl1,4.731473183,-4.688517287
Hrg,4.710064073,-2.0418949
Lamp1,4.674310708,-2.429074785
P2rxl1,4.661024307,0.771472998
Rdbp,4.65779879,1.698879533
Ptp4a1,4.63787524,6.492916648
Spr,4.634394771,5.357246484
Il4,4.631628189,1.75042146
Prpf6,4.630363507,2.451871225
Dgcr6,4.622421515,1.175850025
Pcgf2,4.597290252,0.539455246
Ccr1,4.590884926,-2.16862956
Bak1,4.582614062,0.968223012
Kif11,4.566808983,5.454190166
Laptm5,4.565821654,-6.811725911
Pkp3,4.553494603,8.829125143
Dhrs3,4.539422417,-2.369355297
Myo5a,4.519349287,-0.166503257
Rangap1,4.515260191,1.762450656
Bcl2l1,4.511800617,-0.190793626
Eif3s4,4.500807832,0.602979577
Hdgf,4.493615249,13.88458722
Vps72,4.475407608,7.299255395
Hmox2,4.473576389,0.741324231
Stat3,4.467231288,-1.979342217
Pfn1,4.464243797,-0.193904648
Sel1l,4.463661061,0.260921005
Tnp1,4.435083267,-1.134273126
Gna15,4.431357462,-0.591330781
Mapre3,4.426898254,-1.407365125
Iars,4.418940811,3.626670491
Nov,4.401237168,-1.269182933
Mmp12,4.391332966,7.299484756
Ptpn2,4.376206155,1.457945869
Gucy2e,4.371728384,0.253741062
Cln3,4.367320493,-0.236403736
Psmd2,4.359050628,0.537327316
Ncf4,4.348766815,-5.69003412
Hps1,4.341632642,2.362127641
Ibsp,4.339232264,1.171687314
Lonp1,4.333555021,2.20039838
Asns,4.308655636,5.420999742
Ppp2r5d,4.307650713,4.820751528
1810073N04Rik,4.305775234,2.378751125
Ogfr,4.284821575,-2.087648886
Serpinb5,4.276639894,4.729217263
Slc1a1,4.269190351,-3.991265017
Olr1,4.265538274,-4.691660117
Pik3c3,4.238306941,-0.394211034
2410104I19Rik,4.236973233,2.013455736
Junb,4.213137121,-2.704356114
Ndst2,4.208086475,0.164087142
Znhit1,4.203302931,1.021516085
Bax,4.180364013,-2.146765031
Ars2,4.15713467,3.755373849
Edf1,4.151821393,-1.311596849
Vamp1,4.134255615,1.41669881
Pole3,4.130902149,2.896504698
Syncrip,4.13068767,1.942812769
Ncf2,4.121687727,-5.43040207
Txn2,4.10961467,-0.522959465
Acin1,4.091074741,0.060160106
Bst1,4.090479614,-2.542465589
Serpina6,4.090227865,0.717114463
Adss,4.08181924,0.574290895
Amacr,4.081645701,0.087633719
Trim27,4.079840998,6.625064925
Anp32b,4.072556265,-0.132827488
Hnrph3,4.071739826,-1.641498689
Pdia3,4.071420971,4.814700945
Fus,4.070127835,5.918855016
Plau,4.020256417,6.872994626
Lrp5,4.004774889,2.110832218
Rab9,3.973708275,0.171769754
Ykt6,3.97196564,2.370020869
Igf2r,3.963858405,-0.058018333
Myd88,3.959780753,-2.95746768
Cdk4,3.954875878,5.127423675
Slpi,3.943154881,-3.188962974
Slc6a3,3.934954298,0.593376662
Casp9,3.933811217,0.599131748
Shc1,3.929840393,0.69033268
Prkcb1,3.928603064,-4.889887524
Tk2,3.922103662,-0.46130263
Fdps,3.913355638,-0.121746306
Rom1,3.906022482,-1.548681959
Msh6,3.903949529,6.461227678
Pld1,3.901931581,0.6095667
Atp5c1,3.89872516,3.628875965
Amd1,3.895193573,1.757317127
Lta,3.885290796,2.389023014
Pes1,3.884035019,-1.566289782
Sptlc2,3.869703012,0.133215932
Myo1f,3.856422403,-2.748028319
D3Ucla1,3.847951087,0.542480285
Rpn2,3.845999027,5.391691358
Zc3h14,3.837722484,-1.088415278
Hbegf,3.832367712,-3.013712571
Brd2,3.82236145,-3.30395634
Hist1h1d,3.810559384,-0.491418421
Ppp2r1a,3.808325112,0.58743786
Ccne1,3.798903468,2.160065186
Snapc2,3.797364811,-0.656415072
Vip,3.795995406,-0.387757556
Slc4a2,3.795302496,1.553369126
Anxa3,3.794843744,-5.054446087
Pck2,3.781415421,0.250511367
Hspa4,3.769271729,4.018915767
Smarca4,3.760969653,5.239225286
Gja4,3.751782213,-3.534282494
Dlg3,3.741208367,2.412512272
Pgd,3.736935314,1.341455992
Dclre1a,3.733651237,1.064577989
Lrba,3.728213026,6.247497359
Ela2,3.724353976,-2.24263207
Gnpda1,3.708805425,-0.251397003
Ak1,3.703631888,-1.142365333
Pdk1,3.702659499,1.873851489
Mapkapk2,3.695390778,1.990491241
Bach1,3.690720268,-0.956263136
Elavl3,3.687189114,6.339285734
Mycn,3.686226772,2.428090899
Bscl2,3.670447452,1.678591133
Pcbp1,3.66652292,0.554316935
Laptm4b,3.663304458,18.85968669
Pfkfb2,3.657215591,0.788390862
Lmx1b,3.651765585,0.612163958
Mre11a,3.650306674,5.799323263
Emr1,3.649247542,-0.54633863
Dlst,3.627620049,-0.917758083
2510049I19Rik,3.617303226,-0.965025231
Tm4sf5,3.613974026,1.604819388
Oprs1,3.613781924,1.803429517
Tdo2,3.607999796,0.735040171
Ddx6,3.602200696,0.405264764
Lman2,3.601757057,1.587286193
H1f0,3.594168592,12.95106597
Rps16,3.592038828,4.597364582
Dusp11,3.588666839,1.434904992
Rab11a,3.573885135,-4.333899811
Ppan,3.573347315,-0.263262666
Tnfaip2,3.57106059,-1.481918691
Vdac2,3.554043763,0.903315619
Creg1,3.545292281,-0.317874643
Map2k4,3.541348886,0.417214474
Rfng,3.538648257,0.49263467
Casp8,3.537413253,1.004083279
Map2k2,3.52817386,0.946695592
Hsp90ab1,3.521432155,6.364465753
Hmgcr,3.484974269,-0.798299882
Adk,3.482051434,7.000531916
Ogg1,3.48053403,-4.869609863
Bik,3.477051921,5.630533713
Zfml,3.464430529,0.507067289
Fto,3.45223855,-1.89263772
Sftpc,3.450659508,-5.866456914
Fpr1,3.444487723,0.251283951
Apoa4,3.426947696,-0.095849515
Mrps11,3.417273674,-0.348096255
Shfm1,3.416546924,7.21594639
Tmem131,3.41441483,5.262257091
Abca2,3.410630327,1.336754941
Sh2b1,3.393373352,-0.455177037
Csnk2b,3.386832417,5.413590914
Tpt1,3.380909321,-1.527928262
Cdk5,3.373307361,2.88137208
Cdc5l,3.372880495,-0.480251858
Nme3,3.371732173,2.523189711
Stip1,3.361980093,4.589851887
Tagln2,3.359737214,-1.723222562
Pex11b,3.348909694,1.64465728
Dtx2,3.348325456,4.001868562
Cib1,3.347181303,0.834718784
Fzd7,3.346630551,0.000509502
Tarbp2,3.33931659,2.505951987
Tbca,3.321621085,1.859609236
Atp5f1,3.320366759,0.847756748
F3,3.316345138,0.741331557
Psmd14,3.311152848,7.42326502
Zbtb7a,3.308553985,-2.358246842
Uqcr,3.30832655,0.409872628
Man2a1,3.308159075,1.279506181
Trib3,3.28432703,-0.079138036
Acaa1a,3.267680399,-1.524666353
Pcx,3.25580958,5.598715566
Tfdp1,3.250224795,5.7615189
Ube4b,3.242328508,1.469509581
Tax1bp1,3.237374671,4.700581333
Ptpn1,3.230325195,-3.166864122
Pdk3,3.228592482,5.675566997
Nedd8,3.222128164,0.564394308
Htr1d,3.209417676,3.148522325
Prpf19,3.166091139,2.268728754
Comt,3.162259839,-0.881814502
Grem1,3.145916066,7.753914015
Ptk7,3.142515291,3.131737405
Esd,3.142450707,-3.844448474
Gtf2h4,3.139074411,-0.131727898
Papss1,3.138702438,-3.623044556
Syk,3.122403529,-0.988594586
Acot8,3.116217133,-2.077460647
Npy2r,3.110171766,0.309466301
Tnfrsf1a,3.109773491,-0.706881936
Ap3d1,3.109386208,1.037964074
Kifc1,3.106448715,5.361845504
Sfrs14,3.09635552,2.124239463
Dtymk,3.092788582,3.329915838
Mgst3,3.091215403,-2.799398083
Tmem147,3.089511139,3.555086847
Scg2,3.088910325,1.34992103
Crlz1,3.084914937,-0.651376646
Capza2,3.082522096,-3.755403305
Timm44,3.069675258,-0.637809295
Mpdz,3.062033564,-0.534763348
Fbn2,3.05477469,0.924095465
Ubtf,3.049833827,-1.296683238
Adam23,3.046460684,0.006545061
Il1r1,3.042937469,-4.001408615
Npc1,3.042851622,-0.237237049
Smyd2,3.042698621,-0.478137149
Slc22a18,3.032600414,1.950022574
Psmb1,3.031542399,-0.105555977
Tbc1d22a,3.029576462,1.517877212
Pwp1,3.025344197,0.763558
Stx3,3.010131657,-0.700342919
Gtl3,3.009985347,0.717322565
D2Ertd391e,3.005731472,-1.073967502
Ezh2,3.004525532,7.19893553
Zc3h3,3.000041686,1.156448812
Txk,2.996878893,0.09633266
Vdp,2.989074973,0.703992183
Srp19,2.989054024,3.025008862
Gmfb,2.980670451,-0.423989912
Apof,2.979013527,-1.333325888
Flii,2.978411404,-0.027053052
Txndc4,2.976299109,-2.664132345
Ppfibp2,2.975390421,2.929174962
Hsf4,2.971861016,0.688118985
Fdx1,2.969797403,0.181501506
Tacr1,2.966023788,0.805932327
Eif2ak2,2.953863924,-0.160798626
Pitpnb,2.9415045,1.826071198
Adh5,2.936719247,-1.691256311
Snx4,2.929076057,0.217712009
Pkp2,2.926450077,1.837698752
Bnip1,2.909329191,-0.530521649
Dpagt1,2.905078121,-0.032491441
Rnf2,2.888865624,5.88750838
Psmd3,2.887824778,2.261301909
Txnl4,2.881071647,1.186628153
Ndufa1,2.876781354,1.690958673
Dmtf1,2.874697737,0.30605883
Spink3,2.872925537,8.788003166
Cdc34,2.859752089,1.512063184
Zfp451,2.854748262,-0.56034925
Zfp467,2.854176988,2.19354624
Tmed3,2.850955628,8.269763516
Tsc2,2.842772671,1.669610413
D2Wsu81e,2.826596869,-1.279950266
Lig3,2.824845964,1.242012234
Art1,2.814837628,1.553410614
Ppp4c,2.794608878,3.636112672
Arl6ip1,2.792518516,3.643428708
Idh3g,2.779324274,0.953072329
Psmb6,2.77416612,0.713623669
Hsd3b1,2.765619712,-0.154498935
Zfr,2.75506442,2.481882175
Cubn,2.75255903,-0.290561544
Eda,2.752353464,1.270301684
Ndufb8,2.747117509,-0.156453748
Hnrpl,2.747081573,0.400426758
Crtam,2.746812654,-0.565254793
Il17ra,2.739208276,-0.422720889
Tars,2.730938231,9.403478009
Cd82,2.728980539,1.281077552
Ruvbl1,2.728862254,4.281712935
Bmpr1a,2.72878261,-0.085553677
Stk16,2.717664742,0.500241671
Fbxl5,2.716277965,-1.283284934
Dnmt1,2.698073371,3.966228272
1810037C20Rik,2.6972243,0.792923395
Bcap29,2.69339064,0.774430416
Arf3,2.689677109,-0.108369383
Hat1,2.684736378,3.403769791
Asah1,2.676832106,-3.300544123
Maea,2.673920532,1.808286137
Eprs,2.672165679,8.035409317
Rpl37a,2.638750312,4.699882596
Dsg2,2.635335744,13.15738458
Nup50,2.619475451,1.204807129
Pawr,2.616906583,6.268994717
Ppp3r1,2.603739348,0.049536823
Dnajc13,2.601883919,-1.677187111
Cry1,2.588645158,-0.509881947
Minpp1,2.583626655,0.813261622
Cxadr,2.579348435,2.360300676
Vav1,2.573889087,1.511877874
Chd8,2.573349441,1.25717606
Ube3c,2.569991725,1.926688947
Aamp,2.560061485,2.465683596
Plxna2,2.543118168,-3.644491254
Mcm7,2.537007358,2.74505407
Il18r1,2.535132504,-4.728034374
Snx1,2.529271378,-4.710656293
Aldh9a1,2.526604941,-1.62060785
Ak2,2.52446585,8.133961958
Prps1,2.522780283,0.668721551
Pla2g7,2.51821967,0.353060573
Iapp,2.517628243,0.416351185
Lsm4,2.516879475,3.495666745
Dab2,2.511357697,-4.956768157
Pafah2,2.509628618,0.111597423
Mrps31,2.508182522,-0.163006494
Lmnb2,2.504423147,4.624528669
Tff2,2.50414115,0.638841685
Rala,2.502967953,-0.243910975
Ifngr2,2.50121738,0.780039594
Phc2,2.500987978,-0.524195442
1600012H06Rik,2.498640204,0.332891088
Psmc5,2.494805929,0.563682783
Igf1,2.491119,-4.603448706
Ripk1,2.489207609,-0.95736233
Dhcr7,2.487352433,1.02607055
Basp1,2.485081249,4.770501297
Pik3r2,2.48219084,4.227269965
Pigf,2.474907078,4.71456944
Dbi,2.467477882,-0.623745937
Yy1,2.464329551,4.536073106
Lpl,2.463492082,-5.698827652
Tcf25,2.458083538,0.687448619
Rrp12,2.451381516,-0.923289998
Dlk1,2.450298525,0.920593982
3110056O03Rik,2.448302215,0.581623994
Pitpnm1,2.447034442,1.262271525
Ina,2.446434787,0.753109726
Adam9,2.444246703,1.614992484
Selenbp1,2.438657784,-3.290771674
Rnpep,2.433190582,3.741377396
Xcl1,2.431680798,-0.476894227
Il10rb,2.430163558,-1.948053867
Prim2,2.429444722,2.717039433
Atp9a,2.402822035,5.072948134
Ndrg1,2.398658224,0.694630732
Eif4ebp1,2.396043232,1.843001426
Pmpcb,2.388615146,2.800020362
Cd81,2.373303597,-7.631639636
Cyp11a1,2.37298692,0.152325138
Ppib,2.368453014,1.522360279
Cdc37,2.364694484,-3.980045061
Tardbp,2.357370335,0.580176432
Mtx2,2.354753681,5.986509951
Mutyh,2.348618803,-1.106183213
Ptpn18,2.348592887,-1.872560074
Ccne2,2.343717306,6.44704432
Cd70,2.343363627,0.022274145
Slc25a17,2.341960817,0.750161485
Echs1,2.34177024,2.055469278
Gnaq,2.33837991,-3.845827681
Serpinb6a,2.33441959,-3.959057403
Vps45,2.332340015,1.614803147
Tep1,2.332109194,-0.344873831
Nono,2.329627513,4.292514108
Gaa,2.311720858,-1.368968351
Sin3b,2.311257064,-1.020925248
Atp5o,2.30238584,0.011115384
Wbp2,2.301453536,-2.882911563
Ywhae,2.296110846,-0.657203632
Tec,2.286051797,-0.471422765
Col15a1,2.282633644,0.132577958
Cdc2a,2.277848335,7.598017042
Slc2a2,2.274153937,0.430601456
Gng12,2.26164304,-0.287496396
Cx3cl1,2.261078341,-2.136954606
Lcp2,2.252915942,-1.976777129
Sox3,2.248547885,-0.638032944
Pno1,2.241492126,4.642415487
Bmp2,2.237418798,-3.3734974
Gatm,2.235423479,1.52903891
AI314180,2.22644498,-1.052763674
Pmm2,2.223978741,6.99601682
Cnga1,2.210438525,2.304700172
Ibtk,2.209686923,2.097081103
Tpr,2.208574362,0.85114271
Tcp1,2.20845073,-0.411011852
Herpud1,2.205847868,0.601611998
Supt5h,2.204593363,0.753832277
Sema4d,2.203757551,0.738931613
Ap2m1,2.203030778,-0.4079755
P2rx4,2.202558221,0.519517973
Clcn7,2.200007972,0.14253468
Cfdp1,2.192526232,-0.810820446
Tmem109,2.191611063,-4.128157842
Sec22b,2.190871596,3.146607834
Ranbp1,2.190347995,7.51907609
G3bp2,2.190206822,0.835197431
Hira,2.166930326,0.191270477
F8a,2.164716891,3.911507446
Cdk9,2.160602803,-1.494779272
S100g,2.160460621,-0.461009097
Mvk,2.16020468,0.160227984
Llgl2,2.157850202,5.018905888
Stk3,2.152074126,1.286085049
Flg,2.151075138,-0.295703469
Psma3,2.147569507,5.008221272
Ciz1,2.142567113,0.546502894
Rps23,2.130543161,0.817322072
Ext1,2.128096045,-1.66137832
45358,2.12306275,0.392435169
Ncoa6,2.106548384,4.210573203
Dpysl4,2.103473687,0.274051147
Scye1,2.09035082,1.653267832
Ndufb5,2.082081557,2.286387585
Smyd5,2.078739061,0.073976239
Cyc1,2.07760067,5.896709949
Mll1,2.072639879,-2.281655157
Sdc3,2.069442825,0.064100682
Kcna3,2.065560889,-0.279836749
Ctnnb1,2.059796964,-1.090302958
Dhrsx,2.051811306,1.846983635
Mcrs1,2.042331765,0.234950559
Tnfrsf11b,2.037210898,0.140236492
Nufip1,2.031769645,4.224881241
Ethe1,2.030795659,-0.158268149
Lrmp,2.029052044,-0.880590917
Ndel1,2.028515081,-3.048542724
Sdhc,2.026707228,4.805743843
Myh3,2.023135633,-0.861752385
Uqcrc1,2.020986244,1.710319894
Nedd4l,2.01584211,-3.954427111
Dpm2,2.011260028,2.755189389
Ctnna1,1.995253952,0.650776135
Inadl,1.993864171,1.110894162
Tsfm,1.993799211,1.796062806
Cox7b,1.991320955,4.177853821
Ap3s2,1.986140309,0.130483418
Mog,1.986105854,-2.218908059
Ear4,1.984358065,-0.560294804
Cfi,1.982941186,-0.044636341
Doc2b,1.981819499,-1.201345828
Eif5b,1.980717006,0.835309559
Irs1,1.971609186,4.725323425
Tlr6,1.969925716,1.362877682
Polr2k,1.965570904,1.036964127
Elf1,1.962308578,0.00825239
Pscd2,1.959499294,-0.289271082
Gm2a,1.959430691,3.410029561
Rbm14,1.956659061,-0.470553212
Hc,1.955764443,0.689266879
Rab14,1.951168543,-4.571749847
Rcc1,1.943247467,10.46344506
M6pr,1.941998617,-2.472372191
Urod,1.938739993,-1.569130295
Creb3l1,1.934319063,1.880044985
Cyp4v3,1.929823304,-0.866604469
Gpr44,1.923928604,0.129503237
Kcnn1,1.922216142,0.015848898
Eif5a,1.922138409,4.034036593
Itga5,1.921285434,-3.909588191
Vps26a,1.910937897,-1.405582889
Psmd11,1.901291391,3.887480057
Ubxd6,1.901204731,-0.286856811
Agtr2,1.899702431,-1.007592136
Btc,1.899472994,0.227108052
Taf1c,1.896175736,-0.572923655
Rbbp7,1.895604226,-0.008314913
Zrsr2,1.886251754,-0.948479905
Atp6v0e,1.884417471,-0.623320865
Slc25a44,1.882600467,0.207970632
Met,1.879796484,4.4681798
Csnk2a2,1.875279722,1.070969377
Acvr1b,1.874280589,9.25259408
Lta4h,1.873879131,-3.776069999
Rab7,1.873632669,0.219133673
Cox6a2,1.865845,0.059817194
Atp7b,1.859685216,1.222224753
Tpmt,1.85688451,0.072613779
Prkar2a,1.850947968,1.248250693
Krt13,1.849384129,5.868118044
Mthfr,1.847138627,0.118071449
Ccdc6,1.846684669,4.6850177
Stx5a,1.844413982,-0.03003045
Aco2,1.840361415,0.685759084
Mrpl23,1.833971682,1.73559841
Eif3s12,1.830478311,-0.325938324
Snrpa,1.827837653,4.314312731
Mbl2,1.826271311,1.062426963
Slc22a1,1.826047519,0.515732427
0610007P14Rik,1.825309909,-0.11978932
Stat6,1.814158522,-0.108453259
Rs1,1.813516443,-0.641313854
Aqr,1.811376144,-0.915115304
Pold2,1.811213171,2.203216432
Casp1,1.806548082,-9.461502112
Pip5k1c,1.806519081,-4.754588243
Scp2,1.804814612,0.793250418
Kcnj6,1.804615484,0.303557014
Dynlt1,1.802181415,0.44447817
Uqcrq,1.799140107,3.324845513
Cct8,1.797472376,2.385998363
Agxt,1.79705022,0.355934766
Nars,1.793225118,0.447988371
Supv3l1,1.791513888,0.482763131
Sgta,1.791111591,-0.060271692
Krt20,1.790308707,2.730461373
Rabl4,1.783825211,3.243168173
Cul2,1.780487802,0.130512613
Cltc,1.777076676,1.777465705
Akap8l,1.770271681,-0.160933525
Gp9,1.756709877,0.120435827
Nup93,1.751812069,0.74776497
Ganab,1.728884446,0.598418604
Crat,1.720253894,1.661103858
Pex11a,1.716177038,1.489084959
Tnnc2,1.710714138,4.646804738
Tpp2,1.710262085,-0.088717381
Dnaja2,1.703436944,0.295593352
Cul4b,1.701684366,0.675735421
Agr2,1.699765817,15.71369984
Caml,1.694980348,0.066918012
Aplp1,1.69488296,1.272323131
Pafah1b2,1.689461388,-0.345314588
Rab4a,1.67479334,-1.205567428
Cnga3,1.673463991,2.430842976
Fancg,1.673314402,0.231848438
Ewsr1,1.672463966,-3.490916131
Cdc20,1.671416013,1.417324107
Atp1b3,1.670913324,-2.628632674
Stk25,1.670908292,-0.77159156
Igbp1,1.669424008,6.087213811
Clns1a,1.662233487,5.512562149
Lgals4,1.660250864,4.394292293
F2rl1,1.659138375,4.011461807
Tnk2,1.656737234,2.665934501
Rad9,1.650008672,1.24727312
Lman1,1.647219901,0.685611835
Inppl1,1.644370646,4.14841462
Ramp1,1.64351391,4.79400409
Alcam,1.639261668,-0.647535504
Abcb8,1.636174101,-4.637085632
2010111I01Rik,1.632526327,-1.398147108
Bard1,1.631732459,4.000318693
Smpd1,1.622964141,2.369484175
Pts,1.620723503,5.471046141
Slc2a1,1.619370209,-0.419500024
Banf1,1.613419155,2.700997731
Cbx1,1.609824986,5.22743843
Gpx1,1.605312185,-0.279955986
Psma5,1.605181158,4.089622849
Anxa1,1.605061811,-2.975512399
Sphk2,1.604570278,0.665350391
Dmc1,1.59663846,-0.201813512
Kcnd2,1.589069528,0.2709812
Krt35,1.58797715,-0.820220967
Rgs16,1.580264064,-0.153236091
Bet1,1.579757211,7.104771614
Tfam,1.579285109,4.577078654
Cpt1a,1.575093638,0.027623064
Gdpd5,1.571793089,-0.34787881
Rce1,1.570988083,1.728220596
Qdpr,1.567469739,-1.297537358
Ndufs6,1.566007261,5.771337867
Slc35d1,1.563659612,3.224481229
Fkbp5,1.563646009,-0.038157102
Epo,1.562682028,-0.289551595
Strap,1.557544476,2.565453455
Mpp1,1.557406762,-2.19226041
Atp4b,1.553945757,-0.070657907
Pdia4,1.548279725,8.896741922
Fabp2,1.539452444,0.228778283
Dbf4,1.538777403,1.289044463
Pdcd1,1.53313051,0.757714475
Gpc1,1.531838847,0.628551722
Cd164,1.527930994,0.251228791
Slc22a2,1.526696252,0.487643094
Sox10,1.525390519,-0.244400381
Npm3,1.519863925,1.904321662
Ldb1,1.512578058,0.287150773
Cxcl10,1.511582464,2.779669658
Ndufaf1,1.511434088,-0.490146154
Etfdh,1.508881564,0.906071124
Ndufa6,1.506926047,-0.756743252
Zc3h11a,1.50258831,2.368858783
Ctr9,1.498912376,0.922060887
Grpel1,1.497079138,0.862170534
Chd1l,1.494927456,1.177468912
Phb,1.488223084,0.680066023
Aif1,1.487166556,-3.908588964
Cdk2ap1,1.485567414,2.811840526
Ehhadh,1.483869351,0.139754983
Xpo7,1.481828198,-0.776555114
Copb2,1.472569337,9.616810066
Fosl1,1.472509714,0.023683896
Clk2,1.46638738,1.59535186
Hsf2,1.466056195,0.936427315
Atp8a1,1.465684077,-1.42408481
2810405J04Rik,1.464211014,2.531742906
Cul3,1.462621642,-0.077354689
Smpd2,1.457372096,0.888014799
Ube2d2,1.451925639,1.505179065
Hoxa9,1.45112078,1.775405129
C2ta,1.443714703,0.45924573
Slc16a7,1.442703727,0.093121176
Il17a,1.44032547,-0.410315477
Ctsg,1.439348495,-2.239014742
Rnaseh2a,1.433565238,-0.309427463
Ptn,1.428704793,-0.633596482
Enpep,1.428372163,-0.81541514
Jmjd1b,1.426000681,0.249278044
Sptlc1,1.424117154,-0.594533726
Fbxo9,1.420515248,-2.706408683
Ppic,1.418981331,3.653435685
Sla,1.418872341,-0.741877872
Tcfap2c,1.413322579,3.969106806
Pcaf,1.411203558,0.005937423
Hpca,1.407864836,-0.913876679
Kns2,1.399177808,-3.594693928
Cox7c,1.398525833,1.020542667
Decr1,1.3870312,-0.579012443
Cenpc1,1.387022872,0.315505566
Mcm6,1.381483664,7.569484577
Mina,1.377355006,2.261851975
Prrg2,1.377026381,1.890863916
Fcgrt,1.376464611,-7.474809323
Ppp1r3c,1.374935623,-1.2294582
Slc35a2,1.374678696,7.116908839
Ide,1.36931694,3.257936827
4933426M11Rik,1.367549019,-2.308654482
Pah,1.366753249,0.896181636
Cdh16,1.358820851,0.60192671
Sfrs3,1.358525129,-0.701523457
Ppp1r7,1.357143585,-1.036340883
Ret,1.357140179,0.030209135
Kdelr3,1.357110969,3.840361556
Egr2,1.352091924,-1.316588648
Mmp8,1.339562178,0.663503642
Pygb,1.339489586,6.060976973
Myl1,1.338840851,2.534817464
Eif2b2,1.336858295,1.466167533
Krt34,1.335260007,0.275951308
Cct2,1.335220511,4.456226599
Adar,1.333946358,0.493434903
Rad51l3,1.329036106,0.747774118
Hmha1,1.326063177,-3.736719514
Slc12a5,1.325363613,3.81893058
Chek1,1.321687747,0.099803727
Socs3,1.321465381,-1.370303629
Cdh1,1.316766612,9.62406386
Bmi1,1.315758688,0.659713657
Dhodh,1.315273525,0.671344987
Ifnar1,1.312360932,-0.14728401
Lrpprc,1.30994598,0.794510012
Ankhd1,1.307266244,-1.112123285
Xrcc6,1.302284865,-0.707395257
Rab21,1.300725729,0.345297414
Nt5e,1.292483956,4.632399601
Tm9sf2,1.291902633,0.440752214
Polr3d,1.290937882,0.055340971
Smg6,1.290858731,-2.543472625
Tia1,1.287680845,5.486998121
Tomm70a,1.281938289,1.888563806
Spred2,1.281181839,-0.22010551
Myo7a,1.277480839,4.865388615
Ppt1,1.27451175,-2.047036518
Btrc,1.273654782,-1.378089272
45550,1.272324224,0.498770331
Ndufa2,1.272032432,0.450622805
Dlg4,1.268335057,0.620850532
Gdf11,1.256507157,-0.97161588
Hmgcs1,1.253851342,-0.001157374
Cars,1.248255786,0.385161009
Yif1a,1.245591709,4.24355632
Clcn4-2,1.240052958,0.676729123
Tbl2,1.237310456,5.229847259
Foxa1,1.237206766,11.19296019
Itga2,1.237205784,3.126283982
Efnb3,1.234167322,1.564857193
Psme4,1.233500813,4.725641457
Prim1,1.233176838,2.488954007
Cpne3,1.231706339,0.007176635
Camta2,1.227224161,-1.244411683
Morf4l2,1.22631927,6.127591529
Ddt,1.223819256,-2.010977409
Mllt7,1.222184674,-0.063905798
Mdn1,1.221130792,0.097630065
Htatip2,1.220812576,8.134410219
Sap30,1.217149949,0.272983654
Pcsk7,1.216751714,-1.620318446
Pou2f2,1.216414961,-0.843452728
Ddx1,1.212255329,1.645978102
Il3ra,1.211291033,-2.023846822
Nol7,1.211106655,0.344848596
Myl2,1.209054392,0.908439697
Rplp1,1.208431275,4.824781918
Gdf15,1.207048823,5.817988439
Dsp,1.202786627,20.33598018
Arpc3,1.201476683,0.322257895
Mmp10,1.200511324,0.322953016
Ruvbl2,1.199415745,1.625197671
Lancl1,1.196212635,-1.249216964
Ndufc1,1.193192223,1.381516113
Nr2c1,1.192061149,-0.453119953
Cit,1.189447488,7.764418525
Impa2,1.186264961,3.535041656
Cops6,1.18353781,0.801224911
Gfi1,1.180894762,-1.398760314
Tmed1,1.179619789,1.554873258
Atp1b2,1.179197235,-1.100968198
Tsnax,1.174700164,1.644887279
Scn1b,1.174497391,0.367062145
Pex7,1.17198454,2.704208099
Cmklr1,1.169809739,-2.333378851
Fntb,1.169042272,0.474261
Hcrt,1.161957917,-0.001547487
Rraga,1.161513312,-3.13144215
Arf6,1.160766269,2.585580539
Rgs11,1.159665334,-1.076646593
Rnaseh2b,1.159095853,-0.475316482
Zbtb7b,1.157505218,-0.063473031
Cd2bp2,1.1526479,0.636102707
Aurkb,1.151353692,2.78479721
Dlg7,1.145596868,5.05217186
Lsm3,1.135945391,-0.119612753
Polr2f,1.134811507,0.949089792
Agt,1.131601851,0.785844014
Pnliprp2,1.131144941,1.167443973
Tnfrsf8,1.130719545,-0.636758729
Aifm1,1.130129676,3.946841665
Top1,1.129017308,5.066112121
Ciao1,1.128467388,1.536724462
Psmb2,1.127639787,3.859596234
Flt3,1.126799236,1.32523936
Rab4b,1.123485351,2.309839444
Ephb3,1.120290425,5.183131179
Mms19l,1.120244734,0.250899867
Cldn11,1.119909414,-0.421170332
Socs5,1.114502847,1.511054323
Klf10,1.11435142,-2.382462066
Prpf31,1.113958641,-0.938957945
Copb1,1.11178162,2.770848325
Rreb1,1.110477989,-0.023722751
Ucp3,1.104156775,0.420693833
Ddx19a,1.089894966,0.632539217
Syp,1.089680688,3.071929226
Cul7,1.086971432,3.480540805
Rabgap1l,1.081882112,-0.609345432
Phr1,1.081187879,-1.873433977
H2afv,1.080950905,10.60789994
Sf3b3,1.080007727,0.019788365
Plaa,1.077100969,0.216839567
Timm8a1,1.071968072,1.032845998
Gabrr1,1.068201324,0.434675629
Kif3b,1.065457719,0.523569486
Tnni2,1.064711218,-2.245941695
Glud1,1.06179748,-1.209114227
Procr,1.060273105,-0.031252888
Acr,1.058904811,1.240166145
Chst3,1.057036826,-0.502880507
Mmp17,1.053611893,0.780724171
Cyp51,1.048205884,-0.1218502
Hcn2,1.046502256,0.197542237
Psmd1,1.045754249,4.500376288
Gpr143,1.040385632,0.425369859
Cirbp,1.034841517,-2.72899437
Col9a3,1.033318406,1.522670355
Rps4x,1.029990666,2.23037607
Drd4,1.027587424,2.143725034
Psmd7,1.025723984,5.457750443
Dna2l,1.02491793,1.637643054
Pex5,1.022171576,0.348414422
Frk,1.017009136,1.024828347
Slc6a12,1.017005523,0.120193346
Dolpp1,1.016459956,-0.227428962
H6pd,1.014541194,-1.834777475
Zzz3,1.013056654,2.687303884
Cfp,1.005459886,-3.146516979
Myef2,1.005243021,1.35046426
Tgfbr1,1.004043452,-0.438078423
Slc33a1,1.003105221,2.62173536
Mapk7,1.002199233,-1.016909865
Usp19,1.000078983,0.742070958
Topbp1,0.998344171,2.680994116
Cdk7,0.997952158,5.069912345
Cacna1e,0.989654297,-0.427764677
Fgf12,0.987332338,-0.859897066
Stra13,0.984746249,4.492328135
2400003C14Rik,0.984022247,-0.801194212
Edn2,0.980756133,0.729067022
Cyp1a1,0.979945087,0.336584919
Chrna6,0.979755326,0.679078424
Zkscan1,0.978231881,3.127285034
Cic,0.976641463,-0.015577499
Cib2,0.971152598,-1.012637085
Crisp2,0.971033587,0.375901311
Cacna1a,0.967883597,1.766676622
Ccl17,0.961402022,-0.59278746
Lamp2,0.96063885,1.020450964
Capza1,0.96037324,-0.001378307
Foxd1,0.959427887,5.887323156
Hadh,0.955099321,5.104222309
Snrpd1,0.952176459,-0.357154531
Tyms,0.951289932,0.362023119
Alk,0.950517257,0.547497736
Mc1r,0.949398021,-0.040095975
Pth,0.949130751,-1.183090372
Gna12,0.945483116,1.03822671
Has2,0.944892327,-2.110712719
Rad51,0.941797001,0.056252676
Nup188,0.940625323,-2.739870637
Tnpo2,0.940352357,-0.787884621
Rbbp4,0.939639241,5.68028112
Mbtps1,0.937775978,0.259097063
1500019G21Rik,0.92909313,1.681203216
Ckap5,0.928767186,5.518322486
Pepd,0.92827203,-0.345967935
Cyp2j6,0.927623649,1.756120634
Selpl,0.925260781,-5.119634856
Ptov1,0.924538185,1.692814273
Ppia,0.92390373,0.305478635
Tradd,0.923718599,6.494435216
Stard7,0.92001601,-1.616198887
Rpa2,0.919958945,-0.30797173
Actr1a,0.919807721,-0.085520145
Ndufb6,0.919287608,0.342230003
Tial1,0.917332456,3.925115221
Xpot,0.913802333,13.83631693
Slc9a1,0.911587558,-0.26251807
Hras1,0.909203233,0.137334687
Pnpla2,0.905736044,-0.861657136
Eps8,0.904612338,5.581948317
Anpep,0.904110577,-0.401038203
Traf2,0.901247716,0.702510355
Cbx2,0.900707031,3.119608417
Mnat1,0.899988966,4.891067384
Psma7,0.891717421,2.371452933
Dok1,0.89012668,-1.408647111
Stac,0.88859467,-4.392058677
C1qbp,0.88816913,4.919255152
Ghitm,0.882346571,1.365811695
Brp44,0.879777077,4.146328015
Ipo8,0.879441988,-0.075891645
Msi1,0.875557883,0.369750388
Gtf3c1,0.874500022,3.054037963
Fgd1,0.868218623,0.6829573
Mmp13,0.867107804,2.780494912
Accn1,0.867049407,3.537244495
Tbl3,0.864959187,-0.475772788
Irak1,0.864221377,11.14810512
Cxcl2,0.863760947,-0.345533517
Tubgcp3,0.861743385,1.201520402
Prpsap1,0.859617331,-0.112047411
Them2,0.858842429,7.002861093
Scn8a,0.856633646,0.1389911
Rnaseh1,0.855464485,2.167537323
Enc1,0.855448106,5.168287071
2310008H09Rik,0.852960051,-1.721815225
Smad3,0.851128468,1.165167707
Ptch1,0.850309913,-0.987958879
Sgpl1,0.850023577,-0.095991683
Kcnj2,0.846888077,-0.199005835
Gdf5,0.846873894,-0.105228294
Txnl2,0.842956925,0.718738674
Thop1,0.840785133,0.475195295
Tspan31,0.839878821,-1.450901831
Cat,0.839172965,-5.488307369
Wipi2,0.837044677,3.611486336
Myd116,0.831754216,-3.226835941
Schip1,0.828272741,-2.591738844
Ucp2,0.826661508,0.061759167
Phox2b,0.825395659,0.575589094
Sart1,0.819509358,2.135438822
Prg2,0.816335113,4.446084135
Net1,0.814150195,8.07728918
Cd180,0.812267682,0.015894584
Sec61b,0.810349117,-0.077554497
Ppp2r4,0.809715416,-0.783118707
Sh3pxd2a,0.809201847,-1.03456875
Fgb,0.807164253,0.858591823
Cd160,0.804846163,-0.382611941
Cma1,0.799811543,0.174244725
Ikbke,0.796973074,0.899232154
Chaf1b,0.796455404,0.784168628
Ywhah,0.794697505,-2.974225527
Sorl1,0.791304219,4.625880723
Pias2,0.791088192,-1.348655925
Ahrr,0.788612309,7.72856311
Galnt1,0.788043115,6.751530617
Leprot,0.787326658,-3.233565153
Llgl1,0.785494606,3.503368304
Pxmp3,0.78483882,4.019094648
Cyp1b1,0.784655285,1.290574247
Ddx5,0.784254943,-0.40490634
Slc9a8,0.78124107,-1.484952284
Hars,0.780458404,-0.17062264
Matk,0.775839382,-3.374161622
Dyrk1a,0.775657713,14.74048633
Trmt1,0.770027588,-0.146518927
Dynlt3,0.769749348,-0.577418451
Hmga2,0.762820384,0.89685476
Mizf,0.761184638,0.610146921
Atxn2,0.759691326,-1.613286198
Tnfrsf17,0.759634518,1.534449455
D19Bwg1357e,0.757862978,0.094156799
C730007P19Rik,0.755446787,0.293098037
Ovgp1,0.75523917,1.451671656
Pdhb,0.752587359,0.619960715
Utp18,0.752585799,6.313495422
Dct,0.752563878,-1.684150795
Ly86,0.752334047,-5.355085106
Smr1,0.750163703,-0.466657927
Sf3b1,0.748466174,1.136411219
Myl6b,0.746987595,4.094223267
D14Ertd436e,0.742542512,-0.161772517
Rnase4,0.74241607,-1.004594451
Slc35b1,0.740832823,1.271766942
Kif23,0.740576334,0.648570503
BC033915,0.739822116,-2.12590766
Kcna6,0.733502552,-2.489448955
Gpd1,0.72836367,-4.212632806
Lmo1,0.727340952,-0.879564788
Nckap1l,0.727322754,-1.438924465
Ngdn,0.72198735,0.929346595
Uck2,0.71809859,4.540975971
Gtf2b,0.717463131,-1.142319237
Uqcrh,0.717312259,4.826267879
Kcnma1,0.715730047,0.771808523
Hsd17b2,0.714385864,-0.037953572
Alad,0.711500131,0.082488531
Cd40lg,0.706186642,0.323103203
Phkb,0.703464648,1.003054505
Egr1,0.701264918,-2.00269446
Osmr,0.697638889,4.137517047
Mkln1,0.697459358,0.129524052
Rpia,0.694117753,0.739715815
Gck,0.690468532,-0.082904595
P2rx7,0.689429762,-0.054044977
Clps,0.687184863,0.740688665
Ptp4a2,0.685530462,-1.373881903
F2r,0.684591436,0.060011719
Hnrpu,0.684470146,4.104775859
Reg1,0.68339937,1.199427884
Stam,0.683359952,-0.220899674
Ier2,0.682802073,-1.939575665
Nap1l4,0.682154438,2.026732377
Rlbp1,0.681420729,1.399880661
Trp53bp1,0.677827947,1.261365302
Adam17,0.675312481,1.648278798
Rasgrf1,0.672425258,-4.40911479
Slc29a2,0.671428004,2.721798015
St8sia1,0.669138275,0.269548846
Serpinb3a,0.664663159,1.288218756
Uchl1,0.662699553,3.49172113
Snx3,0.662310535,-4.922105815
Hes1,0.662049468,1.27124919
Mmp14,0.656379001,1.662337807
Sned1,0.654839907,-1.419707342
Casp2,0.653780553,0.748893687
Krt32,0.653515549,0.418455144
Fzd1,0.652799376,-2.475849947
Ddit4,0.651299226,0.684998702
Gabra2,0.644814693,0.877421559
Pacs2,0.644692648,-0.428996096
Psd,0.6409321,0.481978299
Psma6,0.639270664,4.019145328
Mylpf,0.639068039,0.303154249
Smc2,0.63842391,0.517280973
Gtf2f1,0.637821867,2.753899987
Sh3gl1,0.634464011,0.03564515
Cops5,0.633686276,1.634545672
Grik5,0.633681161,-0.806749195
D2Ertd435e,0.631838767,0.515821601
Pygm,0.631800198,0.716177387
Ralbp1,0.629575531,0.317977245
Arl2,0.628515306,-0.240717156
Pls3,0.622888373,0.09532994
Slc4a8,0.62103871,-0.117608003
Sybl1,0.620450152,0.308877268
Txnl1,0.618184432,2.01270294
Abcf3,0.613760569,0.037858745
Rapsn,0.613633508,-0.905895011
Il5ra,0.61218854,-1.433207381
Pde1b,0.606893348,0.339851585
Calm3,0.605706574,-1.282470843
Cd72,0.604798542,0.052860839
2610507B11Rik,0.599080755,0.863925949
Kif22,0.598069657,1.015742061
Hgfac,0.597469791,0.910612192
Ccdc93,0.592718302,0.125958562
Gpd1l,0.592588369,-2.499528794
Itgae,0.59193902,0.758008457
Ptpn22,0.589357141,-0.015808901
Hrk,0.588065011,0.215891458
Fabp7,0.585539239,0.531481267
Gnrh1,0.583895966,-0.675474375
Car5a,0.581790639,-0.334645321
Psmc6,0.578752618,6.696288735
Dhx16,0.578099924,1.677230717
St3gal6,0.57129369,-1.406251936
Cyfip1,0.567914609,-2.696090946
Mybl1,0.562951863,-0.581351599
Car1,0.562473963,1.30611289
Folr1,0.559769617,-3.24960456
Abcd2,0.557494362,0.296778294
Btg2,0.553972328,-2.006587752
Slc6a6,0.549228347,3.194772373
Nit1,0.548172581,2.957456142
5730589K01Rik,0.544147488,0.634228259
Fez1,0.543531411,-5.679121898
Anxa6,0.542950212,-3.835296788
Pskh1,0.538609177,-3.137820359
Prkci,0.532948875,2.716325314
Il2rb,0.526240622,-0.817347839
Sdf2,0.525709485,1.558277831
Pnoc,0.522952743,-1.274658694
Pkp1,0.521611491,0.651953716
BC023882,0.520961469,1.813182808
Cox6a1,0.518324202,5.216319432
Sqstm1,0.518167834,2.662441905
Wnt2b,0.518152221,0.216431997
Wnt11,0.515440149,-2.058784886
Sec24b,0.507693152,0.461264974
Acaa2,0.507367238,-2.634555482
1810013C15Rik,0.504504713,-0.282115832
Ech1,0.503835334,0.464050177
Polr2l,0.503715009,-0.740565469
Immt,0.503089533,1.118671162
Nr1i2,0.501991747,0.000551994
Veph1,0.50194325,-1.416458378
Nme4,0.497877591,6.141192259
Wee1,0.494141131,1.068471886
4930566A11Rik,0.493998969,2.378938285
Asgr1,0.493748468,-0.73803574
Ell,0.489627128,-0.474236944
Mad2l1,0.489496945,5.476677276
Lsm7,0.488968811,-4.858888549
Fgf8,0.488724528,-2.336996456
Frag1,0.487654216,-1.185213727
Slc25a11,0.487534404,-0.637520602
Nr1h2,0.486570026,-2.979496385
Rnf8,0.485296991,1.142696248
E2f1,0.484265965,0.376779381
Erf,0.473375076,-0.640678985
Hsd11b2,0.472939477,1.715698746
Fndc3a,0.471914173,2.262589041
Psmd12,0.469453456,0.111931624
Twf1,0.468186643,12.64387946
Endog,0.468107975,0.637654081
Ltb4r1,0.466636796,-0.855741558
Polg2,0.464827433,2.656702603
Serpini1,0.464314967,0.547195838
Utp20,0.463473829,1.370479429
Cdc23,0.463327994,0.088515771
Mrps14,0.461698985,-0.233336311
Msh3,0.461306507,2.128976972
Ifng,0.458143637,0.238132058
Hoxb3,0.457534851,1.045243364
AI840826,0.455253334,0.914266822
Capn7,0.450958358,-0.59990295
Surf5,0.45075488,-1.731128704
Ccl11,0.450023935,-0.15811714
Ror2,0.44879875,-0.666755272
Rusc1,0.447988126,4.588049905
Sqle,0.447613627,1.789377587
Xab1,0.446015607,4.210116941
Nrl,0.442684174,-0.515069749
Vipr1,0.442443978,-3.35233325
Yipf4,0.440462041,2.126406939
Orc1l,0.439595113,0.247353713
Ivns1abp,0.439299931,0.430212721
Hr,0.437802048,-1.245100875
Zfp161,0.436722237,-0.00769052
Prkrir,0.435498161,1.051739792
Crabp1,0.433721982,2.722477664
Kcna5,0.431893736,-5.804006214
Thbs2,0.43180837,8.139359551
Cxcl4,0.429561785,-2.663298172
G6pc,0.423611108,0.620816143
Tcirg1,0.423262242,-0.209926188
Atp6ap2,0.421385726,0.882118138
Ntf3,0.419839949,-0.780342331
Elovl2,0.418679573,-0.818426857
Inpp5e,0.414944593,-0.61947137
Bub1,0.410975258,2.733860537
Habp2,0.406954416,2.412468425
Pcnt,0.406072804,0.489678264
Spast,0.400592465,2.222377891
Htr2c,0.398734228,1.096668604
Txnrd2,0.39709832,-2.797249279
Rad54l,0.396747324,1.170343498
Txn1,0.395710579,4.43870288
Lcat,0.395144082,-5.178199286
Ppp2r2a,0.395063976,-0.170292256
Zfp213,0.393984567,-0.465244468
Clpx,0.390435174,0.599828923
Hoxa11,0.39024151,1.078611271
Sst,0.389111438,1.317151377
Bid,0.387804713,1.780791534
Pcsk2,0.385381813,-0.092407805
Ptcra,0.385322489,-0.732547018
2810417H13Rik,0.382516785,4.600658034
Flot2,0.380144134,-2.130732241
Rars,0.380021925,1.834739766
Fcho1,0.377260373,1.81070291
Glg1,0.376578224,-0.512936407
Aip,0.375960101,-0.44527553
Tsc1,0.374532219,-0.982878187
Calb2,0.374488962,-0.639624733
Lag3,0.374011385,0.403804065
Npr1,0.372054443,-6.076738669
Slc6a2,0.371587113,-0.795904275
Fut7,0.369197074,0.839597121
Wnt7a,0.368654967,-3.094258466
Mgll,0.367879693,-2.629372948
Phkg2,0.366964293,0.158573737
Rab1,0.36366503,-2.496933273
Cd38,0.363076073,1.703983665
Snx17,0.360098657,-3.241262497
Eif4g2,0.359673219,0.493174894
Snn,0.358129399,-0.921818629
Psmc2,0.357651621,3.693982945
Tulp1,0.357025066,-2.332545463
Hrh1,0.355320304,-0.570460012
Alox8,0.355252285,-0.003181175
Slc6a1,0.354922004,0.380522647
Lsp1,0.354380379,-3.954821548
Rasgrp1,0.354274795,0.572472554
Adam2,0.353066579,0.97436661
Bclaf1,0.351580339,-0.854887132
Dkk1,0.350444868,0.634390827
Mid1,0.34825729,-0.224751801
Slc37a4,0.34798764,4.508688278
Lgr5,0.347929131,2.323112472
Nupr1,0.343678803,-5.275658719
Mlh1,0.343668332,-1.059277696
Timm17a,0.34233846,2.969851899
Nmu,0.341777642,1.821279656
Marcksl1,0.341454631,17.86372698
Polr2j,0.340797498,-0.213309027
Gna13,0.336506411,1.80084285
Fem1b,0.335602616,-1.503233749
Cdk5r2,0.332305112,1.36847575
Zfp36l1,0.332265459,0.884779556
Aqp7,0.33165028,1.879108188
Enpp1,0.331490395,2.370274627
Wdr45l,0.330948799,5.385124999
Cd2ap,0.329939091,15.40823374
Rrs1,0.327931085,7.359092256
Uqcrc2,0.321558518,1.73914171
Alox12,0.318417564,-0.028616379
Alx3,0.317237896,0.150710305
Fshb,0.316175017,-0.75081348
Arpc5,0.316073788,-2.240888544
Dyrk1b,0.312825067,-2.744820517
Arhgap1,0.310060654,0.405180062
Cryba1,0.309729719,0.410869158
Oaz1,0.309053427,-6.129045225
Slc35a1,0.308647851,-3.447584126
Sumo3,0.304023156,-0.038866918
Sdhd,0.298098333,0.546996786
Slc9a3r2,0.297900635,-1.30300704
Rln1,0.297359776,0.494119197
Ctsl,0.295828456,2.094279323
Phkg1,0.294394919,1.059759688
Eif3s5,0.291845519,1.431100514
Nrtn,0.289623512,0.518322601
Igfals,0.288951881,-2.247791251
Nefh,0.288886128,2.36653559
Fn1,0.287231795,-2.474037331
Chrne,0.286450031,1.122205984
Brca2,0.285571751,3.29652875
Psph,0.285501047,3.186869073
Ppp2r5e,0.284858216,5.130365695
Ints3,0.283286,0.135441151
Ppid,0.28185453,-1.057587859
Ythdf3,0.280358951,-0.074901752
Tubb2a,0.280264114,1.033452411
Prkdc,0.277463051,4.891312918
Dr1,0.276906968,2.424098076
Scg5,0.274671028,4.226680371
Rhoa,0.271323743,-6.250511316
Tlx2,0.27098526,1.828874493
Anxa5,0.269331979,-1.720548501
Spink4,0.269289177,2.001350763
Sema4f,0.267840732,0.219260283
Slbp,0.267312563,3.211203802
Tm9sf1,0.266933963,2.64147254
Zpbp,0.266331866,0.684597471
Ndufb7,0.265829947,1.937612533
Myl6,0.265225672,-6.848371433
Stat4,0.265055726,-1.180480419
Cacna1s,0.264810321,0.519529463
Insm1,0.263722337,2.141079541
Edil3,0.262164689,-1.106517843
Arfrp1,0.260691966,-0.288378022
Mtap7,0.259840772,0.486381693
Adra2c,0.259725672,0.024983304
Mrpl33,0.256715844,0.370202366
Hist1h1a,0.25373788,1.013285917
Camk2b,0.250839707,1.181644093
Ankrd28,0.247328837,-0.128656277
Usp24,0.246530473,-0.442098661
Prtn3,0.239886195,-0.026580585
Kif2c,0.238899234,8.808345397
Ctf1,0.238772051,-0.682427854
Plxna3,0.237838014,3.344864853
Clptm1,0.237114856,0.951314875
F8,0.236819116,-2.797619264
Ecgf1,0.235265811,-4.214962017
Ccl5,0.234583346,-1.244081528
Tap2,0.234357857,0.437530665
Tgm2,0.231945772,-5.052466213
Hoxb7,0.231899786,1.106735955
Map3k12,0.231674815,-1.060995452
Mybl2,0.231462113,6.138066278
Zfp354a,0.229892863,0.915676701
5031439G07Rik,0.224403187,0.919482212
Supt6h,0.223751094,-0.681652324
Ptpn21,0.223085384,-1.730569784
Ntsr2,0.222088794,2.60608775
Cyp7a1,0.221111104,0.171441003
Sgk,0.219927148,-1.398800784
Trh,0.219616741,-0.663904053
Son,0.218854084,-0.920570749
Ring1,0.21847258,-1.621753248
Inha,0.216597792,2.46504741
Myf6,0.214274548,0.983256324
Sec23ip,0.212410741,4.514656359
Epb4.2,0.210472863,0.400338975
Timp1,0.209605628,0.533668536
9530068E07Rik,0.209126857,0.247479257
Tnp2,0.20743792,0.259721518
Fzd6,0.206150679,0.713532678
Skil,0.204189324,1.300088965
Edd1,0.202700119,3.619481835
Nmbr,0.202633745,0.340076336
Mllt1,0.200785039,-2.497348097
Slc25a4,0.200773495,-2.145413319
Fzd2,0.199816383,1.540844911
Fastk,0.198457927,2.660291221
Cxcl9,0.197983374,2.572787048
Sult4a1,0.195640353,-0.800103985
Slc6a13,0.191986204,0.804598324
Itgal,0.190304292,-4.245247617
Actr3,0.190286151,1.209507719
Ugt8a,0.18926854,3.751878725
Cdc45l,0.18822575,1.742237219
Fabp3,0.187820411,-0.002502013
Fgf6,0.187730718,-0.146293894
Nrd1,0.187103209,2.358878601
Rsl1d1,0.186981546,2.035817112
Fcer1a,0.186969967,-3.116073531
Sae2,0.18546474,8.096774798
Ctnnal1,0.185309113,-5.266112392
Wdhd1,0.183800621,1.186860065
Eppb9,0.182293657,0.521520758
Pscdbp,0.180378069,-1.668141409
Tnip1,0.180124431,-0.895725576
Mcm5,0.179879767,3.16573213
Sephs1,0.179866793,-0.001990006
Rabac1,0.176180549,0.7502078
Cacybp,0.176104401,0.936659732
Wdtc1,0.17585959,0.059415528
Carm1,0.174967884,0.189957958
Ict1,0.173891583,4.803675235
Gpr3,0.173797348,-2.263545996
Pax2,0.170442645,0.85168245
Sars,0.170116074,-1.144361319
Myo1c,0.169319128,-4.566074453
Cbx7,0.169005292,-3.993974826
Spdef,0.168679445,-0.157830588
Psma4,0.166558136,1.571965715
Sfrp4,0.166509303,3.39611271
Msmb,0.165437295,3.512855195
Stx4a,0.16194987,-0.677679193
Dnajc9,0.16137117,1.342942574
Bckdk,0.160756481,1.217749732
Des,0.158827622,-5.294268592
Pax4,0.158420226,0.647899166
Slc19a1,0.157919936,-1.123444029
Pdap1,0.156348059,3.227422617
Efna1,0.155021602,1.979043599
Sstr5,0.154014731,-1.113171691
Icam5,0.151172628,-0.309708332
Trappc3,0.149983153,-0.202112129
Txndc9,0.149415177,3.936254171
Nr2c2,0.147996838,0.357971834
Tbcb,0.147418677,0.263632178
Ttpa,0.147363001,-0.031194137
Gba,0.146603814,3.301339748
Fstl1,0.146069609,5.963828733
Vps41,0.144767323,0.202616649
Six1,0.144409821,10.76978974
Ercc2,0.142349193,2.074165768
Lmo4,0.142017027,-1.320990988
Sult1b1,0.141901381,-0.084903782
Snrpc,0.141840398,1.67237553
Cdh13,0.141517869,-4.217715269
Stk4,0.140833285,0.23464098
Cryaa,0.138301555,0.578076075
Rgr,0.136858509,-1.077612419
Bcl3,0.136834631,0.070892011
Lipc,0.136150383,-0.521035913
Ensa,0.135394549,1.987126633
Kcnc1,0.135359458,0.051836742
Rab3a,0.133986637,0.295456609
Cetn1,0.133836517,0.185240253
Fau,0.132103509,1.018850251
Ptprm,0.131611946,-5.370625644
Exosc10,0.130556921,0.483612166
Tnf,0.12952725,-0.03951086
Pim2,0.129074303,5.525475325
Ssr2,0.128039346,2.368232261
Btbd3,0.12800427,-0.089477966
Dad1,0.121474023,-0.162329571
Il13ra1,0.119812356,2.37267246
Cd19,0.118127455,3.725312276
Rab33a,0.116944082,0.780816135
Was,0.116532991,-3.39693253
Slc5a6,0.114879566,6.697005252
Abcc5,0.114616738,4.329988248
Jarid2,0.113935736,-0.446913819
Stk11,0.110065957,1.090445884
Gabrd,0.109766589,-0.174861058
Ccl25,0.109386607,-0.246668712
Gas7,0.107886543,-4.262495301
Fah,0.106272334,-0.645789253
Serpinf2,0.105005883,0.810565968
Neurog3,0.104160915,-0.660662594
Aqp8,0.102256229,-0.660755608
Cox6b1,0.101928492,3.555402056
Ttc1,0.101227289,0.365720977
Nkx3-1,0.098874606,0.300356728
Recql5,0.096733035,-0.471096244
Vamp4,0.096706621,-1.997976417
Npepps,0.095212865,3.216648813
Mrps26,0.095079245,-0.287669854
Arnt2,0.094715108,0.158517847
Nhlh1,0.092790278,0.540249946
Tspyl4,0.092611834,0.563777409
Wfs1,0.087485909,-6.66381589
Tmem159,0.087450859,4.683066113
Dnase1l2,0.085482513,1.416207285
Abca4,0.08485165,1.154312765
Kcnn4,0.082670358,12.33375908
Ssrp1,0.082168609,2.184842603
Tcn2,0.07806186,-0.474904049
Cox4i1,0.077809344,0.012554288
Sdha,0.077692441,6.593530836
Tcerg1,0.075309188,2.229100941
Slc7a7,0.074758289,-7.321585545
Dlgap4,0.072586451,0.294071979
Lhcgr,0.070858679,-0.53813723
Ascl2,0.066377585,2.07811734
Hapln1,0.064906402,0.981878183
Ppard,0.064686168,0.523695156
Nos1,0.064494876,-0.572835174
Tnfrsf21,0.062255679,10.31069037
Pms2,0.061432325,4.50671515
Drd3,0.059962865,2.343532535
Sardh,0.059177152,-0.007717288
Gnmt,0.058012479,-1.652667998
Soat2,0.051497839,1.057770671
p,0.051119012,-0.769859479
Wnt5a,0.051037959,2.525576971
Edn3,0.050513048,-0.474735958
Ttk,0.049608913,8.412982285
Cyp26a1,0.048864222,1.241299614
Cox17,0.048823475,0.308633699
Ltk,0.048344839,0.430825459
Blvra,0.048166749,0.158103078
Tmprss2,0.047398088,-0.846516268
Eed,0.047372585,3.875022763
Pop4,0.046265763,0.184986823
Emid1,0.043185197,0.017214798
Skp1a,0.043098877,-1.596132815
Astn1,0.042809781,-0.965832203
Tgm3,0.042656301,0.859786191
Tpd52l1,0.04035002,-0.114895775
Hoxb13,0.039357781,1.989483746
Nfix,0.039169318,-1.4285116
Darc,0.038511393,-6.13545742
Matn3,0.037747026,-1.42760094
C1ql1,0.037480223,2.49799269
Gli1,0.037198799,-0.042114314
Emp1,0.034607851,-3.905210769
Clcc1,0.034097,0.879368021
Dusp2,0.033805395,-0.099879594
Mast2,0.033577946,0.543157502
Slc12a4,0.03345702,-2.700794548
Gsto1,0.033372889,-2.016228976
Ass1,0.032299753,3.120833572
Eif2s3x,0.031379872,2.436941665
Foxh1,0.029406606,-1.057972889
C9,0.029343645,0.275610759
Pex6,0.02897615,2.760299113
Flot1,0.028579009,-0.782867249
Lif,0.027562645,0.535206168
Alox15,0.027492283,1.104019108
Cse1l,0.02714286,4.294500143
Fert2,0.026659615,-0.274215594
Mfap4,0.02653382,-6.827732918
Pnliprp1,0.024816731,1.552447039
Vim,0.023936341,-9.878633038
Vhlh,0.023239188,5.710761178
B3galt2,0.023005473,-0.540054381
Thrap4,0.021888705,-1.079364806
Sntb2,0.021172353,-4.937005478
Ddx49,0.020553723,-0.076387637
Slc3a1,0.020445453,1.212036611
Fars2,0.019585788,0.017486254
Camp,0.019446983,-2.013406564
Csnk1g2,0.019177297,-1.748840097
Stx7,0.018565966,-2.953485443
Unc50,0.018003692,-0.141637635
Gip,0.014890713,0.807932202
Imp4,0.014326026,4.777803432
Nkx2-2,0.013610812,0.91732574
Grin2d,0.013275775,1.201386449
Xpc,0.009226378,-4.163803926
Ttc15,0.005294952,-0.156018146
Actl6b,0.004068334,0.464779727
Tmem1,0.003230154,-1.015912807
Usp12,0.003167605,-2.515410641
Barx2,0.002592709,3.475767644
Hpgd,0,-3.322659475
Lss,-1.48173E-05,0.195239474
Mapkbp1,-8.50005E-05,-2.401902619
Ibrdc3,-0.001491007,0.027980608
Kcnh1,-0.001981885,-1.510472488
Traf1,-0.002795202,0.408876928
Pard3,-0.003084394,3.362653709
Pax8,-0.003422902,-0.17578908
Prss7,-0.003702353,0.357122641
Kcnd1,-0.003817137,-2.508130863
Rac2,-0.004036092,-1.319340303
Furin,-0.004288167,1.768034443
Pgrmc2,-0.005111654,1.156167812
Arf5,-0.005190155,1.316872283
Tubb3,-0.00552678,4.039097611
Mapk13,-0.006011121,8.683272739
Bcl10,-0.006155716,1.104622979
Lamb2,-0.006512846,-4.850287818
Ppif,-0.009495019,1.298534937
Col9a2,-0.011766943,3.018508119
AA407659,-0.012647452,0.199575747
Serpinc1,-0.013650922,-0.473333833
Fbn1,-0.013729195,0.117976777
Anxa10,-0.015949143,2.732040274
Oprd1,-0.016420099,0.057294978
Bmpr1b,-0.016473033,0.37915731
Deaf1,-0.018990588,2.039941114
Wrn,-0.019857319,0.234609576
Gpr65,-0.021282225,-4.033045574
Ttn,-0.02157631,-2.393305051
Eif2s2,-0.023115442,5.838442973
Capn9,-0.023153598,-0.008500944
Bche,-0.023925017,-4.760336502
Stx1a,-0.024101725,4.480042389
Ntrk2,-0.024810437,-2.293236521
Trip12,-0.025016621,1.721414173
Gfra1,-0.025388048,-0.738786893
Slc1a6,-0.028225784,1.741942699
Dnajc11,-0.028682475,-0.088594827
Med12,-0.029516526,0.476640279
Pom121,-0.030058225,0.831642748
Mapk12,-0.030197311,0.489194921
Xrcc2,-0.030334212,1.496184417
Adam11,-0.030598183,-1.287798195
Clk3,-0.030692219,-0.737647822
Cd48,-0.031365505,-0.352183963
Slc6a4,-0.03344001,-1.819282267
Psen2,-0.033869861,0.026577366
Zfp185,-0.034211752,-0.187287469
Mt3,-0.03422091,-2.827032329
Fgf3,-0.035502957,0.209248597
Adsl,-0.036154489,0.683295742
Klra2,-0.037171281,-0.786427854
Btn1a1,-0.039037594,0.173011184
Pde6a,-0.039380778,-0.423229881
Eif4h,-0.040845582,0.093211201
Ncr1,-0.04124842,-1.478595881
Tsc22d1,-0.041308724,-1.852882123
Pitx1,-0.041513464,9.497102505
Prkab1,-0.045666082,1.110981627
Ndufa5,-0.046977229,0.744596599
Orc2l,-0.047916855,2.076482231
Hibch,-0.047920757,2.507625279
Cdc42ep4,-0.048654892,-3.289396111
Pak2,-0.04947867,3.056350282
Kin,-0.049695268,1.792519455
Id1,-0.051715694,-4.873009003
Cxcr3,-0.051876546,0.549453405
Col7a1,-0.052814002,3.132612996
Cryga,-0.053014417,-0.07002178
Rbm6,-0.053067975,-1.208591551
D0HXS9928E,-0.054568942,0.742705486
Tff1,-0.054740838,4.705309956
Guca2a,-0.055464909,-0.179251764
Spock1,-0.055769309,0.779098613
D10Jhu81e,-0.057103914,0.03106539
Parp2,-0.057270554,2.370563341
Fos,-0.05760999,-1.709380409
Gzma,-0.057707147,-0.385184111
Srpr,-0.058916787,1.252261425
Ywhaq,-0.059481685,2.794940278
Slc5a1,-0.060264387,0.4946018
Fxn,-0.061609603,0.342566922
D17Wsu92e,-0.061637701,0.064828689
Mat1a,-0.062137623,3.836275786
Gfra3,-0.063266763,2.171509829
Mmp16,-0.063803716,1.047060211
Nhej1,-0.064572773,2.109229735
Anapc13,-0.065340742,-0.830841567
Ramp3,-0.074149144,-3.605414746
Ccl4,-0.075003099,-0.969825693
Rcor1,-0.076245065,-0.499603042
Tnfaip8,-0.079351054,-0.516932262
Thumpd1,-0.082064358,-0.653342042
Map4k2,-0.082708737,-1.753991263
Cdh6,-0.08290479,-0.300906168
Csda,-0.084615443,-1.668187761
Rdh16,-0.087234236,1.21550222
Lfng,-0.088778191,0.700562544
Bcat1,-0.08918583,0.562293639
Sag,-0.091260447,-0.721775362
Inpp1,-0.091683782,-4.434399185
3100004P22Rik,-0.09346287,-0.26654006
Aatk,-0.094137139,-0.829907232
Syt1,-0.096304569,0.806712116
Ptprg,-0.09714508,-0.165542015
Myh8,-0.097918722,1.641890521
Ikbkb,-0.098785075,0.010330649
Gadd45g,-0.098827055,1.646908116
Itgav,-0.101778229,4.828231904
Tsc22d4,-0.102652752,0.316496509
Tcap,-0.102787845,1.178335412
Nfkbie,-0.103623198,1.31940508
Cd22,-0.109468671,-0.271471942
Dlx2,-0.110000274,3.064714415
Rad17,-0.113258026,1.002274733
Adra1b,-0.113696035,0.268008896
Sub1,-0.115040845,5.048112301
Srpk3,-0.116066354,5.016559895
Cdx2,-0.116487667,2.133527429
Ly6h,-0.119086976,-0.60025884
Fgf13,-0.124626605,1.683205523
Nbn,-0.125493792,0.069758656
Tcta,-0.125941303,-0.448318933
Max,-0.127201351,-1.114981036
Chrna7,-0.12742772,-0.616211133
Cox7a2,-0.132615891,1.681081147
Prkcz,-0.134172556,-3.670299243
Il8rb,-0.134972507,-1.702709048
Spag9,-0.137034732,-1.898001133
Fxr2,-0.138394212,-0.928601466
Masp2,-0.138680745,-0.47960056
Cdh8,-0.139091876,-1.025137589
Sim1,-0.142494785,0.508671735
Frap1,-0.143169344,1.207391815
Rps15,-0.144161664,0.043683182
Bysl,-0.144928469,4.414788393
D4Wsu53e,-0.144974613,-0.490801286
Ccnf,-0.147449575,4.790290716
Apobec1,-0.148046431,-0.560001132
Odf1,-0.149083542,0.555588294
Mast3,-0.150910371,-1.725036722
Cel,-0.152430464,2.233926689
Dnase1l1,-0.152634125,-0.943598172
Cbl,-0.15461411,0.160341325
Tshr,-0.15481858,1.212068555
Mapk9,-0.156580595,2.56613947
Serpinb8,-0.15839886,-1.44495615
Tbx6,-0.158427623,-0.561214443
Fgf5,-0.158634286,-0.149584019
Cox8a,-0.159613262,0.880072868
Pknox1,-0.159764619,0.096376249
Polr2c,-0.159865045,2.928475371
Gdf8,-0.162168109,0.176972936
Pttg1,-0.16281145,5.209761493
Mbd4,-0.163427816,1.911648064
Mark3,-0.164883045,-2.488124081
Ccnc,-0.169826714,2.59887391
Ahcyl1,-0.170260578,-0.715955094
Evi1,-0.172898804,0.909012715
Gcg,-0.175127987,0.37009872
Whsc2,-0.176299729,0.476834837
Blzf1,-0.177686099,0.114393685
Rfx1,-0.180033086,0.05448181
Akt2,-0.180847483,-0.996968567
Sele,-0.182904803,-1.382272958
Dffb,-0.183937112,0.854631095
Ccdc130,-0.184169362,-1.064173463
Ptprn2,-0.185038051,-1.612534861
Foxc2,-0.186715607,0.013998851
Mknk1,-0.188605596,-2.649727473
Dbt,-0.189649847,0.456486314
Selp,-0.190635589,-6.365505169
Ddx52,-0.192405892,5.104135328
R3hdm1,-0.193200706,5.629444336
Impa1,-0.194556151,0.832394309
Pax9,-0.195654354,1.437505332
Msc,-0.196727512,1.43851289
Ube3a,-0.196791466,-0.586758355
Polr2d,-0.196814689,3.907008316
Tmem183a,-0.197428455,4.563185956
Hbxip,-0.197840436,1.831970059
Acadm,-0.198029691,1.825262578
Mmp11,-0.199800071,7.259298466
Ptgdr,-0.200155352,0.942747025
Centb1,-0.201620811,-0.498840631
Kpna4,-0.201930292,2.73701115
Abcc3,-0.203831244,14.6286281
Aff1,-0.20413025,-2.781569616
Avpr2,-0.206201573,-2.880799714
Dnpep,-0.208317589,-0.589577121
Fzd9,-0.209431651,-0.33160705
Park7,-0.209472363,2.416035716
Apcs,-0.209896872,1.25055737
Mrpl9,-0.211014697,5.701081811
Thpo,-0.214174215,0.645670265
Dync1i1,-0.214389763,-0.343884146
Sart3,-0.215676682,0.412095788
Slc7a11,-0.21805392,2.261320357
Plrg1,-0.219379573,0.825804531
Wdr61,-0.21973336,0.383797388
Rap2ip,-0.220237635,2.247793629
Crhr2,-0.22342168,1.87282037
Nomo1,-0.223993196,2.375518566
Isl1,-0.226032473,0.796699325
Pip5k1b,-0.226225554,1.353298273
Rhoq,-0.226413315,-0.807511359
Gpr12,-0.229316638,0.303537268
Epx,-0.230835179,1.626848907
Cyp17a1,-0.233738945,-0.605603825
Plk2,-0.237248545,-0.549219504
Appbp1,-0.240178492,5.077786562
Cpsf4,-0.240194852,0.572514723
Pfkfb1,-0.241629174,2.284702902
Plk3,-0.242401313,-1.605406292
Rpa3,-0.249281281,4.387312407
Ksr1,-0.251291175,2.169746135
Ireb2,-0.251770162,-0.00238166
Cdx1,-0.253740101,0.948561893
Psma1,-0.25566128,4.056289456
Gabra1,-0.255716419,-0.572516559
Tpo,-0.258588309,0.898932585
Il1a,-0.260665026,0.211142406
Itga2b,-0.262187898,-0.544618531
Tubb4,-0.263141922,1.054315614
Mpo,-0.266839354,-0.410122438
Atg5,-0.269391131,-0.740733193
Itgb4,-0.269604157,10.70851405
Stc1,-0.271530254,-0.011910704
Rap1gds1,-0.273697854,1.364156685
Zfyve16,-0.274981557,-1.0335949
Bdkrb2,-0.27546209,0.424848032
Rrm2,-0.276313959,3.832950196
Ube2g1,-0.27793535,3.551351867
Ppp3cc,-0.279006054,-1.928270473
Vnn1,-0.279695288,0.634460059
Psmc3ip,-0.282386079,2.261120698
Rab3b,-0.285532566,1.185894551
Amfr,-0.285626411,0.077927803
Senp3,-0.28602521,-1.335021568
Tcl1,-0.28656575,0.885152496
Efna2,-0.288082861,-0.304224335
Arhgdib,-0.290091813,-2.843225844
Tubg1,-0.293291978,6.565998878
Gtf2f2,-0.293601496,2.131936224
Tacr2,-0.298422896,-1.289779175
Tmem123,-0.299847801,4.689909612
Magi2,-0.301929874,2.93782959
Ugt1a7c,-0.302288945,3.736572708
Cckbr,-0.304640559,-1.167370715
Ulk1,-0.307165257,3.51280316
Cd96,-0.307295452,-0.121669275
Ptpn20,-0.307751105,0.289360174
Wwc1,-0.307993756,-2.100046048
Fgfr1,-0.313069795,-4.356490231
Dazap2,-0.314997226,-2.575924195
Tmem59,-0.319131431,0.176436134
Traip,-0.320016413,-0.314853598
Col19a1,-0.322160334,0.409446935
Fbp1,-0.323557724,-5.697198582
Chrnd,-0.332074253,0.543075174
Icos,-0.33334766,-0.374425776
Tnni1,-0.335097299,2.197488719
Ubc,-0.336186905,-2.469822458
Spnb3,-0.338497874,6.446023063
Aars,-0.339030239,6.739886009
Cops3,-0.341767284,-1.254598661
Akap2,-0.342661071,-6.356832137
Atf5,-0.344841551,2.234360223
Bmp10,-0.347043312,0.691793614
Kif1a,-0.349019117,0.137059643
Il12rb2,-0.350749354,-0.052816318
Adam15,-0.351125493,0.97290967
Tbce,-0.351452055,4.152080555
2700085E05Rik,-0.351966369,0.551022463
Ptprn,-0.353549544,0.747103427
Ndufb3,-0.353819756,6.313942034
Lrrc6,-0.353960759,0.5441014
Kcnj9,-0.354462551,0.06078238
Cdh15,-0.357679181,-0.339499335
Dync1h1,-0.361070268,-0.639300513
Il15ra,-0.361147886,-3.029994851
Kcnab2,-0.366882065,-6.151568378
Utf1,-0.3668997,-0.259812129
Rere,-0.367577354,-2.398683156
Mgat3,-0.367783047,-2.673032348
Gabarapl1,-0.368072963,-3.655885702
Aldh3a1,-0.368716996,2.32036195
Cnn1,-0.373722077,-4.580655754
Slc6a15,-0.374703017,0.283107515
Per1,-0.377440981,-4.515122298
Nfatc2ip,-0.382927728,-0.313469076
Kif2a,-0.384803779,6.925184152
Kcnj12,-0.387596902,-0.768038045
Slc22a6,-0.388241844,-0.174948086
Usp2,-0.39388979,0.087197182
Nnmt,-0.394697518,-0.178976267
Uros,-0.401931463,1.481335643
Col6a3,-0.40300701,0.385566124
Cst7,-0.403564834,-2.573942418
Mbd1,-0.407840137,1.531976731
Aff2,-0.407967339,2.000378046
Tcea2,-0.409227735,-0.508808297
Myf5,-0.411641444,0.584794326
Bcas2,-0.411844746,0.053327087
Bapx1,-0.41283192,0.058506571
Casp6,-0.413330328,9.616099981
Acy1,-0.414338801,1.240098569
Ptpn12,-0.414809614,-0.372101619
Sox13,-0.415915888,-3.913363565
Mrpl49,-0.417561756,3.493060148
Bzrpl1,-0.420231391,0.00941689
Coch,-0.420686282,0.415724533
Stxbp3a,-0.420855977,-0.19487655
Mtrf1l,-0.422742866,0.546729078
Tmem5,-0.423969408,7.041260254
Pcp4,-0.426510178,7.133635763
Pfn2,-0.426955629,11.18076019
Pgf,-0.427042243,1.413454956
Cox5a,-0.427582578,5.836216849
Gbas,-0.431780816,2.489933961
Sycp1,-0.433702387,0.104102505
Tead1,-0.434923988,-0.032876216
Adcy2,-0.436395553,-1.234169126
Wdr42a,-0.436746805,-1.155269691
Krt10,-0.440351382,3.653612141
Cd8a,-0.440805217,-0.721835344
Chgb,-0.443316302,0.939405847
Arhgdia,-0.443559504,-1.111798881
Cdc16,-0.443877547,0.232379614
Xpo6,-0.445055224,0.748907781
Gpaa1,-0.445898016,1.849783107
Oprk1,-0.446486438,1.240720271
Rad51ap1,-0.446972158,0.18318292
Myt1,-0.448046915,-1.304700465
Mapk3,-0.448335415,-0.256201098
Gbe1,-0.45396227,-1.323605858
Nr0b1,-0.454436058,2.418080737
Cebpz,-0.457337721,1.964106098
Gata6,-0.458923234,-3.178069665
Rnf103,-0.460454633,0.260596553
Sox5,-0.460664149,-3.839768532
Ghrhr,-0.461183209,0.352826619
Dpysl2,-0.462605999,-8.303317411
Cited1,-0.463129336,1.674108816
Gcnt2,-0.46447441,-0.202070024
Urm1,-0.465454944,-0.176980686
Rac3,-0.466617071,4.690673751
Dag1,-0.466756432,-0.806196976
Pdia5,-0.469189115,2.967779324
Hnrpa1,-0.472163304,0.297890236
Oat,-0.474429925,11.6967492
Cpne6,-0.47463124,0.32178398
Dscr3,-0.475201799,-1.151199844
Clcnka,-0.477173445,0.091387215
Pou5f1,-0.478117634,5.40405108
Avpr1a,-0.479150076,-0.159684708
Hpxn,-0.482798194,-0.266056683
Sh3gl2,-0.484707916,-0.009224352
Cldn8,-0.486794315,1.264179371
Gja8,-0.487379351,-0.07669725
Ptges3,-0.488388436,4.549030003
Krt16,-0.491656711,2.226771818
Cops2,-0.492018606,0.402927257
Ube1l,-0.496043025,-0.906015179
Setdb1,-0.497974536,3.84455992
Hsbp1,-0.49972261,2.161312528
Pcdhgc3,-0.499843086,-5.396932742
Capzb,-0.503064386,-2.243205767
Swap70,-0.5049927,-1.636744682
Baat,-0.506471122,0.566595446
Slc25a20,-0.508490708,-0.195076696
Ubox5,-0.512300721,8.461741571
Fgf18,-0.513131328,-3.872012559
Kcna1,-0.513991815,-0.416307437
Akp2,-0.515195288,-5.092690999
Cbfa2t2,-0.515405066,1.856739663
Sc4mol,-0.515738736,-1.10036154
Adam28,-0.516008782,6.737997399
Cd86,-0.519602601,0.530051795
Top3a,-0.519815192,0.528898531
Dao1,-0.52058386,-0.904709726
Upk2,-0.522340772,-1.011420397
Ubr2,-0.528573655,-2.713345785
Smpdl3a,-0.533656327,1.048723884
Frzb,-0.534710621,-0.11929293
Acyp1,-0.537772174,1.341688628
Fgfbp1,-0.538938097,0.756656931
Ndc80,-0.54032094,5.577909428
Egf,-0.545839731,1.80937158
Il12b,-0.546667315,-0.678297321
Sftpd,-0.549858042,-6.532826492
Naca,-0.550350484,4.981435017
Pgcp,-0.551412182,-2.957316406
Plcg2,-0.552139259,-0.957643032
Vti1b,-0.555692125,-0.011078167
Gprk6,-0.557422144,-1.063585501
Fgf4,-0.559912283,1.416872719
Mdm2,-0.56030524,0.945776901
Dmbt1,-0.561363073,-1.809662202
Arhgdig,-0.565997147,-2.143535023
Actn3,-0.566153935,0.061249681
Pi4k2a,-0.567319098,0.228751539
Fxyd2,-0.567747947,2.952063154
Ryr1,-0.569408112,1.143069728
Spg20,-0.570524522,-4.074572864
Tshb,-0.571785671,-0.335673446
Slc10a1,-0.57260928,0.676574196
Rbm4,-0.576728299,0.856955442
Apoh,-0.576893925,-0.05890515
Slc25a13,-0.578058708,2.96898766
Mars,-0.578573321,6.586022627
Pld2,-0.578802154,-0.540296664
Trhr,-0.579704202,-0.709020839
Cherp,-0.581575511,0.049017457
Il10,-0.583618345,-0.450466586
Lct,-0.583722048,0.082336227
Myo1d,-0.583903878,2.558349949
Dctn1,-0.584312902,-1.519164218
Iqgap2,-0.585023619,0.454304931
Nr0b2,-0.587539123,1.571941159
Naalad2,-0.588958129,-0.045573356
Pbef1,-0.590609164,-0.19368373
Uvrag,-0.592739233,0.295964724
Ufd1l,-0.594319979,0.35783377
Dohh,-0.596394388,-2.011840744
Aadac,-0.59652983,-1.892949741
Limk1,-0.598035836,0.261925334
Etfa,-0.600899765,1.876892934
Tnfrsf4,-0.602692851,-0.481069733
Psmd9,-0.602802617,0.270819102
Insr,-0.60416851,2.060156336
Gli3,-0.604722,-0.899659128
Zkscan5,-0.607165577,-0.465677088
Tmem106c,-0.613060995,14.43962379
Mtmr1,-0.613997513,1.761122674
Gp1ba,-0.616607928,-0.167114184
Tgds,-0.61740481,2.551740377
Gdi1,-0.618171606,-0.630488769
Aox1,-0.6189283,-4.040300861
Rap2a,-0.618956056,0.323472368
Rit1,-0.620269484,1.920063389
Pgam2,-0.623267083,0.510256993
Ifnb1,-0.624560644,0.073035156
Lck,-0.624878033,-0.276420929
Ckap4,-0.626245625,2.569383988
Stam2,-0.626503228,4.333003216
Top3b,-0.627005477,1.27760835
Cd302,-0.628523373,-6.00921029
Rgs4,-0.629353384,1.938979268
Gpd2,-0.630764349,4.062576978
Brd3,-0.635040982,-1.668882562
Aldh3a2,-0.636670401,0.884922774
Nphp1,-0.64357004,-0.062725036
Grin2a,-0.643946212,1.618601596
H2-Oa,-0.644009043,-1.694171276
C78339,-0.645032445,-0.875264584
Jund1,-0.647657681,-3.891780772
Myog,-0.64783632,0.005079096
Centd1,-0.651859731,-3.381163026
Gldc,-0.652684872,0.094191951
Ppapdc1,-0.656613487,0.040170562
Dapk3,-0.657862433,-0.954404374
Mgmt,-0.66045405,0.954834339
Alox12b,-0.662474493,1.630427235
Celsr2,-0.665440258,1.258259859
Il6,-0.669198839,-1.971308178
Ap2b1,-0.669824064,-0.372361005
Gjb5,-0.67601434,0.581551391
Col9a1,-0.678292015,-0.020568794
Arid3a,-0.678989066,5.293535605
Nr1h4,-0.682564157,1.869029439
Nab1,-0.686160995,-1.159322434
Zic3,-0.687187705,0.583879166
Ache,-0.690432009,-0.617011175
Hesx1,-0.697385308,0.93294387
Adam12,-0.698186671,3.141478114
Car4,-0.698513688,-4.237948542
Spna1,-0.6991073,-0.838321033
Eral1,-0.700189067,1.936089087
Ndufs5,-0.706360621,1.443342499
Rnf10,-0.709013602,-2.10444481
Trim25,-0.712443554,-1.473427721
Tnc,-0.714715145,0.41424366
Aoah,-0.71508469,-2.374908218
Magoh,-0.7168298,0.97128623
Gcm1,-0.718238538,-0.037299806
Zfp259,-0.72077902,2.694907169
Dlg1,-0.723139476,2.98422814
Tnfsf11,-0.725520087,3.092591698
Bfsp1,-0.729713717,-0.370643907
Tesk1,-0.73238728,3.054478573
Adprh,-0.733089431,-1.957305779
Rgs10,-0.734049553,4.422721827
Adrbk1,-0.739845973,0.913078011
Ctbp1,-0.746038043,1.848229924
Azgp1,-0.753341489,3.423188237
Esrrb,-0.754202755,0.636147198
Parn,-0.75494732,1.103732976
Il13,-0.758109271,0.270239111
Dmp1,-0.7593199,-1.080578604
Azi1,-0.76122242,0.497990807
Lgals9,-0.771216101,-1.706166281
Grik1,-0.771923656,0.435235728
Ctsf,-0.772911739,-1.906381407
2610209M04Rik,-0.773753749,-0.097155465
Nmb,-0.782261555,1.394846225
Ereg,-0.786285173,1.361329832
Ecm1,-0.786591045,0.116755303
Ercc1,-0.78730398,1.680868833
Pltp,-0.794783394,-0.303146406
Prl,-0.79749325,-0.402035024
Hpcal1,-0.800717811,-4.004998419
Hltf,-0.803321269,7.501071476
Klrg1,-0.806371645,0.131547903
Ei24,-0.807199865,0.03234523
Speg,-0.808793283,0.604530919
Grpr,-0.809641537,-1.097489728
Notch2,-0.812518358,-1.012242392
Tsc22d3,-0.813209582,-5.637511092
Ascc3,-0.813553786,0.446424249
Hsd17b3,-0.813733107,0.114605517
Clec11a,-0.815336184,0.813108368
Gart,-0.815822639,2.688487516
Got2,-0.817837056,4.089080059
Csrp1,-0.818020519,-5.655189675
Il7,-0.823586722,1.321847172
Cdc25b,-0.824934043,1.376779843
Grb10,-0.831246987,-0.228325361
Gad1,-0.836561968,2.657860646
Slc12a3,-0.840237737,-0.053582255
Ogt,-0.84026053,8.85811058
Ppyr1,-0.841650988,-0.863421734
Apc2,-0.84329729,-0.440513948
Socs1,-0.85098188,-0.631423396
Gnat2,-0.851226321,0.265674259
Epb4.9,-0.852556264,-1.792810845
Map4k1,-0.860248957,1.492974877
Blm,-0.8617851,2.246624342
Slc10a3,-0.864067145,-0.117921413
Acta1,-0.866212737,0.710903875
Apba2,-0.868145936,1.823052588
Dio1,-0.872197639,1.105871702
Nxph2,-0.875158125,-0.952441153
Adra2a,-0.877173951,-3.148312157
Zfp318,-0.886775814,2.108824051
Guca1a,-0.886845357,1.097334821
Nkx2-9,-0.891990985,0.247229055
Pou1f1,-0.892248619,0.907220858
Pip5k3,-0.894093408,-0.256275169
Pold1,-0.898553807,-0.827683405
Myh10,-0.899194498,-4.561988481
Rabep1,-0.899501473,2.656157502
Senp6,-0.900468767,-0.493605342
Bag1,-0.902967966,-0.046203042
Myst2,-0.90430988,2.702069485
Sh2d1a,-0.906537738,0.323408953
Sf3a3,-0.907999715,-0.919237899
Cad,-0.911841076,13.09909212
Usp22,-0.912986928,-0.162181659
Foxn1,-0.913365372,-2.940676883
Nt5dc1,-0.915806325,19.54691637
Dffa,-0.924216116,1.875634292
Alox12e,-0.925946351,0.563654744
Gbf1,-0.926522188,1.741661286
Clgn,-0.927044061,1.479623527
C8g,-0.927136233,0.583769341
Rtn1,-0.927438559,-3.519644289
Mst1r,-0.928534096,7.814347436
Trap1,-0.928905862,10.36185266
Neurod2,-0.931425925,-0.260287195
Sstr3,-0.936220115,-0.640784389
Mrc2,-0.937087002,-1.528992281
Traf3,-0.939423698,0.471904031
Itpr1,-0.951471789,-5.114516759
Agtrl1,-0.95428442,0.908168797
Sdc4,-0.95750485,-2.986941819
Rel,-0.959896829,2.281648212
Col4a3,-0.961478658,-4.604101231
Ercc3,-0.965900819,1.982289202
Cenpa,-0.97003837,6.659091305
Tff3,-0.972846846,8.810221195
Lhb,-0.977853688,1.016489795
Thy1,-0.980055187,2.151961299
Sorbs3,-0.984403486,-3.904153606
Wsb1,-0.986824174,-0.434956492
Tyk2,-0.988731775,-0.814467705
Ctsw,-0.99263582,-2.563028224
Guk1,-1.000458332,0.749566677
Pclo,-1.001002314,1.112782641
Snx13,-1.001445165,0.001626185
Col4a1,-1.003330934,-0.947043666
Casq2,-1.004338351,-3.685470252
Psip1,-1.004390293,1.105354466
H1fx,-1.007783106,0.824079515
Gli2,-1.012455198,-0.604605294
Ttf1,-1.01358222,-0.17123859
Kcnq1,-1.019304731,1.333464977
Coro1a,-1.022681075,-1.935919924
Mllt11,-1.024512866,1.67346694
Nek7,-1.029116008,-4.008926015
F12,-1.030427348,-0.066754091
Trafd1,-1.035343641,-0.324473002
Sac3d1,-1.035839699,3.434963539
Twf2,-1.042174231,-5.353118933
Evi5,-1.047121698,-3.722452416
Kcnh2,-1.051768655,1.300649912
Il2rg,-1.051840036,-0.020540947
Actn2,-1.053092022,-0.321339712
BC048355,-1.057820279,5.978312981
Zbtb17,-1.064974904,0.759595717
Ephb6,-1.064995867,-2.611317634
Shmt2,-1.065874933,8.209381167
Cbln1,-1.066552377,0.301057217
Galr2,-1.070435797,-1.049296908
Diap1,-1.070948677,-1.860675979
Pde6g,-1.07308052,0.438331195
Aprin,-1.073233914,-0.780095017
Cdkn3,-1.075611698,4.568780731
Tyr,-1.0772754,-2.480154049
Nefl,-1.078588606,0.402730303
Blr1,-1.087937682,-1.080131522
Cadps,-1.099001544,0.095073573
Rmnd5a,-1.106081333,0.271484848
Tef,-1.106184346,0.393925431
Khk,-1.109780315,-0.328102686
Rnd2,-1.109953484,0.70099542
Sntb1,-1.111102265,2.030881973
Pdlim4,-1.112147433,1.327180053
Aldh1a1,-1.114645377,-0.26947446
Arhgap6,-1.115849034,-4.988288861
Zw10,-1.117946,-0.240757991
Tm4sf1,-1.117995366,-1.580872926
Clca3,-1.124201365,-0.08088787
Taf11,-1.129503843,1.41172571
Cacna1c,-1.131731459,-0.442352164
St8sia3,-1.134274615,-0.039657546
Nf2,-1.136806884,-0.411996399
Dpf2,-1.13747705,-0.021082049
Adam22,-1.142065284,0.815767609
Icam1,-1.14398935,-1.664575396
Itm2a,-1.144123931,-5.577325251
Rbl2,-1.148846618,-0.98176459
Hyal2,-1.150943378,-1.728641787
Rsu1,-1.156596385,-2.258920992
Sgca,-1.159082385,-2.803858738
Bmp7,-1.160224554,1.400425803
Ltbr,-1.164598722,2.216122415
Fgf2,-1.169014967,-1.378818441
Ccr7,-1.179517945,1.771225043
Dctn5,-1.183298293,1.16071848
Nptx2,-1.185651631,1.994870776
4121402D02Rik,-1.186570387,-1.347255649
Grap2,-1.189185558,0.796972456
Oaz2,-1.195719839,-2.275039637
Tnfaip3,-1.197474718,-1.762462936
Apod,-1.199592018,1.599819643
Gosr1,-1.201005961,0.887415653
T,-1.201913212,1.452669479
Hrc,-1.202020843,0.164181349
1110036O03Rik,-1.204946072,1.105426361
Pde6d,-1.215252396,0.805050093
Pold4,-1.215617116,1.863771847
Sema6c,-1.217958137,-0.370056629
Gpx7,-1.218053549,-0.188196375
Ubl3,-1.219720925,1.446649159
Apoc2,-1.220551237,-0.891811601
Ccng2,-1.226883855,6.58577325
Fasl,-1.229820219,-0.480470669
Slc2a5,-1.23066524,-0.035355182
Gpx2,-1.231486339,10.30308311
Klf1,-1.239464122,0.216034577
Nr1d2,-1.241529658,-0.624174482
Col4a2,-1.24499158,-3.598731792
Prpf8,-1.249981245,-1.451987097
Bai1,-1.250420247,-0.049692221
Tmc6,-1.250919741,1.166147228
Ccnd2,-1.259266189,-3.869026088
Rnf44,-1.260466627,2.287658208
Smarcd1,-1.267207519,0.512686271
Kif5b,-1.268395179,1.210117051
Cdkn2b,-1.270194004,-2.318169188
Cpa3,-1.276469402,-3.438969746
Tmem115,-1.278261952,-2.458939447
Pdcd4,-1.284929677,0.265771713
Ttc35,-1.285417563,4.702977537
Pkn2,-1.285843203,-0.680984553
Jmjd6,-1.285859275,-0.879486485
Drd2,-1.287336371,0.091448922
Pigr,-1.288199695,2.029816572
Ccl22,-1.29066866,-0.22266015
Il12a,-1.292276455,-0.403033646
Shh,-1.293376722,-0.043470348
Shoc2,-1.294804533,-1.84159026
Chuk,-1.29724516,1.578381403
Aldh1a3,-1.300867242,-0.071214025
Sacm1l,-1.302847818,-5.668407745
Rxrg,-1.303332915,-1.739769105
Crkl,-1.305140398,0.720888341
Bcap31,-1.306349773,2.028745035
Krt2,-1.3111438,0.080807458
Wbp4,-1.317411666,-0.334763007
Ncor2,-1.31763366,-5.057266157
Ktn1,-1.317680088,-0.375800793
Arl3,-1.321688251,-0.629100523
Stxbp1,-1.324262531,-0.084137135
Pole2,-1.32569483,0.771280347
Coro2a,-1.326229069,0.117901161
Fads1,-1.332192133,-1.087716244
Fubp1,-1.333415287,2.992596119
Csn3,-1.334256652,0.043562814
Cyp7b1,-1.336845559,0.856431876
Stt3a,-1.340376022,1.549750089
St8sia5,-1.347701246,0.564103947
Wnk1,-1.353659186,0.446186898
Penk1,-1.358664516,-0.204076108
Gapdhs,-1.36776492,0.093407324
Adamdec1,-1.385277247,3.666337361
S100a8,-1.387416661,-7.452172933
Adra1a,-1.388310612,-1.105910866
Lyn,-1.389007924,-1.310311286
Gss,-1.393175431,2.932607894
Cx3cr1,-1.393784144,-2.368535078
Pvalb,-1.39587615,1.040578139
Gzmk,-1.398913441,1.607983861
Mbp,-1.402587953,-0.465651696
Gprasp1,-1.406149541,-1.136521937
Snrpa1,-1.409558469,3.337183383
Wwp2,-1.422549687,-1.581544566
Fdft1,-1.425781966,-0.845526782
Stx8,-1.426860702,0.17761312
Cps1,-1.429760504,3.990048623
Nedd9,-1.432676072,-2.630653058
Ncaph,-1.443880014,0.006699677
Ppie,-1.445862061,1.761353486
Mx2,-1.447485656,0.578492025
Cluap1,-1.449353401,0.155009255
Igfbp1,-1.450713549,0.352290568
Ddc,-1.455169316,3.219942209
Prodh2,-1.461680143,-0.151786851
Gdf1,-1.462331109,2.084797442
Prkcm,-1.464697226,-1.546606426
Il10ra,-1.466719199,-4.160726886
Slc1a5,-1.466980211,4.221416471
Slc30a1,-1.473919232,1.651663656
Cebpd,-1.474775528,-5.427209064
Cyp24a1,-1.486386973,4.965029563
Ifngr1,-1.494174819,-7.19465439
Gnl2,-1.499358991,2.743825768
Thbd,-1.500393742,-7.253007886
Hspa4l,-1.50114881,2.464108429
Pgm2,-1.502102818,-2.002508413
Il2,-1.504508703,0.314212639
Fh1,-1.507931331,5.000915506
Sgcg,-1.510885226,-3.694201344
Casp4,-1.512010498,2.658975637
Ms4a2,-1.518898084,-3.376600872
Chchd2,-1.524749853,-0.593649732
Syn2,-1.529031431,-0.295370506
Stat5b,-1.531548251,-1.634021113
Ik,-1.531769398,-1.511288625
Nras,-1.542248228,2.047598398
Cetn3,-1.545567316,0.914510394
Terf2,-1.562925328,1.222291432
Pnn,-1.563246682,7.169531417
Mat2a,-1.564056861,1.748299182
Plcb3,-1.565398062,1.20557192
Pip,-1.56613665,0.004033626
Ralb,-1.567261642,-4.176563027
A130034M23Rik,-1.56828759,1.938286548
Dlx4,-1.571844919,-0.138352382
Pcsk1,-1.573765423,2.454088779
Rhoh,-1.574444189,1.839631553
Cry2,-1.577565378,-0.774589192
Fgfr3,-1.578296283,0.965846431
Ssb,-1.578475233,3.20975374
D3Ertd300e,-1.58553284,0.346309353
Arhgap5,-1.58644213,2.556366376
Brap,-1.587311565,-0.402675638
Fhl2,-1.590415088,5.347980383
Sfrs7,-1.591358314,-2.214207086
Srp54,-1.594379034,6.120047451
Chrd,-1.595090626,0.069710514
Myom1,-1.595823682,-2.186261144
Psmc3,-1.601636625,-0.100016377
Jak2,-1.603556855,-0.612179713
Reln,-1.605269622,2.437303482
Psmc1,-1.607874542,1.699256578
Rarg,-1.609260672,-1.950982398
Nfyb,-1.611031746,0.564238339
Ppp3ca,-1.612190159,-0.09985787
Reps1,-1.616001597,-0.614953098
Lrp6,-1.619285961,0.012140528
Il6ra,-1.622309514,-1.49493465
Ap2s1,-1.628376961,0.338629725
Cbx5,-1.629235675,0.155557316
C3ar1,-1.63741318,-2.209444081
Pkp4,-1.638634559,2.424393139
Mphosph10,-1.641815,2.675927539
Tcf1,-1.644395131,-0.095473859
Huwe1,-1.648308397,2.020906528
Cyp27b1,-1.649027584,0.485380052
Rgs7,-1.657354761,1.215960894
Melk,-1.65893467,8.7962262
Ppp2r1b,-1.660589449,2.768084812
Mcl1,-1.661848856,-2.639843739
Tst,-1.663562395,1.3619631
Abcc8,-1.663929887,0.986291652
Atp4a,-1.668853647,-0.325405093
Kcne1,-1.67043377,-0.240923204
Meox1,-1.671494311,-1.180032328
Inhba,-1.680000312,-0.295992501
Cxcl5,-1.684152444,1.748699883
Chrnb2,-1.685396466,-0.000452043
Col1a1,-1.68935043,3.40843789
Ptgds,-1.690325104,-6.213187167
Lep,-1.694375724,0.987391199
Nudt1,-1.70043275,2.241944213
Nat2,-1.703625331,1.171849935
Srrm1,-1.709780136,-0.115008491
Il5,-1.715243329,-0.045753255
Pthr1,-1.716512506,-5.496329426
Syngr4,-1.719524609,0.335447867
Stc2,-1.725411459,0.68950747
Gnb5,-1.730699918,0.866478652
Serpina5,-1.733910221,-1.090469465
Serpinb9,-1.734342481,1.612689919
Tubb2c,-1.734556974,1.405928035
Tspan5,-1.742821683,7.873158993
Fadd,-1.749509993,2.700522749
2610101N10Rik,-1.750518149,0.512967087
1110014N23Rik,-1.751699028,3.572495763
Ren1,-1.75218996,-1.169265478
2310022K01Rik,-1.752822903,0.631163987
Dok2,-1.756068908,-5.123274094
Capn2,-1.756328952,-0.768836919
Fech,-1.758139429,0.132419677
Psmb4,-1.761361539,6.016047368
Gabrr2,-1.766061739,-0.541467008
Btd,-1.781605119,-1.278196083
Tsg101,-1.785428201,1.301393798
Kcnj5,-1.790459874,-0.136246519
Myod1,-1.794275798,0.025380286
Vcam1,-1.795927537,2.329510736
Ptprr,-1.800585041,-0.628851294
Ahsg,-1.802005459,0.653648189
Trp63,-1.804716503,0.798055257
Cep350,-1.813100844,-0.033225569
Gp5,-1.81389866,0.392732667
Ccdc52,-1.8394743,-0.105919967
Stag1,-1.846668789,1.008158815
Mdm1,-1.847275107,1.620170835
Abcb10,-1.848160477,0.701520706
Pklr,-1.848486466,0.415114034
Nipbl,-1.85863716,0.298851861
Arhgef1,-1.859253915,-2.390034101
Dntt,-1.861589912,0.696465865
Krt4,-1.86398153,-0.981624764
Anp32e,-1.868470526,4.755918339
Gast,-1.870440092,0.432106381
Gata1,-1.876310323,-1.251761417
Itgb5,-1.878449661,1.359120622
Dync1i2,-1.880434949,0.493246761
Bphl,-1.882995363,4.077635165
Gas6,-1.892935226,-7.104733796
Lrig1,-1.894228057,-0.396176806
Vdac1,-1.895522372,3.554732397
Aqp9,-1.896064072,-5.271719488
Cd83,-1.896996975,-1.646997331
Gabrg2,-1.897933378,-1.06278461
Slc4a1,-1.92200393,-0.231652778
Cdk5r1,-1.928524299,1.026194814
Atg7,-1.934422063,0.603104576
Crip2,-1.941965582,-3.481898221
D5Ertd40e,-1.945251561,0.901561556
Ccna1,-1.948593104,0.053010612
Tcf15,-1.949875651,0.820457755
Polr2a,-1.953434408,-1.177911143
Gpr37l1,-1.95417517,-0.081110822
Grm8,-1.958847749,-0.712508339
Rpa1,-1.962695148,0.771008598
Slc11a2,-1.964169181,0.857129754
Trpm1,-1.964486026,0.186550088
Dld,-1.965988215,0.605239222
Fap,-1.966233498,10.50587456
Tnfrsf11a,-1.973660868,4.490103447
Ptpn9,-1.985269308,0.567341401
Acvr1,-1.988920994,2.987115659
Sema3a,-1.990494253,3.074973282
Inhbc,-1.992617752,-1.218406166
Gc,-1.998751032,-0.49986029
Map3k5,-2.015873582,-0.223371283
Hmgcs2,-2.017257897,3.382415392
Akr1c6,-2.017659495,8.860044781
Mras,-2.022526031,-0.068544283
Zap70,-2.032087851,-0.191785086
Pink1,-2.045846745,-1.846998509
Khdrbs1,-2.049228483,1.8890205
Prlr,-2.051480775,3.617987232
Klf4,-2.056584037,-3.140014723
Nos3,-2.056848305,-1.175041678
Prpf4b,-2.05707157,1.346372044
Pdyn,-2.060502385,-0.742350764
Gclm,-2.063893919,4.354247528
Slc11a1,-2.066211685,-2.681370105
Hspa2,-2.071241925,-1.905346918
Ldlr,-2.073488719,-3.161314676
Slc7a8,-2.089715215,-2.744990749
Zp3,-2.090162811,-0.248884554
1110004F10Rik,-2.092365206,0.736811961
Samd4b,-2.095236235,0.267357576
Dnajc2,-2.0952478,2.601150911
Vipr2,-2.097043036,-0.971560318
Gnrhr,-2.099972207,-0.090131145
Parp1,-2.100028848,7.621933582
Dnajc7,-2.101453976,-0.780731255
Ddx21,-2.104785076,0.921224567
Oprm1,-2.109189177,-0.390345408
D14Abb1e,-2.113675134,-2.284497306
Ctnnbip1,-2.114871826,0.455896276
Plcd1,-2.116546551,-2.694302005
Pcnp,-2.116768967,0.483487707
Capn6,-2.124412523,0.124883535
Cdc7,-2.125423334,2.484312793
Hic1,-2.127267171,0.164134217
Abhd14a,-2.137402463,-2.686659604
Gm98,-2.137603406,-4.718943143
Cdon,-2.147987796,-0.141816371
Pla2g4a,-2.149228897,0.681623078
Efnb1,-2.151064259,-2.127813514
Ndph,-2.153353756,0.079010761
Cdc25c,-2.174030394,2.361743253
Dusp9,-2.179712899,-0.97374688
Rgs6,-2.185094387,0.858747571
Cap1,-2.18521832,-0.883406673
Pdgfb,-2.188154412,-2.95411591
Lgals1,-2.190002012,-1.140240256
Map2k3,-2.192692592,-2.262294074
Tiprl,-2.193302878,2.158191046
Cd5l,-2.193508505,-0.780836448
Gap43,-2.196698149,0.40210571
Usp1,-2.197532408,1.404636253
Hes2,-2.203243378,-1.302309005
Saa4,-2.204578769,1.706723974
Baz1b,-2.208084797,1.103888499
Gfap,-2.208935982,0.017981473
Sec23a,-2.215911338,5.540308742
Mfn1,-2.21820395,1.530814868
Rbck1,-2.231437993,8.898596374
Fbxw2,-2.239223556,5.388186686
Zp2,-2.239705348,0.440433659
Psmd6,-2.258504462,-0.586797772
Mcm3ap,-2.26450128,-0.128684546
Nvl,-2.265292629,1.021871379
Lypla1,-2.266241058,8.839111157
Zfx,-2.269009657,0.461795128
Pola1,-2.278218789,1.302972526
Vbp1,-2.27991623,4.948783089
F5,-2.285258102,2.045478891
Nrcam,-2.289063457,1.197479084
Rad23b,-2.29426549,2.333015747
Bms1l,-2.296859174,0.224938694
Gpr50,-2.298150612,-0.014573038
Nudc,-2.303031243,0.354862497
Slc6a8,-2.304795662,4.175012902
Tnnt3,-2.307465201,0.202882213
Ntsr1,-2.307630742,-0.917798007
Ephx2,-2.316259218,0.050751668
Pvrl3,-2.318835938,-1.161885875
S100a10,-2.322052755,-1.983866089
Rock2,-2.322750621,-1.060472779
Cetn2,-2.333076561,-0.4944859
Sms,-2.333422054,0.971672172
Phgdhl1,-2.340670099,-0.369106849
Ilvbl,-2.345733099,0.677038053
Bgn,-2.346274788,0.843128596
Efs,-2.346389448,0.316740033
Col5a2,-2.351042471,4.580379952
Rage,-2.352118426,1.650698614
P2ry1,-2.35632384,1.336422724
Nell2,-2.357634338,-0.410327545
Plk4,-2.358343026,1.366153489
Nr1h3,-2.358913271,0.999804677
Lemd2,-2.362255811,-1.123872283
Wisp1,-2.362932628,0.677306913
Stx2,-2.371435642,-1.953055013
Mafk,-2.374242901,3.312897962
Emp3,-2.386169095,-6.246868529
Ghrh,-2.391063616,0.337251015
Ctgf,-2.395970449,-3.17192501
Ncoa2,-2.403861921,0.829808175
Dbn1,-2.408825214,3.733161212
Gabrb1,-2.411287046,0.484916836
Mcm3,-2.411329412,3.190120574
Car12,-2.415693895,3.61034814
Cdc25a,-2.418619835,2.581176827
Gtpbp1,-2.420933647,-4.00971462
Sema3c,-2.428778919,2.178336403
Nf1,-2.429221092,-3.487968471
Uap1,-2.431709477,0.742827728
Wnt4,-2.433377113,-0.775160216
Irf3,-2.435374498,2.573280526
Il2ra,-2.437926484,1.175246759
Smc3,-2.439510236,2.426463859
Erlin1,-2.440561489,-0.499463864
Ugdh,-2.447824098,10.13785923
Dnajb1,-2.449304533,-2.089023893
Nfatc3,-2.453980376,-2.389173266
Prss12,-2.458548695,-1.363600463
Zfp2,-2.461193853,0.087777636
Tm2d1,-2.468179791,0.738128787
Mylk,-2.468941558,-6.11769987
Xpo1,-2.471896156,2.729142429
F2rl3,-2.472505549,1.00581854
Madcam1,-2.478064195,-0.504955705
Gpsm3,-2.482684561,-5.504549168
Rem1,-2.484183022,-1.128153715
Mrpl3,-2.497458957,11.57994929
Bcl2l11,-2.500357803,1.75732498
Cd80,-2.500983806,-0.085016483
Rfc1,-2.508158727,0.070835938
Atf6,-2.52232023,-0.18483074
2810422O20Rik,-2.524213245,1.642517202
Invs,-2.543161225,0.065621516
Ccs,-2.546998957,0.640678651
Mut,-2.563954515,1.089758039
pPtp4a3,-2.565912221,0.560454949
Tnfaip6,-2.566081609,0.783259303
Hnrph2,-2.567614926,-4.907727668
S100a9,-2.575022081,-0.077773655
Cstf3,-2.575132598,4.421912049
Atp2a3,-2.581892407,0.680709737
Sgce,-2.585904298,-4.980969636
Mas1,-2.58793899,0.542262191
Lias,-2.592730742,0.641662825
Dusp8,-2.596538009,-2.567692083
Bin1,-2.597104899,-2.294726974
Sh3bgrl,-2.598037821,-6.75107503
Opn1sw,-2.601862746,0.046725437
Arfgap3,-2.603621245,1.677112381
Phyh,-2.605515057,0.509781904
Praf2,-2.607641219,0.016533564
Ephx1,-2.617582085,1.955292231
Ppef2,-2.634335931,0.29532357
Rxra,-2.638254509,-3.613439187
Cdo1,-2.64051771,-0.636743024
Hdac2,-2.642314286,4.608047047
Gnat1,-2.643966179,0.519430126
Mfng,-2.654729033,-5.483042885
En2,-2.671799727,1.680094979
Psmc4,-2.674983052,5.398305618
Cd4,-2.675950192,6.755678109
Hoxb1,-2.676610136,1.808837443
Gata4,-2.678796617,-1.961296123
Folr2,-2.679979693,-5.177468081
Bmp5,-2.684701755,-0.350363213
Bdkrb1,-2.692699001,0.465466036
Dusp1,-2.696282736,-3.597885794
Ddx19b,-2.704151916,2.560593101
Tlk2,-2.716797319,1.698416373
Cxcl13,-2.71751767,12.45487937
Scrg1,-2.730025274,0.437654232
Elovl6,-2.732245727,3.11855947
Rit2,-2.732588858,0.029264254
Tert,-2.734731257,-3.302995553
Akap8,-2.734813909,-2.149956225
Apom,-2.735262964,0.870889594
Prrc1,-2.737928942,2.16390087
Ptgs2,-2.74143956,-0.291566877
Cst3,-2.744166509,-2.132192573
Rsrc2,-2.746946109,0.614786231
Gal,-2.748008104,0.223233769
Numa1,-2.753121712,0.961490063
Cyr61,-2.755322021,-1.633371443
Ctrc,-2.764283278,0.817102868
Dnaja1,-2.768556907,-0.316391761
Ubl4,-2.769438592,0.509743149
Myl3,-2.770138083,-1.960928449
Sim2,-2.775460568,1.811864263
Epha4,-2.781410829,0.987438152
Krt1,-2.790720247,0.798234149
Sh3bgr,-2.792609235,0.317319097
Ctnnd1,-2.792645349,-1.763146292
Ascl1,-2.799779947,3.047125895
Slc17a1,-2.824429294,0.28677345
Itih3,-2.829698278,-0.398710094
Bat4,-2.833363742,5.005144299
Rab31,-2.835428169,-3.840210606
Hipk1,-2.851629178,-2.049601131
Afm,-2.85241499,0.913104702
Centg2,-2.870865443,-0.036118582
Slc7a1,-2.879275977,4.03463282
Msx2,-2.887169507,3.296927122
Alg3,-2.892232569,4.545426978
Itgb7,-2.903544298,0.138118634
Anp32a,-2.906679551,-0.105866232
Fstl3,-2.907082625,-3.420564188
Cd28,-2.921653739,-0.111604816
Entpd6,-2.940221561,6.781885147
Ifih1,-2.949629268,-0.175588024
Rock1,-2.954620639,-0.371207646
Slc22a5,-2.956504487,0.677278506
Rcvrn,-2.96271853,1.227369582
Mmp3,-2.963729008,0.538711761
Pdk4,-2.976836212,-2.808694441
Gstm5,-2.980534998,-1.493623689
Pck1,-3.007715346,1.90952861
Ddx3x,-3.018720633,-0.42382002
Car6,-3.026053927,-0.166784133
Pdxk,-3.029692319,0.747681744
Fli1,-3.030034958,-4.633665864
Nkx2-5,-3.043431367,0.166997794
Pla2r1,-3.052584531,1.574056437
Lage3,-3.062048298,7.05747876
Top2b,-3.06304148,1.63920141
Vamp5,-3.067372752,-2.445023688
Dhx30,-3.068520682,-0.137404796
Fshr,-3.074181119,0.863243352
Spint2,-3.104140758,11.70610105
Sucla2,-3.115442596,2.117215954
Clp1,-3.123927556,0.250128086
Kpna3,-3.126200759,-0.676929206
Cops8,-3.133357199,1.455028077
Sema7a,-3.139780147,1.185608202
Cd6,-3.160165167,1.84706644
Pak3,-3.163653411,1.019534592
Jak3,-3.177193773,-1.877071074
Aldh2,-3.177344347,-5.878404247
Col14a1,-3.185319103,-0.906284974
Kcna4,-3.185365737,-0.571826703
Slc39a6,-3.204653391,10.15188588
Smtn,-3.22251255,-2.058437233
Ihpk1,-3.232810255,-1.365104979
Nadk,-3.252223113,-5.600268415
Klrd1,-3.255685636,-1.410019608
Sh2d2a,-3.261427692,-0.397497519
Qscn6,-3.276684068,0.150711352
Gle1l,-3.292860157,0.142355454
Ercc5,-3.295899608,-0.626929078
Kitl,-3.299844443,0.909087278
Siah2,-3.304448898,1.813089906
Cdkn1b,-3.306029353,1.452105936
Gsn,-3.313021091,-3.998024983
Hyou1,-3.328635255,3.464649803
Zfp37,-3.337683305,-0.214813522
Fxyd3,-3.358208889,-1.985388932
Dpm1,-3.363557493,2.218271813
Pmf1,-3.364999323,0.481489542
Sfrp1,-3.365591291,-0.886967855
Birc4,-3.365908437,0.052184645
Fkbp1b,-3.391188954,-1.016567996
Ss18,-3.396704155,0.438409639
Prop1,-3.400800805,0.430525173
Abce1,-3.403132217,2.386192757
1500011H22Rik,-3.427108179,0.955191484
Tfpi2,-3.433882044,2.798986371
Cd3d,-3.436430325,-0.289312058
Map2k6,-3.465301965,2.383738756
1110002B05Rik,-3.47437722,1.370956083
Adora2a,-3.475389952,-1.476707583
Fnbp1,-3.486749312,-3.072861082
Pdgfrb,-3.494336624,-2.471442363
Tgfb2,-3.499461096,-0.042434281
Mecp2,-3.504197751,2.929016635
Foxd2,-3.512289122,0.307582353
Has1,-3.529129446,-0.901113396
Ankrd40,-3.532778006,1.779078245
Prpsap2,-3.533248102,3.515842217
Prrx1,-3.546544534,2.719459139
Blnk,-3.551606006,2.323517285
Cyb5,-3.551926468,-2.489391465
Cenpe,-3.557829635,0.130205466
P2rx1,-3.558510976,-4.691976944
Rasa3,-3.567773237,0.024001155
Serpinb2,-3.572456713,-1.020192053
Eif1b,-3.582035559,-1.200820956
Rev3l,-3.582482876,-3.822118662
Prkaca,-3.58268995,0.841538069
Cbfb,-3.589774542,3.354506788
Nfe2l1,-3.592132547,-2.896973074
Mcph1,-3.593174993,0.40282473
Fgf9,-3.595742108,-0.68515755
Crk,-3.597074397,-2.842417163
Synj2,-3.601764974,2.712282654
Hoxa1,-3.609280216,-0.786964747
Cdkl2,-3.615992722,2.953573155
Nos2,-3.651553824,-0.370314294
Nsmaf,-3.655681968,-0.844477396
Fcer2a,-3.65884671,-1.284428895
4833439L19Rik,-3.659814624,-0.550762594
Gria2,-3.700494275,0.837413814
Omd,-3.720493941,-0.287040854
Yars,-3.721657448,1.277375053
Nid1,-3.725295294,-3.780335855
Rgl1,-3.743662956,-6.397819466
Cp,-3.757970016,10.41919645
Sp4,-3.762171735,0.908449299
Mc5r,-3.76836536,-1.100672555
Tgif2,-3.771913493,0.075448275
Itga6,-3.790539521,-1.126843459
Eya3,-3.793683809,-0.224801478
Indo,-3.797243268,-0.117418363
Lpgat1,-3.801248672,6.130169257
Syt5,-3.808959888,1.450826631
Hfe,-3.82409427,1.705435729
Ddx18,-3.824560324,1.722215972
Phex,-3.827757234,0.92531198
Cds2,-3.828627583,0.470640419
Crcp,-3.834444766,0.223654097
Wipf1,-3.835795925,0.66807287
Ocln,-3.850585248,0.063909615
Kif1c,-3.850629635,-0.401845698
Alas1,-3.87817498,-1.35540545
Acta2,-3.878756995,-4.12274762
Tfrc,-3.887878731,-3.015727263
Dguok,-3.889486888,1.435573451
Il16,-3.890363626,-1.740593076
Rpp30,-3.905725777,1.977956601
Gtf2a2,-3.911856887,0.194965582
Hgf,-3.920045332,-0.184095547
Grb2,-3.921928015,-1.946338672
Cd5,-3.922834105,-0.609736704
Rab6ip1,-3.925564662,-3.953406545
Ralgds,-3.928040662,-0.10099504
Ppp2r5a,-3.933495601,-4.351728713
Myo10,-3.94928502,0.501045348
Cd27,-3.970913764,2.518285987
Htatsf1,-3.977418047,1.56357133
Cd2,-3.980979007,0.027315675
Tie1,-3.987396197,-6.142746825
Itga1,-3.990360078,-2.798277237
Avil,-3.99127182,1.57663149
Pscd3,-3.998403057,-0.231712445
Col6a1,-4.01392165,-1.18804284
Hyal1,-4.015890368,-4.155469991
Kpna6,-4.022466594,0.575265907
Agrn,-4.02286615,3.64181426
Lama3,-4.027799188,-2.120389141
Rrm1,-4.045290811,3.055388827
Cyp1a2,-4.047051929,-0.589277164
Papss2,-4.047622192,-3.816900594
Irf2bp1,-4.055369735,0.801665702
St3gal2,-4.058253875,-0.290318217
Col3a1,-4.058959659,5.023265308
Epyc,-4.060187924,-0.104789621
Rela,-4.064785077,-1.177534028
Irf4,-4.07552876,1.110377839
C2,-4.083245951,-2.487514964
Utrn,-4.086253215,-0.124255767
Sema3f,-4.119181342,-1.70744452
Cdh3,-4.1199492,2.477064808
Mpl,-4.124072068,-0.201522801
Cstf2,-4.132070848,-0.689257052
Myo6,-4.137734048,2.175720183
Sepw1,-4.142223366,-2.782467812
Itgam,-4.167132343,-2.364580972
Pea15,-4.194062352,-3.094115825
Arid1a,-4.204329257,2.756381368
Crtap,-4.21327644,-3.371683303
Aco1,-4.220312374,0.437621977
Ubn1,-4.227128955,1.343672285
Mpp3,-4.25305528,-0.5319963
Ccdc117,-4.253138094,7.297605496
Tpst1,-4.257694655,0.273939149
Gnai2,-4.274876891,-6.149453067
Krt6b,-4.279572552,1.599739152
Tcfap2b,-4.28113109,0.336493516
Aldob,-4.300316041,0.603695573
Hsdl2,-4.315093513,-1.801935959
Edg6,-4.321265633,-0.312258827
Timp2,-4.322106283,1.462569054
Smarcd2,-4.332778144,0.66324902
Wnt1,-4.333336358,-0.079799795
Gabra6,-4.340949953,0.044001007
Npy,-4.35327732,3.231522647
Dhrs1,-4.374417419,0.144977581
Bcl2,-4.38057576,2.184785435
Xpa,-4.384626056,-1.556211285
Map3k8,-4.389104161,-2.268857697
Crym,-4.393108016,2.640646279
Gpx3,-4.398443121,-8.043262897
Ager,-4.406829808,-6.772524639
Slc1a2,-4.414565032,-2.119483021
Tiam1,-4.417686531,-0.778605268
Pdx1,-4.421046403,-0.849027059
Nr5a2,-4.437388321,0.725046611
Nfkb1,-4.445829611,-2.309277565
Ids,-4.450365299,1.781181522
Prkch,-4.451467449,-4.42519553
Pfkm,-4.455319888,0.278052954
Pcf11,-4.460551212,-1.348173015
Cd97,-4.462748075,-6.95956295
Adam7,-4.473166311,0.030953607
Cd1d1,-4.484486301,-0.089013832
Hoxa5,-4.504800271,-5.19628864
Gria3,-4.505448833,-0.954405612
Cacng1,-4.533231656,-1.261426619
Golga4,-4.533449341,0.142383786
Rgn,-4.534007869,-3.855934974
Nmi,-4.549064679,0.22812153
Gosr2,-4.561691939,1.459687689
Aoc3,-4.583701531,-6.660537987
Ets1,-4.587314485,-1.545796299
Fgf1,-4.58896877,-0.298847197
Cnn3,-4.602255057,-3.476725537
Mfap5,-4.604974267,-0.098259459
Glrb,-4.618242399,2.09338006
Wnt10b,-4.624034716,-1.419136388
Elk3,-4.631380715,-0.187220983
1300018I05Rik,-4.652621201,2.208027464
Gabpa,-4.657551054,1.607029561
Gbp6,-4.667218316,-0.896134705
Atg12,-4.690351843,2.017741212
Sparc,-4.696748499,0.250064515
Yes1,-4.700915804,0.984608083
Pou2f3,-4.705805535,-0.501089486
Taf1b,-4.737169226,-1.612129265
Cd37,-4.776146006,-4.721018041
Adm,-4.780103039,-0.226313343
Rrad,-4.781686961,-2.237283938
Pbx3,-4.787823485,-0.682191344
Mest,-4.801478967,1.326099355
S100a5,-4.807255099,0.551616012
Rdh5,-4.812895255,-0.35189227
Aplp2,-4.825439772,-2.044934047
Zbtb20,-4.840936615,-1.035018684
Ptk6,-4.841585944,8.752768891
Unc5c,-4.842817136,0.016548894
Gabra3,-4.856817992,0.197941651
Ppl,-4.871477018,0.12773813
Grin2b,-4.881176482,-0.298969014
Nisch,-4.918484942,-4.495211386
Ncam2,-4.930852894,0.470257697
Slc30a4,-4.940633826,0.117807879
S100a3,-4.956258662,-2.531910442
Snca,-4.991696327,-0.326654232
Nbeal2,-5.006427215,-3.116629223
Ifit2,-5.034446928,-0.443261732
Dctn6,-5.03651476,-1.635513014
Plxnd1,-5.042302358,-1.226526064
Aebp1,-5.06429952,1.318796926
Coro2b,-5.069048077,-1.20886465
Gstm1,-5.073760793,-1.064500992
Suz12,-5.074991081,1.870182876
Hus1,-5.075466835,0.500911402
Htra1,-5.085571017,0.915644572
Shc3,-5.111498015,-2.714956669
Crip1,-5.113496829,-4.799955175
Tspan7,-5.116840665,-4.745028243
Tat,-5.126428728,0.67291116
Nr1i3,-5.147630835,-0.074560229
Rad50,-5.156381318,-0.864919053
Il1rl1,-5.158159638,-3.556204078
Ly9,-5.169393166,-0.157649036
Aldh1a2,-5.173689602,-1.22109606
C4b,-5.174666131,4.19062731
Dnajc8,-5.18644949,-1.177661536
Crlf3,-5.198996411,0.600338468
Sncg,-5.208202089,1.857351133
Slc27a2,-5.209814889,1.718768257
Myom2,-5.211506627,-2.976045194
St8sia4,-5.213455955,1.794270228
Il9,-5.225788243,-0.085430876
Isgf3g,-5.227608079,-0.156993554
Sit1,-5.233350676,-0.664611302
Snai2,-5.236020759,-0.196749352
Irf8,-5.266030653,-0.017463857
Flt4,-5.267456586,-1.227863472
Hivep1,-5.287537292,-0.473236058
Idh3a,-5.291486627,0.152685226
Smarca2,-5.319724635,-2.505902555
Stil,-5.322897182,3.175335121
Il7r,-5.356152516,-5.044734731
Pfkfb3,-5.376203378,0.515066962
Hp,-5.378798837,0.618132605
Ptrf,-5.383355159,-6.908325929
Fmo3,-5.392645747,-2.431647174
Epha3,-5.393805234,-0.229095391
Actc1,-5.426797889,0.017750897
Pola2,-5.448266796,0.515178888
Gpm6b,-5.449354138,-5.232864892
Gas8,-5.458942984,-1.957758656
Foxf2,-5.459116456,-4.314004929
BC060632,-5.478132263,2.75329647
Jak1,-5.485565355,-4.07035794
Rapgef4,-5.488077487,-1.12815159
Bcl7b,-5.511744672,-1.925715785
Pstpip1,-5.523088448,-0.72816668
Ogdh,-5.523855502,-0.935659272
Pbx1,-5.533755097,-3.712191695
Rgs5,-5.541982204,-1.295749161
Lrp1,-5.561486183,-5.483895976
Col5a1,-5.569122398,-0.488938634
Dlat,-5.61282026,4.94665163
Cldn5,-5.623159591,-6.157209105
Igfbp6,-5.624417109,-1.103122537
Wwtr1,-5.626147656,-4.198573785
Hivep2,-5.640052256,-1.426176956
Stat1,-5.644626882,4.772374512
Ces3,-5.653555158,-5.262455322
Egfr,-5.672684039,2.731444133
45540,-5.676842807,0.798895128
Ggh,-5.714324097,4.667767304
Blmh,-5.725681913,-0.684489645
Rrh,-5.734134555,-0.168343178
Tln1,-5.737402977,-5.719796747
Srgn,-5.742734815,-2.887219622
Pp11r,-5.758393015,-0.088439613
Abcc2,-5.759666655,2.837613415
Pros1,-5.761465588,-5.726018019
Ptpro,-5.7622087,-0.475778022
Gng11,-5.764433992,-6.563538135
Ubadc1,-5.768405332,0.0333148
Thra,-5.771212905,-3.126578479
Arsa,-5.775025703,0.343656126
Il27ra,-5.787794152,1.887773409
Cd34,-5.795339762,-6.112883818
Phtf1,-5.807559097,0.451138503
Timm17b,-5.814366987,0.900513845
Rab28,-5.830643624,-0.221188822
Vegfa,-5.834885717,2.175574285
Trpc6,-5.849089178,-3.045821021
Ccr8,-5.85153927,-0.017049161
Plekhc1,-5.853394765,-6.793970943
Rbm38,-5.885816252,-0.317414237
Ccna2,-5.894522062,5.687063495
Mgp,-5.900913378,-2.118838021
Por,-5.902309397,-1.187377664
Gucy2c,-5.906407011,2.252632317
Idua,-5.914028501,3.987290456
Ghr,-5.919383216,-2.565368188
Car3,-5.922334246,-0.623604549
Cdt1,-5.953736481,2.182756735
Mir16,-5.957915331,-0.490735666
Nfe2,-5.958161208,-1.068501722
Timeless,-5.9594394,3.619350754
Glce,-5.961095184,1.718008058
Pctk1,-5.983122772,7.17317662
Cacna1b,-5.991593651,-0.938945849
Jun,-6.007897505,-1.159531699
Fosb,-6.03517693,-1.872628242
Pnmt,-6.041934403,0.312304845
Tcfap2a,-6.046877279,7.207177201
Cfh,-6.048486377,-4.06493048
Pitpna,-6.049181863,-0.696375255
Jam3,-6.054261476,-4.976201357
Eif4g3,-6.058091002,2.417322607
Abcb1a,-6.060750498,-1.607395782
Tmeff1,-6.099479538,-0.331331557
Ldb2,-6.106672656,-4.541009684
Tle4,-6.109970832,-3.043213893
C3,-6.111009705,-0.928382014
Smad4,-6.124740084,1.31576984
Mapk8ip1,-6.158077528,0.531554056
Si,-6.203600105,0.962143746
Igfbp4,-6.207918142,-3.275269678
Zbtb25,-6.234608264,1.169121049
Map4k4,-6.235766298,0.155228385
Mtap4,-6.24235019,-3.93776274
Slc10a2,-6.247068808,1.995911671
Ctdp1,-6.251238967,-2.342262913
Gnai1,-6.277773457,0.051177872
Gzmm,-6.286760388,-2.14358514
Terf1,-6.288307319,1.857681708
Fmo5,-6.313868233,3.444460725
Gpc3,-6.327571018,-8.755477393
Col1a2,-6.332008659,1.137723805
Sell,-6.338194426,-3.200738729
Phtf2,-6.351360796,2.577042749
Tloc1,-6.35686722,0.449002979
Gfra2,-6.372859368,-2.270112623
Fgr,-6.379487702,-5.580103715
Mkrn1,-6.381502729,0.248186568
Nr5a1,-6.415194106,2.152260917
Ifnar2,-6.427391943,2.824787923
Tcf7l2,-6.436254385,-2.296354494
Igfbp2,-6.474708869,5.708385686
Pip5k2a,-6.476068092,1.266677525
Tspan9,-6.554397654,-1.807436709
Cdr2l,-6.560078198,1.887356415
Zfp105,-6.566400955,-2.105853117
Ccnb2,-6.591980618,2.771578966
Gpr125,-6.617039426,3.666002388
Zic2,-6.622458027,1.00703982
Pscd1,-6.635753451,-3.820088206
Hck,-6.646013956,-7.890304135
Abca1,-6.646550726,-1.279423079
Foxj1,-6.659307067,-0.288796732
Tgfbr3,-6.668756848,-6.369335055
Kcnk3,-6.686673048,-6.226555963
Rgs2,-6.709262737,-2.801080246
Edg2,-6.720769461,0.201633117
Ccl21a,-6.748637913,-1.939067078
Hcfc1,-6.751646047,-0.145548027
Ptpre,-6.764744249,0.385501938
Alas2,-6.812549385,-0.984980946
Epas1,-6.816889854,-5.092757336
Gtf2h1,-6.821484017,0.687325508
Hspb2,-6.829607823,-2.714421315
Vsnl1,-6.848819549,0.561483301
Abcc1,-6.872520067,3.554001503
Capns1,-6.873650511,-7.562065079
Neo1,-6.877231296,-0.996083183
Ednrb,-6.892840874,-6.528801951
Rara,-6.909170053,5.215160832
Rcn2,-6.931487389,4.302574264
Cfd,-6.941954816,-8.12654721
Tek,-6.943121075,-6.315182838
Adipoq,-6.988730594,0.040737492
Car2,-7.011582819,-2.666350819
Rhob,-7.022733327,-0.529682362
Blk,-7.023085063,-0.661250484
Gzmb,-7.026949265,-1.033962434
Tbc1d1,-7.046244157,-3.87615261
Mllt3,-7.079686851,-0.105745264
Tfpi,-7.081340226,-2.76025637
Lum,-7.096778725,-0.669059673
Ckmt2,-7.101916961,1.894121438
Pcbp4,-7.129100959,-2.934755264
Efnb2,-7.139979914,-2.230405169
Nfkbia,-7.140767151,-2.424163558
Evx1,-7.145973593,-0.656097866
Sh2b3,-7.157595023,-4.372820588
Smad6,-7.216462399,-4.336434544
Pftk1,-7.221430635,-2.400234733
Rbp1,-7.224787523,-0.059223321
Yap1,-7.231369669,-1.114897614
Cd7,-7.233461366,3.158245961
Epha5,-7.246262134,0.991089729
Fas,-7.247804449,-3.572750472
Pafah1b1,-7.24786121,-4.203764202
E2f5,-7.248266179,13.06333933
Tnni3,-7.281780868,5.828356358
Crsp2,-7.314222943,-0.272274453
Mbd2,-7.321670714,-1.559895813
Angpt1,-7.324534154,-5.702610783
Adrb2,-7.324858963,-5.774608497
Trfp,-7.332299464,3.102414174
Itk,-7.392698246,-1.524175923
Sema5a,-7.40428943,-2.335610615
Rarres2,-7.426333316,-3.802869533
Ccr4,-7.427191478,-0.579305279
Fhl1,-7.443511319,-8.107419564
Pam,-7.456348314,1.233957359
Rgs14,-7.456868628,1.433383634
Kifap3,-7.458125976,0.416790698
Fbln1,-7.49553907,-5.834714921
Kctd20,-7.516952671,0.808600723
Mep1b,-7.534536717,0.046011681
Slc4a3,-7.543825346,2.785988149
Rras,-7.550464487,-7.122497293
Smad7,-7.555338683,-3.108659589
Idh3b,-7.567119618,-0.849688627
Gria1,-7.59060609,-2.221054971
Pon1,-7.5966012,-0.10161647
Gdf10,-7.623785496,-7.172843389
Prf1,-7.641685663,-1.94240778
Prom1,-7.649187535,3.177577262
Ezh1,-7.651300842,-1.10206391
Ptger2,-7.706821992,-0.507532423
Bnc1,-7.736721038,0.005021256
Ube2a,-7.773150096,0.404456224
Pde8a,-7.776100198,-0.114832962
Mr1,-7.778231013,1.736724136
Gyg,-7.813500542,-2.916004399
Ltbp4,-7.826264359,-4.255404175
Fpgs,-7.827581323,1.167579639
Ptprz1,-7.832752218,0.57487685
Ugp2,-7.835314446,0.440059136
Tekt2,-7.839136428,0.092230059
Acvr2a,-7.854381839,2.32919085
Cstf2t,-7.865346534,0.683383253
Dpt,-7.865603016,-1.848297908
Mgat1,-7.902274915,-1.311136602
Dhcr24,-7.90951276,-4.245535516
Lama4,-7.912933525,-3.536369857
Trim21,-7.913804044,-0.895530278
Pcsk5,-7.920915179,-4.259069947
Slc29a1,-7.922587738,0.290756382
Cnot8,-7.928457116,-0.329980614
Cdkn1c,-8.028708873,-5.764842205
Stat5a,-8.028879972,-5.193858021
Rb1,-8.051562459,-1.00196829
Ankrd1,-8.078453694,-2.250144661
Flt3l,-8.110039598,0.822566614
Slc20a1,-8.126188618,0.602515918
45539,-8.141562285,-3.39407735
Stmn2,-8.143935142,1.381306261
Cdh11,-8.147106182,0.283567221
Nr2f2,-8.155121464,-4.642147286
Cd79a,-8.187057572,4.953793016
Sema3e,-8.229648779,-0.575209006
Stim1,-8.240720926,-1.166573067
Ltbp1,-8.266002971,-0.065098776
Csrp3,-8.284543004,-0.184105652
Dnm1,-8.297077074,-0.791098453
Tmem45a,-8.341525824,-2.160219408
Meox2,-8.393273035,-5.992280153
Slc34a1,-8.400660903,0.226579474
Aqp1,-8.412460061,-5.416803846
Ppy,-8.418440586,-0.065518838
Cav1,-8.42621072,-9.771893169
Lifr,-8.440489161,-0.076508856
4932416N17Rik,-8.457776537,-0.785101155
Loxl1,-8.486577579,1.960472567
Ptges,-8.515787624,2.038329967
Hoxb6,-8.531085565,0.301677992
Mfge8,-8.55257412,0.153160584
Grin1,-8.566612619,0.452132226
Cdr2,-8.567078618,3.696654196
Myl7,-8.56933188,-0.134168045
Pcyt2,-8.572228688,0.10904767
Tspan6,-8.61429259,7.96219519
Krt85,-8.623896557,-0.803001397
Cyp2f2,-8.636442504,-0.95990657
Hoxa7,-8.649970039,1.075237714
Lamb1-1,-8.654464659,-1.667453253
Irf1,-8.669508314,-2.438468132
Lama2,-8.68518874,-4.772603283
Prdm1,-8.726764619,-0.788698603
Myh6,-8.758535543,0.453839816
Trak1,-8.831681315,-2.768774452
Sox1,-8.845603582,0.577202454
Il1b,-8.896264282,-0.699429543
Calcr,-8.89692722,-0.115552711
Srpx,-8.902953338,-4.005265638
Eng,-8.905059818,-7.160359735
Spa17,-8.913165188,-0.238365258
Tgfb1i1,-8.916449055,-5.818343564
Ltb,-8.917170859,-3.681327094
Hbb-b1,-9.003045003,-1.975274107
Stab1,-9.009473246,-2.006967043
Npy1r,-9.025354911,-0.09479814
Ccbp2,-9.067983244,-0.762381269
Olfm1,-9.082718306,-5.45130444
Lyl1,-9.086173375,-4.584985459
Pfdn5,-9.08992273,-5.825810819
Eps15,-9.15158473,-3.55369596
Hgs,-9.160241466,1.369213867
Prkcq,-9.16060155,-3.355988107
Acsl1,-9.188118183,-2.862173144
RP23-136K12.4,-9.209352832,-1.463686539
Unc84a,-9.249437495,-0.428132097
Wt1,-9.25087207,-0.052809893
Ankrd47,-9.286329942,-0.941944629
Zfp131,-9.286958319,1.705485693
Ifitm3,-9.326646251,-4.447187359
Pdlim1,-9.33114296,-5.943327498
Chat,-9.351410555,-0.888545399
Mtmr9,-9.369734799,-5.394360473
Aldh7a1,-9.393020445,2.994047469
Gnas,-9.466432529,3.228071326
Ifi35,-9.483437452,0.169566742
5730494M16Rik,-9.506422476,4.377680033
Snta1,-9.544857189,2.778684078
Tcfe2a,-9.562356627,6.256170819
Icam2,-9.635146055,-9.14789458
Slc7a5,-9.67622093,9.752676571
Postn,-9.680706929,9.70461594
Rap1a,-9.702953678,-4.47619849
Foxk2,-9.758946913,3.890408434
Trdmt1,-9.760669563,0.100576832
Gfpt2,-9.83014103,-0.908728272
Trak2,-9.85490598,-2.939148309
Fgf7,-9.867954443,-3.558589258
Admr,-9.872992606,0.623504086
Cd93,-9.888080255,-3.443054659
Cxcr4,-9.954670406,-0.063714481
Dhx15,-10.01500205,3.399157261
Notch3,-10.05680784,1.328832253
Sash1,-10.08281794,-4.218068237
Oxt,-10.09693725,-0.879187493
Plat,-10.1220547,1.204628726
Atp1a2,-10.16668394,-3.179704779
Crhr1,-10.17775862,0.27028819
Myl9,-10.1972022,-5.91265205
Ptprcap,-10.25294661,5.759551725
Hoxb5,-10.32458584,0.354131843
Cxcl12,-10.40175434,-0.99904685
Pcolce,-10.40290814,0.064878892
Cyp4b1,-10.42801479,-4.478830294
Rcn1,-10.48484562,3.839004913
Ifi203,-10.50762709,0.149975095
Vwf,-10.52474467,-7.062234278
Smo,-10.53556229,-0.567249823
3222402P14Rik,-10.58375853,2.105525459
Ulk2,-10.84052218,-2.303544188
Surf2,-10.84809607,1.708404818
Pgrmc1,-10.9539886,3.109773095
Heph,-10.97414466,0.244799711
Riok3,-10.99276248,0.339644452
Acvr2b,-10.99929808,-1.135240307
Cckar,-11.02395668,0.520775321
Timp3,-11.03714045,-5.546750135
Adrb3,-11.06649723,-0.668724913
6330500D04Rik,-11.06719521,-2.41845583
Kdr,-11.15062684,-1.16757134
Ptgfr,-11.15938968,-1.360132842
Mtcp1,-11.17763438,2.008673186
Vapb,-11.19212326,2.260101517
Sgcb,-11.20430369,-0.059106291
Spib,-11.26654176,-0.563404917
Angptl2,-11.31768737,0.241772459
Sspn,-11.43844631,-2.844426873
Myo1b,-11.442171,-5.99569117
Clec3b,-11.44997833,-6.498565635
Adcy8,-11.46940595,-0.524512007
Snrk,-11.51173806,-5.993976959
Tceb1,-11.60879304,5.324625361
Klf7,-11.66025861,-4.773105012
Slc1a4,-11.66816596,0.843988068
Adam8,-11.67511923,9.701565504
Clcn2,-11.69202507,2.250600492
Tbx2,-11.72319931,-6.13489937
Rnf167,-11.81249155,-3.606655826
Fgl2,-11.84908105,-3.967259793
Wisp2,-11.88751844,-3.085958775
Rps6ka1,-11.89532654,-3.217334326
Cpe,-11.91615789,1.235250229
Birc2,-12.03243267,-2.182318544
Spock2,-12.0416694,-6.480588766
Clip3,-12.07436347,-0.118733006
Cacnb2,-12.07972825,-0.701875098
Ptgis,-12.10236911,-2.284427882
9630050M13Rik,-12.18048632,-2.682953921
Lrpap1,-12.18079653,-1.396713717
Drg1,-12.24010099,3.972318938
Vtn,-12.25748294,0.54748498
Cenpb,-12.26705627,-0.214022247
Zeb1,-12.35169991,-4.801580211
Gata2,-12.37721693,-6.472837448
Cd40,-12.41502899,-0.629863862
2210023G05Rik,-12.420538,0.785895745
Pecam1,-12.42314643,-9.288048933
Kit,-12.42528746,1.063459168
Edg1,-12.43900598,-5.75213205
Ndn,-12.44247423,-3.6524509
Tnfsf10,-12.67669187,-3.215840532
Cdh5,-12.7844348,-6.373412468
Mfhas1,-13.10732919,-0.973589115
Adh7,-13.11183266,1.141934424
Sod3,-13.25535601,-4.240238473
Gas1,-13.28832232,-1.953849891
Ndst1,-13.45798484,-2.619856398
Abp1,-13.52438586,7.0312071
H2afx,-13.54511994,6.685061822
Gadd45b,-13.71094768,-3.24013492
Prkd2,-13.87182297,0.11074468
Tcf21,-13.890297,-9.762012336
Pcdha4,-13.92344333,0.385563801
Macf1,-14.09289172,-2.690605005
Dpep1,-14.11937373,-0.137180991
Ace,-14.24522839,-7.074523989
Flt1,-14.2594865,1.315758811
Vegfc,-14.27740633,-1.651546334
Gprk5,-14.29540078,-8.63192734
Fez2,-14.30276217,-0.489143934
Pkd2,-14.46310272,-2.708557393
Epb4.1l2,-14.56792108,-5.040604912
Ptprb,-14.66045878,-5.485398167
Armcx2,-14.83617225,0.386712938
Tjp1,-14.98677636,0.494318356
Tnfsf12,-15.01742673,-1.367497038
Figf,-15.09835249,-5.670762473
Il6st,-15.46791156,-4.537140876
Lmo2,-15.50504422,-6.002236987
Mdh1,-15.58271781,1.689886326
Ets2,-15.76756286,-2.698379773
Shox2,-15.8863187,0.890138049
Reck,-16.19565249,-5.052972819
Phldb1,-17.04545715,-1.674397679
Acvrl1,-17.79553555,-6.120306587
Reep1,-17.91743419,0.351957768
Slco3a1,-19.22481207,0.285463697
Akap12,-20.186863,-3.963489011
Scgb1a1,-23.12489828,-4.512968908
