protein,0min,5min,15min,30min,60min,120min
IPI00222681.3_AW146020_169,0.053655481,-0.033109728,1.25815738,0.121316261,0.39960843,-1.799627825
IPI00116907.8_Sh3bp5l_30,-1.894033482,-0.003251067,0.27566887,1.073011677,0.406203555,0.142400447
IPI00678133.3_Inf2_1192,1.607667669,0.526200483,-0.878177126,-0.74689935,-0.837503688,0.328712012
IPI00753321.2_Bod1l_2920,1.988269819,-0.32844769,-0.557237122,-0.586306877,-0.533243339,0.016965209
IPI00469997.4_Usp20_134,1.195142067,0.359927466,-0.70021923,-0.373718999,-1.401679585,0.920548281
IPI00453808.4_Ddx55_544,0.443117518,0.953992604,-0.682558001,0.831648674,-1.650782454,0.10458166
IPI00229859.1_Eif3b_153,-0.414850276,1.953550049,-0.637486958,-0.668598674,-0.372308024,0.139693884
IPI00453982.4_Rcor3_227,0.966094199,-0.544174123,-1.197210626,-0.713591343,0.144596803,1.344285089
IPI00465812.2_Epb4.1l1_441,-1.018627038,1.102903699,-1.211046509,-0.356661497,0.902770077,0.580661267
IPI00308559.1_Snip1_381,0.872763922,-0.41692979,-0.546782446,-0.886178085,1.6072191,-0.6300927
IPI00130095.1_G3bp1_231,0.228845692,-0.236291651,1.777448732,-0.199339406,-0.306142782,-1.264520585
IPI00138089.4_Lrrc47_519,0.068973433,1.611040781,0.475319849,-1.255863587,-0.75969039,-0.139780086
IPI00323349.2_Tjp2_239,-0.947752925,-0.265781827,0.774708995,1.260386967,0.456656329,-1.278217539
IPI00652958.1_Tbc1d5_600,-1.825189515,0.062725442,0.219143267,0.665841211,1.06659139,-0.189111795
IPI00119575.3_Prkar1a_206,-0.837211181,0.642769419,1.274249837,0.752303372,-1.010754524,-0.821356923
IPI00753321.2_Bod1l_862,-1.836417246,-0.495070315,0.584376407,0.633372286,0.655899007,0.45783986
IPI00115701.1_Usp4_675,1.149751058,1.020372383,0.276045598,-0.367863705,-0.674658981,-1.403646354
IPI00109203.3_Cd2bp2_46,0.549208797,0.14916929,0.015045294,1.345701205,-0.419241437,-1.639883149
IPI00785240.1_Srrm2_2642,1.137567422,0.441313569,-0.812465689,0.859834088,-0.184863603,-1.441385787
IPI00127415.1_Npm1_106,0.283989314,0.880732632,1.348044517,-0.476099829,-0.90484424,-1.131822395
IPI00377298.2_Tra2a_264,0.18934488,0.927485128,-0.668946095,1.012657653,0.15413993,-1.614681496
IPI00108372.1_Rasgrf2_543,-0.642531841,-0.750151597,1.607099126,0.315243014,0.510415929,-1.04007463
IPI00116442.1_Hdgfrp2_242,1.093207375,0.458554205,-0.887625311,-1.508766539,0.127637033,0.716993237
IPI00116442.1_Hdgfrp2_248,1.093207375,0.458554205,-0.887625311,-1.508766539,0.127637033,0.716993237
IPI00387232.1_Nsfl1c_116,1.247852827,-0.080956776,-1.042767656,-1.139002487,-0.010555985,1.025430077
IPI00828417.1_Rere_600,-0.177609223,1.592247498,-1.050918806,-0.593335386,0.80414239,-0.574526472
IPI00229534.5_Marcks_46,-0.081137731,0.094346129,1.821981961,-1.107768468,-0.657968425,-0.069453467
IPI00881499.1_Golim4_631,-0.370038031,-0.690098778,1.859365203,0.353907216,-0.840656227,-0.312479384
IPI00357545.1_Psen2_52,0.574830985,-0.90016876,-1.574987252,0.31869711,0.905573309,0.676054608
IPI00113389.5_Fam129a_576,-1.094918339,-0.117055547,0.655792437,1.568991015,-0.068932673,-0.943876893
IPI00830701.1_Tpm1_216,0.851197571,-0.011203108,0.265866779,-1.437191329,-0.855178556,1.186508644
IPI00874398.1_Fam65a_945,0.114452697,-1.418170018,-0.605890428,1.439987051,-0.226034887,0.695655585
IPI00330240.7_Peg3_14,0.480697249,0.344019177,-1.935469935,0.316421531,-0.097269476,0.891601455
IPI00230591.1_Akap1_134,-1.454849839,-0.174842931,1.00308934,0.803248665,0.681691501,-0.858336736
IPI00135186.1_Calu_47,-1.003938325,-0.931407314,-0.343580078,1.634113155,0.575708039,0.069104522
IPI00400215.3_Plec_1295,-0.576696877,-0.122522264,1.902914429,-0.01831203,-0.997922193,-0.187461065
IPI00153778.5_Thoc1_560,-0.499403949,-0.133934252,-1.068529676,0.830508917,-0.687156964,1.558515925
IPI00857253.1_Atrx_1041,-0.602770734,-0.896181503,0.92266189,-0.666000642,-0.318806867,1.561097857
IPI00130160.3_Rbm5_78,0.151637538,1.661095119,-0.406326201,-0.899441857,-1.000197062,0.493232463
IPI00331656.7_C80913_439,-1.275202109,0.128115625,1.586022567,0.495115711,-0.750409419,-0.183642375
IPI00915485.1_Myo9b_1328,-1.345542145,1.563154842,0.496014123,0.229636142,-0.506473995,-0.436788966
IPI00357145.5_Irf2bp2_228,-0.616224511,0.274853386,-0.231106046,-1.092797244,-0.144741357,1.81001577
IPI00263549.6_Nrbp2_24,-1.740935941,-0.278280429,0.373173892,0.95813167,-0.202769554,0.890680363
IPI00129526.1_Hsp90b1_306,-0.814393989,-0.081014323,-0.40342745,-1.09483931,1.424798179,0.968876894
IPI00453820.2_Rai14_251,-1.640292488,0.808892604,0.992238475,0.510394375,-0.031628938,-0.639604027
IPI00453820.2_Rai14_249,-1.476101708,1.073437517,0.939665042,0.49749628,-0.476686582,-0.557810549
IPI00310764.7_Arhgef2_646,-1.432538004,-0.526335767,0.553331592,-0.509974141,1.325150774,0.590365547
IPI00115660.1_Tcof1_1191,-1.022778785,-1.011479488,-0.5136072,0.300079327,0.96464238,1.283143766
IPI00857253.1_Atrx_801,1.654528513,0.471947869,0.125510297,-0.373751584,-0.69368529,-1.184549807
IPI00471476.1_Serbp1_237,0.654795341,1.043770289,0.786902238,-0.100342281,-1.256166675,-1.128958911
IPI00551482.3_Rbbp6_985,1.339871118,0.028993321,0.14162962,-0.063691157,0.309354557,-1.756157459
IPI00761240.4_6330577E15Rik_147,0.708718645,1.264377936,0.558775713,-1.246611848,-0.321034427,-0.964226019
IPI00850156.1_Mia3_309,0.842841412,-0.889210769,0.467031709,0.578949345,0.606089678,-1.605701374
IPI00112101.1_Tfip11_60,0.090450851,-0.882081493,1.861932353,-0.605654257,0.136588926,-0.601236379
IPI00132652.1_Znhit3_76,-0.194367835,-0.251999292,2.002380736,-0.72242931,-0.516424953,-0.317159347
IPI00671847.3_Ppp1r12a_861,1.236130654,1.03938597,-1.071581154,-0.031959766,-0.058926807,-1.113048897
IPI00474486.4_Leo1_151,0.437256601,0.091203164,-0.336883998,0.70952372,0.923783507,-1.824882994
IPI00474486.4_Leo1_154,0.437256601,0.091203164,-0.336883998,0.70952372,0.923783507,-1.824882994
IPI00221882.1_Slu7_235,1.722257595,0.051969212,-0.857327312,0.366791681,-0.230962269,-1.052728907
IPI00172284.2_Ifih1_291,0.261784774,1.091900838,0.499838118,0.426654287,-0.545217858,-1.734960159
IPI00172284.2_Ifih1_289,0.10389819,0.839533854,0.314857281,1.018550828,-0.611254717,-1.665585437
IPI00221566.3_Htatsf1_688,0.666455532,0.435776126,0.414282824,0.165607204,0.331993612,-2.014115297
IPI00453804.1_Dzip3_715,0.580985008,1.228567448,0.220136026,-0.696776599,0.263811199,-1.596723082
IPI00515528.3_Zc3h13_921,1.733986085,-1.143475612,0.065313574,0.006047249,0.149905565,-0.811776861
IPI00118139.2_Xrcc1_484,-0.412667924,-1.421933949,0.311261503,1.629022053,-0.213508432,0.107826749
IPI00118139.2_Xrcc1_487,-0.412667924,-1.421933949,0.311261503,1.629022053,-0.213508432,0.107826749
IPI00380953.6_AW555464_1122,1.180542852,-0.786685687,-1.326193044,0.855031094,0.53594005,-0.458635264
IPI00122450.1_Cald1_135,0.547506502,1.307278078,0.383031627,-0.075830293,-0.580140857,-1.581845057
IPI00110050.2_Cdk11b_264,0.486688999,-0.063503422,1.615878406,-0.079267,-0.647217905,-1.312579079
IPI00120919.4_Ctr9_970,1.277726699,-0.092511243,-0.89009267,0.411639115,0.682811174,-1.389573075
IPI00896718.1_Sbno1_766,1.773965175,0.322400494,-0.282374439,-0.094042832,-0.558797461,-1.161150937
IPI00896718.1_Sbno1_767,1.773965175,0.322400494,-0.282374439,-0.094042832,-0.558797461,-1.161150937
IPI00317271.3_Rbl2_989,1.319789698,0.840866866,-0.596066062,0.18609871,-1.436020193,-0.314669019
IPI00113635.7_Dkc1_485,0.478780719,0.481296417,0.846249028,0.538953166,-1.798078424,-0.547200907
IPI00337844.4_Ranbp2_1842,1.191715043,0.934039759,0.284343468,-0.137583882,-1.249048218,-1.02346617
IPI00337844.4_Ranbp2_1845,0.736287897,0.532107963,1.265401751,-0.317038451,-1.197754329,-1.019004831
IPI00453982.4_Rcor3_212,1.096708241,-1.289542344,-0.962234627,1.036758918,-0.192388771,0.310698583
IPI00377299.1_Exoc8_313,0.960806884,-1.366525686,0.711660886,-0.5224046,0.946879543,-0.730417027
IPI00351206.5_Pgrmc2_204,0.695400545,-1.714766015,-0.505511154,1.036880934,0.495256777,-0.007261087
IPI00808206.1_Acin1_125,-0.561564041,0.857436256,1.451209626,0.11440589,-0.70963018,-1.15185755
IPI00673693.1_Zc3h18_75,0.953656628,0.868528307,-1.371233524,-0.639233806,0.811626825,-0.623344429
IPI00454015.2_Sugp1_483,1.697502056,-0.386436149,0.18690057,-0.592322826,0.31310262,-1.21874627
IPI00133262.1_Zeb1_1009,0.346377523,1.153366918,-1.336188287,0.829345651,0.043746755,-1.03664856
IPI00153798.1_Hexim1_103,-1.008449421,-1.026932826,0.538111488,-0.138591561,1.618444863,0.017417458
IPI00970419.1_Fnbp1l_501,1.427315854,0.880261895,-0.676254827,-0.870791883,-0.964690717,0.204159677
IPI00896718.1_Sbno1_752,1.536834028,-0.316872638,-0.699812389,0.022685753,-1.246134282,0.703299529
IPI00896718.1_Sbno1_753,1.536834028,-0.316872638,-0.699812389,0.022685753,-1.246134282,0.703299529
IPI00130573.1_Cpd_1367,1.272283712,0.052463836,0.574905995,0.39374145,-1.509438569,-0.783956424
IPI00130573.1_Cpd_1365,0.739426173,-0.221515704,0.200130366,1.414476067,-1.277884126,-0.854632776
IPI00266463.5_Srrt_4,-0.422857144,-0.543089807,0.093460762,1.941063719,-0.235246081,-0.833331449
IPI00929813.1_Nap1l1_37,1.273573415,0.886045316,0.206441126,-0.669491183,-1.424012328,-0.272556346
IPI00785231.1_Pnn_347,-0.643156611,-0.578871167,-0.989147215,0.191298507,1.78333979,0.236536696
IPI00515528.3_Zc3h13_1090,1.28212452,-1.022078762,-1.095468042,-0.355120861,0.967195068,0.223348076
IPI00515528.3_Zc3h13_1093,1.28212452,-1.022078762,-1.095468042,-0.355120861,0.967195068,0.223348076
IPI00453791.3_Tiam2_1590,0.850624316,-1.000327789,0.37928412,-1.447812817,0.992338854,0.225893317
IPI00889910.1_Suds3_55,-0.113507034,1.991790132,-0.678436843,-0.172214169,-0.544961675,-0.482670411
IPI00751399.2_Ubxn7_395,0.251035119,0.206838481,-1.299863692,0.342673515,1.466718257,-0.967401681
IPI00387203.1_Mfsd11_204,-0.068863683,-0.530551846,-1.344201338,0.113414414,0.134328546,1.695873906
IPI00123012.1_Zfp330_291,-0.33878059,1.798947437,0.499926044,-0.867201846,-0.388576393,-0.704314652
IPI00351044.2_4933407H18Rik_403,1.023031128,-1.644788125,-0.202251156,0.40517156,-0.481703172,0.900539764
IPI00461536.2_Nol8_888,0.08926643,0.279391527,0.733873443,1.235923201,-1.407670723,-0.930783877
IPI00648408.1_Nrd1_85,-1.104155015,0.746231224,1.275615354,0.218026591,0.104570353,-1.240288507
IPI00420601.6_Usp10_571,1.018901802,1.328906064,0.059887759,-0.5938182,-1.218840567,-0.595036859
IPI00351206.5_Pgrmc2_202,0.033766043,1.745650512,-1.353470219,-0.037900562,-0.047468635,-0.340577139
IPI00119111.2_Cnn3_298,0.263610648,1.05999187,0.822103218,-1.312022468,-1.145592658,0.31190939
IPI00850030.1_NA_368,-0.671482694,0.212922927,1.931700442,-0.310493202,-0.577607581,-0.585039891
IPI00752710.1_Cebpz_629,0.644988172,-1.140490403,-1.281213005,0.911149765,-0.034640759,0.90020623
IPI00752710.1_Cebpz_641,0.617983529,-0.923605038,-1.377039697,1.015474974,-0.220957877,0.888144109
IPI00466187.5_Myo10_1162,-0.36558704,-1.187181938,1.72551628,-0.395861938,0.497524924,-0.274410288
IPI00330331.7_Brd1_934,-0.225202581,1.928374975,-0.412178933,-1.008887379,-0.180528462,-0.10157762
IPI00678133.3_Inf2_1174,-1.49245692,0.796101818,1.145445263,-0.478780167,0.561232316,-0.53154231
IPI00223738.2_Oxsr1_339,-0.199329706,-0.694381547,-0.563379019,-0.886480753,0.611118356,1.732452668
IPI00125880.1_Pacsin2_399,-0.291846252,0.879916621,1.276373341,-1.547011679,-0.342858511,0.025426479
IPI00172174.3_NA_251,-0.488633842,0.594032296,-1.816807123,0.724234702,0.27472361,0.712450357
IPI00115701.1_Usp4_680,0.884567626,-0.78233478,0.778338681,0.73224632,-1.568939555,-0.043878292
IPI00311453.5_Nop2_169,1.218421326,0.03266696,0.124900794,-0.946709603,-1.334992948,0.905713471
IPI00265217.4_Rcor1_251,-0.233429964,0.884581302,0.409775167,-0.243206885,-1.750803998,0.933084377
IPI00119111.2_Cnn3_293,0.053189235,1.122228371,0.873868977,-1.210069774,-1.180435624,0.341218814
IPI00137942.2_Rnf4_98,0.362451222,-0.110185876,-0.749806996,-1.49806139,1.169373633,0.826229406
IPI00137942.2_Rnf4_99,0.303927491,0.17839579,-0.805692661,-1.552172336,1.108936035,0.766605681
IPI00221566.3_Htatsf1_621,-0.452918654,-0.553723282,1.072773539,1.17765638,-1.38904239,0.145254407
IPI00622783.2_Stk39_397,0.598880797,0.180902529,1.418515233,-1.0308177,0.069076424,-1.236557284
IPI00222813.1_Hirip3_163,0.936138895,0.833147423,0.866730018,-0.467777994,-0.850834569,-1.317403773
IPI00222813.1_Hirip3_167,0.936138895,0.833147423,0.866730018,-0.467777994,-0.850834569,-1.317403773
IPI00229856.1_Dcaf8_100,-0.734152851,0.081551281,1.953078829,-0.40691047,-0.640490823,-0.253075966
IPI00118853.1_Mre11a_648,-0.261532545,0.00449458,-0.081177148,-1.277300672,-0.189375038,1.804890824
IPI00515528.3_Zc3h13_1144,-1.674695953,0.902028491,1.114860697,-0.360306564,-0.057422001,0.07553533
IPI00126181.9_Akap13_2326,-0.281069649,-0.466626071,-0.825481795,-0.201975712,-0.209114112,1.984267338
IPI00124298.2_Arhgap5_1174,-1.56429212,0.122637521,1.256619333,0.440335949,0.47748315,-0.732783833
IPI00124298.2_Arhgap5_1177,-1.56429212,0.122637521,1.256619333,0.440335949,0.47748315,-0.732783833
IPI00230719.8_Braf_484,-1.29864818,-0.202282123,-0.348987841,-0.14323847,1.752868077,0.240288536
IPI00762553.2_Dst_2418,-1.519569404,-0.831755734,0.062747503,0.365663278,0.881944494,1.040969862
IPI00474486.4_Leo1_140,-0.456388533,-0.645471595,0.180294737,-0.569520421,-0.459975193,1.951061005
IPI00110298.1_Pold3_306,0.460583492,-0.149355235,1.749057377,-0.96437581,-0.251455099,-0.844454725
IPI00857376.1_2310008H09Rik_366,-0.67927339,0.884920617,-0.447450982,-1.23484334,0.052681737,1.423965358
IPI00125138.1_Csf1_531,-1.050109836,0.351520614,0.49522541,-0.977320788,1.558921258,-0.378236659
IPI00125138.1_Csf1_530,-1.182587355,0.235616509,0.381020525,-1.10893762,1.457293918,0.217594023
IPI00127237.1_Pex14_334,-0.674206388,-0.319424202,1.237305417,-1.283517195,1.121766998,-0.081924629
IPI00678133.3_Inf2_1172,0.321939601,-1.978404117,0.650409313,0.077656278,0.216967801,0.711431124
IPI00678133.3_Inf2_1173,0.272713596,-1.888681809,0.948285608,-0.145078385,0.174082437,0.638678552
IPI00348442.1_Sfrs18_286,-1.324182861,-0.63088392,-0.685654827,0.81283685,1.06743114,0.760453617
IPI00409176.1_Cast_444,-0.933340801,-1.089457602,1.407814325,-0.408571814,0.144864025,0.878691867
IPI00515528.3_Zc3h13_1086,-1.9132611,-0.068214692,0.092690834,0.328189275,0.799656109,0.760939574
IPI00131810.2_Zfr_1054,-1.649499817,-0.782565623,0.329130191,0.79561117,0.465420895,0.841903185
IPI00653072.1_Dync1i2_174,-1.747332965,-0.489441338,0.649057631,1.054401955,0.393194112,0.140120605
IPI00467530.3_Ablim1_671,-1.807825041,-0.523248763,0.522508011,0.361391989,0.663567936,0.783605868
IPI00458056.3_Ncbp1_22,-1.755402792,-0.443760198,0.233560732,0.218217084,0.658296277,1.089088897
IPI00114410.1_Pten_366,-0.134099273,1.198759912,-0.472187029,-1.444785529,1.08623491,-0.233922991
IPI00462466.6_Setd2_1926,0.26253591,1.87366855,-0.579767878,-0.743078525,-0.08937089,-0.723987167
IPI00268218.5_Bnc2_757,1.084072752,0.714312504,0.713997308,-1.394514226,-0.901911588,-0.21595675
IPI00134095.3_Birc6_461,-1.121112119,-0.475977976,-0.326940227,-0.508330798,0.905478002,1.526883119
IPI00268218.5_Bnc2_754,0.409175637,0.116714403,1.020295421,-1.551258478,-0.825574162,0.830647179
IPI00515528.3_Zc3h13_1141,-1.651983026,1.017096733,1.056223026,-0.236347752,0.062244829,-0.24723381
IPI00463573.3_Eif3l_10,-0.293891545,-1.268361657,0.600987971,1.417463777,-0.872474089,0.416275543
IPI00120691.3_Ddx21_244,0.464895359,1.008798599,-0.873711675,1.185224742,-0.94048801,-0.844719016
IPI00136917.5_C230081A13Rik_1410,0.310295049,0.859788972,-1.112320155,-1.035779664,1.318503775,-0.340487977
IPI00133262.1_Zeb1_1018,-1.315420343,-0.861709343,-0.14370759,0.98952779,1.231833486,0.099476
IPI00623208.1_Ksr1_518,-0.524456176,-0.724031946,-0.856826412,1.790568593,0.482106378,-0.167360437
IPI00126131.3_Extl3_361,1.849058728,-0.06600266,0.095754473,-1.119789421,-0.492363726,-0.266657393
IPI00395035.1_Kat5_223,1.525161008,-1.100555498,-0.478824711,-0.461389344,-0.408372199,0.923980743
IPI00124885.2_Xpc_93,-1.637852077,-0.410386772,1.109671376,-0.07263028,0.057761238,0.953436516
IPI00314443.3_Adam17_792,1.921078285,-0.3049544,-0.963870234,-0.157248799,0.017236238,-0.51224109
IPI00119242.1_Fnbp4_533,1.611134589,0.229457426,-0.337391861,-1.253375089,-0.688652705,0.438827639
IPI00411129.2_Fgf14_237,1.168034131,-1.167899189,1.046864484,0.378324325,-0.620794271,-0.80452948
IPI00323238.5_Setd1a_931,-0.655641821,0.998068229,-0.793363174,-0.538762067,1.535174373,-0.54547554
IPI00753701.3_Mdc1_471,0.578085612,-0.479475037,1.392059444,-0.560140995,0.470521561,-1.401050586
IPI00415385.1_Bclaf1_267,-0.255567306,-0.169303092,0.599180219,-1.674957813,1.305098278,0.195549713
IPI00415385.1_Bclaf1_256,-1.599738765,-0.275744255,-0.045933927,-0.033122016,1.452391948,0.502147015
IPI00896602.2_NA_795,0.711940564,-0.071460568,-1.036878936,-1.170103521,1.42231651,0.144185951
IPI00134680.2_Saal1_374,1.65483357,-0.79058151,-0.92444833,0.363552523,0.397739324,-0.701095578
IPI00380829.4_Trip11_1888,1.024908289,-0.027578886,1.404168343,-0.865670163,-0.612437656,-0.923389927
IPI00122958.1_Mcl1_144,-1.819604918,-0.302906123,0.681840971,0.890415658,0.581842636,-0.031588224
IPI00341196.3_Gpatch8_1185,0.065209035,1.044049715,-0.268710922,-0.593107282,1.189884073,-1.437324619
IPI00187403.3_Slc35a5_429,0.800585713,0.973973474,-0.085181131,-1.756652737,-0.363282413,0.430557095
IPI00857417.1_Med24_890,0.919240584,0.525441559,-1.444640459,-0.928393393,-0.035368499,0.963720207
IPI00856140.1_Ppp1r2_88,-0.673444529,-0.258429005,1.978294636,-0.647449395,-0.382867038,-0.01610467
IPI00187403.3_Slc35a5_432,-0.276055766,-0.520966822,1.626221068,-1.061254375,-0.53765623,0.769712123
IPI00380722.1_Bat2_1113,-1.981830901,0.278808405,0.212062117,0.605015466,0.752123634,0.133821279
IPI00395067.1_Rdbp_115,-1.812266037,0.632545698,0.666904968,0.75979535,0.239157902,-0.486137882
IPI00114862.1_Thumpd1_8,0.983720973,0.462065783,0.604026688,-0.079977571,-0.116754093,-1.853081781
IPI00281011.7_Marcksl1_22,1.385611208,0.217500213,-0.082353824,0.687928094,-0.866013469,-1.342672221
IPI00323349.2_Tjp2_1136,1.450652248,-0.634290252,-0.455246859,1.060491201,-0.985494225,-0.436112113
IPI00314443.3_Adam17_813,1.93023099,0.046936965,-0.546009304,-0.421832084,-0.883191168,-0.126135399
IPI00115094.1_Bckdk_31,0.346347349,0.260126776,1.716016112,-0.758680748,-0.96807636,-0.595733129
IPI00107999.1_Chd1_214,0.140718597,1.960158498,-0.639203055,-0.452366255,-0.592432202,-0.416875582
IPI00107999.1_Chd1_215,0.140718597,1.960158498,-0.639203055,-0.452366255,-0.592432202,-0.416875582
IPI00117932.3_Sin3a_833,1.508117531,-0.136055285,-0.853799357,-0.105580702,0.763658017,-1.176340205
IPI00874321.1_Hnrnpc_241,0.907451755,-1.586955454,-0.272792843,0.149905175,-0.385982901,1.188374268
IPI00124779.6_Tgs1_152,1.32644348,-0.385791349,1.10552921,-0.755101046,-1.12818709,-0.162893205
IPI00109304.1_Car13_5,-0.884415513,-0.769629774,1.365972695,-0.258947949,1.151840514,-0.604819972
IPI00652900.1_Arhgef1_432,0.202313997,-0.560512066,-1.085996496,1.615227145,0.563298815,-0.734331394
IPI00756696.2_Ppp4r2_226,-1.507531407,0.381169925,0.947656194,0.933596404,0.136107624,-0.89099874
IPI00677756.1_Ahnak2_35,-1.899687666,0.138446879,0.044105708,0.069833424,0.888442195,0.75885946
IPI00459468.2_Wrnip1_151,-0.095437023,0.882545275,-0.107923008,-1.265208686,-0.808780791,1.394804233
IPI00918245.2_Svil_556,-0.504669998,-0.210331639,-0.293614179,-0.123618141,-0.840759206,1.972993163
IPI00126223.1_Jund_100,-1.448539153,-0.229213818,0.865317182,1.062592157,0.560498335,-0.810654703
IPI00387232.1_Nsfl1c_178,-1.701571989,-0.607572923,0.36663066,0.173336944,0.829588659,0.939588649
IPI00118344.1_Ugdh_474,-1.875708586,-0.14106527,0.707914965,0.786308839,0.582104748,-0.059554696
IPI00314102.6_Dlc1_540,-1.681731881,-0.624050599,0.028469327,0.624819887,0.939739672,0.712753593
IPI00856302.1_Palld_901,-1.782207864,0.044287969,0.847714547,0.972594484,0.236131716,-0.318520853
IPI00553798.2_Ahnak_136,-1.913576659,0.567722794,0.755758304,0.604875111,0.191056021,-0.205835571
IPI00123755.1_Cbx5_93,-1.562711682,-0.938196118,0.830976875,0.361993412,0.674070707,0.633866806
IPI00874630.1_Camkk2_495,-1.294462172,-0.896914307,-0.153089779,0.122939406,1.027784348,1.193742504
IPI00117689.1_Ptrf_14,1.619327518,0.691295559,-0.105100369,-1.156682631,-0.545577652,-0.503262425
IPI00338954.3_Sash1_831,1.393883563,-0.912493631,0.631475859,0.005415683,0.21557733,-1.333858805
IPI00884460.1_Prkca_226,0.118969402,1.432769278,-0.59186248,-0.868483286,0.909363156,-1.00075607
IPI00323238.5_Setd1a_545,1.63545892,-0.349591543,-0.729417772,0.835509375,-0.741579755,-0.650379225
IPI00515528.3_Zc3h13_380,0.821861818,-0.449823887,-1.502108158,0.460952314,1.179998569,-0.510880655
IPI00857065.1_Tead2_260,1.118730307,-0.771366978,-0.977266141,1.052399863,0.496419838,-0.918916888
IPI00857073.1_Akt1s1_318,-1.461825085,-0.06080738,1.182988774,-0.85023552,0.715564509,0.474314702
IPI00889216.1_Gapvd1_747,-1.350374706,1.12497343,1.24222509,-0.39136318,-0.410285735,-0.2151749
IPI00283057.1_Xrn2_470,0.02773738,0.75762318,0.151579256,1.184617448,-1.672514022,-0.449043242
IPI00119921.5_4833439L19Rik_183,-1.613475619,-0.301090252,1.107369311,-0.003832033,1.018244222,-0.207215628
IPI00470167.3_Rtn4_165,-1.46259965,-0.43801733,1.256508143,0.83550226,-0.527987483,0.33659406
IPI00132028.1_Sap30_138,-1.37905808,-0.904766916,1.135343081,0.937526613,-0.105927777,0.316883078
IPI00132028.1_Sap30_131,-1.37905808,-0.904766916,1.135343081,0.937526613,-0.105927777,0.316883078
IPI00762331.2_Cobll1_993,-1.155259806,-1.193044481,0.197297508,0.14413093,1.293734564,0.713141286
IPI00137501.1_Nfic_323,-1.134856024,0.773175661,0.581455935,1.265161209,-0.551341875,-0.933594906
IPI00918049.1_Osbpl11_200,-1.870105454,0.102594589,-0.190643224,0.883736768,0.758181665,0.316235655
IPI00930835.1_Rin3_307,-1.985711388,0.202757116,0.633260527,0.677531523,0.384915572,0.087246651
IPI00667973.3_Cep170_1116,1.558957941,0.724868622,-0.057565558,-0.989508562,-1.003730817,-0.233021626
IPI00467059.5_Stk11ip_390,1.529272608,0.976109641,-0.308085834,-0.755774819,-0.679344948,-0.762176648
IPI00467059.5_Stk11ip_388,1.529272608,0.976109641,-0.308085834,-0.755774819,-0.679344948,-0.762176648
IPI00172344.1_Cdc42ep2_109,1.812722106,0.081964289,-0.092007874,-0.622322361,-0.035674013,-1.144682147
IPI00662157.3_Synpo_1007,1.821658156,-1.042235937,0.023657216,-0.202169298,-0.732500917,0.131590779
IPI00282957.4_Mtap7d1_99,1.142169732,0.737149284,-0.270878853,-0.768306724,-1.453380942,0.613247502
IPI00282957.4_Mtap7d1_95,1.385231395,0.989484517,0.004536745,-0.506830317,-1.150890129,-0.721532211
IPI00118337.2_Pcyt1b_362,0.27143169,0.451670442,-1.765936178,0.626339106,0.958165255,-0.541670315
IPI00416342.1_Gpatch2_10,0.292341483,1.263882017,-1.769228,-0.230962321,0.089555833,0.354410988
IPI00132122.3_Smc3_1065,1.380101053,1.101781416,-0.496434637,-1.063978998,-0.658658307,-0.262810526
IPI00229534.5_Marcks_112,0.846838852,-1.93080055,0.25952672,0.548538376,-0.134600099,0.410496701
IPI00400401.1_Elac2_797,0.471840552,0.53944175,0.031518481,0.356596693,-1.999517538,0.600120063
IPI00420248.1_Kdm2b_883,1.462756237,0.880505472,0.143635853,-0.82514916,-0.868610359,-0.793138043
IPI00420248.1_Kdm2b_885,1.267754612,0.992019216,0.17902981,-0.468515702,-0.656419002,-1.313868934
IPI00896672.1_Prpf4b_141,-0.712686803,0.750194147,-1.660105359,0.264181353,0.9799547,0.378461962
IPI00400215.3_Plec_4233,1.452278475,-0.243409944,0.366857369,-0.536282918,-1.486477478,0.447034496
IPI00109335.1_Stx4a_117,1.154800988,0.26404219,-0.702258985,-0.274907636,-1.431300054,0.989623497
IPI00380722.1_Bat2_1085,0.338058353,-1.171389087,-1.195750133,-0.011862139,1.041458254,0.999484752
IPI00874398.1_Fam65a_90,0.697507981,1.605245595,-0.162342569,-0.416427771,-1.216140526,-0.50784271
IPI00399981.3_Lrig3_1077,0.775755183,1.448340176,0.090711752,-1.236007779,-0.237185518,-0.841613813
IPI00115490.1_Pcyt1a_342,0.315666317,1.27098426,-0.305137004,0.887137715,-0.921065624,-1.247585664
IPI00273851.2_Tlk1_100,0.610781058,0.925182776,-0.599190853,-1.667910264,-0.060311705,0.791448988
IPI00273851.2_Tlk1_103,0.610781058,0.925182776,-0.599190853,-1.667910264,-0.060311705,0.791448988
IPI00929767.1_Ubn1_493,0.670189026,0.447993149,-0.256089785,-0.967368432,-1.240270256,1.345546298
IPI00277930.6_Capg_339,1.048100215,0.686513644,0.675576436,-1.112052913,-1.317850952,0.01971357
IPI00312128.3_Trim28_12,1.132399927,-1.339682503,0.117908018,1.14607742,-0.664760693,-0.391942169
IPI00654133.1_E130112L23Rik_1436,-0.915951136,-0.794944629,-1.015114374,1.020578974,0.815230997,0.890200168
IPI00654133.1_E130112L23Rik_1441,-0.915951136,-0.794944629,-1.015114374,1.020578974,0.815230997,0.890200168
IPI00133977.3_Nap1l4_117,0.864271837,0.175973216,0.508599383,-0.140594485,0.510791383,-1.919041334
IPI00854013.1_AI846148_254,-0.835355309,-0.548539831,-1.062023445,0.770860893,1.499441268,0.175616424
IPI00378324.3_1700030K09Rik_198,1.281161191,-0.100961138,1.026711462,-0.296631413,-1.392016003,-0.518264099
IPI00720036.1_Mprip_997,0.542566986,0.894000034,0.363226163,-1.783311008,-0.553272177,0.536790002
IPI00608091.1_Usp47_1018,0.400508866,1.626451318,0.353692813,-0.517886572,-1.113034353,-0.749732071
IPI00762710.3_Mpnd_8,-0.15312654,0.315843114,-0.0218008,0.245354251,1.346592097,-1.732862121
IPI00229801.5_Trp53bp1_716,-0.750927758,1.579237183,0.05207772,0.057212431,0.396239398,-1.333838974
IPI00380332.4_Dusp9_396,-0.040437295,-0.151245769,0.485442041,-0.288493205,1.523242825,-1.528508598
IPI00129519.3_Basp1_31,0.201016043,0.060493099,1.693541556,0.037054208,-0.769959396,-1.22214551
IPI00874512.1_Pml_11,-1.45272668,1.599896527,0.083910024,0.107241152,0.187311213,-0.525632236
IPI00165881.3_Pxn_118,0.507117193,0.369798253,1.223679368,-0.514561179,-1.683568797,0.097535162
IPI00133374.5_Sqstm1_28,-1.527764789,0.472456927,-0.410017714,-0.080681756,1.505474073,0.040533258
IPI00405217.3_Tmem44_423,-0.775712348,-0.655933339,1.836925215,-0.294135694,0.444945455,-0.556089288
IPI00123709.1_Akap12_350,-1.351135092,-0.304388639,-0.354055864,0.084699501,1.702936593,0.221943502
IPI00225609.2_1600021P15Rik_436,-0.584384954,0.631564368,1.708739806,-0.621632302,-0.173380319,-0.9609066
IPI00405217.3_Tmem44_431,-1.71503552,0.898960255,1.052329986,-0.353306118,0.13418776,-0.017136363
IPI00465761.5_Arhgef17_414,-0.502721437,0.916836012,1.001492409,-1.435374187,0.659191468,-0.639424264
IPI00224152.5_Apex1_22,-0.899260718,0.630656591,1.191308594,-0.150271693,0.627065036,-1.39949781
IPI00467327.4_Afap1_343,0.423418694,-0.143548213,1.775351797,-0.816427358,-0.946793597,-0.292001324
IPI00467327.4_Afap1_344,0.423418694,-0.143548213,1.775351797,-0.816427358,-0.946793597,-0.292001324
IPI00110779.3_Tmem192_17,-1.929260351,0.461019828,0.418618031,0.919830131,-0.068639702,0.198432063
IPI00222868.2_Eif4enif1_212,-1.965607501,0.070380719,0.61000831,0.6073483,0.622393748,0.055476425
IPI00409176.1_Cast_599,-1.145816314,-0.583774435,1.546280915,0.02887031,0.763721196,-0.609281672
IPI00117570.3_Gas2_186,-1.456576559,-0.295606118,1.284657002,-0.446692901,-0.054371789,0.968590366
IPI00331291.2_Dnm1_772,-1.984870454,0.555718567,0.098731176,0.134166942,0.662181556,0.534072213
IPI00466384.6_8030462N17Rik_67,-1.821050353,0.133363715,1.145365063,0.455097934,0.311203386,-0.223979745
IPI00742275.1_Kdm2a_713,-1.92473259,-0.181889669,0.864163782,0.428297864,0.388726135,0.425434477
IPI00816914.1_Dock7_182,-1.977696534,0.082337852,0.183213771,0.466031,0.788563419,0.457550491
IPI00420739.2_Trerf1_774,-1.859566698,-0.016068985,0.805157584,0.916364154,0.221756542,-0.067642597
IPI00318048.5_Nop56_545,-1.684432879,-0.631043884,0.576591624,0.953877306,0.719620888,0.065386946
IPI00263016.4_Wiz_1031,-1.789497241,-0.394537929,0.81621258,0.866888896,0.47280986,0.028123834
IPI00311490.4_Phip_1315,-1.760673496,-0.585071071,0.803486793,0.75768004,0.515312247,0.269265487
IPI00118895.1_Sntb2_202,-1.864798592,0.103871716,0.782339058,0.934672166,-0.090082623,0.133998275
IPI00387602.1_Mtss1l_587,-1.976840801,0.59902278,0.697042976,0.472909119,0.071099368,0.136766558
IPI00626289.4_Gkap1_25,1.531255293,-0.873607061,0.833059251,0.044560275,-0.673902743,-0.861365015
IPI00626289.4_Gkap1_27,1.531255293,-0.873607061,0.833059251,0.044560275,-0.673902743,-0.861365015
IPI00626289.4_Gkap1_23,1.531255293,-0.873607061,0.833059251,0.044560275,-0.673902743,-0.861365015
IPI00649326.2_Myo18a_101,0.994956891,0.513601703,0.519033094,0.385198152,-0.749380861,-1.663408979
IPI00895022.1_Slc45a4_41,2.03875388,-0.323798706,-0.402615117,-0.397217354,-0.461540951,-0.453581752
IPI00135660.5_Sdpr_296,1.510099456,0.490117975,-0.214655155,-0.251516278,0.005439999,-1.539485998
IPI00409176.1_Cast_11,1.803151587,0.566287031,-0.536086009,-0.686084917,-0.496981863,-0.650285829
IPI00465812.2_Epb4.1l1_639,1.582801625,0.620778586,-0.987837135,-0.02530384,-0.134601727,-1.055837509
IPI00331291.2_Dnm1_791,1.903460974,0.29817021,-0.727579816,-0.342840255,-0.590097677,-0.541113435
IPI00378438.6_Tns1_1470,1.642862068,0.522911732,0.005670264,-0.248308122,-0.720059639,-1.203076302
IPI00752500.1_Git2_415,1.50801543,0.458431715,0.483891357,-0.386528108,-1.067389882,-0.996420513
IPI00752500.1_Git2_418,1.307886419,0.802670932,0.330680094,-0.209889573,-1.149532976,-1.081814896
IPI00138190.1_Cdh11_791,1.715042055,0.594061542,-0.417942402,-1.085325968,-0.522140351,-0.283694875
IPI00403827.2_Phldb2_389,1.735609734,0.21857743,-0.71980595,-1.05432015,0.293349292,-0.473410356
IPI00153715.5_Prr12_1295,0.488426759,1.292681204,0.250634043,-0.115032451,-0.191061822,-1.725647733
IPI00648830.1_Arhgef10l_279,1.786122132,0.244011273,-1.064478685,-0.772995965,-0.073636897,-0.119021859
IPI00229571.1_Sltm_999,0.688080521,0.761508858,0.241589005,0.832498328,-1.188494405,-1.335182307
IPI00169507.3_Samd14_64,1.676556871,0.133173008,0.152626956,-0.032001463,-0.58837071,-1.341984663
IPI00331076.4_Slk_348,1.405630426,0.967690251,-1.29866413,-0.258366699,-0.433954342,-0.382335506
IPI00331076.4_Slk_347,1.39288935,0.926856344,-1.369183799,-0.306659899,-0.210624635,-0.433277361
IPI00112584.3_Camk2d_330,1.554434134,0.362645834,-0.239276248,0.230590277,-0.443896253,-1.464497743
IPI00223751.2_Arhgap12_213,1.86932655,0.331576099,-0.581800434,-0.193377763,-0.754357591,-0.671366861
IPI00112644.1_Foxj2_172,1.002247915,0.836489805,0.497005203,-0.094369966,-0.606883165,-1.634489793
IPI00112644.1_Foxj2_164,0.941797731,0.955698411,0.45236984,-0.120494438,-0.616965239,-1.612406305
IPI00858099.1_Chd8_564,1.332520578,0.8237568,0.25431035,-0.234429398,-1.258886379,-0.91727195
IPI00407835.2_Ubap2l_633,1.247383597,1.071579854,0.088514331,-0.388889628,-0.786435623,-1.232152532
IPI00116041.4_Cbx4_463,1.522194143,-1.270508223,-0.207070854,0.002130513,0.692433886,-0.739179466
IPI00226439.3_Zhx1_26,1.554968627,0.31528237,-1.234322979,-0.818031374,-0.278651065,0.460754421
IPI00468516.3_D6Wsu116e_873,1.226135666,0.459131291,-1.096351813,-1.251292983,0.717644713,-0.055266874
IPI00752500.1_Git2_421,1.013129261,-0.232206064,1.326057441,-0.031353767,-1.093151476,-0.982475394
IPI00119627.1_Irs1_444,1.983342059,-0.020326934,-0.683908699,-0.324533402,-0.340752223,-0.613820801
IPI00858099.1_Chd8_555,1.109975028,1.058330853,0.307365954,-0.424133715,-1.392595774,-0.658942346
IPI00222766.2_Dopey1_1166,1.790471156,0.300259638,-0.097318798,-1.028549797,-0.774999062,-0.189863136
IPI00128615.1_Gatad2b_487,-0.689672831,0.210474424,1.401951799,0.519105804,0.055483067,-1.497342263
IPI00858135.1_Rgs12_671,1.736615865,0.296812543,-1.306482562,-0.335458978,-0.197648537,-0.193838332
IPI00858135.1_Rgs12_661,1.736615865,0.296812543,-1.306482562,-0.335458978,-0.197648537,-0.193838332
IPI00330695.5_Fam129b_607,0.05783231,-0.036186093,1.650762796,-0.256911247,0.067656763,-1.483154529
IPI00471007.1_Arhgef11_735,1.863441817,0.253100377,-0.964046681,-0.603077382,-0.373467159,-0.175950971
IPI00112810.2_Anks3_369,1.560634362,0.578956379,-1.0896488,-0.815184138,0.3008403,-0.535598103
IPI00112584.3_Camk2d_331,1.659261461,0.689632326,-0.21825055,-0.73436454,-1.021818959,-0.374459737
IPI00874641.3_Fbxl20_427,0.701764219,0.228786415,-0.994379744,1.233044601,0.209892495,-1.379107985
IPI00850112.1_Synpo_698,0.943424356,0.793262911,-1.47613957,0.197292719,0.531988153,-0.989828569
IPI00850112.1_Synpo_702,1.509968222,0.082243306,-1.31095187,0.640068609,-0.177356448,-0.74397182
IPI00356904.7_Farp1_23,1.153422248,0.689854627,0.841423188,-0.966159158,-0.664887075,-1.053653829
IPI00356904.7_Farp1_20,1.153422248,0.689854627,0.841423188,-0.966159158,-0.664887075,-1.053653829
IPI00379682.1_Tbc1d1_559,1.412001314,0.965693123,-0.335039408,-0.103470429,-0.781825037,-1.157359564
IPI00387234.2_Srpk1_309,1.829191392,0.473505086,-0.723109223,-0.302564349,-0.634912934,-0.642109972
IPI00169507.3_Samd14_179,-0.458418138,0.576798901,1.120720472,0.467071099,0.020834321,-1.727006654
IPI00890038.2_Syne1_8279,1.731852049,-0.169404067,-1.335833609,-0.229129302,-0.25858471,0.261099639
IPI00890038.2_Syne1_8282,1.731852049,-0.169404067,-1.335833609,-0.229129302,-0.25858471,0.261099639
IPI00228716.8_Fat4_4806,1.123617804,1.398886689,-0.740292099,-0.921110749,-0.348777853,-0.512323792
IPI00111523.5_Helb_992,1.726166241,0.553242964,-0.015891568,-0.729301922,-0.818242805,-0.715972909
IPI00480497.1_Trim47_393,0.358655284,1.13009788,0.574787186,0.251777741,-0.647696352,-1.667621739
IPI00282522.3_Wdhd1_821,0.403828028,1.611519409,-1.211766684,-0.093095723,0.149974428,-0.860459457
IPI00515576.5_Ehbp1_310,1.853066384,0.098879661,-0.774891968,0.011387015,-0.947479975,-0.240961117
IPI00855097.1_Tns3_4,-0.794040837,0.18347471,0.649499193,1.011925581,0.555737096,-1.606595742
IPI00127014.1_Terf2ip_200,0.64842804,0.984182161,-0.126950507,-0.436111158,0.655320296,-1.724868832
IPI00453603.1_Rps6kb1_390,0.167293798,-1.57530092,1.457292185,0.19865415,0.261088108,-0.509027321
IPI00453603.1_Rps6kb1_394,1.004284998,-1.532598792,-0.727595151,0.200584726,1.035633095,0.019691125
IPI00918693.1_Fam13c_466,1.598794047,0.757448009,-1.053493701,-0.074644642,-0.596877141,-0.631226573
IPI00885518.1_Hdgfrp2_619,1.86649396,-0.877844097,-0.196181365,-0.618058563,-0.480840021,0.306430085
IPI00111700.1_Rtp4_179,-0.688142581,-0.132040871,1.082030988,1.223323081,-0.134782423,-1.350388194
IPI00111700.1_Rtp4_181,-0.688142581,-0.132040871,1.082030988,1.223323081,-0.134782423,-1.350388194
IPI00653834.2_Rrp8_104,0.668150263,1.182286841,0.39613792,-1.428491794,0.149361871,-0.967445101
IPI00311140.2_Dhx16_105,1.953939593,0.152520933,-0.458377519,-0.453414844,-0.718879246,-0.475788915
IPI00311140.2_Dhx16_103,1.953939593,0.152520933,-0.458377519,-0.453414844,-0.718879246,-0.475788915
IPI00460668.2_Smarca4_699,-0.143333425,1.5651575,0.252910699,0.346449875,-0.62126438,-1.399920269
IPI00263822.7_Prkacb_341,-0.284169247,0.372833181,1.60799924,0.337526408,-0.940629109,-1.093560472
IPI00380354.1_Llgl1_988,1.105869736,0.525191739,-1.007912239,-0.669287523,1.032110402,-0.985972115
IPI00112810.2_Anks3_373,0.878449225,1.046722269,-1.061971987,-1.17733534,0.690666916,-0.376531082
IPI00223286.3_Tprn_501,0.067294599,0.951628756,0.197504647,-0.133680597,0.771414284,-1.854161688
IPI00312128.3_Trim28_601,0.606851246,1.214937855,0.269396553,0.250118474,-0.796706007,-1.544598122
IPI00753701.3_Mdc1_385,-0.081318652,-0.475448533,1.866575594,-0.728171275,0.249480997,-0.83111813
IPI00753701.3_Mdc1_387,-0.081318652,-0.475448533,1.866575594,-0.728171275,0.249480997,-0.83111813
IPI00380354.1_Llgl1_989,0.287375542,1.900803371,-0.377749807,-0.654342175,-0.39744066,-0.758646272
IPI00626851.1_Zeb2_974,1.195222757,1.193026,-0.221010004,-1.310166889,-0.516464138,-0.340607726
IPI00890880.1_Nab2_434,0.631877542,0.954421512,0.241272494,0.662702388,-1.031020951,-1.459252986
IPI00845638.1_Pds5b_1191,1.109004314,0.771348473,-0.678855504,-0.174736969,-1.551800782,0.525040468
IPI00340504.2_Dcaf5_533,0.936593736,0.695441973,0.852920141,-0.228382649,-1.524177955,-0.732395246
IPI00471007.1_Arhgef11_709,-1.000897997,0.545956154,0.924027465,0.634384325,0.406138161,-1.509608109
IPI00471007.1_Arhgef11_712,-0.885565288,0.499316438,1.314485245,0.68923642,-0.331541604,-1.285931211
IPI00323349.2_Tjp2_907,-0.303744648,-0.230890018,1.252845053,-0.096841858,0.930762572,-1.5521311
IPI00308971.1_Igf2r_2347,1.600038252,0.26816685,0.053858166,-0.663883447,-1.38169006,0.123510239
IPI00165688.2_Slc23a2_75,1.056482891,0.915850713,-1.179474419,-1.245472564,0.214685047,0.237928332
IPI00344430.2_Scaf1_695,1.780713051,0.014300108,-0.888808387,0.25701194,-0.196715845,-0.966500867
IPI00344430.2_Scaf1_691,1.780713051,0.014300108,-0.888808387,0.25701194,-0.196715845,-0.966500867
IPI00380354.1_Llgl1_986,0.192036935,1.892756345,-0.276780351,-0.910205734,-0.258529606,-0.639277589
IPI00453800.4_Zfp828_641,1.773848697,0.166117575,-0.295253286,-0.026252922,-0.346469,-1.271991063
IPI00224729.1_Hnrnph1_63,0.672310674,0.146044152,1.3255173,-1.376098558,0.155227295,-0.923000864
IPI00380354.1_Llgl1_982,0.188270816,1.894647997,-0.282106081,-0.917638675,-0.263794621,-0.619379436
IPI00755161.2_Osbp_375,0.800852267,1.452801375,-0.505566468,-1.363037441,-0.366311584,-0.01873815
IPI00857799.1_Snx25_420,-0.718621582,-0.03193484,0.88223166,1.261716762,0.058794129,-1.452186128
IPI00467908.5_Notch2_1846,-0.449411882,-0.695164146,1.726445374,0.567264728,-0.154973003,-0.994161072
IPI00675483.2_NA_1651,0.706128778,0.838683103,0.905331676,-0.534454033,-1.612746689,-0.302942835
IPI00896672.1_Prpf4b_366,1.119187838,-0.307002713,1.04526548,-1.500651468,-0.528385535,0.171586397
IPI00224200.1_Iws1_384,1.424459237,0.456299598,-0.153349454,-1.351394116,-0.836941646,0.460926381
IPI00130173.1_Uba2_548,1.3994865,0.355733531,0.646113777,-0.783729439,-1.344933883,-0.272670485
IPI00153284.2_Bud13_148,1.617647137,0.60628473,-0.028654631,-1.232044771,-0.610015554,-0.353216912
IPI00153284.2_Bud13_144,1.617647137,0.60628473,-0.028654631,-1.232044771,-0.610015554,-0.353216912
IPI00407458.3_Tcf20_612,1.497600707,0.555026662,-0.686297261,-0.397853694,-1.306087571,0.337611157
IPI00318829.5_Phf10_326,-0.633774764,-0.430619643,1.752815373,0.398483258,0.000177005,-1.087081229
IPI00420248.1_Kdm2b_948,-0.356549032,-0.146009716,2.004548488,-0.647314781,-0.27067185,-0.58400311
IPI00420248.1_Kdm2b_952,-0.356549032,-0.146009716,2.004548488,-0.647314781,-0.27067185,-0.58400311
IPI00127417.1_Nme2_122,0.053282194,0.05661583,-0.585780721,-1.134937422,1.821619418,-0.2107993
IPI00153759.1_Ttc4_51,1.455682618,-0.14291115,-1.642699363,-0.006706916,-0.061243958,0.39787877
IPI00808206.1_Acin1_65,0.30002366,1.386818548,0.591704778,-0.853931092,-1.380380563,-0.044235331
IPI00918753.1_Fam13c_460,0.782151468,0.26752091,0.549453925,0.345253705,-1.973505414,0.029125406
IPI00453846.9_Zmym4_121,0.949042452,0.7406359,-1.424923071,0.76853677,-0.961548336,-0.071743715
IPI00857253.1_Atrx_738,0.968477967,-0.314493138,-1.29590485,-0.868284874,1.196405676,0.31379922
IPI00858249.1_Eif4g1_1181,0.494347058,0.235787217,1.349465011,-0.777092164,-1.495893995,0.193386873
IPI00124298.2_Arhgap5_1218,1.029791887,1.326666118,-0.424967636,-1.339697732,-0.175503393,-0.416289245
IPI00466858.3_Trim30_218,1.360963027,0.284638753,-0.714777174,-1.250423108,-0.526212579,0.84581108
IPI00380280.3_Cad_64,-0.142589108,-0.113978497,-0.554992108,1.577688057,0.585461791,-1.351590135
IPI00761357.2_Nufip2_649,0.048813601,1.597643836,-0.29015471,0.276318479,-0.126425196,-1.506196009
IPI00317271.3_Rbl2_8,0.327092999,-1.457627032,0.370267385,0.133527383,1.412688752,-0.785949487
IPI00169521.4_Esf1_689,1.055568894,-1.110340326,-1.200180294,-0.060694929,1.072153508,0.243493148
IPI00169521.4_Esf1_686,1.055568894,-1.110340326,-1.200180294,-0.060694929,1.072153508,0.243493148
IPI00169521.4_Esf1_688,1.055568894,-1.110340326,-1.200180294,-0.060694929,1.072153508,0.243493148
IPI00676243.2_Mtap1a_882,0.642605634,1.642900491,-0.285682396,-1.227124915,-0.417608472,-0.355090342
IPI00453688.1_Sipa1l1_1528,-0.463276828,1.956224372,-0.283226197,0.048994763,-0.424711901,-0.83400421
IPI00395065.2_Dbr1_505,-0.427058193,-0.111363388,-0.550058377,2.010140599,-0.324336946,-0.597323694
IPI00473314.3_Lig1_81,-1.178048563,0.194633769,0.716858976,1.214193592,0.280222801,-1.227860575
IPI00110050.2_Cdk11b_234,1.379102612,0.1612501,-0.786486216,-1.291127445,-0.298017158,0.835278107
IPI00850112.1_Synpo_703,-0.428266118,1.407449136,-1.264793016,0.915114691,0.001792051,-0.631296744
IPI00135443.2_Top2b_1363,0.44803984,-1.972238042,0.213763648,0.106033189,0.854498274,0.349903091
IPI00410804.1_Luc7l_363,-0.336723469,0.118756373,1.942343919,-0.772145055,-0.317632961,-0.634598807
IPI00153284.2_Bud13_187,0.728016774,1.240609918,-0.842399599,-0.212413462,-1.394615291,0.480801659
IPI00153284.2_Bud13_183,0.728016774,1.240609918,-0.842399599,-0.212413462,-1.394615291,0.480801659
IPI00113105.4_Polr3e_162,-0.131006239,-0.363304663,2.017575629,-0.464619913,-0.574041437,-0.484603377
IPI00262991.1_Dnajc1_472,0.499352802,1.393144478,0.415903276,-0.821558867,-1.397833417,-0.089008272
IPI00127602.1_Slc30a4_75,0.636325916,0.206775454,-1.866440115,0.697506565,0.677277744,-0.351445565
IPI00113105.4_Polr3e_161,1.272361914,-0.21589736,1.161003598,-0.864990702,-1.078574153,-0.273903297
IPI00112616.2_Abca2_1327,0.128114394,1.85910126,-0.386420597,-0.989989687,-0.630508166,0.019702795
IPI00112616.2_Abca2_1331,0.128114394,1.85910126,-0.386420597,-0.989989687,-0.630508166,0.019702795
IPI00225616.3_Dennd2a_512,-0.534352567,1.660218111,0.785775972,-0.379383019,-0.873039851,-0.659218646
IPI00112616.2_Abca2_2411,0.541228649,-0.296852913,1.371967669,-0.61736014,-1.462958624,0.463975361
IPI00676162.1_Yeats2_1244,0.243027588,-1.32639296,1.326854826,-1.015365855,0.600660312,0.171216089
IPI00857253.1_Atrx_737,0.190911345,-0.549378935,-1.668800418,0.686013676,1.173988097,0.167266235
IPI00605037.1_Srrm1_400,-0.430397642,1.979158592,-0.138119931,-0.15851254,-0.812575546,-0.439552932
IPI00222426.5_D19Ertd386e_337,0.533314695,-2.015266072,0.113854853,0.353049271,0.480038005,0.535009249
IPI00222426.5_D19Ertd386e_339,0.533314695,-2.015266072,0.113854853,0.353049271,0.480038005,0.535009249
IPI00222426.5_D19Ertd386e_340,0.533314695,-2.015266072,0.113854853,0.353049271,0.480038005,0.535009249
IPI00918972.1_Arhgap21_1739,-0.305620968,1.030256949,1.419755872,-0.808415325,-1.044490406,-0.291486123
IPI00896020.1_Hp1bp3_72,0.188437887,-0.415166975,1.119799957,-1.772780383,0.504973506,0.374736008
IPI00410883.1_Set_15,-0.81538691,-0.16450771,1.235069379,-0.779374332,1.271522414,-0.747322841
IPI00515403.1_Myst2_104,-0.530470076,1.484231904,-1.22233488,-0.241306803,0.900438528,-0.390558673
IPI00137730.7_Pebp1_52,-0.318262544,-0.449872053,1.985130995,-0.82328684,-0.185145954,-0.208563604
IPI00221566.3_Htatsf1_729,0.360477558,1.596105731,-0.601771476,-0.688454596,-1.128284833,0.461927615
IPI00130381.1_Bat3_985,0.06534966,-1.35203503,-0.439173083,1.640453312,-0.331545752,0.416950893
IPI00623570.3_Trip12_1410,-0.0000622,1.604795372,-1.174545009,-0.946994605,0.17257615,0.344230332
IPI00896602.2_NA_239,0.797488892,0.382979368,-0.17890498,-0.818178048,-1.414398344,1.231013113
IPI00896602.2_NA_242,0.767502536,0.188386483,0.168423743,-0.863773691,-1.465754192,1.205215122
IPI00314352.1_Pkd2_821,0.740275632,-0.504016852,-0.168756246,-0.008882886,-1.472861572,1.414241922
IPI00314352.1_Pkd2_818,0.741164564,-0.644600782,0.708395429,-1.430368876,-0.490979525,1.11638919
IPI00652478.3_5730455O13Rik_12,-0.593735194,1.461447331,-0.976895403,-0.926962591,0.802033161,0.234112696
IPI00762371.2_Uhrf1bp1l_1111,0.196473732,1.619917575,-1.270429677,-0.349357604,-0.637698089,0.441094063
IPI00877339.2_Casc3_145,0.370408051,-1.124033011,-0.999460498,-0.424650414,0.932612316,1.245123557
IPI00229801.5_Trp53bp1_631,-0.679115017,-0.593516456,1.979706973,0.00489178,-0.27283114,-0.43913614
IPI00229801.5_Trp53bp1_632,-0.679115017,-0.593516456,1.979706973,0.00489178,-0.27283114,-0.43913614
IPI00229072.2_Pml_42,0.319466511,-1.995818674,0.174582854,0.263479043,0.774172869,0.464117396
IPI00387285.3_Zscan21_285,0.401766894,-2.029094851,0.266109599,0.30922686,0.497899285,0.554092213
IPI00123871.2_Ncor2_955,0.364583614,0.873796394,-1.542697201,-0.9257279,0.380324456,0.849720637
IPI00652159.2_Tcf4_536,-0.318801699,1.948541779,-0.302545076,-0.595890435,-0.805838774,0.074534204
IPI00876259.1_Fnbp1_357,-1.321709474,0.959694056,0.841235797,0.433970565,0.257233786,-1.170424729
IPI00323176.2_Ube2e3_8,-0.967242202,0.782064193,-0.304546726,0.854197115,-1.314489837,0.950017457
IPI00223135.3_Arhgap28_53,-0.499304229,0.787055508,0.88873064,-1.755841366,0.502504973,0.076854474
IPI00895022.1_Slc45a4_44,-1.385198377,1.46264594,0.535973361,0.385656638,-0.557916162,-0.441161399
IPI00129319.3_Ppp1r7_24,-0.921652331,1.008559142,-0.900538509,1.438749937,-0.48139046,-0.143727779
IPI00129319.3_Ppp1r7_27,-0.921652331,1.008559142,-0.900538509,1.438749937,-0.48139046,-0.143727779
IPI00308391.5_Zfp592_146,0.079052585,0.711396169,-1.723006347,-0.488437746,1.078417497,0.342577842
IPI00308391.5_Zfp592_142,0.079052585,0.711396169,-1.723006347,-0.488437746,1.078417497,0.342577842
IPI00308391.5_Zfp592_145,0.079052585,0.711396169,-1.723006347,-0.488437746,1.078417497,0.342577842
IPI00857253.1_Atrx_735,-0.405246153,-0.422177825,-1.524147401,0.793954887,1.274321721,0.283294772
IPI00857253.1_Atrx_736,-0.405246153,-0.422177825,-1.524147401,0.793954887,1.274321721,0.283294772
IPI00128975.3_Dap_49,-0.431172858,-1.179383397,-0.298862587,-0.427972328,1.626389188,0.711001983
IPI00112810.2_Anks3_5,-0.910154184,-0.075455591,1.946285951,-0.105183074,-0.406543875,-0.448949226
IPI00130381.1_Bat3_986,-0.884756136,-0.780406308,-0.227736838,1.883941898,-0.05481428,0.063771664
IPI00409176.1_Cast_594,-0.076713149,1.426271043,0.428177523,-0.836374405,-1.374541001,0.433179989
IPI00121018.3_Ogfr_616,-1.467514549,-0.025857986,-0.307294299,1.651897454,0.150118646,-0.001349267
IPI00750931.1_Zc3h4_1111,-0.573942429,-0.601971923,1.99656174,-0.354216348,-0.442634872,-0.023796168
IPI00227043.3_Taok3_324,0.002179561,-0.89755048,-0.968506484,-0.273024614,1.738777802,0.398124215
IPI00222953.2_Glt8d2_45,-0.632157918,1.761542545,-0.525332809,-0.943696046,-0.199723783,0.539368011
IPI00848443.1_Acaca_87,-0.248382369,-0.996433854,-0.039686624,-0.966318854,1.61376495,0.63705675
IPI00848443.1_Acaca_85,-0.248382369,-0.996433854,-0.039686624,-0.966318854,1.61376495,0.63705675
IPI00408892.2_Rab7_72,-0.801891031,-0.951274994,1.398206635,1.101424787,-0.321642926,-0.424822471
IPI00172174.3_NA_79,-1.138189095,1.826755588,-0.063133303,-0.598600752,-0.062512757,0.03568032
IPI00465876.1_Lemd2_505,-0.642557735,-0.770835588,1.956897219,-0.199609292,-0.351543665,0.007649062
IPI00608081.1_Myst4_1302,-0.512549898,-0.437727471,1.963598757,-0.718683421,-0.402324434,0.107686467
IPI00947624.1_Aven_283,0.352269868,-1.221315722,0.060097236,-1.103099436,0.546213142,1.365834912
IPI00662157.3_Synpo_216,0.341344274,1.09032874,-0.857879817,-1.447249425,-0.054553757,0.928009986
IPI00120919.4_Ctr9_1079,-0.240496221,-0.921704927,1.460129096,-1.122223943,-0.013014382,0.837310376
IPI00120919.4_Ctr9_1083,-0.240496221,-0.921704927,1.460129096,-1.122223943,-0.013014382,0.837310376
IPI00128425.3_Gorasp1_363,0.328783539,-0.880403258,-1.37320849,0.082188136,0.408156408,1.434483665
IPI00857289.1_Wbp7_1040,-0.667311076,1.27546849,-1.0845821,-0.776318987,1.053105479,0.199638193
IPI00857289.1_Wbp7_1037,-0.667311076,1.27546849,-1.0845821,-0.776318987,1.053105479,0.199638193
IPI00415328.1_Phf14_283,-0.67666813,1.829411547,-0.5605537,-0.636862507,-0.464778327,0.509451116
IPI00415328.1_Phf14_280,-0.67666813,1.829411547,-0.5605537,-0.636862507,-0.464778327,0.509451116
IPI00896672.1_Prpf4b_143,-0.500628266,1.744942783,-0.285408739,-0.980074034,-0.564880344,0.5860486
IPI00896672.1_Prpf4b_145,-0.630396089,1.705984903,-0.406473175,-1.129230441,-0.040110727,0.50022553
IPI00121084.4_Prkci_563,-0.279110935,-1.042042636,-0.424345224,0.269615082,-0.378831779,1.854715491
IPI00116929.1_Cstf3_691,-0.421991395,-0.190758465,-0.686344115,-0.731002963,0.087833795,1.942263144
IPI00228716.8_Fat4_4784,0.394164163,-1.059262098,-1.308475987,-0.031076803,0.992054659,1.012596068
IPI00890892.1_Tnrc18_1921,-0.14712854,1.535215962,-0.54184581,-1.19727352,-0.469771842,0.82080375
IPI00653910.2_Cic_1809,-1.308433381,-0.526521629,1.41041045,0.814846098,0.179934299,-0.570235837
IPI00556735.2_Akt1_126,-1.68030574,-0.628102535,0.066981755,0.599159623,0.633969429,1.008297467
IPI00228716.8_Fat4_4809,-0.985242004,1.525058821,0.176466375,-0.137897485,-1.151188409,0.572802703
IPI00929850.1_Pgm1_117,-1.770243351,0.094467967,0.098807695,-0.096655754,0.368996975,1.304626467
IPI00128425.3_Gorasp1_422,-0.696240927,-1.08954497,1.791171231,-0.24808849,0.001256528,0.241446628
IPI00625262.4_Tmem87a_480,-1.242248019,-0.560681108,-0.686148223,0.738909831,1.42011874,0.330048779
IPI00340860.5_Larp7_251,-1.671147618,0.058513113,0.526117212,1.282092314,0.265638575,-0.461213596
IPI00320422.3_Pwp1_493,0.184767805,-0.470504384,-1.485788854,-0.366567331,0.827358541,1.310734222
IPI00896700.1_Mtap1b_1395,-1.090972544,0.798804916,-1.212148711,-0.142176983,1.227412898,0.419080423
IPI00896700.1_Mtap1b_1391,-1.090972544,0.798804916,-1.212148711,-0.142176983,1.227412898,0.419080423
IPI00874512.1_Pml_14,-1.207928906,0.459447627,-1.208787841,1.140781931,0.066235909,0.750251279
IPI00132478.1_1700021F05Rik_116,-1.182832984,1.307382118,-0.803885922,0.289265696,-0.541738905,0.931809997
IPI00123531.1_Zfp148_441,-0.38000951,0.926726325,0.242054275,0.28986591,-1.818464638,0.739827637
IPI00123531.1_Zfp148_438,-0.38000951,0.926726325,0.242054275,0.28986591,-1.818464638,0.739827637
IPI00229072.2_Pml_45,-0.615655212,1.29941301,-0.790816843,-1.035864706,0.032504469,1.110419282
IPI00272231.2_1110051M20Rik_322,-1.244367085,0.169503723,-0.317258648,-0.853450217,1.313169161,0.932403066
IPI00272231.2_1110051M20Rik_319,-1.603971738,-0.069245657,-0.597615647,0.33978966,1.172178358,0.758865024
IPI00830159.1_Rad23a_123,-1.053151218,-1.27048748,1.38358583,0.126037576,0.494267047,0.319748245
IPI00125662.2_Smarcc1_334,-1.19557723,0.932781718,0.512217792,-1.282833966,0.157182933,0.876228753
IPI00403827.2_Phldb2_510,-1.902992338,0.534303952,-0.175973857,0.203300916,0.424493456,0.916867871
IPI00416342.1_Gpatch2_15,-0.010333,0.709143455,-1.537032766,-0.397866771,-0.160506354,1.396595435
IPI00126883.1_Trps1_1085,-2.001963257,0.592754504,0.668592314,0.256991642,0.315223419,0.168401377
IPI00111789.2_Ldb1_302,-1.109512086,0.145597346,1.570291002,-0.959639585,-0.209803905,0.563067228
IPI00408171.4_5730419I09Rik_662,-1.870210029,0.188572029,1.043325179,-0.072943106,0.110715312,0.600540615
IPI00816914.1_Dock7_898,-1.245779147,1.776687188,-0.261533634,-0.200293632,-0.334967994,0.265887218
IPI00648927.1_Clta_206,-0.668236276,-1.344536009,-0.417518493,0.239617424,1.334522929,0.856150425
IPI00828218.2_Son_2027,-0.907571246,-0.348050871,1.633736874,-0.268213024,-0.863684886,0.753783154
IPI00828218.2_Son_2029,-0.907571246,-0.348050871,1.633736874,-0.268213024,-0.863684886,0.753783154
IPI00828218.2_Son_2031,-0.907571246,-0.348050871,1.633736874,-0.268213024,-0.863684886,0.753783154
IPI00758066.2_Ephb4_778,-1.915602499,0.609199902,0.475562813,-0.260092979,0.733172339,0.357760424
IPI00674192.4_C2cd3_453,-1.323558427,-0.414495859,-0.216615857,1.054283824,-0.419462434,1.319848753
IPI00329839.7_Ddx42_104,0.034974665,-0.446336198,-0.661280363,-0.595048943,-0.310180244,1.977871084
IPI00762316.3_Gnl1_55,-1.702980791,0.480442407,0.905459814,-0.238887234,-0.369148439,0.925114243
IPI00109334.2_Fer_408,0.205527831,1.054521721,-1.217789044,-0.697212415,-0.584156085,1.239107991
IPI00128975.3_Dap_51,-1.345933748,-1.057704506,0.479090777,0.095838753,0.632465478,1.196243246
IPI00126883.1_Trps1_1081,-1.99575165,0.545704649,0.619985745,0.048835379,0.273870412,0.507355465
IPI00844650.1_Pdgfra_1054,-1.80568775,-0.181023441,1.136464011,0.599015472,0.23695676,0.014274948
IPI00108978.4_Zmynd8_489,-0.577276835,-0.899196208,-0.11491889,-0.529997973,0.250156285,1.871233621
IPI00108978.4_Zmynd8_484,-0.577276835,-0.899196208,-0.11491889,-0.529997973,0.250156285,1.871233621
IPI00108978.4_Zmynd8_486,-0.577276835,-0.899196208,-0.11491889,-0.529997973,0.250156285,1.871233621
IPI00313513.6_Bmp2k_1013,-1.902406545,0.712337213,-0.066103032,0.162416488,0.197217141,0.896538736
IPI00313513.6_Bmp2k_1012,-1.902406545,0.712337213,-0.066103032,0.162416488,0.197217141,0.896538736
IPI00313513.6_Bmp2k_1010,-1.902406545,0.712337213,-0.066103032,0.162416488,0.197217141,0.896538736
IPI00111168.1_Cdk18_51,-1.276957427,-1.171412808,0.971772153,0.08970188,0.897217188,0.489679013
IPI00319858.1_Slc33a1_42,-1.376320082,-0.553398962,1.124354334,0.838651451,-0.661402896,0.628116155
IPI00131138.10_Flna_2327,-0.683640341,-1.020902697,-0.664925789,-0.093740652,1.177848422,1.285361057
IPI00112339.9_Lima1_225,-1.887513828,0.768691373,0.288669495,0.501045667,-0.313919174,0.643026467
IPI00223019.2_Apba1_267,-1.26623947,-0.81689116,-0.330056416,0.261631471,1.420264709,0.731290866
IPI00453603.1_Rps6kb1_441,-1.446717354,0.892219985,0.997939893,0.605401348,-0.20936572,-0.839478152
IPI00403055.1_Psmf1_189,-1.436091604,1.509900174,0.115360866,0.439217497,0.042308398,-0.670695331
IPI00230439.3_Hps5_463,-1.883343432,0.825994729,0.708381657,0.463297477,-0.211705465,0.097375034
IPI00230439.3_Hps5_461,-1.883343432,0.825994729,0.708381657,0.463297477,-0.211705465,0.097375034
IPI00620256.3_Lmna_19,-0.811003939,-1.629130391,0.555420606,0.448818921,0.989405835,0.446488969
IPI00677454.2_Cbx3_93,-0.926209974,-1.317171637,-0.221913763,0.527738391,1.286879815,0.650677168
IPI00762553.2_Dst_237,-0.837721423,-0.372450506,-0.40645337,-0.607356776,0.352922955,1.87105912
IPI00323887.5_Sp1_2,-0.29290384,0.045424505,-1.799487632,0.603217767,0.355875512,1.087873689
IPI00119242.1_Fnbp4_492,-1.482158973,0.089158354,0.471007263,-0.164839762,-0.44542935,1.532262468
IPI00119242.1_Fnbp4_489,-1.786232177,-0.369125911,0.052553674,0.448378965,0.602765289,1.05166016
IPI00377615.2_Phf3_1133,-1.62426849,0.315163494,0.501656057,1.056590926,0.532446813,-0.7815888
IPI00118923.2_Ppp1r11_114,-1.280233522,-0.831655814,-0.400559805,1.338751378,0.704883004,0.46881476
IPI00131533.1_Casp8_188,-1.700215575,-0.041663139,0.479112093,0.007462041,-0.110599804,1.365904383
IPI00112584.3_Camk2d_315,0.322744815,-1.451289308,-1.05287062,0.480932931,0.805843584,0.894638597
IPI00112584.3_Camk2d_319,0.322744815,-1.451289308,-1.05287062,0.480932931,0.805843584,0.894638597
IPI00830478.1_Fam120a_382,-1.758605775,-0.548473032,0.802940386,0.479952087,0.833758343,0.190427991
IPI00331555.2_Bckdha_348,-1.254231241,-1.301414215,0.411313392,0.597707046,0.699936288,0.84668873
IPI00330171.7_Bat2l2_613,-1.527005778,0.123297793,-0.13836999,1.604460351,0.138611574,-0.200993949
IPI00330171.7_Bat2l2_610,-1.527005778,0.123297793,-0.13836999,1.604460351,0.138611574,-0.200993949
IPI00654133.1_E130112L23Rik_1485,-1.648995636,-0.73625846,0.433001058,0.665654229,1.017787827,0.268810982
IPI00719890.2_Nfkb1_940,-2.015387169,0.47606899,0.284207891,0.163472634,0.481635239,0.610002415
IPI00915484.1_Prrx2_76,-1.758785829,0.16818212,-0.009130608,1.346372393,0.25608162,-0.002719697
IPI00915484.1_Prrx2_74,-2.025294748,0.422357057,0.270705849,0.424363229,0.618732949,0.289135663
IPI00915484.1_Prrx2_73,-1.519502539,-0.020922974,-0.175393972,1.616200595,0.196173532,-0.096554642
IPI00915484.1_Prrx2_70,-1.532603476,-0.031251067,-0.124271613,1.608901697,0.186247136,-0.107022678
IPI00135443.2_Top2b_1539,-0.873199819,-1.231082154,-0.448731873,0.47923377,1.302080162,0.771699913
IPI00459443.5_Tnks1bp1_1131,-1.670004442,-0.76382844,0.353582617,0.633886309,0.888763398,0.557600558
IPI00654417.1_Tinf2_380,-1.805602417,-0.348219251,0.593132076,0.808167514,0.782744824,-0.030222745
IPI00108783.1_Nf1_2545,-1.375230483,-1.013575925,0.026715802,0.471969057,0.755776994,1.134344555
IPI00280250.5_Sh3pxd2a_1029,-1.527917157,-0.817166091,1.016709438,-0.050363245,0.615151724,0.763585331
IPI00420602.3_Nup188_1718,-1.842922239,-0.29022646,0.553124234,0.430659707,0.146037802,1.003326956
IPI00620256.3_Lmna_653,-1.284412648,-0.862294577,-0.071800371,0.145356753,0.572101994,1.501048848
IPI00677454.2_Cbx3_97,-1.553629411,-0.934180962,0.424165519,0.446367622,0.923938915,0.693338318
IPI00474558.7_Nup98_79,-1.628031511,-0.15283965,0.935539,0.933776796,0.492000532,-0.580445167
IPI00323446.3_Gem_22,-0.275033601,-0.677025329,-0.467972039,-0.635577335,0.097676716,1.957931588
IPI00474558.7_Nup98_21,-1.673191804,-0.693175573,0.19939814,0.595407774,0.998811319,0.572750144
IPI00667973.3_Cep170_1008,-1.902465763,0.128929081,0.02767949,0.100846891,0.826725289,0.818285011
IPI00480372.3_Ppfibp1_972,-1.827109781,-0.465835527,0.753904272,0.361809214,0.750560611,0.426671211
IPI00480372.3_Ppfibp1_968,-1.827109781,-0.465835527,0.753904272,0.361809214,0.750560611,0.426671211
IPI00128425.3_Gorasp1_376,-1.784424867,-0.588289891,0.543950291,0.421417016,0.758241375,0.649106075
IPI00119063.2_Lrp1_4521,-1.667151787,-0.514761263,0.119619467,0.341765502,0.445291243,1.275236838
IPI00323887.5_Sp1_7,-0.651790187,-0.032894641,-0.948662658,-0.268126363,0.003521662,1.897952188
IPI00129927.7_Mcc_359,-1.980525657,0.606414892,-0.008807855,0.260351385,0.484341822,0.638225412
IPI00625898.3_Bbx_479,-1.672834935,-0.659962573,0.569407213,0.970499549,0.701109834,0.091780912
IPI00625898.3_Bbx_476,-1.684418451,-0.627405261,0.579598455,1.026316377,0.608575029,0.097333851
IPI00331076.4_Slk_341,-1.427213184,-0.839408532,-0.205411328,1.000289831,0.47831749,0.993425722
IPI00885322.1_Mllt4_1802,-2.003661332,0.620617368,0.255107472,0.645686429,0.210286754,0.271963311
IPI00352526.4_Fam53a_180,-1.381431844,-0.975477051,0.251318879,0.101378022,0.831490865,1.172721128
IPI00322415.4_Dennd1a_520,-2.014233165,0.452063419,0.492983336,0.105017328,0.383010825,0.581158258
IPI00228955.6_Stat3_727,-1.908779773,0.679318265,0.605507978,0.644826858,0.226657238,-0.247530566
IPI00466384.6_8030462N17Rik_69,-1.639916437,-0.750785351,0.754717344,0.257152361,0.405972154,0.972859929
IPI00677454.2_Cbx3_99,-0.86807904,-1.331374314,0.136650753,0.067429248,0.518153737,1.477219615
IPI00331076.4_Slk_344,-1.970342468,0.078610246,0.106280034,0.597827482,0.456605167,0.731019538
IPI00459443.5_Tnks1bp1_692,-1.736771781,-0.321448899,0.846115185,0.932757597,0.496975727,-0.21762783
IPI00331708.3_Mkl1_487,-1.553186666,-0.687707227,-0.242305317,0.843334065,0.810797757,0.829067389
IPI00331708.3_Mkl1_484,-1.765403053,-0.071462887,-0.352678055,0.965868382,0.42174497,0.801930642
IPI00465879.2_Zc3hc1_337,-1.735973886,-0.211084633,0.04511417,0.073926347,1.276991536,0.551026467
IPI00110050.2_Cdk11b_47,-1.05338077,-0.714279982,-0.364318193,-0.153386324,0.589288227,1.696077043
IPI00469947.2_Lnp_411,-1.966168394,0.12044856,0.058267263,0.611553462,0.428400312,0.747498798
IPI00119986.1_Bad_112,-1.90993541,-0.29852545,0.464334336,0.43225274,0.64985145,0.662022335
IPI00928579.1_Fam131b_341,-2.02249334,0.154450029,0.528478546,0.515979042,0.434099948,0.389485775
IPI00762331.2_Cobll1_1092,-1.508887313,-0.570763365,0.37698221,-0.000258146,0.216879554,1.48604706
IPI00165688.2_Slc23a2_81,-1.730399184,-0.631708101,0.371115665,0.350018753,0.816771469,0.824201397
IPI00896060.1_Trappc9_953,-1.697300441,-0.746258639,0.460919517,0.722630001,0.760036107,0.499973455
IPI00459443.5_Tnks1bp1_1657,-1.814029106,-0.447705959,0.463049014,0.887573773,0.669557767,0.241554511
IPI00125960.1_Ndrg1_2,-0.851851192,-0.933680776,-0.245653937,-0.19221875,0.466128274,1.757276382
IPI00671847.3_Ppp1r12a_507,-1.815661855,0.7945738,0.83552392,0.447463934,0.133061995,-0.394961794
IPI00221581.1_Eif4b_425,-1.671012301,-0.774828996,0.444438288,0.502191176,0.879641459,0.619570375
IPI00890880.1_Nab2_209,-1.885737284,-0.266413652,0.625862799,0.689185253,0.139295747,0.697807137
IPI00762331.2_Cobll1_1059,-1.44635036,-0.932401235,-0.001053486,0.522357939,0.785921777,1.071525365
IPI00465879.2_Zc3hc1_334,-1.310183254,-1.058359999,0.281937521,0.050326278,0.954675384,1.08160407
IPI00465879.2_Zc3hc1_340,-1.368644112,-0.974961379,0.267186872,0.029216956,0.958394133,1.088807529
IPI00465761.5_Arhgef17_516,-1.914530019,-0.250937197,0.298761373,0.531160954,0.732483098,0.603061791
IPI00312414.4_Pkn2_582,-1.465814715,-1.028471332,0.267767763,0.538808267,0.782873605,0.904836413
IPI00331515.2_Nfix_270,-1.970207866,0.415548455,0.790363939,0.543301083,0.136284433,0.084709956
IPI00625898.3_Bbx_477,-1.770195301,-0.512605807,0.256424696,0.608229517,0.424137661,0.994009233
IPI00109676.6_Phf8_984,-2.025565531,0.336443151,0.523725487,0.227955964,0.373221165,0.564219762
IPI00676243.2_Mtap1a_1886,-1.384640028,-0.972373026,-0.038674763,0.474805471,0.779565215,1.141317131
IPI00417158.1_Smg6_483,-1.850592084,-0.414075137,0.630252512,0.480832414,0.811372288,0.342210007
IPI00675197.3_Tbc1d4_616,-2.027162462,0.231663972,0.48647974,0.351149404,0.38349131,0.574378037
IPI00675197.3_Tbc1d4_620,-2.026945629,0.215967352,0.46898794,0.334611008,0.451112336,0.556266993
IPI00675197.3_Tbc1d4_624,-2.025326944,0.230587707,0.454538262,0.349919113,0.382219329,0.608062533
IPI00469184.1_Synm_778,-1.445874676,-0.816904769,-0.118118478,0.329768638,0.93654774,1.114581545
IPI00229305.1_Sik2_358,-1.934806725,0.32310727,-0.164015316,0.373117625,0.666893153,0.735703993
IPI00467933.2_2310021P13Rik_48,-1.789604419,0.103816071,0.659100401,-0.145632763,0.018820913,1.153499797
IPI00857417.1_Med24_879,-2.014867603,0.376825078,0.503074008,0.556344372,0.474117286,0.104506859
IPI00753321.2_Bod1l_2888,-1.927063321,0.318231991,-0.018306442,0.116138058,0.633491428,0.877508287
IPI00918646.1_Arpp19_137,-2.018337454,0.426621329,0.16054808,0.462573119,0.351123661,0.617471264
IPI00752108.1_Ctnnd1_859,-1.632575902,-0.750297677,0.316188209,0.288993841,0.824957942,0.952733587
IPI00381160.3_Tmem63b_111,-1.950945224,0.031324253,0.747839246,0.694538037,0.102049275,0.375194413
IPI00381160.3_Tmem63b_115,-1.973717095,0.009146758,0.70240874,0.649555041,0.279713973,0.332892583
IPI00280103.3_Micall2_122,-1.603692258,-0.710168114,0.071204056,0.396622343,0.753411007,1.092622965
IPI00135443.2_Top2b_1563,-1.344211189,-0.963418381,-0.158661345,0.490302503,0.834556539,1.141431872
IPI00556837.1_Smarcad1_79,-1.833557877,-0.468333647,0.39615782,0.488390122,0.611636329,0.805707253
IPI00115648.1_Errfi1_251,-0.744181455,-0.810565203,0.455428013,-0.747012739,0.110987905,1.735343479
IPI00274186.8_Arrb1_412,0.493732059,1.473328718,0.145387274,0.142673052,-1.10253567,-1.152585433
IPI00465812.2_Epb4.1l1_650,0.617389985,1.23202944,0.511850438,-0.443304222,-0.325292257,-1.592673384
IPI00890038.2_Syne1_8225,1.097849304,-0.917788906,0.851127486,-0.437752243,0.667715297,-1.261150938
IPI00676243.2_Mtap1a_2320,1.585194115,0.116579297,0.344528448,-0.238125886,-1.480028486,-0.328147488
IPI00125861.2_Dlg1_699,1.521882877,0.72743249,-1.181710824,-0.041799765,-0.852305592,-0.173499187
IPI00828218.2_Son_2147,1.911279244,-0.040738808,-0.434290216,-0.694443092,0.075948701,-0.817755829
IPI00608040.1_Hdgfrp3_177,1.146557029,0.813974652,0.599756306,-0.666396076,-0.485617653,-1.408274258
IPI00608040.1_Hdgfrp3_178,0.835046383,1.167349593,0.340779749,-0.803726557,-0.065120661,-1.474328508
IPI00608040.1_Hdgfrp3_179,0.715701731,0.730888569,0.958290384,-0.86509989,-0.027801385,-1.511979409
IPI00224200.1_Iws1_306,1.903108729,0.199666834,-0.855900111,-0.407655571,-0.210543859,-0.628676023
IPI00224200.1_Iws1_307,1.903108729,0.199666834,-0.855900111,-0.407655571,-0.210543859,-0.628676023
IPI00224200.1_Iws1_309,1.903108729,0.199666834,-0.855900111,-0.407655571,-0.210543859,-0.628676023
IPI00458039.3_Mdn1_4747,1.864592818,0.166461139,-0.253520352,-0.295972391,-1.091636898,-0.389924315
IPI00458039.3_Mdn1_4749,1.864592818,0.166461139,-0.253520352,-0.295972391,-1.091636898,-0.389924315
IPI00620256.3_Lmna_546,0.169538902,-0.254753891,-0.83366585,-0.500990649,1.924914985,-0.505043497
IPI00126389.2_Fxr2_568,1.477719972,0.115635717,-0.55717196,-1.521088616,0.417458904,0.067445982
IPI00751009.1_Srpk2_333,1.474292244,-0.75452788,0.985885141,-0.244596519,-1.011609379,-0.449443607
IPI00751009.1_Srpk2_332,1.474292244,-0.75452788,0.985885141,-0.244596519,-1.011609379,-0.449443607
IPI00131130.1_Trim24_1026,1.792531176,0.323728225,-0.17710306,-0.140596591,-0.981409454,-0.817150295
IPI00131130.1_Trim24_1029,1.792531176,0.323728225,-0.17710306,-0.140596591,-0.981409454,-0.817150295
IPI00123871.2_Ncor2_549,0.621903196,1.313105584,-0.646658329,-0.478712064,0.57341921,-1.383057597
IPI00123871.2_Ncor2_550,0.222407007,1.747737557,-0.130943142,-1.116759252,0.069295974,-0.791738144
IPI00116331.1_Sgta_82,-0.445971365,-0.533215613,0.293834392,-1.348916146,1.537592143,0.49667659
IPI00849284.3_Gcfc1_264,1.051032819,-0.062393014,-0.219816168,-1.531697106,1.157978423,-0.395104955
IPI00453512.3_Alkbh5_70,0.273410147,1.085244982,-0.46697246,-1.336158243,1.129246282,-0.684770709
IPI00120919.4_Ctr9_941,0.596908609,-0.367247234,-0.040631355,1.363036374,0.073924294,-1.625990688
IPI00120919.4_Ctr9_943,0.596908609,-0.367247234,-0.040631355,1.363036374,0.073924294,-1.625990688
IPI00116444.1_Zfp639_60,0.76241633,-1.412957989,0.692770932,-1.073344461,0.875190671,0.155924517
IPI00858099.1_Chd8_1422,-0.011009462,1.348845956,1.03247531,-0.762221565,-0.457253187,-1.150837052
IPI00858099.1_Chd8_1426,-0.011009462,1.348845956,1.03247531,-0.762221565,-0.457253187,-1.150837052
IPI00115426.1_Cdc26_41,-0.27912656,-0.303818664,2.002582904,-0.168208351,-0.562025711,-0.689403617
IPI00229801.5_Trp53bp1_654,1.189798797,-0.352384482,-1.455103673,-0.600290212,0.955970939,0.262008632
IPI00351206.5_Pgrmc2_205,-0.258447299,-0.534383362,-0.383266194,-0.905336251,1.911041442,0.170391664
IPI00670928.3_Camsap1l1_1137,0.045487677,1.090315982,0.929718481,0.096893329,-1.627722523,-0.534692945
IPI00929847.1_Fkbp15_1159,0.542890142,-0.436780884,-0.863193155,-0.477328049,1.796116877,-0.56170493
IPI00453512.3_Alkbh5_65,0.281186141,-1.59985089,-0.499394029,0.68882703,1.27170577,-0.142474022
IPI00128285.1_Ndufv3_163,-0.509675664,1.498096782,-1.416793125,-0.390794547,0.423666777,0.395499777
IPI00336715.2_Riok1_24,0.592605333,1.278290673,0.517477838,-0.087407088,-0.935838834,-1.365127921
IPI00605037.1_Srrm1_463,-0.755781699,-0.19326569,1.79484454,0.064986449,0.157384201,-1.0681678
IPI00229787.3_Rnaseh2a_258,1.020690873,1.050685467,0.131193802,0.163998213,-1.253355835,-1.11321252
IPI00654990.2_Arid4a_545,-0.116438357,1.433378076,-0.661263075,-1.064767707,1.003667714,-0.594576651
IPI00458702.2_Phf23_74,0.393748321,1.187382531,0.159008778,0.154634374,-1.839240448,-0.055533557
IPI00400168.2_Nexn_16,0.40939272,-1.366720407,0.809703738,0.180472578,-1.083134894,1.050286265
IPI00417155.1_Eif4g3_481,0.996061737,-1.504580248,0.363876109,-0.866471801,0.92373417,0.087380033
IPI00224200.1_Iws1_343,-0.850177793,-0.789358386,-0.138854796,-0.673358916,0.92932865,1.522421241
IPI00224200.1_Iws1_345,-0.850177793,-0.789358386,-0.138854796,-0.673358916,0.92932865,1.522421241
IPI00221566.3_Htatsf1_724,-0.191773633,-0.410345101,-0.924172978,1.382043678,-0.932937077,1.07718511
IPI00353237.8_Tns3_332,-0.100257991,-0.64937618,-1.255446554,-0.378965309,1.249730934,1.1343151
IPI00378156.2_Rabgap1_991,0.374934451,-0.878453043,-0.093310973,-0.250622199,1.775971928,-0.928520165
IPI00280250.5_Sh3pxd2a_566,0.251387081,0.142947952,-1.753098076,-0.239123323,0.294355642,1.303530724
IPI00133700.2_Vps4b_102,0.952981575,1.166036077,-0.381472875,-1.495443602,0.279577903,-0.521679077
IPI00128905.1_Golm1_213,-0.24799549,0.078647956,1.940973854,-0.309517517,-0.742258531,-0.719850271
IPI00308391.5_Zfp592_1198,0.776742186,-1.86913841,0.076779851,-0.263328874,0.709848295,0.569096952
IPI00308391.5_Zfp592_1202,0.776742186,-1.86913841,0.076779851,-0.263328874,0.709848295,0.569096952
IPI00130591.2_Ilf3_80,-0.701320916,-0.484708187,-1.166280068,0.602426081,1.588746543,0.161136547
IPI00828976.1_Tmpo_183,0.081996451,1.456981727,0.656439037,-1.301926847,-0.862312619,-0.031177749
IPI00118018.5_Ehbp1l1_191,0.05191411,0.422711178,1.085334571,0.397895759,-1.863729682,-0.094125935
IPI00121562.1_Wdr12_221,-0.643143887,0.166523663,1.900373916,-0.04944146,-0.701356079,-0.672956153
IPI00311761.3_Kri1_148,0.283346181,1.200946592,0.789754547,-0.029118584,-0.714402135,-1.530526601
IPI00320594.5_Ranbp10_518,0.367990697,-1.111179243,0.028581338,-1.259954176,0.772669663,1.201891722
IPI00122038.2_Ddx27_25,-1.09049385,-0.343644661,0.003572908,-0.475629897,1.861311465,0.044884035
IPI00652110.1_Brd4_603,0.850098273,0.231315477,-1.987300911,0.313864273,0.314784192,0.277238695
IPI00798468.1_Usp9x_1600,-0.878804187,0.610398125,-1.141357003,0.107253808,-0.268705415,1.571214671
IPI00123183.3_Aqp1_247,-1.740252378,0.595068369,0.884444251,-0.266619217,0.822711737,-0.295352761
IPI00785240.1_Srrm2_1340,-0.888086603,-0.277908611,-0.460376001,1.929612036,0.124733367,-0.427974188
IPI00308332.5_Armcx3_61,0.41571586,-1.119261992,-0.501102962,-0.358555288,-0.211615527,1.77481991
IPI00225621.2_Yipf6_7,-0.170107721,0.583079413,-0.74655657,1.476832755,-1.35876821,0.215520333
IPI00649422.1_Luc7l3_425,0.63624237,0.095111873,-0.912694596,-0.781984945,-0.675411178,1.638736476
IPI00758139.1_Chd9_610,-1.586177542,0.014041808,1.010941191,0.851079185,-0.734641062,0.444756421
IPI00758139.1_Chd9_611,-1.586177542,0.014041808,1.010941191,0.851079185,-0.734641062,0.444756421
IPI00758139.1_Chd9_615,-1.586177542,0.014041808,1.010941191,0.851079185,-0.734641062,0.444756421
IPI00311490.4_Phip_881,0.217067703,0.683286597,0.697598337,-1.596744045,-0.852004709,0.850796116
IPI00311490.4_Phip_879,0.371362519,0.02000044,0.881287516,-1.553401244,-0.763105731,1.0438565
IPI00311490.4_Phip_880,0.371362519,0.02000044,0.881287516,-1.553401244,-0.763105731,1.0438565
IPI00918423.1_Kif1c_676,0.142178085,1.339192328,-0.739769232,-1.073967196,-0.679527245,1.01189326
IPI00918423.1_Kif1c_674,0.142178085,1.339192328,-0.739769232,-1.073967196,-0.679527245,1.01189326
IPI00453692.4_Nes_1541,-0.106270872,-0.538356875,1.985973722,-0.4563979,-0.720791448,-0.164156626
IPI00113746.3_U2af2_2,-0.724299349,-0.756766104,-0.826416303,-0.212301837,1.258332907,1.261450687
IPI00341869.5_Nucks1_54,-0.791806884,1.74778752,-0.806376184,-0.005912687,0.501599612,-0.645291376
IPI00856588.1_Hdac5_620,-0.658162488,-1.004643818,-0.046416832,-0.169521962,1.877929726,0.000815374
IPI00468516.3_D6Wsu116e_157,-0.167048324,-0.606443569,-1.365137311,-0.186246115,1.120539333,1.204335985
IPI00468516.3_D6Wsu116e_159,-0.167048324,-0.606443569,-1.365137311,-0.186246115,1.120539333,1.204335985
IPI00128285.1_Ndufv3_165,-1.973913314,0.345857566,0.57540727,0.026062212,0.763629235,0.262957031
IPI00396753.2_Fam171a2_785,0.329326587,-1.075572739,0.913830194,-0.286985722,-1.125649841,1.245051521
IPI00649422.1_Luc7l3_431,-0.161095208,-0.007964574,-0.526462712,-0.626414949,-0.648738674,1.970676117
IPI00378156.2_Rabgap1_987,-1.317538206,0.267071085,1.115059846,0.979617834,-0.993575695,-0.050634865
IPI00750042.1_Brwd1_1810,0.085840402,-1.846738318,-0.22448332,0.365402185,0.602490819,1.017488233
IPI00750042.1_Brwd1_1812,0.085840402,-1.846738318,-0.22448332,0.365402185,0.602490819,1.017488233
IPI00474721.1_Ddx54_774,-1.014839721,0.772383366,-0.96070275,-0.724610591,0.780355566,1.14741413
IPI00849568.1_Zzef1_2407,-1.10231562,-1.029694209,0.940837541,1.010556329,0.723521876,-0.542905917
IPI00387439.3_Sdad1_585,-0.508106623,-1.509337095,0.17523462,-0.285404222,0.853809953,1.273803367
IPI00120301.1_Tmem45a_269,-0.142736491,1.595357216,0.257809429,-0.198724499,-1.525877998,0.014172342
IPI00153284.2_Bud13_341,-0.770680841,0.219802402,1.752626292,-1.061463363,-0.343541848,0.203257359
IPI00153284.2_Bud13_344,-0.770680841,0.219802402,1.752626292,-1.061463363,-0.343541848,0.203257359
IPI00229859.1_Eif3b_143,0.679168111,0.506245531,-1.142510912,-0.955200793,-0.451750336,1.364048399
IPI00881462.1_Fip1l1_495,-0.449870466,1.128586807,0.364084711,-0.529994319,-1.476848235,0.964041503
IPI00340860.5_Larp7_256,-1.399794803,-0.649594617,0.603320958,-0.404416885,1.360503594,0.489981753
IPI00340860.5_Larp7_253,-0.984521087,-0.545870786,0.306420595,-0.676137716,1.77965694,0.120452054
IPI00462445.2_Nedd4_16,-1.177535682,0.268194404,0.579167279,-0.292047747,-0.898677311,1.520899058
IPI00311490.4_Phip_1783,0.258517829,-1.320549723,0.262678384,-0.805999854,0.033878415,1.571474949
IPI00845761.2_Chd2_207,-0.56211,-0.05010803,1.91152038,-0.025465732,-0.965272541,-0.308564077
IPI00845761.2_Chd2_208,-0.56211,-0.05010803,1.91152038,-0.025465732,-0.965272541,-0.308564077
IPI00828976.1_Tmpo_179,-0.058418597,0.411621525,0.530410771,0.358568981,-1.971228145,0.729045465
IPI00654990.2_Arid4a_541,-0.890623525,0.133065894,1.478085657,-0.832435718,-0.751862688,0.86377038
IPI00331155.4_Adrm1_405,-0.283711147,-0.476286936,-0.584769962,-0.634471947,-0.007739696,1.986979687
IPI00785240.1_Srrm2_1498,-1.650238326,-0.594427667,0.360004503,0.787375435,0.013952671,1.083333384
IPI00785240.1_Srrm2_1497,-1.224647116,-1.245116139,0.228581415,0.567555975,0.540971572,1.132654294
IPI00341869.5_Nucks1_73,-0.954306535,0.797899353,-0.754147909,-0.923558159,0.499341884,1.334771367
IPI00341869.5_Nucks1_79,-0.728185631,-0.892852841,-0.463804493,-0.340277779,0.764759854,1.66036089
IPI00341869.5_Nucks1_75,-0.62758605,-0.804377076,0.006592357,-0.451948982,-0.059500234,1.936819984
IPI00116331.1_Sgta_305,-0.485107488,-0.814349605,0.452929186,0.915088704,-1.270529356,1.20196856
IPI00461381.4_Peg10_30,-1.753608656,-0.633425467,0.706786592,0.686069739,0.669128345,0.325049447
IPI00896672.1_Prpf4b_88,0.334871697,0.234232464,1.574220288,0.026468473,-1.092812911,-1.076980011
IPI00896672.1_Prpf4b_94,0.334871697,0.234232464,1.574220288,0.026468473,-1.092812911,-1.076980011
IPI00459742.2_Smarcc2_283,1.041622952,0.482388628,-0.004253081,-0.066861735,-1.871520379,0.418623615
IPI00673693.1_Zc3h18_45,-1.233862728,0.031020132,0.330193863,-1.001400123,0.385317637,1.48873122
IPI00349032.2_Asap1_741,-1.083077088,-0.558982983,0.90020223,1.267956941,0.429053425,-0.955152525
IPI00319973.3_Pgrmc1_180,0.414682771,0.943487472,-0.558592567,-0.909178286,1.236585529,-1.126984919
IPI00399953.1_Wnk1_2027,0.205183284,-0.911382777,-1.011908099,1.707098469,0.312976081,-0.301966958
IPI00469618.2_Haus6_500,0.258942063,-0.069821249,1.501759889,-0.414192401,0.279879509,-1.556567811
IPI00165688.2_Slc23a2_70,1.056482891,0.915850713,-1.179474419,-1.245472564,0.214685047,0.237928332
IPI00417155.1_Eif4g3_483,0.723834781,-1.767208591,0.856908772,0.183659915,-0.539434504,0.542239626
IPI00127472.2_Arvcf_269,-0.245218932,0.674212342,1.236584238,-1.647203904,-0.357551132,0.339177387
IPI00399953.1_Wnk1_2024,-0.208243113,-0.957463608,-1.024916519,0.799548255,-0.135913696,1.526988681
IPI00957103.1_Nfkb2_414,-1.311769219,-0.412824309,0.199835832,-0.727813623,1.159086583,1.093484736
IPI00165688.2_Slc23a2_78,-1.839471163,-0.401183523,0.349242144,0.327269855,0.743014858,0.821127828
IPI00848818.1_Mtap4_785,-0.432028933,1.192576058,0.295132559,-1.541118476,0.879562608,-0.394123816
IPI00226263.5_Mxra7_96,-0.564634846,0.027738109,1.230563834,0.914640544,-1.523958197,-0.084349444
IPI00857576.1_4933411K20Rik_19,0.759484491,0.971053315,-1.767488081,-0.135676628,-0.315505214,0.488132117
IPI00857576.1_4933411K20Rik_8,0.759484491,0.971053315,-1.767488081,-0.135676628,-0.315505214,0.488132117
IPI00459443.5_Tnks1bp1_1246,0.40303467,-0.008297634,0.485234853,-1.881841995,1.029537074,-0.027666967
IPI00170027.1_Fam176b_72,-1.552751455,-0.441539349,-0.45777377,0.625004348,1.163274108,0.663786118
IPI00480372.3_Ppfibp1_511,1.455992717,0.662703809,-1.407617382,0.054034576,-0.66882853,-0.096285188
IPI00108978.4_Zmynd8_456,1.219194827,0.464487802,-0.137001624,-0.581111557,-1.595257822,0.629688374
IPI00320208.3_Eef1b2_112,0.010649795,-0.368253959,-1.183512486,-0.514331325,1.764814178,0.290633797
IPI00108978.4_Zmynd8_468,0.608466347,1.541636705,-0.166878053,-0.300905847,-1.441006846,-0.241312306
IPI00553798.2_Ahnak_5617,1.266868562,0.44219371,0.289027189,-1.475347621,0.372147798,-0.894889639
IPI00229534.5_Marcks_124,1.88263182,-0.706618733,-0.580616134,-0.753338448,-0.061173339,0.219114833
IPI00850156.1_Mia3_766,0.903110233,1.332848565,-0.489654739,0.067882446,-0.398221716,-1.415964789
IPI00653381.3_Pdlim5_332,-0.312193599,-0.68046028,1.448771353,0.767725873,0.09598766,-1.319831006
IPI00134095.3_Birc6_457,1.71592843,0.220085528,0.091594367,-1.262210298,-0.620049544,-0.145348484
IPI00874398.1_Fam65a_92,1.185562913,-0.715172982,-0.003009792,0.426155343,-1.565281916,0.671746435
IPI00785240.1_Srrm2_1214,-0.142104952,1.971023004,-0.834300716,-0.142891532,-0.337317988,-0.514407817
IPI00274795.4_Ncor1_2135,0.53838132,-0.719441043,1.481096984,-1.403425917,0.16113141,-0.057742754
IPI00624746.3_NA_190,-0.046968938,-0.405171777,1.82609434,-1.214757743,-0.006450247,-0.152745635
IPI00785240.1_Srrm2_1360,1.049787095,0.061551959,-1.334157024,-0.245915041,-0.751497056,1.220230066
IPI00123565.1_Aatf_287,0.489947175,-0.828740586,0.987402157,-1.408756726,-0.262059096,1.022207075
IPI00123565.1_Aatf_283,0.500007982,-0.914051825,0.986719866,-1.357691283,-0.235757872,1.020773133
IPI00123565.1_Aatf_288,0.436338089,-0.451951078,0.967164718,-1.589739905,-0.366116341,1.004304516
IPI00128326.1_Cdk4_300,1.182020309,-0.444136692,-0.716975589,-0.565779353,-0.828238661,1.373109987
IPI00849047.1_NA_186,-0.426228119,-1.400916094,0.92884972,1.37089687,-0.204939139,-0.267663238
IPI00349401.5_Sf3b2_763,-0.559223633,1.908818524,-0.531523813,-0.018415863,-0.86945503,0.069799815
IPI00469997.4_Usp20_132,0.913649059,-0.66274533,-0.451740036,-0.404823356,-0.957061275,1.562720938
IPI00229072.2_Pml_535,-1.128859467,1.87479458,-0.27954549,-0.178117717,0.028200405,-0.316472312
IPI00649115.1_Nedd4l_475,-1.28266032,1.111373157,-0.312082237,-0.968160952,0.851126801,0.600403551
IPI00227654.3_Anapc2_485,-0.03302004,-0.020609406,-1.466782358,-0.493344829,0.470204564,1.54355207
IPI00461536.2_Nol8_843,-0.980154258,-1.101428057,1.483905246,0.136217209,-0.268845568,0.730305429
IPI00461536.2_Nol8_838,-1.018322562,-1.140467344,1.463433691,0.106066627,-0.115131971,0.704421558
IPI00461536.2_Nol8_837,-1.018322562,-1.140467344,1.463433691,0.106066627,-0.115131971,0.704421558
IPI00459468.2_Wrnip1_75,-1.943353002,-0.104944063,0.259537726,0.51311217,0.822328427,0.453318742
IPI00469392.2_Rtn4_109,-1.706838078,-0.551114014,0.517239996,0.467410236,1.129762867,0.143538993
IPI00230394.5_Lmnb1_24,-1.737249045,-0.466419756,0.399830334,1.050748008,0.705870356,0.047220103
IPI00410802.2_Cd44_744,1.003194668,0.981140781,0.639788595,-0.458223188,-0.901151042,-1.264749813
IPI00453812.3_Cttnbp2nl_488,0.476653705,0.386683339,0.890169621,0.640093642,-0.669308825,-1.724291482
IPI00515276.1_Mett10d_499,0.90948587,0.354000211,0.795233841,0.005631872,-0.230828109,-1.833523686
IPI00515276.1_Mett10d_503,0.496821379,0.162999398,0.731427447,-0.007298448,0.579618963,-1.963568739
IPI00337844.4_Ranbp2_1154,1.57547435,0.270062213,0.386908227,-0.5988583,-0.268014908,-1.365571581
IPI00169485.3_Rab11fip1_358,1.593662437,-0.067023279,0.120180085,-0.474875614,0.288405644,-1.460349273
IPI00221566.3_Htatsf1_645,0.065733056,0.786431939,1.442714491,-0.1858876,-1.191063291,-0.917928596
IPI00318938.6_Eif4ebp1_81,1.202596024,0.8789692,-0.892574212,0.23357904,-0.033761858,-1.388808192
IPI00664246.4_Nrbp1_439,-0.166391299,1.771097922,0.526476607,-0.576836101,-0.683335712,-0.871011417
IPI00875198.1_Samhd1_310,1.072082815,-1.218751084,1.311267974,-0.040523502,-0.640920053,-0.48315615
IPI00227299.6_Vim_426,0.55873741,0.416660949,0.235308579,-1.987803079,0.067973786,0.709122355
IPI00785240.1_Srrm2_2350,-0.413063653,-0.290934203,0.836309519,-1.264127517,1.516381534,-0.384565679
IPI00224784.4_Ptma_2,0.637213548,1.348144559,-0.774566886,0.588396946,-0.574201024,-1.224987142
IPI00308559.1_Snip1_383,0.551288567,-1.946130844,-0.061830948,0.652636147,0.680999576,0.123037503
IPI00308559.1_Snip1_33,0.107385044,-0.507207438,1.970004021,-0.497443792,-0.653543287,-0.419194547
IPI00648141.1_Gsk3a_278,-0.065823401,0.967676392,0.959206621,-1.537385812,0.439517753,-0.763191553
IPI00625898.3_Bbx_811,1.562049137,0.663854935,-0.742268619,-1.16064754,0.129257748,-0.452245661
IPI00331291.2_Dnm1_849,-0.379570299,-1.345949266,1.591204288,0.043261031,0.548716411,-0.457662167
IPI00122845.11_Rsf1_1285,-0.734152425,-0.936064549,1.027720202,1.401951586,-0.009092476,-0.750362339
IPI00453849.3_Rnmt_11,-0.728949239,-1.259243812,0.804244674,-0.298122739,1.465253746,0.01681737
IPI00929847.1_Fkbp15_1091,-0.232338482,0.078167865,1.898063816,-1.045315011,-0.366217607,-0.332360582
IPI00474486.4_Leo1_206,-0.399137671,1.492436398,-1.4716575,-0.11828323,-0.145525008,0.64216701
IPI00474486.4_Leo1_213,-0.139233065,-0.401637447,-1.539833115,0.30606462,0.262872493,1.511766514
IPI00474486.4_Leo1_221,-0.139233065,-0.401637447,-1.539833115,0.30606462,0.262872493,1.511766514
IPI00338515.4_Rprd1b_166,-0.487134665,0.076482931,-0.581102202,-0.209492495,-0.751002992,1.952249423
IPI00848818.1_Mtap4_475,-1.226216355,-1.029971618,-0.277341426,0.475526193,1.11508264,0.942920567
IPI00135708.1_Map2k2_293,-1.72142032,-0.441874804,1.054895591,0.693409261,0.49186212,-0.076871848
IPI00135708.1_Map2k2_295,-1.701073661,-0.420146254,0.871642125,0.731455787,0.759467216,-0.241345214
IPI00116442.1_Hdgfrp2_459,-1.447993975,-1.030933394,0.239333954,0.937704034,0.482923546,0.818965834
IPI00314755.5_Hn1_87,-1.713250625,-0.71654716,0.442507541,0.709860662,0.772326564,0.505103019
IPI00855144.2_Arhgef5_851,-1.986160772,0.292844604,0.754472664,0.182060059,0.177553519,0.579229926
IPI00153421.1_Dync1li1_515,-1.738225731,-0.115508124,0.352179451,1.045054188,0.796081217,-0.339581
IPI00312128.3_Trim28_473,-1.521782512,-0.853065236,0.122435819,0.804876797,1.074453694,0.373081438
IPI00116371.4_Mical1_781,1.54790677,0.621252108,0.271425225,-0.488090128,-0.978534002,-0.973959974
IPI00470003.3_Parva_4,1.148209456,-0.801728569,0.45613085,-0.991484785,-0.862096905,1.050969953
IPI00471007.1_Arhgef11_622,1.055228202,0.506033832,1.101155993,-0.715224553,-0.900963039,-1.046230434
IPI00938543.1_Fbrs_434,1.022607151,0.475383054,-1.778192611,-0.447943046,0.139834311,0.588311141
IPI00467379.2_Pak4_257,1.283806601,-0.052130855,-0.343454215,-0.403197236,-1.457207561,0.972183265
IPI00407283.1_Slc17a5_16,1.263210295,-1.081614593,0.084070587,-0.146632145,-1.108029401,0.988995257
IPI00165716.4_Gorasp2_448,1.51724462,-0.762986065,0.190707194,-1.397488556,0.116513772,0.336009034
IPI00458001.1_Atxn2l_629,0.42437531,1.021407019,1.076938965,-0.672673245,-0.449099881,-1.400948167
IPI00134563.1_Sall2_803,0.560681035,0.754104861,0.261592071,-1.713926108,-0.673361286,0.810909427
IPI00453512.3_Alkbh5_385,1.364599852,0.159225497,0.434671925,0.336776813,-0.85097679,-1.444297297
IPI00330897.1_Topors_102,1.292226603,-1.205857203,1.119745933,-0.685682528,-0.168996399,-0.351436406
IPI00620969.2_Tsc2_671,-0.926541069,0.243429851,1.502963675,-1.303638863,0.183306424,0.300479982
IPI00337947.10_Tnrc6c_986,0.445252768,-0.649433621,-0.607702405,0.357072587,1.602133768,-1.147323096
IPI00845626.1_Tle3_296,0.226900289,-0.388225163,-0.880856702,0.654339381,1.520291736,-1.132449541
IPI00122297.5_Adcy6_55,-0.817525733,0.227195762,1.83219787,-0.007482392,-0.901072085,-0.333313421
IPI00225616.3_Dennd2a_303,-1.823779366,0.699068179,-0.301380237,0.781424917,0.693736071,-0.049069563
IPI00459443.5_Tnks1bp1_300,1.799491437,0.308333026,-0.431254788,-0.291436437,-1.159764853,-0.225368385
IPI00648188.2_Mier1_376,1.488231602,-0.743576096,-1.184824915,-0.533757451,0.673091648,0.300835212
IPI00876144.2_Filip1l_1080,1.59993438,-0.881717024,-0.500739422,-1.019867417,0.243079103,0.55931038
IPI00453673.4_Sik3_221,1.8924503,0.259261346,-0.886878992,-0.443424454,-0.286446083,-0.534962117
IPI00118248.1_Prrx1_76,1.79824508,-0.52548214,-1.082423934,-0.466673116,-0.038719224,0.315053334
IPI00381148.1_Nckap5l_473,1.144553346,0.75415104,-0.064877519,0.123956867,-1.748703817,-0.209079917
IPI00453812.3_Cttnbp2nl_481,1.211477945,0.870343603,0.463019147,-0.771442379,-1.329893435,-0.443504881
IPI00462772.2_Ski_479,1.504130309,-0.194002107,0.032037999,0.147589398,-1.630163138,0.140407538
IPI00754110.2_Acbd5_191,0.676766626,1.719564898,-0.344593813,-0.487885619,-0.729535484,-0.834316608
IPI00607974.1_Mak16_222,1.089580361,-0.892117261,-1.452437911,0.707363606,0.632318683,-0.084707477
IPI00607974.1_Mak16_225,1.089580361,-0.892117261,-1.452437911,0.707363606,0.632318683,-0.084707477
IPI00314989.2_Herc2_2929,0.459983589,-0.437291828,-1.519127702,1.495277967,-0.163105332,0.164263307
IPI00420246.1_Heatr6_673,1.425809829,-1.63539881,-0.339384883,0.151983093,0.00425936,0.392731412
IPI00420246.1_Heatr6_675,0.390894292,1.856993512,-0.833788279,-0.492879827,-0.595369757,-0.325849942
IPI00109162.1_Ccdc94_306,0.714052749,-0.910609836,-1.419384224,0.097683102,0.267107337,1.251150872
IPI00608092.1_Sin3b_670,1.229753214,-0.082739471,-1.188659969,-0.438907308,1.178318135,-0.697764601
IPI00798550.1_Cytsb_133,-0.059017344,-1.230370366,-1.073226937,0.938925754,1.178675814,0.24501308
IPI00828372.1_Rbms3_88,1.594810187,0.245744017,-0.783969485,-1.177854528,-0.379187627,0.500457436
IPI00153633.2_Ctage5_541,1.211889222,-0.420193961,0.384923003,-0.023767725,-1.703700467,0.550849929
IPI00308560.6_Wdr44_403,0.061681547,1.467980428,-1.483771128,0.339690486,-0.667093302,0.28151197
IPI00121514.3_Stip1_189,1.087782749,-1.294745695,-0.770351413,1.2303254,-0.101877347,-0.151133693
IPI00652478.3_5730455O13Rik_283,1.248468512,-0.980990523,-1.190619752,-0.412166673,0.666450353,0.668858083
IPI00224200.1_Iws1_252,0.175556467,1.672420932,-0.677939175,-0.615460661,0.490831217,-1.04540878
IPI00130127.2_Gys1_645,0.731431102,1.36570351,0.083612246,-1.497644913,-0.583022543,-0.100079403
IPI00453851.4_Dido1_1035,0.114642712,-0.987859474,-1.11209612,1.48111858,0.728235122,-0.224040819
IPI00665174.3_Mllt6_400,-0.035431523,0.53815076,-0.684899181,-0.406930046,1.691146224,-1.102036235
IPI00890892.1_Tnrc18_348,1.533201091,0.478166743,0.386064598,-0.796289748,-1.222293285,-0.3788494
IPI00608092.1_Sin3b_667,-0.071454426,-0.162975497,-0.826907079,-0.441665106,1.968049902,-0.465047794
IPI00464223.6_Myof_1768,1.043501166,0.868423657,0.309932653,0.197863006,-0.992818721,-1.426901761
IPI00469712.3_Smarca2_598,-0.745014435,-0.128602822,-1.270108755,0.243375813,1.63950134,0.260848859
IPI00322456.2_Mepce_192,0.588296955,0.687057927,0.431035318,-0.353302476,-1.892237248,0.539149524
IPI00857253.1_Atrx_1216,-0.651481267,-0.168145432,-1.099986683,1.820071412,-0.049512258,0.149054228
IPI00857289.1_Wbp7_639,0.791174295,-1.140356622,-0.993878036,1.37606223,0.29313162,-0.326133486
IPI00396802.1_Chd4_510,1.586923811,-0.680128121,0.882135331,-0.747200605,-0.256265565,-0.785464851
IPI00109162.1_Ccdc94_309,0.266636187,-0.278332392,-0.175096662,0.734048116,-1.711022246,1.163766996
IPI00464128.5_Cdk13_664,0.930972269,0.597324134,0.244644463,0.428622913,-1.845592088,-0.35597169
IPI00229801.5_Trp53bp1_627,-0.712402187,-0.129614151,-0.941503306,1.851937662,-0.314602665,0.246184648
IPI00320741.1_Ctcf_609,0.416527093,1.400800962,0.574281347,-1.319317561,-0.867022828,-0.205269012
IPI00320741.1_Ctcf_610,0.416527093,1.400800962,0.574281347,-1.319317561,-0.867022828,-0.205269012
IPI00320741.1_Ctcf_612,0.416527093,1.400800962,0.574281347,-1.319317561,-0.867022828,-0.205269012
IPI00462445.2_Nedd4_281,-1.182107738,1.311398301,-1.008875821,0.916223551,0.093234856,-0.129873149
IPI00923630.1_Zfp787_46,-0.051632477,-0.823971359,0.353820471,-1.177495168,1.675153568,0.024124966
IPI00124272.1_Lig3_244,0.559453187,0.464187107,0.735787954,0.052306474,-1.975033211,0.16329849
IPI00229801.5_Trp53bp1_298,-0.024429424,-0.029616082,0.898419024,-0.511478947,1.22537692,-1.55827149
IPI00120084.1_Dcaf6_665,0.183750768,0.243260183,1.521158687,0.258761808,-1.316662238,-0.890269209
IPI00785240.1_Srrm2_831,-0.550661781,1.664075961,0.507820635,0.179065248,-0.807585245,-0.992714819
IPI00857720.1_Dpy19l1_28,0.132053986,-0.417892486,1.948655299,-0.491169713,-0.789593031,-0.382054054
IPI00135411.1_Apba3_122,-0.346182781,1.575314965,0.883753163,-0.625766803,-0.49843102,-0.988687523
IPI00129298.1_Palm_116,-0.10393728,-0.391591943,1.827339447,-1.191523805,0.11304279,-0.253329208
IPI00169552.1_Kctd15_38,0.026971716,0.51878797,1.432816641,-1.614612239,-0.226481651,-0.137482438
IPI00417070.2_Med14_1147,-0.465035978,0.722092795,1.150161752,-1.486481095,0.642409895,-0.563147369
IPI00875550.1_Ube2o_1193,-0.335080591,0.858730612,1.135663393,-1.490924598,0.474168305,-0.642557122
IPI00875550.1_Ube2o_1198,-0.48972664,-0.456848869,1.759611089,-0.719966507,0.636306239,-0.729375311
IPI00123494.3_Psmd2_9,-0.450492626,0.813623905,1.523463109,-0.989515913,0.01655003,-0.913628504
IPI00876328.1_Pcnxl3_1909,-0.257338722,1.245715262,1.011199859,0.115469518,-1.291405714,-0.823640203
IPI00625950.2_Aprt_15,-1.827034465,1.060495296,0.51924915,0.16592996,0.384796745,-0.303436686
IPI00620256.3_Lmna_629,-1.557132928,0.15998561,1.061532806,1.022499774,-0.077474324,-0.609410938
IPI00453751.2_Bcl9l_1014,-0.183144978,0.702064633,1.637777374,-0.353179809,-1.043489484,-0.760027736
IPI00607924.1_Fam134a_332,0.127751953,-1.424952944,1.700037131,-0.164740605,-0.057492555,-0.18060298
IPI00118923.2_Ppp1r11_107,-1.635446683,-0.741749453,0.457326829,0.215328338,1.035133571,0.669407398
IPI00622008.2_Mast2_1341,-1.876447977,-0.133945735,0.519009856,0.062674474,1.003402232,0.425307151
IPI00114333.2_Rps6ka3_415,-1.749067347,-0.385429356,1.053581734,0.112798633,0.167178847,0.800937488
IPI00608032.1_Abcc5_43,-1.815072512,1.025593923,0.73127983,0.076411293,0.228479675,-0.246692208
IPI00230657.3_Nfib_364,-0.714657822,1.053305639,0.888325447,-0.391711268,-1.439497014,0.604235019
IPI00928228.1_Elf4_633,-1.021257678,-0.877653497,1.703335194,-0.068704792,-0.218404759,0.482685531
IPI00896717.1_Klf2_175,-1.820511348,0.465799318,0.56682596,-0.526927721,0.605170504,0.709643287
IPI00896717.1_Klf2_171,-1.820511348,0.465799318,0.56682596,-0.526927721,0.605170504,0.709643287
IPI00128078.2_Nat6_286,-1.97364619,-0.002657416,0.195156365,0.621671677,0.642825752,0.516649812
IPI00132691.2_Zbed3_201,-1.564741859,0.333411542,1.477322352,0.315542713,-0.299615269,-0.261919479
IPI00648562.1_Med1_772,-1.837223398,1.067868692,0.605952638,0.153476,0.221161894,-0.211235826
IPI00225777.3_C130039O16Rik_647,-2.032340415,0.350447859,0.567597712,0.451248907,0.307325454,0.355720483
IPI00225777.3_C130039O16Rik_653,-2.032340415,0.350447859,0.567597712,0.451248907,0.307325454,0.355720483
IPI00652758.1_Tom1_496,-1.754981892,0.244882889,1.154042129,0.65270355,0.022316844,-0.31896352
IPI00776162.3_Eif4g2_507,1.722510586,0.643763763,-0.192143831,-0.669075704,-0.778498095,-0.726556719
IPI00453812.3_Cttnbp2nl_567,0.719660978,0.213464663,1.162923888,0.258576059,-0.827215282,-1.527410307
IPI00330497.4_Kank2_19,0.8763697,0.163226625,1.293300919,-0.422561593,-0.440650334,-1.469685318
IPI00387602.1_Mtss1l_543,-0.012796558,0.330160045,1.623027659,-0.018903209,-0.507866206,-1.413621731
IPI00380331.1_Ppp2r5d_45,0.992605588,0.861072031,0.285185469,0.132081992,-0.589616829,-1.681328253
IPI00420601.6_Usp10_206,1.271779009,0.337984483,0.891130714,-0.57040053,-0.587443311,-1.343050365
IPI00387422.3_Zyx_300,1.514823629,0.38487019,0.622052342,-0.700662252,-0.807745301,-1.013338607
IPI00848475.1_NA_29,1.322338505,0.628891063,0.502251783,-0.279093923,-0.802776512,-1.371610918
IPI00122168.3_Ptpn14_578,1.436271256,0.657601081,0.417518819,-1.19843254,-0.78335132,-0.529607297
IPI00956775.1_Phldb1_553,1.835020926,0.001988092,-1.211661716,-0.300085869,-0.26660453,-0.058656903
IPI00816914.1_Dock7_452,-0.263020172,0.812678508,0.759438278,0.421911061,0.138842917,-1.869850592
IPI00420477.3_Arhgef18_952,1.344543964,0.789440273,0.262820896,-0.270392808,-1.351289313,-0.775123012
IPI00469712.3_Smarca2_327,1.727704124,0.245918803,-0.430921213,-0.110006288,-1.320690263,-0.112005162
IPI00890880.1_Nab2_479,0.36637643,0.869510298,1.033463306,0.153641181,-1.414750277,-1.008240939
IPI00918245.2_Svil_357,1.499084,0.492859784,-0.058468802,0.227932206,-0.837162855,-1.324244334
IPI00471007.1_Arhgef11_294,0.945692751,0.476754599,0.466254859,0.088658445,-0.067230713,-1.910129941
IPI00662157.3_Synpo_1034,0.467871304,-0.557204535,1.618509749,0.162368057,-0.401913734,-1.28963084
IPI00130127.2_Gys1_647,0.727667227,0.436969783,-0.62203773,0.688025391,0.538383769,-1.769008439
IPI00407835.2_Ubap2l_630,1.127435042,0.943607238,0.196354089,-0.104193035,-0.607597363,-1.55560597
IPI00282957.4_Mtap7d1_496,1.721351033,0.431984876,-0.639264951,-0.247174513,-0.095827786,-1.171068659
IPI00282957.4_Mtap7d1_479,1.721351033,0.431984876,-0.639264951,-0.247174513,-0.095827786,-1.171068659
IPI00321922.2_Pacs1_529,0.999764408,0.886042115,0.071245887,0.033681656,-0.21188793,-1.778846135
IPI00896710.1_Erbb2ip_639,1.802627559,-1.003406467,-0.000124959,0.040661493,0.021403147,-0.861160774
IPI00850156.1_Mia3_617,1.421103706,0.529164973,-0.327929415,0.315693907,-1.523661543,-0.414371628
IPI00263265.6_Itpkb_200,1.064639546,0.505135982,0.973939878,-0.376930679,-0.789056987,-1.37772774
IPI00153429.3_Chtf18_70,0.757574714,0.97040027,0.554847453,0.211018489,-1.141094938,-1.352745989
IPI00112296.1_Ssbp2_333,0.108559381,0.075526594,1.552428752,0.048109574,-0.193127238,-1.591497064
IPI00112296.1_Ssbp2_321,-0.549233906,0.765771087,0.512028862,0.39125287,0.678978592,-1.798797506
IPI00886005.1_Mapk8ip3_549,0.015750718,0.785388048,1.358199624,-0.375369978,-0.257146809,-1.526821603
IPI00380785.16_Slc9a1_609,-0.108362207,1.634089118,0.519035884,-0.021297735,-0.989902286,-1.033562774
IPI00380785.16_Slc9a1_606,0.079770163,1.921198225,-0.199085659,-0.254325535,-0.753152308,-0.794404887
IPI00845638.1_Pds5b_1162,0.859872017,1.008223792,0.292697224,0.161545709,-0.694421258,-1.627917484
IPI00828976.1_Tmpo_167,1.522228601,0.287853846,-0.683821529,0.525268877,-1.322084171,-0.329445624
IPI00625848.2_Plcb4_889,1.10032658,0.94331043,-0.186305859,-0.16102345,-0.011470362,-1.684837338
IPI00858249.1_Eif4g1_345,0.930141244,1.03844698,0.347803282,-0.832420086,0.013490703,-1.497462124
IPI00752794.2_Fam193a_688,0.111556228,0.169934934,1.758549129,-0.522799611,-0.288592037,-1.228648644
IPI00944754.1_Tmcc1_450,0.955889889,0.757158082,0.295557818,0.139375281,-0.332608405,-1.815372665
IPI00340401.6_Gltscr1_757,1.275996827,0.806136088,0.148498236,-0.532398631,-1.547141987,-0.151090533
IPI00223019.2_Apba1_309,0.949239646,1.049552557,-0.098774222,-0.689915713,0.338206449,-1.548308717
IPI00407458.3_Tcf20_455,-0.628931334,0.601750061,1.303807687,0.713941299,-0.834760237,-1.155807477
IPI00120084.1_Dcaf6_584,1.780875035,0.42216808,-0.249968709,-0.632815941,-0.262777597,-1.057480867
IPI00467379.2_Pak4_181,0.673764505,0.466651695,-0.020046202,0.370499239,0.495383763,-1.986253
IPI00310764.7_Arhgef2_149,1.074444633,1.153612487,0.261305558,-1.171534544,-0.979567839,-0.338260295
IPI00187443.1_Eif5_387,1.849300951,-0.055437334,-0.038076094,-0.002881581,-1.016479725,-0.736426217
IPI00187443.1_Eif5_388,1.849300951,-0.055437334,-0.038076094,-0.002881581,-1.016479725,-0.736426217
IPI00165881.3_Pxn_340,1.555823538,0.30537336,-1.161601725,-0.57234576,0.569291475,-0.696540888
IPI00944022.1_Tgif1_195,-0.37803354,0.171551131,1.81059237,0.019147812,-0.471359447,-1.151898326
IPI00944022.1_Tgif1_190,-0.37803354,0.171551131,1.81059237,0.019147812,-0.471359447,-1.151898326
IPI00624876.3_Vasp_317,1.223465808,0.539848794,-1.495279066,-0.808928176,0.566409151,-0.025516512
IPI00187270.8_Zcchc8_474,-0.260581662,1.117269277,1.084648229,0.265011335,-1.142732635,-1.063614543
IPI00808277.2_Foxk2_577,1.058261571,0.681921404,0.41575827,0.313538254,-1.452386226,-1.017093271
IPI00463136.4_Rps6kb2_456,0.355567007,1.220689467,0.915694219,-0.492905742,-0.60968469,-1.389360261
IPI00119627.1_Irs1_441,1.134347624,0.865448309,0.456195674,-0.623600334,-0.329495571,-1.502895702
IPI00453800.4_Zfp828_603,-0.368724727,-1.005760342,0.50513095,1.206368145,0.85257516,-1.189589185
IPI00400047.4_Cbfa2t2_34,1.614090745,0.483723588,-0.062708,0.032136759,-0.936126697,-1.131116395
IPI00130127.2_Gys1_649,0.704752507,0.222365321,0.784105779,-0.025015756,0.256164342,-1.942372193
IPI00169552.1_Kctd15_35,0.761008943,0.585094049,-0.649901471,1.20684482,-1.392483095,-0.510563247
IPI00944761.1_9830001H06Rik_173,0.455260334,0.147183045,0.180070554,0.484097916,0.727235547,-1.993847397
IPI00754546.2_Ankrd34a_460,1.203355413,0.984668338,0.226633724,-0.187620898,-1.202831246,-1.024205331
IPI00556823.3_Prkaa1_183,0.400741291,0.812838354,-1.93448286,0.417644578,0.48031336,-0.177054722
IPI00122223.1_Top2a_1388,0.382660221,1.586416595,-0.714259169,0.073665535,0.020895981,-1.349379164
IPI00858099.1_Chd8_1997,1.031813331,1.07269808,-0.277585481,-0.215904958,0.020115684,-1.631136656
IPI00133374.5_Sqstm1_269,0.445433791,0.326181389,1.610771225,-0.680987169,-1.15850418,-0.542895056
IPI00648562.1_Med1_1530,0.824173726,0.416658703,0.131543261,-1.352844195,1.062486884,-1.082018379
IPI00752794.2_Fam193a_672,1.454729613,0.015186159,-1.6717394,-0.123243396,0.060564659,0.264502365
IPI00278942.5_Rbm15b_111,1.184515973,1.235305683,-0.098533318,-0.76010905,-1.144476172,-0.416703116
IPI00625848.2_Plcb4_886,-0.292031178,0.834668934,0.702438153,0.508391832,0.105314853,-1.858782593
IPI00137560.1_Ripk3_184,0.255896314,1.110556066,-0.724402345,0.910244538,-0.020148211,-1.532146362
IPI00112611.2_Kdm5c_301,1.115357061,-0.799898901,0.211057448,1.052766864,-0.191222279,-1.388060193
IPI00480329.1_Ep400_754,1.442580913,0.685308962,-1.287140269,0.199369637,-0.19455264,-0.845566604
IPI00673777.2_Camsap1_734,0.777628948,-0.07399486,-0.735058719,0.448365332,1.125987482,-1.542928184
IPI00896719.1_Lats1_246,1.407739944,1.056625292,-0.087851684,-0.836348057,-0.835505891,-0.704659605
IPI00124661.1_Tmem115_318,1.216597246,0.035489642,-0.004090092,0.00917822,0.539377849,-1.796552864
IPI00656268.1_Ssh3_9,0.862390063,1.20254368,-0.079448832,-0.882474625,0.29015472,-1.393165007
IPI00553798.2_Ahnak_3140,-0.670274463,1.241567456,0.031246688,1.11829531,-0.488231314,-1.232603677
IPI00153715.5_Prr12_579,0.442752096,0.130668642,0.934048824,0.84557034,-1.640772842,-0.71226706
IPI00849568.1_Zzef1_1515,0.995770074,-1.734517796,0.760640627,0.506248848,-0.151019871,-0.377121882
IPI00876026.1_Gm5946_249,0.252533395,1.69634801,-0.383483168,-0.140083498,-0.050771227,-1.374543513
IPI00115476.1_Slc39a3_120,1.290699741,1.135816649,-0.268133839,-0.893939155,-1.064415636,-0.200027759
IPI00929786.1_Larp1_626,-0.051872701,0.166062808,1.786395865,-0.18482187,-0.488802227,-1.226961874
IPI00308560.6_Wdr44_563,1.459261797,-0.582885009,-1.317903767,-0.471706327,0.734488333,0.178744973
IPI00625848.2_Plcb4_890,0.173273258,0.757999145,-0.218350895,0.477409347,0.710853926,-1.901184781
IPI00469594.3_Zfp219_702,0.79171083,0.651647511,1.221116166,-0.886509183,-1.102226554,-0.67573877
IPI00469594.3_Zfp219_710,1.401340961,0.737102167,0.404756497,-0.845458029,-1.143093114,-0.554648482
IPI00890273.1_Caskin2_406,0.346709259,-0.956449786,0.048652119,0.049179028,1.639642748,-1.127733368
IPI00890273.1_Caskin2_403,0.04815821,-0.703553174,1.558312899,-0.894533025,0.793971106,-0.802356017
IPI00480372.3_Ppfibp1_571,1.019240083,0.792033701,-1.337177433,-0.868366191,0.794631609,-0.400361768
IPI00135609.3_Pdzrn3_775,1.045437059,0.586723031,-0.48435613,-0.506128806,0.876279107,-1.517954261
IPI00857289.1_Wbp7_597,0.744147776,0.548729781,-1.984995796,0.078174598,0.378932708,0.235010934
IPI00857289.1_Wbp7_590,0.797720584,0.83306992,-1.812231041,-0.374375461,0.491018691,0.064797307
IPI00122519.2_Dbp_86,0.358743077,0.667813196,1.082447943,0.378792309,-1.332176236,-1.15562029
IPI00420601.6_Usp10_360,1.199621064,1.161444502,-1.178342898,-0.488895483,-0.76148995,0.067662763
IPI00454104.1_Scrib_583,1.407859724,0.776915169,-0.478838001,-0.410876679,0.119815273,-1.414875486
IPI00225267.6_2310022B05Rik_278,0.392147511,1.41631415,0.132023105,0.026429284,-0.317209882,-1.649704168
IPI00409176.1_Cast_479,1.152716059,1.054411822,-0.690764416,-0.978704852,0.431136527,-0.968795141
IPI00467530.3_Ablim1_411,-0.026525079,1.098606714,-0.623667533,-0.665708553,1.3203861,-1.103091649
IPI00331052.4_Gorab_82,1.543847839,-0.488098397,0.12245514,0.209006096,-1.517449457,0.130238778
IPI00762209.2_Samd1_150,-0.749865481,0.140970946,1.260147492,0.902872352,-0.141835911,-1.412289397
IPI00380722.1_Bat2_378,-0.690608221,0.525731423,1.179244114,0.539352213,0.047193352,-1.600912881
IPI00380953.6_AW555464_840,0.737147673,1.667365474,-0.409979472,-1.012948855,-0.473432185,-0.508152634
IPI00453824.4_Zfp295_1009,0.821588854,1.312334255,0.297981448,-0.232383348,-0.95653208,-1.242989129
IPI00165881.3_Pxn_130,-0.944999561,0.770961869,0.230761344,1.199510862,0.156565463,-1.412799977
IPI00649815.2_Nol9_91,1.352031512,0.862159308,-0.487397819,-0.981987893,-1.061411965,0.316606857
IPI00653381.3_Pdlim5_322,-0.856195609,0.044111958,0.609400977,0.723494007,1.011315188,-1.532126521
IPI00109338.1_Hoxb4_89,-0.046032158,1.005580348,1.313036581,-0.293784445,-1.319922079,-0.658878248
IPI00130506.2_Lzts2_105,1.532784683,0.967153761,-0.288509178,-0.707639399,-0.767732698,-0.736057169
IPI00454104.1_Scrib_508,1.799735068,-0.870303808,0.521006389,-0.361424352,-0.479411468,-0.60960183
IPI00133174.3_Fam134c_254,0.290067091,1.628802115,0.48612621,-0.614774821,-1.047019959,-0.743200637
IPI00135971.1_Tjp1_280,0.727642548,-0.024272237,1.61088448,-0.850036512,-0.531524103,-0.932694176
IPI00453751.2_Bcl9l_747,0.851023575,1.204135997,0.142853149,-1.26941261,-1.081896564,0.153296454
IPI00316133.7_Srp72_624,-0.80674041,1.12723375,1.008226637,0.346749128,-0.319005472,-1.356463632
IPI00648562.1_Med1_805,1.059335596,-0.118782126,1.093769744,-1.086569114,-1.194160082,0.246405982
IPI00122131.1_Rin1_338,-0.333491725,0.25592063,1.511951798,0.590215353,-0.748251721,-1.276344335
IPI00323238.5_Setd1a_483,1.062015374,0.85070939,0.194955188,0.234156361,-0.775013185,-1.566823129
IPI00465535.1_Ankrd17_2041,-0.845772456,-0.080467011,0.786278541,0.487595628,1.122675154,-1.470309856
IPI00651807.2_Mll2_727,0.478877109,-0.054971035,-0.071915804,1.111115717,0.376951701,-1.840057688
IPI00280124.5_Grem1_100,1.848891118,-0.480017007,-0.592140309,-0.941677201,-0.141354179,0.306297577
IPI00121432.1_Wrap53_27,-0.306746405,0.839328457,1.600330142,-0.585144247,-0.550063488,-0.99770446
IPI00314621.12_Nr2c1_338,-0.480054237,0.14157199,1.756948241,-0.233991663,0.08096279,-1.265437121
IPI00923635.1_Rg9mtd2_21,-0.003782611,0.500812202,0.515488434,-0.40138211,1.132415587,-1.743551503
IPI00128196.2_Mtmr2_74,1.385799782,-0.670077552,-1.329687456,-0.494536379,0.596275644,0.512225961
IPI00468516.3_D6Wsu116e_1067,0.7938383,1.081785048,0.834676659,-0.894436407,-0.743341477,-1.072522122
IPI00314621.12_Nr2c1_330,-0.508638272,0.154964447,1.748803114,-0.22403063,0.093801478,-1.264900137
IPI00227314.2_Zfp609_491,1.384271771,0.519642755,-0.167892645,-0.385451127,-1.60398928,0.253418526
IPI00653910.2_Cic_1644,-0.98769411,0.945616106,1.143666671,0.525988118,-0.481274878,-1.146301907
IPI00341196.3_Gpatch8_1206,0.129731534,1.595152697,-0.82287902,0.648052124,-0.510248288,-1.039809045
IPI00785240.1_Srrm2_2660,-0.981947421,0.362104733,0.700204891,0.567454706,0.876619413,-1.524436321
IPI00317794.5_Ncl_212,1.003418536,-0.314981437,-1.534225685,0.957151047,0.500084258,-0.61144672
IPI00317794.5_Ncl_189,1.003418536,-0.314981437,-1.534225685,0.957151047,0.500084258,-0.61144672
IPI00117039.6_Abl2_632,0.169741343,1.246209681,0.121394281,-1.117914869,0.806581525,-1.22601196
IPI00396802.1_Chd4_524,1.30381622,0.758784325,0.054866278,-1.609872147,-0.233988294,-0.273606381
IPI00409127.5_Wdr62_34,1.139098389,-1.302405331,-1.126148384,0.466738015,0.712779267,0.109938044
IPI00651807.2_Mll2_4999,0.339042174,1.868832849,-0.866017753,-0.293332496,-0.58249204,-0.466032734
IPI00117983.5_Gigyf1_540,0.155958564,1.363626916,0.991954017,-0.696671649,-0.908369182,-0.906498666
IPI00132213.1_1110059E24Rik_146,0.992885001,-0.34444355,-1.553408925,0.945953239,0.521167195,-0.562152961
IPI00132213.1_1110059E24Rik_144,0.992885001,-0.34444355,-1.553408925,0.945953239,0.521167195,-0.562152961
IPI00132213.1_1110059E24Rik_136,0.992885001,-0.34444355,-1.553408925,0.945953239,0.521167195,-0.562152961
IPI00652137.1_Irx3_326,1.148244835,0.624729604,-1.567199541,-0.285543779,-0.572657612,0.652426493
IPI00132610.5_Pih1d1_12,-0.341793047,0.692112505,1.650749709,-0.192776202,-0.963555266,-0.844737698
IPI00117811.3_Ap3d1_870,1.798652769,-0.784437967,0.101830937,-1.035497025,-0.218652628,0.138103914
IPI00344430.2_Scaf1_328,-0.273566269,0.141342794,1.925392234,-0.414892221,-0.494087259,-0.884189279
IPI00229721.3_Poldip3_127,0.128205174,1.88306656,0.046446907,-0.562101737,-0.724644639,-0.770972265
IPI00308784.3_Unk_384,1.611384936,0.561567672,-0.432741065,-0.818566399,-1.095664943,0.1740198
IPI00154004.1_Otub1_18,-0.1630509,1.57977085,0.824433258,-0.467635932,-0.828952317,-0.944564959
IPI00134903.1_Poll_175,0.086841533,-0.54546928,1.965900531,-0.722417435,-0.380787076,-0.404068272
IPI00120886.3_Ybx1_3,0.837890923,1.227830355,-0.393981683,-0.054775762,-1.622381005,0.005417172
IPI00471007.1_Arhgef11_619,0.669794955,-0.030996263,1.068905174,-0.121184482,-1.826373462,0.239854078
IPI00403228.3_Senp7_434,1.029077346,-0.999310294,-0.954450152,1.350967238,0.027099578,-0.453383717
IPI00403228.3_Senp7_435,1.029077346,-0.999310294,-0.954450152,1.350967238,0.027099578,-0.453383717
IPI00127444.1_Kdm4b_510,-0.399384611,1.900323181,0.304602775,-0.421140799,-0.712680497,-0.67172005
IPI00785240.1_Srrm2_288,-0.412265672,0.044819312,1.148914157,-0.413864085,1.094707976,-1.462311688
IPI00311181.1_Klf13_143,0.971489058,0.199069717,-1.706577421,0.390524237,-0.613212078,0.758706486
IPI00153715.5_Prr12_567,-0.194880385,0.210666341,1.097563894,1.007105749,-1.534868118,-0.585587482
IPI00648933.2_Taf12_103,0.903766078,-0.412153228,-1.653605282,1.006492572,0.433986344,-0.278486484
IPI00222868.2_Eif4enif1_586,1.537891329,0.548617498,-0.587848505,-0.680486755,-1.180636205,0.362462638
IPI00858102.1_Atn1_168,0.386830093,0.750363617,-1.704645285,0.410153374,0.85353755,-0.696239349
IPI00123868.2_Phf2_479,1.448402919,0.824941805,-0.963568242,-0.306980417,-1.09135536,0.088559295
IPI00460653.2_Abi2_183,0.972497029,1.499510883,-0.628630375,-1.042101764,-0.442726917,-0.358548855
IPI00785240.1_Srrm2_393,0.599739399,0.76816133,0.529978848,-0.41724196,-1.85815791,0.377520293
IPI00465761.5_Arhgef17_689,0.013006178,-0.166829067,1.926905076,-0.93950975,-0.537068507,-0.296503929
IPI00759858.2_Rbm33_816,1.208508665,1.283579796,-1.044039033,-0.376115841,-0.328688867,-0.74324472
IPI00134718.1_Zfp687_254,0.10058924,-0.376765269,1.816650778,-0.281545227,-0.0480913,-1.210838222
IPI00849284.3_Gcfc1_548,0.032142895,1.94195627,-0.87561648,-0.354834048,-0.200572151,-0.543076487
IPI00459115.2_Mlf1ip_164,-0.27921838,-0.137478886,2.006807652,-0.658736917,-0.401666788,-0.52970668
IPI00108978.4_Zmynd8_678,-0.655361712,1.06453088,1.426834539,-0.286138487,-0.531517433,-1.018347787
IPI00420683.3_Ahdc1_892,0.699820609,0.769463724,0.503258202,0.045347392,-1.910862812,-0.107027115
IPI00753701.3_Mdc1_1129,0.630753807,0.848507331,-1.925172354,0.138376502,0.387711254,-0.08017654
IPI00857376.1_2310008H09Rik_109,0.413295102,1.048849587,-0.762613562,0.778371591,0.112389261,-1.590291979
IPI00115040.1_Bnip3_79,-0.549333948,1.181314451,1.363682444,-0.40626431,-0.708230035,-0.8811686
IPI00117932.3_Sin3a_277,-0.311209833,-0.299863484,2.028535402,-0.454757976,-0.362882568,-0.599821541
IPI00229859.1_Eif3b_45,0.30336038,0.413679636,1.663112962,-0.610909135,-1.012244524,-0.756999319
IPI00354323.5_Med26_435,0.775423641,0.55855783,0.834235838,-1.389267058,-1.150177824,0.371227572
IPI00658313.2_Kidins220_1549,-0.089962967,1.559818455,0.760110773,-1.203795266,-0.565373964,-0.460797031
IPI00653910.2_Cic_1489,-0.946271491,0.349015305,0.741448697,1.43882803,-0.557192863,-1.025827678
IPI00330121.4_Setd5_74,0.462637581,-1.836901183,-0.43806708,0.800370871,0.689327779,0.322632031
IPI00330121.4_Setd5_70,0.462637581,-1.836901183,-0.43806708,0.800370871,0.689327779,0.322632031
IPI00323238.5_Setd1a_1160,0.01722976,1.839865741,0.130939255,-1.075146724,-0.567865163,-0.345022869
IPI00458001.1_Atxn2l_627,-0.436714459,1.843605947,0.380271039,-0.682099514,-0.244351646,-0.860711366
IPI00848818.1_Mtap4_617,0.035176379,1.553006764,0.457007408,-1.490555883,-0.312744693,-0.241889975
IPI00125670.1_Med15_604,0.020938323,1.69195167,-1.37129309,0.265652704,-0.330726396,-0.276523211
IPI00379844.4_Irs2_520,-1.009763927,1.147551881,0.89764562,0.528955017,-0.361311539,-1.203077052
IPI00379844.4_Irs2_524,-1.009763927,1.147551881,0.89764562,0.528955017,-0.361311539,-1.203077052
IPI00379844.4_Irs2_515,-1.041246016,1.134247152,0.882235202,0.510438043,-0.249486399,-1.236187981
IPI00515528.3_Zc3h13_1517,-0.164235966,-0.532644621,-0.723974923,-0.252828691,1.998875839,-0.325191638
IPI00515528.3_Zc3h13_1514,-0.164235966,-0.532644621,-0.723974923,-0.252828691,1.998875839,-0.325191638
IPI00970277.1_Pard3_220,0.713656203,0.455645169,0.93603786,-0.917393093,-1.558259678,0.370313539
IPI00858102.1_Atn1_724,0.91282112,-1.602990826,0.956873095,-0.635715048,-0.139032012,0.508043671
IPI00858102.1_Atn1_731,0.91282112,-1.602990826,0.956873095,-0.635715048,-0.139032012,0.508043671
IPI00858102.1_Atn1_733,0.91282112,-1.602990826,0.956873095,-0.635715048,-0.139032012,0.508043671
IPI00318561.1_Nol7_122,0.417533639,1.297272564,0.261568913,-1.687457639,-0.448663702,0.159746225
IPI00127989.1_Ptges3_124,-0.185359319,1.57523584,-0.017480083,0.595186935,-1.295263006,-0.672320367
IPI00473183.2_Mllt3_430,1.056583463,0.491748186,-1.025531253,0.296758239,-1.450499531,0.630940896
IPI00473183.2_Mllt3_420,1.056583463,0.491748186,-1.025531253,0.296758239,-1.450499531,0.630940896
IPI00473183.2_Mllt3_413,1.056583463,0.491748186,-1.025531253,0.296758239,-1.450499531,0.630940896
IPI00113372.1_Rb1cc1_237,1.068651783,0.406639608,-1.549772726,-0.444114795,-0.433205788,0.951801918
IPI00651807.2_Mll2_4789,0.661900001,-0.196037862,-1.371069378,-0.564523654,1.523815667,-0.054084773
IPI00762209.2_Samd1_406,-0.992646812,0.380231661,1.047080157,1.145049996,-0.462130405,-1.117584597
IPI00312128.3_Trim28_30,0.132334311,1.842267489,-1.104141762,-0.29260742,-0.530621541,-0.047231078
IPI00785240.1_Srrm2_1037,-0.008103886,1.946660865,-0.881867327,-0.229106162,-0.551303513,-0.276279976
IPI00270877.5_Usp14_393,-0.221249017,-0.99820007,1.93730031,-0.256573976,-0.109612912,-0.351664335
IPI00896020.1_Hp1bp3_431,-0.400745472,1.861202148,-0.994069881,0.086933029,0.059878301,-0.613198126
IPI00896020.1_Hp1bp3_430,-0.400745472,1.861202148,-0.994069881,0.086933029,0.059878301,-0.613198126
IPI00762915.3_Brd9_588,0.848397758,-0.222002066,-0.168081364,0.953188096,-1.777653234,0.366150811
IPI00121418.1_Rb1_31,-0.263309089,1.122855593,1.344107666,-1.08614273,-0.730680532,-0.386830908
IPI00118428.3_Dmwd_485,0.793357771,0.653842148,-1.293795904,0.533295593,-1.27849249,0.591792882
IPI00121364.2_Aspscr1_193,-0.718581293,-0.47623034,1.473015367,-0.405134298,1.041954381,-0.915023817
IPI00625055.3_Ssbp4_333,0.168759767,-0.795764442,0.448476994,-1.289279428,1.569869218,-0.102062109
IPI00463909.3_Huwe1_2620,-0.538181901,0.928837476,1.565682328,-0.415656441,-0.905692256,-0.634989206
IPI00762331.2_Cobll1_896,-0.912764824,1.626304251,0.311221076,0.472642829,-0.547907385,-0.949495947
IPI00110172.1_Atf2_247,-1.007619373,0.9471642,1.091035827,0.620099656,-0.551179911,-1.099500399
IPI00556768.1_Thrap3_937,0.721677613,-1.251801875,-1.275618412,0.29717395,0.925703438,0.582865287
IPI00828417.1_Rere_142,-0.890419732,0.928497258,0.886542101,0.882348881,-0.631471845,-1.175496664
IPI00808598.1_Gtf2f1_391,0.872688896,0.730728618,-1.260698248,0.161220039,-1.242454481,0.738515176
IPI00130506.2_Lzts2_311,-0.457568851,0.036642969,1.950819876,-0.824814949,-0.187158268,-0.517920777
IPI00461946.2_Myst1_42,-0.268072445,-0.062664651,1.979234271,-0.764903156,-0.567088611,-0.316505409
IPI00123429.3_Gli3_664,0.358836452,-1.07747681,1.605583929,-1.024289411,-0.123394303,0.260740143
IPI00331076.4_Slk_666,-0.770559792,0.575000994,1.756992995,-0.524802575,-0.221780164,-0.814851457
IPI00750601.1_Usp8_691,1.174484616,0.236643991,-1.250974469,-0.557321126,-0.698682002,1.095848989
IPI00153633.2_Ctage5_529,1.042057846,-0.470628217,0.211324781,-0.218434944,-1.593842681,1.029523214
IPI00462466.6_Setd2_624,0.174495031,-0.672266831,-1.285368842,-0.08704356,1.679761382,0.190422822
IPI00229859.1_Eif3b_111,0.348532882,0.872680016,-1.958087156,0.393926306,-0.014085348,0.3570333
IPI00227299.6_Vim_325,1.063971801,0.222900895,-0.493497672,-1.507054423,-0.367334682,1.081014081
IPI00857253.1_Atrx_665,-0.235953451,-1.01728224,1.934758234,-0.153183606,-0.303774737,-0.2245642
IPI00857253.1_Atrx_663,-0.235953451,-1.01728224,1.934758234,-0.153183606,-0.303774737,-0.2245642
IPI00277028.4_Cobra1_557,0.794983554,0.080807033,-1.772220512,-0.423050088,0.367147539,0.952332473
IPI00153375.1_Pdlim2_138,-0.507967343,0.771108046,-1.523130045,0.59103547,1.126425122,-0.457471249
IPI00857253.1_Atrx_1218,-0.415031904,0.98417416,-1.264630444,1.414550567,-0.345730429,-0.37333195
IPI00227299.6_Vim_83,-0.289212694,1.538055868,0.858656931,-0.981638773,-0.891603673,-0.234257659
IPI00108989.4_Yap1_112,-0.774432611,0.85079242,1.603607264,-0.736486486,-0.229500764,-0.713979822
IPI00137338.4_Zbtb20_432,-0.611086253,1.414316539,1.149945399,-0.759530741,-0.682340959,-0.511303985
IPI00742283.1_Ring1_248,-0.379896851,1.31046413,-1.390602811,1.02273352,-0.269357248,-0.293340739
IPI00857289.1_Wbp7_579,0.433986847,0.683574846,-1.965376874,-0.118355833,0.504571251,0.461599762
IPI00753321.2_Bod1l_2001,-0.621791002,0.246358522,1.933543506,-0.467825772,-0.566011467,-0.524273786
IPI00338053.3_Kdm6a_769,-1.00604539,1.300312859,1.141470428,-0.145870485,-0.379465033,-0.91040238
IPI00420588.3_Szt2_3230,0.510761044,0.796800929,0.448495906,-1.530070393,-0.989473144,0.763485657
IPI00110850.1_Actb_239,0.339359825,0.008980241,1.381817138,-1.046624874,-1.249043359,0.565511029
IPI00409904.1_Trim33_1117,0.153958581,-0.633675304,-1.710979501,0.90830558,0.644326252,0.638064391
IPI00409904.1_Trim33_1120,0.153958581,-0.633675304,-1.710979501,0.90830558,0.644326252,0.638064391
IPI00625430.4_Med12_699,0.297178037,0.999859145,-1.153151311,0.627022707,-1.358054275,0.587145697
IPI00312101.1_Sh3kbp1_10,0.103578315,1.28241866,-0.049578047,-1.333705445,-0.885506626,0.882793143
IPI00848939.1_Tenc1_832,-0.544069074,-1.494391037,0.361980404,1.142201972,0.935121937,-0.400844202
IPI00474486.4_Leo1_230,-0.749606841,1.632068544,-1.077350297,0.629350709,0.031060314,-0.465522429
IPI00474486.4_Leo1_239,-0.749606841,1.632068544,-1.077350297,0.629350709,0.031060314,-0.465522429
IPI00129231.2_Hic1_526,-0.147931789,1.760340236,-1.292174367,0.013066316,-0.4440385,0.110738105
IPI00420248.1_Kdm2b_26,0.719710306,0.568921059,0.183881848,-0.941545568,-1.509883676,0.978916032
IPI00970642.1_Fas_220,-0.076313077,0.91419388,0.874831152,-1.806000212,-0.20545526,0.298743517
IPI00828463.1_Noc2l_682,0.658028139,-0.727975954,-1.446579463,-0.375108547,0.860353403,1.031282422
IPI00280124.5_Grem1_140,1.009266819,-0.495775679,0.18289553,-1.011621096,-0.988915076,1.304149501
IPI00761536.5_Dock5_1799,-0.02095296,-0.469859413,1.730444859,-1.150912668,-0.52175813,0.433038311
IPI00116138.1_Hars2_66,-1.04862944,-0.155566351,1.70676703,0.582190202,-0.408547637,-0.676213805
IPI00849047.1_NA_191,-0.565322803,0.423108623,1.84042934,-0.836414979,-0.577987261,-0.28381292
IPI00222208.2_Hnrnpul2_191,-0.693123325,-1.122397716,0.190315399,1.791564149,-0.087858739,-0.078499767
IPI00469204.2_Nbea_1252,-0.271756887,1.187587835,0.227069898,-1.799489754,0.400767614,0.255821294
IPI00845638.1_Pds5b_1165,-0.197597902,-0.79857535,-0.251924965,1.894334358,-0.803978267,0.157742126
IPI00896013.1_Rfc1_70,0.727973054,-0.744883839,-1.08030529,-0.787052724,0.521743311,1.362525488
IPI00896013.1_Rfc1_68,0.727973054,-0.744883839,-1.08030529,-0.787052724,0.521743311,1.362525488
IPI00337844.4_Ranbp2_2578,0.708238155,-1.139660075,-0.32784732,-0.248742296,-0.618975399,1.626986936
IPI00118018.5_Ehbp1l1_288,-0.229559052,1.805729297,-0.456368012,-0.183749454,-1.177431535,0.241378755
IPI00229328.5_1110037F02Rik_1628,-0.709384096,-0.873216702,1.811026558,-0.327398039,0.463226619,-0.364254341
IPI00828325.1_Pcm1_581,-0.630768546,-0.990553671,1.877721913,-0.300389452,-0.022127191,0.066116947
IPI00828325.1_Pcm1_574,-0.630768546,-0.990553671,1.877721913,-0.300389452,-0.022127191,0.066116947
IPI00121944.3_Bcl7b_122,-0.668452454,-0.068071494,1.96353107,-0.188444048,-0.762453838,-0.276109235
IPI00121335.1_Akt2_451,0.208651018,0.903041112,-0.01179974,-1.773077881,-0.284071312,0.957256803
IPI00922981.1_Rad23a_205,-0.635049033,-0.227711194,2.013421384,-0.509133135,-0.434779399,-0.206748623
IPI00123709.1_Akap12_18,0.068380249,1.624192721,-1.246289398,-0.780659247,-0.096205858,0.430581532
IPI00123709.1_Akap12_22,-0.784650459,1.759822341,0.362542964,-0.091606117,-1.053824849,-0.19228388
IPI00757517.1_Ttc7b_160,-0.168011948,-1.259488165,0.343639522,-1.018961017,1.146706436,0.956115172
IPI00387213.1_Ptpn12_613,-0.288491061,1.831004948,-0.327171995,-0.961280928,-0.627439197,0.373378233
IPI00135656.1_Nufip1_329,0.471757993,-1.098764271,-0.694108582,0.421880618,-0.669775657,1.569009899
IPI00135656.1_Nufip1_331,0.471757993,-1.098764271,-0.694108582,0.421880618,-0.669775657,1.569009899
IPI00135656.1_Nufip1_333,0.471757993,-1.098764271,-0.694108582,0.421880618,-0.669775657,1.569009899
IPI00651807.2_Mll2_2318,-0.336081942,-1.408746871,1.703259859,-0.004212319,0.010215316,0.035565957
IPI00944086.1_Mcrs1_9,-0.559757027,-0.171510402,1.987008798,-0.472800101,-0.690647706,-0.092293561
IPI00224200.1_Iws1_248,0.274610496,0.382285693,-1.390848379,-1.081821281,0.795785041,1.01998843
IPI00621040.1_Eya4_338,0.623339069,0.224031021,-0.190506869,-0.147596509,-1.733400514,1.224133803
IPI00469204.2_Nbea_1257,-0.527763843,0.448959897,1.739471044,-1.106768279,-0.51757656,-0.036322259
IPI00110456.2_3110082I17Rik_52,-0.504873017,-0.43005029,1.971285579,-0.759480405,-0.310270619,0.033388753
IPI00624138.3_H2-D1_353,-0.960981681,1.599002631,0.868643604,-0.510905959,-0.433185425,-0.56257317
IPI00229859.1_Eif3b_90,-0.039100005,1.415928302,-0.58385464,-1.018040922,-0.779373604,1.004440869
IPI00224200.1_Iws1_250,0.10758731,0.419088004,-1.367825635,-1.056396992,0.835800785,1.061746528
IPI00954629.1_D830031N03Rik_604,-1.409434417,1.655002125,-0.439763285,0.044032689,0.259279052,-0.109116165
IPI00830670.2_Ssfa2_738,-0.843160749,0.81171763,1.523230262,-1.112048238,-0.165253339,-0.214485566
IPI00848707.3_Arid1b_1756,-0.441101393,1.12526235,-1.210825262,-0.960557407,0.594393484,0.892828228
IPI00131694.5_Dnmt3a_257,-0.677114122,-1.184305007,1.706542696,-0.251447089,0.404252663,0.002070858
IPI00309309.3_Ell_300,-0.208574622,-1.209598109,-0.095183193,-0.593204927,0.377404029,1.729156822
IPI00330897.1_Topors_99,0.252843198,-0.284135216,-0.531420569,-1.086264953,-0.183825334,1.832802874
IPI00881789.1_Psd3_339,-1.476125395,0.028440947,1.209704933,-0.063651332,0.959306867,-0.657676021
IPI00139383.2_Tbc1d10a_443,0.001026857,1.23367432,-0.444863227,-1.036307511,-0.919798404,1.166267965
IPI00421052.1_Nipbl_305,-0.341351145,-0.077311232,0.949708903,-1.06502034,-0.894633303,1.428607118
IPI00130501.1_8430410K20Rik_101,0.628147177,0.224431625,-0.754856913,-0.757643545,-0.933661064,1.59358272
IPI00396802.1_Chd4_1533,-0.860122939,0.85765,-1.570345421,0.683732737,0.757522992,0.131562631
IPI00652137.1_Irx3_375,0.127325418,-0.584108318,-1.69873393,0.53817929,0.526373325,1.090964216
IPI00652137.1_Irx3_368,0.352936759,-0.640611463,-1.439887261,0.760281294,-0.336705224,1.303985897
IPI00551498.2_Ccdc88a_1677,-1.630153051,-0.335492621,0.337140199,0.668715731,1.257263289,-0.297473547
IPI00453842.4_Tbc1d2b_951,-0.686961802,-0.810417263,1.864127101,-0.591803957,0.010595421,0.214460501
IPI00469437.3_Zfp608_626,-0.524077963,0.857112863,1.315845687,-1.464593885,-0.312635884,0.128349183
IPI00465535.1_Ankrd17_5,-0.836503473,0.226748366,1.806781822,-0.413786215,-0.894827313,0.111586812
IPI00648186.4_Clint1_299,-0.274330608,1.31850053,-0.910501196,-1.288849072,0.457311546,0.6978688
IPI00380722.1_Bat2_1217,-1.404964545,0.243697037,1.060764892,0.816053778,0.32027815,-1.035829312
IPI00816945.2_Rest_848,-1.621298125,0.477458125,0.153675311,1.409166178,-0.057383048,-0.361618442
IPI00760082.2_Crocc_1483,-1.154355593,-0.972180377,1.472950637,0.055129572,0.729710738,-0.131254977
IPI00760082.2_Crocc_1479,-1.154355593,-0.972180377,1.472950637,0.055129572,0.729710738,-0.131254977
IPI00223135.3_Arhgap28_185,0.053509179,-1.182326462,-0.473972259,-0.68229529,0.756370179,1.528714654
IPI00890880.1_Nab2_6,-0.248406384,-1.509602727,1.478817713,-0.444563947,0.281428787,0.442326557
IPI00117689.1_Ptrf_381,-1.513278941,0.273914943,0.673658984,1.358873355,-0.296468687,-0.496699654
IPI00851031.1_NA_899,-1.586335997,0.624562882,0.535018766,0.978699383,0.314383346,-0.866328379
IPI00131694.5_Dnmt3a_239,-0.849929952,-0.905538207,1.801828301,-0.208463119,-0.196832342,0.358935318
IPI00122471.5_Gltscr2_305,-0.65210872,-0.0906837,1.768555894,-0.997458434,-0.485011744,0.456706704
IPI00454104.1_Scrib_1292,-0.41023113,-1.230482861,1.534836598,0.352203985,-0.758581631,0.51225504
IPI00785240.1_Srrm2_823,-0.308556673,0.245829544,-1.378814348,-0.743320613,1.136560953,1.048301138
IPI00752067.2_Ulk1_450,-0.707499203,-0.686917467,0.05845573,-1.004021261,0.796925989,1.543056212
IPI00894941.1_Fbxo2_17,-0.256637487,0.040265639,-0.935717507,-0.197558365,-0.57159999,1.921247711
IPI00673693.1_Zc3h18_106,-1.58494679,-0.015278362,-0.745307661,1.03690564,0.634302486,0.674324687
IPI00116302.3_Eif2s2_67,-1.873144621,-0.048841575,0.891198847,0.167766377,0.815020714,0.048000258
IPI00459443.5_Tnks1bp1_1136,-1.516719276,1.511374015,-0.334731062,0.525762861,-0.162125336,-0.023561202
IPI00648562.1_Med1_1455,-1.035938116,-0.224343701,1.613284554,-1.024009385,0.328615284,0.342391364
IPI00153715.5_Prr12_911,-0.476068699,-0.124338197,1.658297713,-1.063536766,-0.659302736,0.664948685
IPI00153715.5_Prr12_909,-0.476068699,-0.124338197,1.658297713,-1.063536766,-0.659302736,0.664948685
IPI00108989.4_Yap1_48,0.002884842,0.754238332,-0.661411415,-1.607544159,0.39078997,1.121042431
IPI00648562.1_Med1_1465,-0.954522667,-0.447577398,1.590481914,-1.010426586,0.404405298,0.417639438
IPI00223019.2_Apba1_317,-0.119026824,1.083603182,0.15493383,-0.503607724,-1.601076053,0.985173588
IPI00453837.2_Kdm1a_70,0.412475865,-0.636214362,-0.726869077,-0.647702213,-0.249639903,1.847949689
IPI00119627.1_Irs1_265,-1.866569858,0.436228484,0.96621718,0.151400132,0.556503171,-0.243779109
IPI00465535.1_Ankrd17_2040,-1.421073742,1.338601822,0.852189695,0.007627232,-0.671759506,-0.105585501
IPI00347143.2_Wtip_140,-1.886032435,-0.06927069,0.669765401,0.30780989,0.945358575,0.032369259
IPI00131694.5_Dnmt3a_251,-0.656570197,-1.522198775,1.33610972,-0.106890812,0.427929672,0.521620392
IPI00923656.1_Baz1b_706,-2.025973259,0.500361874,0.384392235,0.268522297,0.287336956,0.585359897
IPI00284444.5_Cdc5l_396,-0.735941197,0.374698036,1.464661096,-1.250461587,-0.473421825,0.620465476
IPI00284444.5_Cdc5l_385,-0.735941197,0.374698036,1.464661096,-1.250461587,-0.473421825,0.620465476
IPI00720036.1_Mprip_295,-1.210788626,0.855234146,1.415880728,-0.01795946,-0.164630159,-0.877736629
IPI00848818.1_Mtap4_658,-1.607832514,-0.278019315,0.061549019,-0.290970365,0.980378799,1.134894376
IPI00453824.4_Zfp295_1011,0.087052459,0.26831198,-0.346922875,-0.668604744,-1.107822276,1.767985455
IPI00117932.3_Sin3a_284,-1.202313392,1.1441463,1.075543091,0.298215416,-0.398704998,-0.916886417
IPI00460042.4_Ralgapa1_860,-1.712612489,-0.275584253,0.852654267,0.059998007,1.121722048,-0.046177581
IPI00957108.1_Asxl2_143,-1.344544924,1.050019903,1.230342149,0.097202555,-0.644771638,-0.388248045
IPI00330497.4_Kank2_532,-1.53398992,0.987572739,0.806559781,0.710143931,-0.333479239,-0.636807292
IPI00331654.1_Paf1_456,-1.098181232,-0.192684334,-0.988067139,1.523580067,0.082702564,0.672650074
IPI00331654.1_Paf1_460,-1.098181232,-0.192684334,-0.988067139,1.523580067,0.082702564,0.672650074
IPI00331654.1_Paf1_466,-1.098181232,-0.192684334,-0.988067139,1.523580067,0.082702564,0.672650074
IPI00380722.1_Bat2_377,-0.882869475,-1.00733181,1.452310594,-0.652626145,0.350215241,0.740301595
IPI00331708.3_Mkl1_724,-1.783327631,0.861408146,0.874115699,0.048560719,0.394135084,-0.394892017
IPI00229538.3_Gtf2i_286,-1.420304045,0.980998892,0.52360853,1.020937071,-0.336841431,-0.768399017
IPI00475055.3_Zfhx3_2237,-0.827614466,-0.640084227,1.506908592,-0.95221904,0.062132268,0.850876874
IPI00131130.1_Trim24_668,-0.659961079,0.176632974,1.72818051,-0.610985061,-1.014231184,0.38036384
IPI00314755.5_Hn1_131,-1.326728395,-0.235699671,1.278165086,0.932438161,0.161208706,-0.809383886
IPI00311611.3_Sos1_1196,-1.263957604,0.294983266,1.390540019,-0.921851249,-0.200879363,0.70116493
IPI00117689.1_Ptrf_169,-0.815525478,0.348132493,1.388767015,-0.826334561,-0.941304687,0.846265218
IPI00652952.4_Mast3_372,-1.34684155,-0.714385448,1.415396523,-0.280690117,0.176627423,0.74989317
IPI00338515.4_Rprd1b_134,-1.228298221,-0.546362742,-0.758566106,0.409628608,1.373823181,0.74977528
IPI00229801.5_Trp53bp1_1099,-0.435431306,-0.566824991,0.124615777,-0.607634001,-0.482381236,1.967655757
IPI00957108.1_Asxl2_150,-1.39714784,1.101368525,1.028176854,0.379051954,-0.646491676,-0.464957817
IPI00223135.3_Arhgap28_188,0.235436692,-0.131707191,-1.834171851,0.056743803,0.554729507,1.118969041
IPI00330591.1_Csda_37,-1.559278825,0.301873143,-0.393202327,1.107617213,0.960218379,-0.417227583
IPI00666889.3_Atad2b_16,0.021511126,0.018962701,-1.896055038,0.208143513,0.780108211,0.867329487
IPI00409960.1_Chka_71,-1.308034829,-1.169120132,0.163946569,0.629597655,0.639742557,1.04386818
IPI00263016.4_Wiz_1050,-1.347302696,0.476892217,1.281003939,0.726110205,-0.300868633,-0.835835033
IPI00357145.5_Irf2bp2_387,0.537689886,-0.59233171,0.435853638,0.029200491,-1.63436544,1.223953135
IPI00828349.1_Aff1_199,0.323166767,-0.284727288,0.177138384,-0.22452056,-1.533817658,1.542760355
IPI00828349.1_Aff1_205,0.323166767,-0.284727288,0.177138384,-0.22452056,-1.533817658,1.542760355
IPI00896710.1_Erbb2ip_1171,-1.672722829,0.169607282,-0.668582995,1.020534454,0.680816386,0.470347703
IPI00380736.1_Zfp516_116,-1.122937382,-0.755836667,-0.339434912,1.568034625,0.762357445,-0.112183109
IPI00720036.1_Mprip_364,-1.515830045,0.51799734,1.294073633,0.396604983,0.079016946,-0.771862858
IPI00116968.1_Ncoa2_565,-1.919534849,0.43414232,0.275956051,0.962895599,0.339135595,-0.092594716
IPI00656285.2_Foxk1_199,-1.69868609,0.319878964,0.601045903,0.127273195,1.16878448,-0.518296451
IPI00123868.2_Phf2_536,-1.42071529,-0.969046659,0.344379927,0.179742211,1.207870709,0.657769102
IPI00165881.3_Pxn_126,-1.432122969,0.313678663,0.051477711,1.535773953,0.201192316,-0.669999673
IPI00349032.2_Asap1_1059,-1.346385873,-0.481432909,0.300971038,-0.53560287,1.506179077,0.556271537
IPI00857289.1_Wbp7_591,0.032243819,0.255562017,-1.850101524,-0.144251451,0.723249162,0.983297977
IPI00229072.2_Pml_536,-1.657229899,1.000643446,0.255092093,-0.555760066,0.020264632,0.936989794
IPI00652758.1_Tom1_486,-1.419717856,0.67399085,1.244708736,0.47865787,-0.118796318,-0.858843282
IPI00124064.3_Zdhhc5_694,-1.673944184,0.642413409,0.558773036,0.782983788,0.481991701,-0.79221775
IPI00108549.2_Sdccag3_245,-0.044346724,0.396436094,-1.91024085,0.066892035,0.551400767,0.939858678
IPI00108549.2_Sdccag3_241,-0.044346724,0.396436094,-1.91024085,0.066892035,0.551400767,0.939858678
IPI00108549.2_Sdccag3_238,-0.044346724,0.396436094,-1.91024085,0.066892035,0.551400767,0.939858678
IPI00227299.6_Vim_73,-0.596867124,0.479132636,1.085773253,-1.198046725,-0.826672771,1.056680732
IPI00118046.5_Arhgap10_710,-1.383724889,0.787933308,1.151843746,0.519028127,-0.156466989,-0.918613304
IPI00918245.2_Svil_407,0.673582123,-0.589520272,-1.252305574,-0.355696747,-0.057409489,1.58134996
IPI00762033.2_Fcho2_491,-1.527747498,0.518332042,-0.720752127,1.253578696,0.548784232,-0.072195344
IPI00223135.3_Arhgap28_63,-1.645991869,0.937822988,1.002061601,0.398582506,-0.411208277,-0.281266948
IPI00761443.2_Iqsec1_496,-1.215110867,-0.055378237,1.159276975,-0.724055669,-0.389652596,1.224920393
IPI00119965.2_Tnk2_789,-1.336410209,-0.767669825,-0.375542011,0.289560432,1.123568605,1.066493008
IPI00465749.4_Mef2a_407,0.258742638,-0.586335191,0.368677125,-0.065440819,-1.479257654,1.5036139
IPI00750217.1_Atg9a_735,-1.642296371,-0.689445813,0.83340868,0.134795027,0.377492402,0.986046074
IPI00750217.1_Atg9a_738,-1.642296371,-0.689445813,0.83340868,0.134795027,0.377492402,0.986046074
IPI00750217.1_Atg9a_741,-1.642296371,-0.689445813,0.83340868,0.134795027,0.377492402,0.986046074
IPI00119524.1_Strn4_36,-1.480833346,-0.28075861,1.130088073,0.844182002,0.491970605,-0.704648723
IPI00222813.1_Hirip3_231,-0.798037341,-1.088179787,-0.777832044,0.521221868,1.014616645,1.128210659
IPI00884460.1_Prkca_497,-0.09759948,-0.742170685,-1.525661002,0.497065694,0.689697104,1.178668369
IPI00315032.9_Mll1_1839,-1.448755111,-1.081066544,0.431835369,0.525737923,0.656626786,0.915621576
IPI00222813.1_Hirip3_234,-0.804434321,-1.092995162,-0.768856427,0.597788945,0.846611431,1.221885534
IPI00408171.4_5730419I09Rik_818,-1.848722231,1.036759844,0.467289039,-0.277368307,0.21459727,0.407444384
IPI00315032.9_Mll1_1847,-1.683817984,-0.670847072,0.280893183,0.33966845,0.958943574,0.775159848
IPI00756765.3_Ehmt2_608,-1.2477129,-1.278016368,0.312696746,0.674242195,0.961185485,0.577604842
IPI00875550.1_Ube2o_1196,-1.122361526,-1.099167482,0.464462582,1.175022134,-0.32798721,0.910031502
IPI00387361.1_Tmem176b_253,-1.905012685,0.371740153,0.29025942,0.526841032,0.912375089,-0.196203009
IPI00396802.1_Chd4_1528,-1.083552205,0.316471608,-1.396725944,0.856525995,0.959245398,0.348035148
IPI00177200.1_Scarf2_694,-1.171203142,-1.209836235,-0.140363127,0.728395301,0.955157463,0.837849739
IPI00122054.1_Gpn1_314,-1.601763693,1.419175933,-0.457166831,0.249554379,0.386000264,0.004199948
IPI00417155.1_Eif4g3_432,-1.723709884,-0.462487204,-0.091865988,0.772166447,0.94838003,0.557516598
IPI00380770.2_Atf7ip_501,-0.210981037,-0.328040912,-1.660110742,0.395978919,0.508240252,1.294913521
IPI00118923.2_Ppp1r11_106,-1.378430273,-1.124931808,0.888683039,0.72054971,0.697838816,0.196290516
IPI00118046.5_Arhgap10_591,-1.548763422,-0.555121531,0.080843547,0.022106843,0.623454026,1.377480538
IPI00969808.1_Zfp263_312,-1.790290687,1.234066832,0.046683097,0.168311141,0.473279255,-0.132049637
IPI00623069.5_Mll3_1483,-1.735297141,-0.101818801,-0.092668721,1.076409351,0.899449471,-0.046074159
IPI00480432.2_Rab11fip5_356,-1.623907056,0.986621574,1.066598093,0.04065766,-0.499355309,0.029385036
IPI00459443.5_Tnks1bp1_564,-1.778539333,1.304915897,0.084127516,0.132367637,0.323930768,-0.066802485
IPI00551112.7_Tanc2_1460,-1.886880456,1.074009972,0.279201675,0.292742349,0.336692605,-0.095766146
IPI00268673.6_Mtor_2481,-1.248875178,-0.32705389,0.785888296,-0.685455029,-0.022953619,1.49844942
IPI00268673.6_Mtor_2478,-1.154607353,-0.735538918,0.743513076,-0.622103714,0.32677339,1.441963518
IPI00117454.1_Eps15_816,-1.557952028,-0.821418278,0.238303513,0.414958088,1.16251477,0.563593935
IPI00346104.7_Mast4_1368,-1.788052266,0.138435682,1.153758502,-0.063289348,-0.102668034,0.661815464
IPI00126248.3_Acly_455,-1.160163188,-1.306731317,0.086295762,0.611185471,0.890552112,0.87886116
IPI00828325.1_Pcm1_93,-1.448696246,1.221994446,0.795940971,0.158453802,0.128398673,-0.856091646
IPI00469712.3_Smarca2_599,-0.836770842,0.018845128,-1.157788814,-0.232515529,0.621009958,1.587220099
IPI00380722.1_Bat2_1220,-1.678409642,-0.18493449,0.397220961,1.121225346,0.753109004,-0.408211178
IPI00330039.3_Srgap3_858,-1.94301518,-0.08190991,0.737112628,0.593465155,0.548900908,0.145446399
IPI00338998.1_Fsd1_486,-1.941176306,0.209024093,0.975852063,0.401172946,0.2545663,0.100560905
IPI00117454.1_Eps15_561,-1.506017124,-0.188243691,0.123265629,-0.444876774,0.532805946,1.483066014
IPI00319830.7_Spnb2_2327,-1.355874422,0.181749754,0.315268686,-0.456567519,-0.331114281,1.646537782
IPI00551482.3_Rbbp6_245,-1.958795957,0.667914061,0.135090187,0.006566333,0.436125778,0.713099599
IPI00551482.3_Rbbp6_246,-1.958795957,0.667914061,0.135090187,0.006566333,0.436125778,0.713099599
IPI00551482.3_Rbbp6_247,-1.958795957,0.667914061,0.135090187,0.006566333,0.436125778,0.713099599
IPI00551482.3_Rbbp6_248,-1.958795957,0.667914061,0.135090187,0.006566333,0.436125778,0.713099599
IPI00752794.2_Fam193a_674,-1.596504212,-0.163206898,-0.539428155,1.084448122,0.938849765,0.275841377
IPI00453781.5_A430105I19Rik_138,-1.661269803,0.685408507,0.870847736,0.705226663,0.108885814,-0.709098918
IPI00153375.1_Pdlim2_137,-1.333229486,0.637085128,-0.729997048,-0.099160657,0.017459794,1.507842268
IPI00271998.4_2310057M21Rik_423,-1.767842223,-0.568641294,0.952086923,0.523163018,0.443850572,0.417383004
IPI00381495.5_Ccdc6_321,-0.872699393,0.247539224,-1.311617375,-0.096631647,0.580776953,1.452632238
IPI00128425.3_Gorasp1_220,-1.87948963,0.151823088,1.017933828,0.414187703,0.458460711,-0.162915699
IPI00929759.1_Srbd1_107,-1.237168263,-1.208313593,0.046260507,0.766218267,0.608159335,1.024843747
IPI00929759.1_Srbd1_108,-1.237168263,-1.208313593,0.046260507,0.766218267,0.608159335,1.024843747
IPI00929759.1_Srbd1_110,-1.237168263,-1.208313593,0.046260507,0.766218267,0.608159335,1.024843747
IPI00676243.2_Mtap1a_2010,-1.30915858,-0.157179174,-0.03047492,-0.564948437,0.392181243,1.669579868
IPI00676243.2_Mtap1a_2006,-1.339430692,-0.175390227,-0.047359399,-0.488036313,0.379721914,1.670494718
IPI00762033.2_Fcho2_494,-1.856959005,0.066645281,0.950638607,-0.137485256,0.759895969,0.217264405
IPI00221621.2_Cdc16_560,-1.598795942,-0.802629486,0.374182406,0.389191712,1.10759864,0.53045267
IPI00395037.2_Khnyn_355,-1.875267734,0.745306927,0.885810105,-0.203872391,0.249532817,0.198490275
IPI00153206.2_Wdr20a_432,-1.854607576,-0.157513822,1.067699755,0.570829748,0.18516606,0.188425836
IPI00656285.2_Foxk1_209,-1.841220231,0.608421141,0.047001864,0.299137717,1.057722416,-0.171062907
IPI00465761.5_Arhgef17_456,-1.566333574,0.675697247,0.352887201,-0.521201556,-0.223240959,1.28219164
IPI00316682.2_Golga5_116,-1.630533904,-0.69064805,0.276315294,0.502061687,0.355575127,1.187229846
IPI00420527.2_C77080_17,-1.676105511,0.703933827,0.912921744,0.594479345,0.159632547,-0.694861951
IPI00856302.1_Palld_782,-1.638661534,1.40817033,0.451223459,0.19351031,-0.157134285,-0.25710828
IPI00676243.2_Mtap1a_2422,-1.583478124,1.511809343,0.019606135,0.08754562,0.297180237,-0.332663211
IPI00828306.2_Trio_2579,-1.782191925,0.659457685,0.746704925,0.793628519,0.030259474,-0.44785868
IPI00136284.1_Rnf11_25,-1.848936318,-0.330055458,0.969070151,0.233969915,0.522747517,0.453204195
IPI00890880.1_Nab2_157,-1.852573074,-0.098084676,0.763963829,0.944087075,0.285593144,-0.042986298
IPI00357145.5_Irf2bp2_375,-1.619142078,0.53422666,1.234995789,0.469674389,-0.03137765,-0.588377109
IPI00654133.1_E130112L23Rik_1472,-1.827895932,-0.354256573,0.228948568,0.463924617,1.024531425,0.464747896
IPI00463136.4_Rps6kb2_453,-0.533912266,-0.933141703,-0.744170096,-0.093052968,0.59227695,1.712000083
IPI00379844.4_Irs2_303,-0.520113963,0.114814992,-1.014009678,-0.35291141,-0.112177235,1.884397294
IPI00677756.1_Ahnak2_652,-1.640780292,0.33430433,1.233841312,0.589652371,0.051630372,-0.568648093
IPI00409176.1_Cast_324,-1.598262289,-0.856309681,0.402128891,0.685367238,0.954099662,0.41297618
IPI00282069.8_Crtc2_502,-1.397453375,0.496721245,1.573641264,0.071382331,-0.227292506,-0.516998958
IPI00123162.1_AI597479_197,-1.730831965,0.621753164,0.681930435,0.442142237,0.684244501,-0.699238372
IPI00378438.6_Tns1_1054,-1.57785712,-0.398309158,-0.267304736,1.343043744,0.261648303,0.638778967
IPI00944724.1_Ttc28_2283,-1.767644221,-0.36665317,0.036997812,0.303590618,1.036079728,0.757629234
IPI00459443.5_Tnks1bp1_1022,-1.405020526,-0.288371418,1.312574659,0.748100494,0.360786622,-0.72806983
IPI00938499.1_N4bp1_560,-1.845963594,-0.102070576,0.930712193,0.700762691,0.453746716,-0.137187429
IPI00465879.2_Zc3hc1_394,-1.821620501,-0.411515868,0.637539584,0.501461072,0.904745808,0.189389904
IPI00165881.3_Pxn_132,-1.945823009,0.33479779,0.039536207,0.865754243,0.578210405,0.127524364
IPI00848818.1_Mtap4_254,-1.747750207,-0.220747436,0.362174676,-0.239270465,0.872242902,0.97335053
IPI00378438.6_Tns1_1118,-1.861110045,0.479725462,0.849374141,0.601572743,0.297173086,-0.366735387
IPI00221723.1_Wasf2_298,-1.68606279,0.141021618,1.312704578,0.436573267,0.216204878,-0.420441551
IPI00323820.4_Mcm2_25,-1.313973062,-1.243956227,0.403412296,0.686490824,0.819119336,0.648906833
IPI00172126.2_Lbh_63,-1.893677638,0.083995718,0.80353685,0.568062957,0.632927973,-0.19484586
IPI00108774.1_Rad23b_160,-1.652676444,-0.15251279,1.054606358,0.801704239,0.468994405,-0.520115769
IPI00118895.1_Sntb2_211,-1.465933682,-0.399736819,-0.630467004,0.553931209,0.746561568,1.195644728
IPI00648042.1_Zcchc11_176,-1.94446588,0.064296579,0.474656583,0.683783691,0.722536319,-0.000807293
IPI00119799.1_Bcl2l11_55,-1.842028259,0.528998227,0.991727678,0.539146782,0.011828833,-0.22967326
IPI00227299.6_Vim_72,-0.746566824,-1.015731182,1.182363494,-0.444071262,-0.291567741,1.315573517
IPI00153421.1_Dync1li1_513,-1.55861349,-0.437342852,0.529631241,0.900474972,1.033923603,-0.468073473
IPI00890869.1_Sema4c_761,-1.542650184,-0.691747028,-0.015751154,1.223005554,0.756691331,0.270451481
IPI00119799.1_Bcl2l11_65,-1.848650132,0.543018939,0.97693295,0.533182395,0.016152987,-0.22063714
IPI00139795.2_Rplp2_79,-1.645084459,-0.528046234,0.286917062,-0.076687818,0.990692702,0.972208747
IPI00749917.3_Stard9_3696,-1.9720428,0.526478409,0.665386605,0.602251402,0.009613662,0.168312723
IPI00749917.3_Stard9_3701,-1.9720428,0.526478409,0.665386605,0.602251402,0.009613662,0.168312723
IPI00894741.1_Edc4_725,-1.845356245,0.757281417,0.824034617,0.47573909,0.110271178,-0.321970057
IPI00915485.1_Myo9b_2002,-1.785444465,0.189508104,1.083853143,0.610847184,0.284927501,-0.383691468
IPI00123162.1_AI597479_193,-1.541495077,-0.688975268,1.252054748,0.591397783,0.473528713,-0.086510899
IPI00113079.2_Mapkapk2_9,-1.606208142,0.767299017,-0.742836566,0.001613394,0.914825555,0.665306742
IPI00882371.1_Ubr5_1549,-1.883423923,-0.121029117,0.12576563,0.257286736,0.666508197,0.954892477
IPI00109212.3_Snx2_104,-1.736807973,0.304677434,1.170660563,0.552564213,0.148160589,-0.439254827
IPI00123191.2_Prr14_307,-1.518565739,-0.865282378,0.029872689,0.728207843,1.027948136,0.597819449
IPI00460291.2_Sun2_12,-1.968538258,0.103301569,0.586905652,0.679290225,0.553358455,0.045682357
IPI00676243.2_Mtap1a_2044,-1.782254179,0.776944601,0.951365086,0.427380058,-0.010010643,-0.363424922
IPI00656285.2_Foxk1_243,-1.98613417,-0.026583478,0.436348044,0.672851279,0.411365876,0.49215245
IPI00762331.2_Cobll1_770,-1.780558072,0.149947465,1.129336818,0.521590825,0.350024548,-0.370341585
IPI00113079.2_Mapkapk2_16,-1.583694549,-0.169182292,-0.500780188,0.196061309,1.197939846,0.859655873
IPI00752794.2_Fam193a_683,-1.584418509,-0.428958849,0.55516431,1.066444692,-0.429959005,0.821727361
IPI00553798.2_Ahnak_3022,-1.733640464,-0.240818158,0.182011765,0.234111736,0.215981713,1.342353407
IPI00377615.2_Phf3_660,-1.915143857,0.241652128,0.905122039,0.598302895,-0.117642007,0.287708803
IPI00830159.1_Rad23a_92,-1.635340236,-0.79839204,0.316455994,0.542280977,0.95137917,0.623616135
IPI00230394.5_Lmnb1_21,-1.737441838,-0.491133494,0.553863245,0.786426643,0.902578583,-0.01429314
IPI00130529.1_Fgd1_714,-1.717003057,-0.481378507,0.981832208,0.787435824,0.482937429,-0.053823897
IPI00314755.5_Hn1_85,-1.683357306,-0.627700131,0.659849292,0.18306085,0.398171782,1.069975512
IPI00652304.2_Daxx_524,-1.976711369,-0.066369023,0.503943258,0.582897838,0.614651372,0.341587924
IPI00331361.2_Mybbp1a_1280,-1.833697796,-0.184469507,-0.067989693,0.583598796,1.00571246,0.496845739
IPI00762599.1_Tsc22d2_587,-1.892361399,-0.36525025,0.489785205,0.542011205,0.595828438,0.629986801
IPI00918245.2_Svil_453,-2.008777552,0.128813021,0.474757173,0.269783803,0.515515262,0.619908294
IPI00938479.1_Wdr81_1570,-1.971092652,0.449994372,0.74539758,0.518876146,0.293441654,-0.036617101
IPI00118895.1_Sntb2_188,-1.740048614,-0.070005403,-0.108127897,0.639200156,0.035684448,1.24329731
IPI00405836.2_Sh3bp4_131,-1.571689664,-0.843332393,0.271355903,0.337669814,0.895390425,0.910605915
IPI00177200.1_Scarf2_695,-1.875165036,-0.138669742,0.632456364,-0.073322635,0.70419931,0.750501738
IPI00623969.2_Radil_432,-1.629159097,-0.173447203,-0.167288563,-0.115233663,0.818274319,1.266854207
IPI00720036.1_Mprip_622,-1.78743142,-0.529647692,0.621073123,0.664560824,0.803168025,0.22827714
IPI00652304.2_Daxx_516,-1.942062022,-0.198593207,0.363595334,0.601105022,0.63265458,0.543300293
IPI00123709.1_Akap12_890,-1.422332415,-0.981907744,0.036971111,0.537640367,0.75887669,1.070751991
IPI00480497.1_Trim47_591,-1.852644632,-0.231079264,-0.010955558,0.5318211,0.852469374,0.710388979
IPI00225483.1_Bmf_200,-1.917605493,-0.135432001,0.595433703,0.770253853,0.58902175,0.098328188
IPI00918245.2_Svil_248,-1.859179429,-0.214168973,0.551808004,0.895269466,0.625766537,0.000504394
IPI00762081.1_Rufy3_27,-2.02694936,0.338666616,0.511731424,0.217758671,0.416739908,0.542052741
IPI00788494.1_Mrc2_1455,-1.89722899,0.791560018,0.595398148,-0.296487488,0.458703761,0.348054551
IPI00380331.1_Ppp2r5d_81,-1.94388097,-0.033228879,0.508778096,0.224967222,0.359213663,0.884150868
IPI00923108.1_NA_949,-1.969300592,0.381374042,0.596336891,-0.040964691,0.308877827,0.723676524
IPI00654406.3_C78339_45,-1.988559326,0.022063911,0.330652067,0.567980929,0.680639754,0.387222666
IPI00283876.6_Lcmt1_247,-1.841792362,-0.454456942,0.517971612,0.395743189,0.589626481,0.792908022
IPI00223759.2_Vps26b_304,-1.975558559,0.696161504,-0.048265115,0.337901068,0.550591258,0.439169845
IPI00169768.1_Wipf1_330,-1.983079747,0.294093385,0.798572405,0.098711777,0.295736839,0.495965341
IPI00165789.2_Apbb1ip_532,-1.813145961,0.15592611,-0.097446374,0.066464092,0.491069707,1.197132426
IPI00311490.4_Phip_674,-1.923895466,-0.280904904,0.574225172,0.49532825,0.578605949,0.556640998
IPI00454015.2_Sugp1_336,-1.873873223,-0.397005216,0.518549047,0.448212556,0.578444459,0.725672379
IPI00851023.3_Macf1_5468,-1.990386838,0.227728349,0.622392627,0.296398327,0.143348705,0.70051883
IPI00134747.4_Toe1_349,-1.925282865,-0.262565226,0.406650785,0.62456014,0.578763226,0.57787394
IPI00113563.3_Ptk2_952,-1.746559734,-0.358695887,-0.067566389,0.585864779,0.466487048,1.120470184
IPI00874995.2_Aak1_115,-1.67180496,-0.655454196,0.116203815,0.444639798,0.837775624,0.928639918
IPI00132418.1_Srp14_45,-1.520032469,-0.953005332,0.333272726,0.429347526,0.747719177,0.962698372
IPI00229300.2_Epb4.1l3_428,-1.660444947,-0.652775589,0.239838305,0.259148691,0.754793946,1.059439593
IPI00321407.6_Cul4a_10,-1.958293398,-0.115876606,0.448080444,0.464794818,0.406655223,0.754639519
IPI00223714.5_Hist1h1e_36,-1.082693963,-0.238868802,-0.681838013,-0.267538209,0.562907807,1.70803118
IPI00121733.1_Nr4a1_239,-1.208842453,-0.220520593,0.044298384,-0.874872282,0.839237295,1.42069965
IPI00752108.1_Ctnnd1_320,0.810927165,0.183513401,-0.163209304,-0.203435396,1.108007989,-1.735803855
IPI00221566.3_Htatsf1_697,1.088112911,-0.597154988,-1.597304652,0.317922246,0.892284989,-0.103860506
IPI00330804.4_Hsp90aa1_252,1.457004681,0.886372962,-0.280773115,-1.123532895,-0.076221148,-0.862850485
IPI00673693.1_Zc3h18_58,0.248401429,1.186211709,0.951026893,-1.031155081,-1.245639703,-0.108845247
IPI00625995.1_Gatad2a_110,1.633076162,0.182683028,0.229026074,0.070581429,-1.008356079,-1.107010614
IPI00314352.1_Pkd2_806,-0.035923384,1.089793427,1.025761528,0.187548908,-0.856421674,-1.410758805
IPI00676243.2_Mtap1a_1985,0.082813553,1.579524288,-0.223626581,-0.161949949,0.257986618,-1.53474793
IPI00123624.8_2610301G19Rik_612,1.053403583,1.070115663,-1.199043412,-0.321611734,0.413526545,-1.016390646
IPI00130529.1_Fgd1_710,-1.407682638,-0.631684363,1.142256016,1.125737232,-0.011268586,-0.217357661
IPI00830613.1_Epb4.1l1_578,1.524262215,0.100479114,0.281627203,-1.578730043,-0.307263879,-0.020374609
IPI00116202.1_2900092E17Rik_142,1.39435176,0.248143028,0.722188012,-1.067119727,-0.152760767,-1.144802306
IPI00116202.1_2900092E17Rik_147,1.39435176,0.248143028,0.722188012,-1.067119727,-0.152760767,-1.144802306
IPI00116202.1_2900092E17Rik_137,1.39435176,0.248143028,0.722188012,-1.067119727,-0.152760767,-1.144802306
IPI00108338.1_Mcm3_725,0.95160162,0.592878548,0.500949798,-1.296348541,0.500364326,-1.249445751
IPI00117132.2_Plekhf1_249,0.533661805,1.742814269,-0.589419341,-0.080611905,-0.673689463,-0.932755365
IPI00117132.2_Plekhf1_243,0.571778858,1.683364966,-0.614782444,0.044616262,-0.701371076,-0.983606566
IPI00678133.3_Inf2_1203,1.367998977,0.270174198,0.325797089,0.389571585,-1.295293753,-1.058248096
IPI00133032.5_Ccdc43_137,0.976938596,0.16516061,0.570352849,-0.721850876,-1.653164257,0.662563078
IPI00226311.2_Tnrc6b_913,1.291634825,0.860486793,-0.128590848,-1.203355622,-1.03869634,0.218521193
IPI00331266.1_Wwox_12,0.040855443,-0.279987666,-0.114693176,1.90166096,-0.989058832,-0.55877673
IPI00331266.1_Wwox_14,-0.090149647,0.290580975,-0.161615763,1.773667687,-1.121730895,-0.690752358
IPI00761677.1_Gtpbp1_44,1.909183547,-0.337593508,-0.874050959,-0.331384154,0.204371602,-0.570526528
IPI00761677.1_Gtpbp1_47,1.909183547,-0.337593508,-0.874050959,-0.331384154,0.204371602,-0.570526528
IPI00874321.1_Hnrnpc_306,1.760791687,-1.208403737,-0.388249822,-0.37762027,-0.141503504,0.354985646
IPI00954606.1_5830433M19Rik_183,1.687388559,-0.269400088,-0.149669275,0.516453745,-1.207276021,-0.577496919
IPI00338745.4_Hmgn1_95,-0.413499494,-0.447498192,-0.42181796,-1.182332452,1.147587157,1.317560941
IPI00123709.1_Akap12_615,0.744285729,-1.060836035,0.581272156,-1.231503036,1.190092681,-0.223311496
IPI00123219.1_Sept4_325,0.363489326,-0.56723804,-0.730662271,-1.21234816,0.728289957,1.418469188
IPI00625430.4_Med12_636,0.44280597,0.114617261,-1.602445056,-0.338241946,1.450525374,-0.067261603
IPI00750217.1_Atg9a_828,0.133180009,-0.276803671,1.871368135,-0.792499094,-0.878857017,-0.056388362
IPI00415385.1_Bclaf1_387,0.133673806,0.184728248,-0.885809144,-1.386376708,1.384735623,0.569048174
IPI00116498.1_Ywhaz_207,0.785529958,0.82930887,-1.426664109,-0.903255379,0.899886413,-0.184805753
IPI00274030.3_Srsf8_601,1.094475609,0.103980766,-1.085938512,-0.509344244,-0.867861057,1.264687439
IPI00120886.3_Ybx1_165,-0.176799471,0.931101417,-1.644847825,1.142147164,0.047571761,-0.299173047
IPI00227720.3_Dek_247,-0.537302877,-0.671045448,1.518981808,0.780894011,0.065867801,-1.157395296
IPI00227720.3_Dek_248,-0.537302877,-0.671045448,1.518981808,0.780894011,0.065867801,-1.157395296
IPI00227720.3_Dek_255,-0.537302877,-0.671045448,1.518981808,0.780894011,0.065867801,-1.157395296
IPI00742275.1_Kdm2a_28,0.176071088,1.550340394,-1.313099683,0.327369733,0.109105451,-0.849786982
IPI00225616.3_Dennd2a_356,-0.05982874,1.610980195,-0.826957146,-0.066549645,-1.193873805,0.536229142
IPI00458039.3_Mdn1_4827,-0.344330569,0.19106428,1.938126202,-0.505066279,-0.554544873,-0.72524876
IPI00133977.3_Nap1l4_121,1.399601224,0.237881649,0.539764985,-1.423365683,-0.814573045,0.060690869
IPI00944159.1_Safb_235,-0.021386439,-0.795575311,1.920105274,-0.016199859,-0.754199835,-0.332743831
IPI00110456.2_3110082I17Rik_48,-0.404201852,1.792375738,-0.779581589,0.078051034,0.278944809,-0.965588139
IPI00408796.3_Sf3a1_329,-0.722734277,0.592832222,1.741746473,-0.15205725,-0.68565757,-0.774129598
IPI00408796.3_Sf3a1_357,0.259712735,-1.723299106,0.703582999,-0.56769109,1.027234755,0.300459708
IPI00896700.1_Mtap1b_1013,-0.60407797,1.244795502,-0.23274316,-0.568968528,1.241255416,-1.08026126
IPI00312414.4_Pkn2_957,1.145732563,-1.366077502,-0.37777084,-0.789929013,0.907442555,0.480602236
IPI00858102.1_Atn1_101,1.238256647,-0.363992531,-1.71958354,0.531989345,0.006395566,0.306934512
IPI00858102.1_Atn1_107,1.238256647,-0.363992531,-1.71958354,0.531989345,0.006395566,0.306934512
IPI00227720.3_Dek_33,-0.945319976,1.756790249,-0.73979542,0.32463579,-0.578182584,0.18187194
IPI00874321.1_Hnrnpc_261,0.532041389,-1.969862514,0.396815495,0.719192138,-0.073711885,0.395525377
IPI00169788.1_Prkar2a_97,-0.943860155,1.275179141,0.873065855,-0.998043613,-0.696223215,0.489881986
IPI00109311.3_Slc9a3r1_285,-0.973587971,0.215916792,1.355376924,0.827594539,-1.196285657,-0.229014628
IPI00262966.4_Zcchc6_884,-0.409344657,-1.014685668,-0.597783185,-0.022431717,1.845388292,0.198856936
IPI00262966.4_Zcchc6_891,-0.462457968,-0.966864056,-0.579435755,-0.030083486,1.86683401,0.172007255
IPI00877182.1_Capza1_9,0.445452541,-2.021359393,0.192460263,0.299689197,0.51396249,0.569794901
IPI00133689.7_Wdr75_781,-0.470797227,-0.352574972,-0.083227349,-0.500894174,-0.60118605,2.008679772
IPI00133689.7_Wdr75_778,-0.470797227,-0.352574972,-0.083227349,-0.500894174,-0.60118605,2.008679772
IPI00221566.3_Htatsf1_528,0.297909771,-0.008423198,-0.247103895,-0.719226355,-1.094018955,1.770862632
IPI00474486.4_Leo1_179,-0.158881877,-1.124095874,0.32825324,-1.076044981,0.577475132,1.45329436
IPI00881499.1_Golim4_356,0.624970565,-0.668507419,-1.285798059,0.157551902,-0.362231023,1.534014035
IPI00849284.3_Gcfc1_559,1.12612861,-1.111002255,-0.551945509,-0.998151774,0.863635504,0.671335423
IPI00387234.2_Srpk1_448,-0.735888806,0.202436829,1.032271835,-0.407946321,-1.306656942,1.215783405
IPI00387234.2_Srpk1_450,-0.969982164,1.209221895,0.338664586,0.986198117,-1.160487719,-0.403614716
IPI00858102.1_Atn1_103,0.260449566,-0.594161772,-1.376824265,0.29049032,-0.18184087,1.601887021
IPI00110280.4_Ppil4_182,-0.519945419,1.991795644,-0.106583334,-0.611983408,-0.161229148,-0.592054335
IPI00474486.4_Leo1_171,-0.334532727,-1.040334929,0.327003758,-1.001211658,0.478149852,1.570925704
IPI00830976.1_Nasp_466,1.488980961,-0.419403891,0.715506203,0.201969549,-1.193658602,-0.793394221
IPI00830976.1_Nasp_463,0.926696298,0.656485742,0.562408925,0.285887474,-1.637747094,-0.793731347
IPI00349069.4_B230208H17Rik_638,0.436214169,1.647449802,-0.133657457,-1.020951129,0.084948818,-1.014004203
IPI00349069.4_B230208H17Rik_637,0.479343696,1.490179745,0.034998828,-1.0414936,0.225574063,-1.188602732
IPI00415385.1_Bclaf1_198,-1.606421871,0.586347724,0.393288067,0.975443587,0.499710711,-0.848368217
IPI00474486.4_Leo1_255,-0.651649506,0.096053572,-0.470869448,-0.506876024,-0.439960426,1.973301831
IPI00135190.3_Ranbp3_148,-0.79901747,-0.618739338,0.161112324,-1.009277426,0.704630734,1.561291177
IPI00349296.6_Tanc1_1461,0.152437347,-0.022804732,-0.507987806,-1.555726449,0.504671643,1.429409996
IPI00349296.6_Tanc1_1463,0.264777682,0.13232751,-1.444097455,0.210188502,-0.684472834,1.521276596
IPI00474974.1_Dnmt1_599,-1.065084204,0.376942358,-0.00330008,0.538574536,-1.231570979,1.384438369
IPI00349296.6_Tanc1_1462,0.018527402,-0.783311117,-0.954745535,-0.695507145,1.01437213,1.400664266
IPI00229801.5_Trp53bp1_1123,-1.182404413,1.149452509,0.284869296,-0.694986364,-0.67801182,1.121080793
IPI00348442.1_Sfrs18_290,-1.164304936,-0.925633199,0.834437769,-0.595917513,1.031347582,0.820070297
IPI00113389.5_Fam129a_601,-1.095929216,-0.611217788,-0.885672868,0.433636258,0.832753605,1.326430009
IPI00229601.6_Fndc3b_260,-0.879165093,-0.214840928,1.673320744,-0.395346856,-0.869058119,0.685090251
IPI00467530.3_Ablim1_670,-1.938503582,0.337557366,0.819137403,0.607550383,0.278142742,-0.103884312
IPI00116331.1_Sgta_303,-1.052740647,-1.347302048,-0.07315186,0.780222785,0.725368528,0.967603241
IPI00116331.1_Sgta_307,-1.062261692,-1.35698378,-0.028457957,0.771701645,0.716817464,0.959184319
IPI00125534.4_Dok1_361,-1.019453835,0.363598517,0.515733089,-1.330029652,0.138051141,1.332100741
IPI00225230.1_Map4k5_400,-1.535864903,-0.979323041,0.395353368,0.620609052,0.65810617,0.841119354
IPI00676243.2_Mtap1a_2663,-1.827521784,-0.442102474,0.381528584,0.595309014,0.90046416,0.392322499
IPI00400215.3_Plec_4261,-1.679810984,-0.565348258,0.45356131,0.672858219,1.09526681,0.023472903
IPI00387422.3_Zyx_144,-2.014700964,0.224150022,0.685382908,0.27306856,0.405422952,0.426676521
IPI00828325.1_Pcm1_1768,0.812149364,0.695487276,0.631493742,-0.424181463,-1.808124685,0.093175766
IPI00110815.2_Aplf_131,0.387145735,0.609500132,1.013589989,0.417140798,-0.806762076,-1.620614578
IPI00130127.2_Gys1_657,-0.423623776,-0.582462867,0.453951787,0.227054536,1.60663422,-1.281553901
IPI00130127.2_Gys1_653,-0.462189637,-0.555062235,0.317995376,0.116278461,1.739541713,-1.156563679
IPI00752500.1_Git2_397,-0.179995757,-0.942708856,0.421379132,1.799144343,-0.724718522,-0.373100341
IPI00224200.1_Iws1_263,0.133646422,-0.816512479,0.415353423,0.804318504,-1.562991482,1.026185612
IPI00224200.1_Iws1_261,0.121205118,-0.816246387,0.399144579,0.782907653,-1.552742001,1.065731038
IPI00133374.5_Sqstm1_367,-0.390395935,-0.157686657,1.278323958,-1.158196659,-0.722937885,1.150893177
IPI00125662.2_Smarcc1_800,0.78695075,0.353646518,0.468940603,0.146751764,0.233593606,-1.989883241
IPI00229801.5_Trp53bp1_464,0.119296106,1.178990269,0.476022663,0.336226387,-0.338007391,-1.772528034
IPI00109375.1_Pvrl2_401,-0.777940111,0.299174362,-0.185680378,0.540479713,1.471065271,-1.347098857
IPI00123181.4_Myh9_1939,0.439842754,1.035281243,1.037954574,-0.721014587,-1.411673683,-0.380390301
IPI00875198.1_Samhd1_60,-1.629459287,-0.532012204,0.283712652,0.943005243,1.039736627,-0.104983031
IPI00110679.6_Snx7_8,-1.783396639,-0.551229139,0.877513539,0.641952275,0.38240811,0.432751853
IPI00750491.1_Rps6kc1_634,1.231175826,1.006083085,0.14830252,-0.742780878,-1.345280469,-0.297500085
IPI00466590.3_Fgfr1_462,-2.00981604,0.497059601,0.525057321,0.583209977,0.291537453,0.112951688
IPI00229884.1_Pak2_197,0.445060037,0.707372758,0.923144161,0.417037727,-1.536880703,-0.95573398
IPI00130127.2_Gys1_652,1.00378795,-0.421103206,1.255034829,-0.213150292,-0.150875653,-1.473693628
IPI00648562.1_Med1_1481,1.006934904,-0.963881362,1.389452636,-0.052307002,-0.982695971,-0.397503205
IPI00874991.1_Srsf2ip_529,-0.036168374,-0.453143506,1.880652467,-0.338577597,0.015702153,-1.068465143
IPI00672180.1_Adnp_708,-0.885833863,0.666155188,0.114618721,1.535002116,-0.279196258,-1.150745904
IPI00453860.2_Bms1_548,0.942524306,0.344268066,-0.871714237,0.286155386,-1.555916016,0.854682495
IPI00462445.2_Nedd4_215,-0.268261248,0.702248636,-1.842115063,0.050704153,0.921224266,0.436199256
IPI00857253.1_Atrx_1232,-1.396295922,0.713819386,-1.065017489,0.965243745,0.100518798,0.681731483
IPI00553798.2_Ahnak_4740,-1.399310432,0.480874372,0.188491855,1.393205918,0.222526248,-0.885787961
IPI00673693.1_Zc3h18_113,-0.764963315,1.393960522,-0.863705405,-0.322932192,-0.577319852,1.134960242
IPI00177200.1_Scarf2_690,-1.899690722,0.027110013,0.862668723,0.413204025,0.68401907,-0.087311109
IPI00466590.3_Fgfr1_460,-1.997046938,0.552309961,0.631589005,0.384573478,0.398837719,0.029736776
IPI00466590.3_Fgfr1_461,-2.017954125,0.418671498,0.551117652,0.442046194,0.489807661,0.116311119
IPI00471127.1_Cdc42ep1_113,-1.778527199,0.321267367,1.029820732,0.664261313,0.200816141,-0.437638354
IPI00377615.2_Phf3_249,0.746204827,-0.912474662,-1.036721333,1.186943849,-0.742580353,0.758627672
IPI00762331.2_Cobll1_550,-1.284808171,0.188181075,-1.181767337,0.495979014,0.687757147,1.094658272
IPI00403406.1_Epb4.1l2_595,1.116135401,1.037066179,-1.437088588,0.229609373,-0.711184532,-0.234537833
IPI00117237.1_Nr2f6_40,-0.15193607,-1.106056369,-0.757082198,1.588971511,0.744450134,-0.318347008
IPI00831671.1_Osbpl3_302,0.529281418,0.859951905,1.256805496,-0.815616645,-1.08889279,-0.741529384
IPI00229534.5_Marcks_140,0.642286755,0.511835888,0.067967032,0.46579824,0.313514772,-2.001402688
IPI00127707.1_Pcbp2_185,1.853732045,0.361077355,-0.412964124,-0.789313676,-0.758391843,-0.254139757
IPI00848818.1_Mtap4_847,1.285371401,0.647967843,0.365632089,-0.00758925,-0.855004194,-1.43637789
IPI00227299.6_Vim_419,1.237054668,0.84569308,0.225713449,-0.321079764,-1.552983889,-0.434397545
IPI00132973.1_Lsm12_75,0.815000846,0.76205035,0.997306742,-0.959645873,-0.289734347,-1.324977718
IPI00463493.1_Gbf1_1300,0.211107566,1.545103324,0.704906681,-0.72477872,-1.00683339,-0.72950546
IPI00875672.1_Vcan_2578,0.396399525,1.697279645,-0.075386552,-0.484194753,-1.289185601,-0.244912265
IPI00785231.1_Pnn_443,0.115146109,1.545398505,0.342846418,-0.153091217,-0.314535649,-1.535764166
IPI00169485.3_Rab11fip1_204,0.372296998,-1.420528913,-0.770334513,1.384816852,0.562048825,-0.128299249
IPI00665993.3_Luzp4_388,-0.159615597,0.786975808,1.532292919,-0.462934239,-1.268796564,-0.427922327
IPI00849047.1_NA_183,-0.634280813,-1.069450658,1.280320541,1.222728228,-0.389074195,-0.410243103
IPI00313817.1_Hdgf_206,0.325501579,0.704489558,-0.833676256,0.197886001,-1.536105865,1.141904982
IPI00130066.1_Snn_49,-0.105307457,-0.465320657,1.823579944,-0.664610063,-0.939214937,0.350873169
IPI00553798.2_Ahnak_5510,1.626514535,0.755792965,-0.810699636,-0.141272157,-0.511322788,-0.91901292
IPI00356904.7_Farp1_427,1.612403649,0.81176762,-0.236294032,-0.537902255,-0.693068241,-0.956906741
IPI00109311.3_Slc9a3r1_275,0.863631342,0.83140791,0.797801834,-0.206345995,-0.775956477,-1.510538613
IPI00654133.1_E130112L23Rik_959,1.849424834,0.289932091,-0.908933265,-0.115874154,-0.689317103,-0.425232403
IPI00109311.3_Slc9a3r1_297,1.8739372,-0.083220714,0.26526207,-0.694237201,-0.649768721,-0.711972635
IPI00469012.3_Tbc1d10b_664,1.249641942,0.966797576,0.229350654,-0.306541433,-0.883969431,-1.255279307
IPI00881976.1_Nmd3_468,0.013517032,1.146995753,1.097487957,-0.166656083,-0.68159629,-1.409748369
IPI00845638.1_Pds5b_1182,1.224114896,1.072510311,-0.387139401,0.138701531,-0.818407447,-1.229779889
IPI00458001.1_Atxn2l_556,1.48015003,0.782631173,-0.138911951,-0.620916689,-0.175986462,-1.326966102
IPI00131138.10_Flna_1084,0.719084048,0.697595695,0.424367751,0.341443309,-0.279465319,-1.903025484
IPI00116372.1_Mlf2_239,1.510655948,0.738986604,-0.023156181,-0.418949479,-1.329307942,-0.47822895
IPI00378438.6_Tns1_1468,1.38984929,0.947747942,-0.022640195,-0.304308814,-0.838555985,-1.172092239
IPI00113655.1_Rps6_236,-0.677100867,0.952941343,1.1268289,0.599067429,-0.975013644,-1.026723162
IPI00113655.1_Rps6_235,-0.885496298,0.710013116,0.628884172,1.2867677,-1.140655715,-0.599512974
IPI00229884.1_Pak2_2,1.113804838,0.756163277,0.736697785,-0.365566514,-1.116667187,-1.1244322
IPI00756424.3_Eif5b_114,0.25291173,1.285058398,0.646436032,-0.276591541,-0.257344376,-1.650470242
IPI00553798.2_Ahnak_893,0.468362988,0.559031144,0.549821672,0.181179749,0.258126464,-2.016522017
IPI00662157.3_Synpo_833,1.675066447,0.621861088,-0.990716382,-0.053488902,-0.487788669,-0.764933582
IPI00118248.1_Prrx1_67,0.072885642,-0.416340349,-0.67078897,0.235457964,-1.027063374,1.805849087
IPI00108338.1_Mcm3_681,1.055158836,0.264546547,1.002216669,0.015977847,-1.367788379,-0.97011152
IPI00310764.7_Arhgef2_151,1.833095537,0.04860939,-0.72185361,-0.541073675,-0.871581687,0.252804045
IPI00785240.1_Srrm2_2537,1.798987515,0.528895853,-0.435360973,-0.862523961,-0.61494408,-0.415054353
IPI00118821.2_Pafah1b2_2,0.987372968,0.560267531,0.735618562,0.213631993,-1.18849074,-1.308400314
IPI00816914.1_Dock7_1422,1.761653967,-0.442700734,-1.137495389,0.330907728,-0.544224829,0.031859257
IPI00337844.4_Ranbp2_2130,1.260348332,0.796342913,0.436419172,-0.266946723,-0.975722097,-1.250441598
IPI00881976.1_Nmd3_470,0.929830492,-1.067548854,-0.911025679,1.444695885,-0.209196063,-0.18675578
IPI00125861.2_Dlg1_710,0.290046319,1.826382651,-0.802850114,-0.826154711,-0.502853429,0.015429285
IPI00828809.1_Tcfe3_553,1.679484502,-0.107292001,-1.334741863,-0.478126383,-0.133352045,0.37402779
IPI00172219.3_1200011I18Rik_146,0.379220178,-1.020245307,-0.520041296,1.693609786,0.25080341,-0.78334677
IPI00857253.1_Atrx_1333,1.574718424,-0.526200809,-1.372790016,0.238188049,0.429295567,-0.343211215
IPI00556837.1_Smarcad1_124,0.818186231,0.056023618,-0.166715293,-0.478039971,1.307382362,-1.536836947
IPI00856504.1_Pdxdc1_730,-1.725510061,1.409884281,0.023309033,0.153644147,0.046136457,0.092536143
IPI00467123.2_Timeless_1165,0.541147741,1.523091981,0.240824982,-0.163390244,-1.138925965,-1.002748494
IPI00221566.3_Htatsf1_578,0.466781161,-2.007832908,0.54463053,0.187243689,0.618663067,0.190514462
IPI00754924.2_Dact3_165,-0.366220643,0.984725754,1.326602975,-0.297463206,-0.236254998,-1.411389881
IPI00114410.1_Pten_385,0.452260082,0.082210393,1.489458211,-1.119329993,-1.126156703,0.221558011
IPI00875672.1_Vcan_2281,1.701658685,-0.197501959,0.244880948,-0.853197661,-1.109801078,0.213961065
IPI00117124.1_Psen1_370,1.136800439,-0.026671119,-0.11002018,-1.099939915,1.163472316,-1.06364154
IPI00118139.2_Xrcc1_445,-0.366947557,-0.27097405,-1.155035733,1.854854913,0.056836762,-0.118734335
IPI00894741.1_Edc4_822,0.952637734,0.012105502,-1.162411633,-0.786581038,1.397124937,-0.412875503
IPI00605037.1_Srrm1_572,0.404803966,0.087775104,0.525260059,1.330589649,-1.063526833,-1.284901946
IPI00118895.1_Sntb2_75,-0.424178985,-0.090752373,1.104655517,0.967471381,0.070855742,-1.628051282
IPI00605037.1_Srrm1_574,-0.090909057,1.34188625,-0.780290329,1.075179909,-1.113050984,-0.43281579
IPI00471361.3_Stub1_20,1.04995294,0.496910252,0.727687808,-1.14106999,0.200305503,-1.333786513
IPI00111959.2_Ctps_571,1.284577993,0.917819542,-1.025379552,-1.146273971,0.250754683,-0.281498695
IPI00331295.4_G3bp2_227,1.005160469,1.12378863,-0.064172406,-0.215283296,-0.229774166,-1.61971923
IPI00323349.2_Tjp2_968,1.333530098,1.099569442,-1.2277105,-0.283347079,-0.462632259,-0.459409702
IPI00471271.1_Rsrc2_32,0.746064306,-0.54792179,-0.069352329,-0.368721439,1.529508285,-1.289577033
IPI00317298.2_Snw1_224,-0.464296564,1.409641009,0.442720245,0.169080583,0.04616998,-1.603315253
IPI00462466.6_Setd2_1387,1.281567106,-1.112345431,0.280959217,0.048050335,-1.22761173,0.729380503
IPI00462466.6_Setd2_1389,1.281567106,-1.112345431,0.280959217,0.048050335,-1.22761173,0.729380503
IPI00462466.6_Setd2_1391,1.281567106,-1.112345431,0.280959217,0.048050335,-1.22761173,0.729380503
IPI00654216.2_Oxr1_59,0.931185589,1.269672429,-0.350790364,-1.16926445,-0.972400648,0.291597444
IPI00719915.1_Raver1_576,-1.323850147,0.168958493,0.846992354,1.048692085,0.380381771,-1.121174557
IPI00317298.2_Snw1_232,1.03335903,0.991560098,-1.614297559,-0.377894999,0.299612137,-0.332338707
IPI00228647.2_Slc38a10_441,0.573412038,-0.278674333,-1.237510311,1.472205895,0.349517627,-0.878950915
IPI00857720.1_Dpy19l1_22,0.846250343,-0.016591454,0.610394191,-1.594277378,0.900941952,-0.746717654
IPI00377288.3_Arap1_232,1.163986521,-0.295577628,-1.717437455,0.015377634,0.055955387,0.777695541
IPI00785240.1_Srrm2_2351,1.148611669,1.105600497,-1.43991778,-0.599855188,-0.140061893,-0.074377305
IPI00314302.3_Cpsf2_423,0.731796683,-0.87849652,-0.764489374,-0.087998406,-0.640875789,1.640063407
IPI00314302.3_Cpsf2_419,0.731796683,-0.87849652,-0.764489374,-0.087998406,-0.640875789,1.640063407
IPI00314302.3_Cpsf2_420,0.731796683,-0.87849652,-0.764489374,-0.087998406,-0.640875789,1.640063407
IPI00329839.7_Ddx42_183,0.847951511,-1.115023024,-1.380198698,0.477132986,0.917097974,0.253039251
IPI00172202.1_Lsm14a_183,0.730494813,0.541157931,-0.060321335,-1.567307963,1.086303435,-0.730326881
IPI00119242.1_Fnbp4_65,0.590791139,-0.25300633,-1.716741114,1.272259512,0.141147042,-0.034450249
IPI00357096.3_Nipbl_2666,0.01148344,0.080363514,-1.550480336,1.548780565,-0.350553598,0.260406414
IPI00172202.1_Lsm14a_216,1.597090625,0.756846253,-0.099996704,-0.726447955,-1.057125617,-0.470366604
IPI00113655.1_Rps6_240,-0.821587822,0.052775708,1.51126634,0.855192541,-0.674947745,-0.922699022
IPI00224200.1_Iws1_386,1.266113486,-0.946021749,-0.737853565,-0.975012819,0.5603524,0.832422248
IPI00454140.5_Skiv2l_240,0.019812178,-0.439344566,-0.547439032,-0.42718156,-0.597639499,1.991792479
IPI00421052.1_Nipbl_2666,-0.743470886,0.730115961,-0.949125103,1.449508397,0.386434367,-0.873462736
IPI00848672.1_Srsf11_477,0.070728903,-0.564517404,-1.653933928,0.794978398,1.120146296,0.232597735
IPI00776341.2_Cask_571,1.097049238,1.027591657,-0.071453391,-0.807888279,-1.431155709,0.185856484
IPI00329839.7_Ddx42_109,-0.507234585,0.666814549,-0.884629644,1.729088539,-0.397837773,-0.606201087
IPI00605037.1_Srrm1_391,-0.829717082,-0.328695596,-1.05108236,1.525269387,0.860873641,-0.17664799
IPI00137668.1_Hdac2_394,0.167996551,-0.389813019,-0.495355405,-1.23161868,1.735535576,0.213254977
IPI00881442.1_Dis3l2_878,0.353656183,-0.869894249,-1.522494972,0.17872939,1.068691003,0.791312646
IPI00229990.7_Strn3_247,-0.312308791,0.36387009,1.692073144,-1.164141018,-0.727821836,0.148328411
IPI00848818.1_Mtap4_506,-0.477870561,0.830756911,-0.204257642,0.123509235,1.275929158,-1.548067101
IPI00329839.7_Ddx42_111,-0.608968811,0.642030498,-0.945457013,1.726513203,-0.48062205,-0.333495827
IPI00118248.1_Prrx1_72,-1.075821502,-0.694385685,0.643855649,0.936139149,1.107884462,-0.917672072
IPI00785240.1_Srrm2_2054,-0.343885637,1.419937837,0.717933724,0.301515749,-0.869404267,-1.226097406
IPI00131457.2_Gpr124_1104,-0.229978547,-0.895788997,-0.631065021,-0.371643354,1.883721098,0.244754821
IPI00474486.4_Leo1_10,0.015201345,-1.457395273,-0.809220157,0.172891134,1.163580619,0.914942333
IPI00474486.4_Leo1_14,0.015201345,-1.457395273,-0.809220157,0.172891134,1.163580619,0.914942333
IPI00130046.1_Plcd1_457,0.321674972,-1.232011791,0.767998651,-1.203225183,0.205968531,1.13959482
IPI00117124.1_Psen1_367,1.031760593,0.114715052,-0.436296207,-1.597549282,-0.183244033,1.070613876
IPI00857253.1_Atrx_1290,-0.775050777,-0.285928045,0.236377374,1.052640648,-1.364542273,1.136503073
IPI00785240.1_Srrm2_2052,-0.604070245,1.690435885,0.69362749,-0.53408906,-0.280156933,-0.965747137
IPI00875866.1_Dnajc5_8,-0.197608398,-0.097496885,-0.942198681,-0.795561205,0.190442603,1.842422565
IPI00894741.1_Edc4_673,-1.216138208,-1.278233975,0.451674067,0.539207873,1.113773931,0.389716312
IPI00356904.7_Farp1_24,-1.648620782,-0.436286454,0.19667076,-0.115889506,0.876896287,1.127229695
IPI00785231.1_Pnn_441,0.452177205,-0.119676313,-0.617273481,-1.325488571,-0.015477838,1.625738998
IPI00118248.1_Prrx1_74,-1.289075237,-0.811989807,0.51512893,1.163854654,0.907447844,-0.485366384
IPI00464223.6_Myof_174,0.389512991,-0.216472714,-0.263935895,-1.598704478,0.233029343,1.456570752
IPI00465585.1_Tacc2_2217,-0.278660891,-0.603274964,-1.341788655,0.798175747,-0.030472369,1.456021134
IPI00118248.1_Prrx1_71,-1.289263361,0.067745962,1.015316915,0.839934493,0.518609711,-1.15234372
IPI00465585.1_Tacc2_2213,-0.37440188,-0.776181018,-1.164653092,0.645269875,0.09668,1.573286115
IPI00665993.3_Luzp4_384,-0.419288068,0.450532633,-1.450915112,0.041488088,-0.195399723,1.573582183
IPI00380766.5_Rnf20_136,-1.434869613,0.216985773,-0.706572957,-0.003432628,0.446049731,1.481839694
IPI00380766.5_Rnf20_138,-1.062827977,-0.419512608,-0.676349256,0.849006963,-0.255792984,1.565475862
IPI00133174.3_Fam134c_320,-0.281791991,-1.061663066,-1.053240836,0.422013036,0.459910223,1.514772634
IPI00229859.1_Eif3b_84,-1.080403231,0.15458972,-0.593549311,-0.39841929,0.104827812,1.812954299
IPI00776052.1_Brd8_264,-0.161146769,-1.4845715,-0.552984447,-0.020692393,1.132079259,1.08731585
IPI00133102.1_Rrad_301,-0.705797569,0.031453891,-0.727096643,-0.103915979,-0.436511403,1.941867704
IPI00123709.1_Akap12_631,-0.481312542,0.330123227,-0.298654858,-0.714893845,-0.717781295,1.882519314
IPI00553798.2_Ahnak_219,-1.663651909,0.087422214,0.609715464,0.381187109,1.169093594,-0.583766472
IPI00828218.2_Son_317,-0.939660895,-0.696974041,-0.559447237,0.059403823,0.349987806,1.786690544
IPI00875198.1_Samhd1_55,-1.756424129,-0.507575495,0.681843983,0.078833278,0.583991223,0.919331139
IPI00459443.5_Tnks1bp1_1065,-1.329083405,-0.814940517,-0.370528758,0.375187314,1.107827747,1.031537619
IPI00380722.1_Bat2_1106,-1.501184721,-0.965271811,0.194065502,0.949606328,0.647224025,0.675560677
IPI00469392.2_Rtn4_167,-0.116995308,-1.664417862,-0.213700371,0.15077069,0.449505923,1.394836927
IPI00761240.4_6330577E15Rik_54,-0.045082887,-0.832753184,-1.039611966,-0.043494846,0.17450732,1.786435563
IPI00468380.4_Dclk1_332,-1.218827154,-0.828803489,-0.34354554,0.130608335,0.868196562,1.392371287
IPI00553798.2_Ahnak_5567,-1.035949173,0.943561587,1.073102986,0.243958632,-1.345658831,0.120984799
IPI00224729.1_Hnrnph1_107,-1.336941938,-1.08627089,1.199607056,0.157279602,0.52128674,0.54503943
IPI00318938.6_Eif4ebp1_99,-1.805430344,-0.561121321,0.705473603,0.482374947,0.605398767,0.573304348
IPI00318938.6_Eif4ebp1_100,-1.591145522,-0.898108874,0.895957059,0.524114194,0.45507635,0.614106793
IPI00471055.1_Parg_307,-1.530803554,-0.960189838,0.614853503,0.288984433,0.876003149,0.711152307
IPI00462445.2_Nedd4_309,-1.39811168,-0.812058501,-0.228711791,0.3387731,1.132333809,0.967775062
IPI00229534.5_Marcks_143,1.600457731,0.613428122,-0.366534095,-0.27295385,-0.233111616,-1.341286292
IPI00312101.1_Sh3kbp1_550,1.729352044,0.690938082,-0.432860665,-0.536568312,-0.771109505,-0.679751644
IPI00470003.3_Parva_8,1.344525265,0.39374906,0.253524815,0.114631715,-0.4444163,-1.662014555
IPI00120886.3_Ybx1_172,1.007037689,0.86353472,0.464541905,-0.974239915,0.077603275,-1.438477674
IPI00310764.7_Arhgef2_955,-0.739036882,-0.391458911,1.929915692,0.00267935,-0.044453882,-0.757645367
IPI00323820.4_Mcm2_27,1.198063749,1.004540327,0.170481794,-0.451431347,-1.448838342,-0.472816182
IPI00553798.2_Ahnak_5504,0.374348534,1.079072611,0.637100505,0.177527825,-0.548350733,-1.719698743
IPI00116372.1_Mlf2_237,1.523692228,0.841502094,-0.16965791,-0.361084676,-1.170665886,-0.66378585
IPI00468380.4_Dclk1_334,0.71588804,0.776058272,0.337725995,0.679152017,-1.539746894,-0.96907743
IPI00515654.2_Eef1d_133,0.981313487,0.743242416,0.585054103,-0.088143087,-0.533195838,-1.688271081
IPI00473314.3_Lig1_67,0.508570959,0.466481344,0.541263818,0.118680464,0.382520925,-2.01751751
IPI00553798.2_Ahnak_5512,1.708887416,-0.881730949,-1.029720336,-0.259533891,0.046922085,0.415175675
IPI00752108.1_Ctnnd1_269,1.583811683,-0.612424062,-1.073555833,-0.760986578,0.353039109,0.510115681
IPI00135475.3_Dbn1_142,0.688605954,1.016303678,0.160120857,0.208577171,-0.23871825,-1.83488941
IPI00229534.5_Marcks_27,-1.077945952,-0.300209703,1.072598669,0.863116358,0.642369781,-1.199929152
IPI00848818.1_Mtap4_1046,1.546226878,0.746410022,-1.043617908,-0.949687854,-0.239692223,-0.059638914
IPI00556700.2_Eif3j_16,0.655536515,1.148206922,0.523396317,-0.89843851,0.043990877,-1.472692121
IPI00468380.4_Dclk1_337,1.465224425,0.840803067,0.173624572,-0.853875298,-0.993642395,-0.632134371
IPI00400215.3_Plec_21,1.38998126,0.976556015,-0.245586051,-0.486700524,-1.307896611,-0.326354089
IPI00471361.3_Stub1_15,0.402916483,1.312054345,0.220024655,0.414648636,-1.435027386,-0.914616732
IPI00323820.4_Mcm2_12,0.911725568,0.6211374,0.628586936,0.314722266,-0.904125853,-1.572046316
IPI00229300.2_Epb4.1l3_486,1.214552288,1.070614158,0.306489482,-0.697260493,-0.992876118,-0.901519317
IPI00130131.1_Casp7_16,1.293003483,1.009283687,-0.195792278,-1.263336675,-0.821376791,-0.021781427
IPI00654120.1_Dtx3l_9,1.51984548,0.584538747,0.109088947,-0.987112925,-0.060861324,-1.165498925
IPI00459443.5_Tnks1bp1_533,1.368171878,-0.4054023,0.510779283,0.442329045,-1.537555271,-0.378322634
IPI00453800.4_Zfp828_532,-1.041735567,0.67294508,1.196566541,0.621057672,-0.179032492,-1.269801234
IPI00876092.1_Zc3h14_515,0.636969169,0.467341045,0.442318504,0.462257661,-0.017345785,-1.991540596
IPI00331612.3_Hmga2_44,1.211181189,0.538460842,0.365182829,-0.571402964,0.120523503,-1.663945398
IPI00331315.9_Igf2bp3_165,1.469163043,0.720555079,0.200568522,-0.603023055,-0.492795027,-1.294468562
IPI00115257.1_Psip1_115,1.64468523,-0.540658332,0.282664884,-0.229934595,0.196504015,-1.353261202
IPI00970419.1_Fnbp1l_295,1.872206547,0.222471051,-0.414618572,-0.964947421,-0.149439381,-0.565672223
IPI00553798.2_Ahnak_5607,1.372028662,1.180830559,-0.389707933,-0.745742468,-0.781672077,-0.635736742
IPI00553798.2_Ahnak_5623,0.40472528,1.198108171,0.77777334,-0.016459314,-1.160448082,-1.203699394
IPI00453578.2_Irf2bp1_453,1.63854429,0.358690407,-1.100008172,-0.28806385,-0.899550017,0.290387342
IPI00468380.4_Dclk1_352,1.846792346,0.166760831,-0.778328902,0.087890645,-0.852229516,-0.470885403
IPI00321597.6_Pelp1_13,0.581394989,0.851368189,0.642296692,0.339745833,-0.710645106,-1.704160596
IPI00753928.1_Klc2_579,0.314538389,1.028187105,0.740973382,0.018297879,-0.314341967,-1.787654788
IPI00222813.1_Hirip3_141,0.504455019,0.46837586,1.513059434,-0.934497051,-1.058632197,-0.492761065
IPI00266188.6_Cfl2_3,1.650282912,0.456030784,0.20365954,-1.10413816,-0.804144815,-0.401690261
IPI00471443.1_Eif3j_16,0.819038076,1.048751156,0.719145598,-0.539204505,-0.620885008,-1.426845317
IPI00856504.1_Pdxdc1_687,0.993137599,-0.791635793,-1.422480538,0.866830375,0.701208784,-0.347060427
IPI00127942.4_Dstn_3,1.729947654,0.566116526,-0.473824964,-1.054980562,-0.549394508,-0.217864145
IPI00785240.1_Srrm2_1151,0.280209713,-1.161136332,1.457272983,-1.135381019,0.23341712,0.325617536
IPI00471423.1_Apbb2_330,-0.333401865,-0.971547888,0.899715068,0.139020707,1.374213148,-1.10799917
IPI00130147.2_Raly_135,0.05922363,0.179129511,0.190535085,-0.623145196,-1.406354761,1.600611731
IPI00123410.5_Usp24_2044,0.637753206,1.041690926,1.018165543,-0.724753526,-0.978018928,-0.99483722
IPI00752108.1_Ctnnd1_268,1.854472363,-0.817427114,-0.821313242,-0.255137803,-0.25626632,0.295672116
IPI00659447.3_Lmo7_822,1.146230094,-1.076326081,0.051812317,-0.533707388,1.244090498,-0.83209944
IPI00415385.1_Bclaf1_177,1.653286203,0.375353497,-0.58650737,-0.078235076,-0.03174289,-1.332154364
IPI00875198.1_Samhd1_56,-1.555154968,-0.707976325,0.832097195,0.20444404,1.15818853,0.068401527
IPI00124593.1_Sumo1_2,0.887801057,1.350751793,-1.314005166,-0.482452761,0.185268102,-0.627363026
IPI00153375.1_Pdlim2_199,-1.017398559,-0.822430743,1.555646838,0.805485051,-0.055973013,-0.465329575
IPI00469392.2_Rtn4_16,-0.277293919,-0.565805101,-0.856105126,-0.825866945,1.260478473,1.264592619
IPI00415385.1_Bclaf1_510,1.323801042,-0.274930748,-1.716451389,0.13774691,0.447156181,0.082678005
IPI00467355.4_Ankib1_738,-0.214707514,0.01103403,0.790377084,-0.256827593,1.285702113,-1.61557812
IPI00229072.2_Pml_17,1.192110849,-0.163476724,0.482116422,0.712225397,-0.698187355,-1.524788589
IPI00785240.1_Srrm2_2362,0.861292149,1.570759536,-0.42179148,-0.987705313,-0.271891539,-0.750663353
IPI00468380.4_Dclk1_336,1.030708857,0.64482108,-1.459868934,0.801624248,-0.848195012,-0.169090238
IPI00153375.1_Pdlim2_204,-0.952164182,-0.940384602,1.772654736,-0.082717691,-0.039028345,0.241640084
IPI00785240.1_Srrm2_1359,1.156365188,0.241441466,-0.745936272,-0.888573598,1.174412071,-0.937708855
IPI00341034.4_Pi4kb_413,1.525653431,0.961293832,-0.587051406,-0.572330318,-0.975944028,-0.35162151
IPI00134680.2_Saal1_6,1.920017574,-0.241577425,-0.074474519,-0.975984137,-0.537486827,-0.090494665
IPI00134680.2_Saal1_14,1.778615737,-1.261162853,-0.154797212,-0.309025456,-0.276912398,0.223282183
IPI00406371.3_Gfpt1_259,0.785243039,1.058146778,0.770763764,-0.484916656,-0.775073231,-1.354163694
IPI00115257.1_Psip1_271,1.609023111,0.029300838,-1.415978708,-0.06898296,0.364154285,-0.517516566
IPI00135971.1_Tjp1_617,1.81510625,-0.884404669,-0.897404312,-0.221760262,0.253834785,-0.065371792
IPI00453578.2_Irf2bp1_436,1.408776562,0.426728521,0.426399402,0.030329127,-1.254162158,-1.038071454
IPI00415385.1_Bclaf1_656,1.099909639,1.077915785,-0.143470647,-0.586918138,0.055930064,-1.503366704
IPI00229801.5_Trp53bp1_268,1.883266282,-0.23400636,-0.665986685,-0.793897705,-0.48635456,0.296979029
IPI00380280.3_Cad_1859,-0.646249329,-1.407022118,-0.323529067,0.172115975,1.240252819,0.96443172
IPI00229534.5_Marcks_163,0.964898536,0.84691205,0.340916593,0.326844476,-1.404894222,-1.074677433
IPI00662157.3_Synpo_134,-0.040616376,0.073543915,-1.109270438,1.029225463,1.185893786,-1.13877635
IPI00130095.1_G3bp1_229,0.326378194,1.152066842,-1.694995009,0.38394758,0.431948585,-0.599346193
IPI00115490.1_Pcyt1a_315,1.660461916,0.064953195,-0.609864123,0.327202244,-0.121842085,-1.320911147
IPI00742368.1_BC005624_261,1.23861533,0.568481142,-1.502755206,0.651238462,-0.520860779,-0.434718948
IPI00261239.6_Eif2b5_540,1.075504208,0.893241143,0.649062021,-1.3428796,-0.573889442,-0.701038331
IPI00222801.5_Src_17,0.1396062,-0.102399273,-0.616399109,-0.284451059,1.869914873,-1.006271633
IPI00473912.4_Gigyf2_383,1.366465081,1.008548262,-1.23291618,-0.665857687,-0.377318876,-0.0989206
IPI00471127.1_Cdc42ep1_207,0.809685556,-0.008422942,-1.054660491,1.54179893,-0.532627617,-0.755773436
IPI00454140.5_Skiv2l_253,1.512681753,0.959716856,-0.784080294,-0.446540848,-0.3003024,-0.941475067
IPI00828325.1_Pcm1_65,-0.969738304,1.222605094,0.918817415,0.253646473,-0.146759579,-1.278571099
IPI00130381.1_Bat3_995,0.60906908,1.212405556,-0.581497595,0.144771445,0.267116564,-1.651865049
IPI00223371.2_Rbm39_136,0.44366718,-1.263682537,-0.14815682,0.562163088,1.383230457,-0.977221368
IPI00785240.1_Srrm2_2056,-0.338083785,-1.291439753,-0.974619003,0.900755246,0.797488627,0.905898668
IPI00172202.1_Lsm14a_192,1.296143883,0.70650079,-1.213919823,0.155421201,-1.134419121,0.19027307
IPI00848818.1_Mtap4_598,0.437223588,0.531461814,0.513084519,-1.201563915,1.038903911,-1.319109917
IPI00116302.3_Eif2s2_2,1.026826839,0.66432461,0.439719929,-1.774767632,0.04301458,-0.399118327
IPI00170037.2_Ccm2_393,1.430203073,0.732044149,-1.42716993,-0.264920445,0.082025624,-0.552182471
IPI00808277.2_Foxk2_547,1.424628156,-0.977278861,-0.366530901,0.161784891,-1.076658438,0.834055154
IPI00404055.5_Ank2_1428,0.776287767,0.826241669,-1.866381015,-0.282018694,0.310366345,0.235503929
IPI00228697.4_Ank2_590,0.750649787,0.800257105,-1.873683879,-0.300314031,0.287960978,0.33513004
IPI00377298.2_Tra2a_262,1.181636659,-0.463027293,-1.196313657,1.278472396,-0.439548583,-0.361219521
IPI00116031.3_Rbm10_723,1.142197248,-0.3865778,-0.794423545,-1.178722524,1.234966934,-0.017440314
IPI00874854.1_Srrm2_955,0.962584371,-0.427321514,1.254821287,-0.732612861,-1.309890822,0.252419539
IPI00785240.1_Srrm2_955,1.085711163,-0.136687462,1.342728569,-0.405186018,-1.110444689,-0.776121563
IPI00323822.1_Rras2_186,-1.447164595,-0.807910799,0.470869477,1.047314879,0.944164224,-0.207273186
IPI00785240.1_Srrm2_2404,1.721817514,0.13047559,-0.909456995,-0.695817841,0.458099439,-0.705117706
IPI00874398.1_Fam65a_818,0.84263195,0.828933117,0.960613127,-0.380679745,-1.141935695,-1.109562754
IPI00620256.3_Lmna_392,-1.285148491,-0.044385738,1.482683204,0.223188667,0.52857576,-0.904913402
IPI00896604.1_Ddx10_587,1.172648414,0.501173867,-1.549454997,-0.844604637,0.350585826,0.369651528
IPI00129519.3_Basp1_92,0.960584762,-0.152162178,-1.127533079,0.195269906,1.231748094,-1.107907505
IPI00310764.7_Arhgef2_174,1.463999499,-1.220811955,-0.918831316,-0.271201863,0.48490913,0.461936505
IPI00318829.5_Phf10_11,0.047112148,-0.690792799,-0.476030833,0.04682577,1.899572688,-0.826686974
IPI00229884.1_Pak2_141,0.497609577,1.322678269,0.816820499,-0.857983733,-0.797548995,-0.981575617
IPI00930819.1_Tcea1_111,-0.114969556,1.928811318,-0.631395164,-0.29805284,-0.001800811,-0.882592947
IPI00421119.5_Rbm25_675,1.400595396,0.943611383,-0.872471068,-1.152779617,-0.218456814,-0.10049928
IPI00622371.3_Eif3g_41,0.109700101,1.376459629,0.855476744,-1.181748209,-0.197658182,-0.962230083
IPI00134599.1_Rps3_221,-0.912651492,0.306453051,-0.311745299,-0.984622121,0.177781316,1.724784547
IPI00469392.2_Rtn4_165,1.327052192,-0.65468803,0.496713548,-1.51559303,0.494608753,-0.148093432
IPI00308149.1_Ccny_326,-0.286232853,0.98675254,0.361717951,0.772690899,-0.041959354,-1.792969183
IPI00785240.1_Srrm2_1305,-0.732939077,-0.495952462,-0.072755753,-0.780282708,0.193769421,1.888160579
IPI00785240.1_Srrm2_2084,1.722750109,0.210576482,0.054817142,-1.249056943,-0.644785834,-0.094300955
IPI00111412.3_Rpl4_295,0.66492772,-0.26904224,-0.326497178,1.678961584,-0.999895526,-0.74845436
IPI00120052.1_Sgpp1_101,-0.252791207,1.671012125,0.108846659,0.306924681,-0.495095118,-1.338897141
IPI00114352.1_Bin1_298,-1.022692536,-0.078993844,-1.278097632,0.623276229,1.315971459,0.440536325
IPI00119618.1_Canx_582,0.649536511,1.109479134,0.859677034,-1.281141777,-0.478685591,-0.85886531
IPI00623382.2_Morc2a_614,0.911476155,1.315496366,-1.140355451,-0.849915412,-0.558748338,0.32204668
IPI00406447.3_Dpysl3_101,-1.3543652,0.080118525,0.969206364,1.008921063,0.338808921,-1.042689673
IPI00785240.1_Srrm2_973,0.313179485,0.830001438,0.600465692,-0.046723408,-1.94630037,0.249377163
IPI00648141.1_Gsk3a_279,1.068321879,1.161690786,0.022019886,-1.145365946,-0.012750576,-1.093916029
IPI00125899.1_Ctnnb1_191,1.039019943,0.276983586,0.553357061,0.377311337,-1.783405049,-0.463266879
IPI00112963.1_Ctnna1_634,0.091724405,-0.058955615,0.649352051,-1.644178911,1.317793825,-0.355735755
IPI00380331.1_Ppp2r5d_82,0.374855253,-0.762877456,-1.523642661,-0.030567849,0.785447002,1.156785711
IPI00410792.1_Brd3_262,1.480033534,-0.896684926,-0.360913397,1.037558207,-0.580602063,-0.679391356
IPI00377298.2_Tra2a_260,0.60700152,-0.186349612,-1.476336176,1.517728398,-0.290236059,-0.17180807
IPI00411051.4_Rptor_863,-1.507476263,0.639763594,1.181990214,0.521766451,-0.031116335,-0.80492766
IPI00785240.1_Srrm2_1068,1.120546044,0.16537095,-1.674631619,0.626881439,-0.614712248,0.376545434
IPI00318938.6_Eif4ebp1_69,0.965007918,1.469909907,-0.101542762,-1.0101285,-0.692954828,-0.630291734
IPI00605037.1_Srrm1_220,1.730132587,0.238637563,-1.146127187,-0.555874204,-0.51516108,0.248392321
IPI00761863.1_Igf2bp2_164,0.784796143,1.23257584,0.282024498,-1.39034533,-0.923069522,0.014018371
IPI00605037.1_Srrm1_387,-0.794232147,-0.197918053,-1.191712427,0.487606524,1.633444143,0.062811958
IPI00848818.1_Mtap4_517,-0.764339207,-0.895409531,-0.554266235,-0.291776628,1.455611015,1.050180585
IPI00118895.1_Sntb2_90,0.297566176,0.790340209,-0.258557977,0.662725011,0.408869891,-1.90094331
IPI00116442.1_Hdgfrp2_137,0.62872068,-1.534383,-0.128754154,-0.773431372,0.930835616,0.87701223
IPI00623284.4_Sf3b1_142,1.308795683,-0.911291378,-0.192107295,-0.752866084,-0.649040663,1.196509737
IPI00752108.1_Ctnnd1_349,-0.348548054,1.294416721,-1.404421261,0.879999235,-0.639321757,0.217875116
IPI00132076.1_Comt1_261,-0.842450066,-0.883950782,-0.130059808,-0.630507845,1.212282931,1.27468557
IPI00226263.5_Mxra7_94,1.325830415,-0.16429582,-0.476447276,-0.970665968,-0.858511975,1.144090624
IPI00357145.5_Irf2bp2_169,0.873143557,0.441588494,-0.339103923,-0.711057375,-1.433636026,1.169065274
IPI00828218.2_Son_1723,0.454620439,-0.87947708,-0.452034578,-1.247112649,1.014468322,1.109535546
IPI00453849.3_Rnmt_15,-0.042279549,0.519205039,0.931983529,-1.313957158,0.98428323,-1.07923509
IPI00890880.1_Nab2_171,-1.807537126,-0.116079019,-0.032766467,1.195234197,0.379286091,0.381862324
IPI00605037.1_Srrm1_389,-0.718697207,-0.80277102,-0.502802511,0.194383043,1.882981397,-0.053093703
IPI00938443.1_Rbm16_617,0.127859745,0.524842583,-1.614538798,-0.501565001,1.355847046,0.107554426
IPI00109044.8_2900073G15Rik_19,-0.023919474,0.593477022,1.086024575,-0.496094545,-1.708780544,0.549292965
IPI00605037.1_Srrm1_713,-0.420419663,-0.152431103,1.992622399,-0.580164118,-0.684763421,-0.154844094
IPI00662157.3_Synpo_1002,0.774280009,-0.400995077,-0.390545548,-1.284742157,1.542348561,-0.240345789
IPI00112203.2_Pum2_136,0.825115753,-0.852143754,-1.616857094,0.341059071,0.734506457,0.568319567
IPI00848728.1_NA_584,0.516031107,-0.241676323,-0.979115986,-0.628580795,1.769535922,-0.436193925
IPI00229534.5_Marcks_138,-1.789363092,0.606276848,0.669242429,0.552616335,0.562243439,-0.601015959
IPI00229697.3_Slain2_376,-0.525833367,0.476868404,-0.308247745,-1.575939279,1.123030795,0.810121192
IPI00331605.5_Fam114a1_197,-1.398814397,-0.432989607,0.623101379,1.326420794,0.533281966,-0.651000135
IPI00405227.3_Vcl_721,-0.623110712,1.617232042,0.572894059,-1.211841817,-0.438787128,0.083613556
IPI00474558.7_Nup98_343,-0.066033207,-0.254306828,-1.207895797,-0.726051551,0.677755921,1.576531462
IPI00124064.3_Zdhhc5_380,0.88323435,-0.835818047,1.25997604,-0.101732957,-1.376331077,0.170671692
IPI00313817.1_Hdgf_165,0.28405893,-0.476531505,-1.219899338,-0.598313033,1.647475011,0.363209936
IPI00850843.2_Ahnak2_286,0.171093505,1.836058974,-1.128026299,-0.166720411,-0.205182288,-0.507223481
IPI00556768.1_Thrap3_679,0.456580989,0.162688035,0.219522218,-1.963879758,0.22554232,0.899546196
IPI00222461.4_Gnl3_505,0.991519986,0.207741553,-1.755293233,-0.146797181,-0.207219434,0.910048308
IPI00387388.4_Bag3_390,-0.553610198,-0.782452016,-0.802281413,-0.25174527,0.686128454,1.703960442
IPI00379876.2_Ttll12_11,-1.308581017,-0.269348834,-0.243686529,-0.456792399,1.558400778,0.720008001
IPI00331291.2_Dnm1_847,-0.985280172,-0.118802963,1.557149298,0.822400276,-0.413406039,-0.8620604
IPI00458001.1_Atxn2l_591,-1.467407269,-0.9282696,0.238165777,0.692191472,1.166018029,0.299301591
IPI00664246.4_Nrbp1_2,-0.293604272,-0.420159306,2.034279782,-0.547751086,-0.399691224,-0.373073894
IPI00229571.1_Sltm_289,-0.857644641,-0.71786488,1.152246567,-0.616533296,1.38613773,-0.34634148
IPI00405227.3_Vcl_290,-0.033023639,-0.968517516,-0.324773701,-1.007048483,1.497564142,0.835799197
IPI00458612.5_Aak1_635,1.548694539,-0.448224402,0.334860734,-0.708787313,-1.235681136,0.509137579
IPI00262991.1_Dnajc1_477,-0.379555748,1.932116367,-0.143971427,-0.986059628,-0.353667028,-0.068862535
IPI00262991.1_Dnajc1_478,-0.44230515,1.600333813,0.429915033,-1.376516362,-0.371535835,0.1601085
IPI00313525.5_Ncoa5_9,0.373358614,-1.003273107,-1.404399444,0.10636132,0.88685549,1.041097128
IPI00229927.2_Trip10_296,0.420307592,1.047008891,0.974123503,-0.403742502,-1.538022983,-0.4996745
IPI00357145.5_Irf2bp2_343,-0.270610717,0.879484695,-1.264302292,-0.820788816,0.109016587,1.367200544
IPI00310764.7_Arhgef2_959,-1.786776866,0.113853973,0.389743481,1.140398543,0.478737767,-0.335956899
IPI00403031.5_Plekho2_395,1.125816334,-1.794782216,-0.22496289,-0.037284075,0.352210455,0.579002391
IPI00409935.2_Nfatc4_289,0.093849672,-1.667764302,0.796131274,-0.620708759,0.373086582,1.025405533
IPI00132478.1_1700021F05Rik_106,0.406792811,0.507674501,-1.972122619,0.119803356,0.127324894,0.810527058
IPI00553798.2_Ahnak_576,-0.251857781,1.621832486,0.690333153,-0.465639242,-0.384197962,-1.210470654
IPI00831671.1_Osbpl3_303,0.510850414,0.986348712,0.88402233,-0.787617488,-1.536573734,-0.057030235
IPI00357145.5_Irf2bp2_250,-0.069966652,0.815352348,0.044042256,-0.373294091,-1.64027385,1.224139989
IPI00830803.1_Fbln2_574,0.251998744,1.069190068,0.93764014,-0.251076989,-1.650245292,-0.357506671
IPI00377615.2_Phf3_377,-0.20583542,1.834103166,-0.203673489,-0.954153814,-0.750558878,0.280118435
IPI00331555.2_Bckdha_338,0.202790872,-0.910013126,1.905719937,-0.467777365,-0.284145205,-0.446575113
IPI00459468.2_Wrnip1_153,-0.552441795,-0.574985247,0.692558843,-1.174377347,0.026623894,1.582621652
IPI00227720.3_Dek_312,0.763165128,-1.536427885,-0.150416458,-0.565705377,0.194607108,1.294777483
IPI00227720.3_Dek_311,0.495907501,-1.096464047,-0.401459292,-1.05540995,0.745620876,1.311804913
IPI00227720.3_Dek_306,0.004091942,-0.33448729,-1.255462442,-0.69758815,0.811402172,1.472043768
IPI00227720.3_Dek_308,-0.131818889,-0.407008816,-1.016558579,-0.829710952,0.838421818,1.546675418
IPI00223670.2_Fam40a_335,-0.091332701,0.625310836,-0.711604498,-1.521959618,0.441377516,1.258208466
IPI00135660.5_Sdpr_293,0.430650935,-0.740159287,1.732244198,-0.218381429,-0.105634757,-1.09871966
IPI00336973.2_Ccnl1_358,-0.129819728,-0.58059613,0.121426297,-1.53820265,1.100810933,1.026381277
IPI00130046.1_Plcd1_460,-1.326370092,0.70310566,0.051635894,1.373168007,-0.918889126,0.117349658
IPI00421052.1_Nipbl_2652,-1.170502894,-0.657521317,-0.786926979,0.459760601,0.928378045,1.226812544
IPI00551482.3_Rbbp6_1179,0.258567409,0.570777218,-1.48952383,-1.00119411,0.886385564,0.774987747
IPI00620256.3_Lmna_22,-1.802587731,-0.194483007,0.898832234,0.633375936,0.677257524,-0.212394956
IPI00153421.1_Dync1li1_510,0.046812921,-0.404139903,-0.846242944,-0.783866653,0.119374719,1.868061861
IPI00648709.2_Ubr4_2744,-1.761613907,0.309967627,0.341022805,0.725156468,-0.543539425,0.929006431
IPI00808206.1_Acin1_230,0.045077314,-0.6186054,-0.903824018,-0.098305915,-0.340750714,1.916408734
IPI00108989.4_Yap1_94,0.024845588,-0.940345817,-1.119929143,-0.193100388,0.7016931,1.526836661
IPI00381495.5_Ccdc6_233,-1.410639164,-0.965944579,1.122688173,0.724654309,0.539800083,-0.010558823
IPI00223621.1_Mtap1s_730,0.855205465,-0.951720775,-1.148942431,-0.5786127,0.763083333,1.060987107
IPI00648709.2_Ubr4_2743,-1.317651446,0.940483814,0.965888416,0.128999198,-1.124412945,0.406692963
IPI00649326.2_Myo18a_1950,-0.080965252,-0.98686778,-1.013894369,-0.295072528,0.988527419,1.388272511
IPI00122971.2_Ncam1_1005,-1.444049538,-0.987039767,0.817475344,0.256517362,1.056404585,0.300692014
IPI00121080.1_Map3k7_412,-1.934882225,0.609520182,0.414946826,0.046237305,0.021604222,0.842573689
IPI00112584.3_Camk2d_337,-0.543979265,-0.758661062,-0.322287414,0.786489945,1.655057757,-0.816619962
IPI00850187.1_Tgfb1i1_186,-0.780405199,-1.295684167,-0.53127255,0.713850383,1.199386336,0.694125197
IPI00944159.1_Safb_366,-1.999893287,0.21096921,0.117016541,0.523990988,0.640302862,0.507613686
IPI00153375.1_Pdlim2_205,-1.852981092,0.70863266,0.483752328,-0.147249436,0.894990436,-0.087144896
IPI00461642.2_Tjap1_527,-1.970090202,0.786453844,-0.037913237,0.387360255,0.437264463,0.396924876
IPI00468516.3_D6Wsu116e_747,-0.750695929,-0.137524448,-1.405427056,1.419773864,0.287383943,0.586489626
IPI00459443.5_Tnks1bp1_866,-1.375469805,-0.969423079,0.347686267,-0.013308228,0.890902949,1.119611895
IPI00312752.3_Sh3gl1_288,0.697256711,0.731684011,-0.541362965,-1.804424942,0.390807115,0.52604007
IPI00915485.1_Myo9b_1175,-1.881616105,1.124954631,0.26966409,0.18044925,0.297723678,0.008824456
IPI00551236.3_Stmn1_38,-1.742740997,-0.655421434,0.374081916,0.608120457,0.810589356,0.605370702
IPI00454104.1_Scrib_1548,0.816519083,-0.456787557,0.464274505,-1.503075388,-0.502868931,1.181938288
IPI00468380.4_Dclk1_330,-0.700280425,-0.827373937,-0.399129617,-0.082822281,0.099364824,1.910241436
IPI00349069.4_B230208H17Rik_480,-1.197415938,0.10547681,-0.948621924,0.635619026,-0.092589854,1.49753188
IPI00119627.1_Irs1_3,-1.065693308,0.224926544,-0.9744499,-0.211267308,1.632192991,0.394290981
IPI00785240.1_Srrm2_1216,0.412539032,-0.613250173,-0.820773801,-0.809236128,0.064057648,1.766663422
IPI00459443.5_Tnks1bp1_506,-1.680908101,0.623983031,0.320644561,1.217294005,-0.034486708,-0.446526788
IPI00761536.5_Dock5_1832,-1.730706009,0.840057318,0.86046618,-0.260519315,0.618866634,-0.328164808
IPI00353420.7_Utrn_933,-0.59025612,-0.653879582,-0.227333025,-0.060747423,-0.457580098,1.989796247
IPI00459443.5_Tnks1bp1_539,-0.387164296,1.134792493,0.952284582,-1.166067105,-1.026296192,0.492450518
IPI00553798.2_Ahnak_4890,-1.703555581,0.680904537,0.989968032,0.560037757,0.053763085,-0.58111783
IPI00109044.8_2900073G15Rik_20,-0.673671554,0.568658959,1.067404712,-0.656634829,-1.294265465,0.988508176
IPI00761240.4_6330577E15Rik_51,0.700088838,-0.115853947,-1.33108272,-0.966354782,0.454544645,1.258657966
IPI00876144.2_Filip1l_789,-1.758222674,-0.300903355,0.212796876,0.348667793,0.234163952,1.263497409
IPI00114944.3_Fam195b_21,-1.355219327,-0.872905317,-0.174256058,0.447124556,1.337918264,0.617337882
IPI00224729.1_Hnrnph1_104,-1.441536082,-0.866747282,0.034628172,0.279735998,1.224352055,0.769567139
IPI00119886.1_Isyna1_523,-1.359047892,-1.084911062,0.160701488,0.729869602,1.101436355,0.45195151
IPI00762331.2_Cobll1_1028,-1.299046215,-0.883757892,-0.267209026,0.288764911,1.224095619,0.937152602
IPI00330171.7_Bat2l2_899,-2.018676893,0.601610956,0.460106205,0.440143158,0.148785168,0.368031407
IPI00342749.3_Txlna_523,-1.35228988,-1.057700582,-0.03191726,0.619049883,0.970313294,0.852544546
IPI00117933.1_Brap_116,-1.72505478,-0.584941014,0.398623542,0.348699818,1.081806812,0.480865621
IPI00119886.1_Isyna1_524,-1.558386475,-0.860861119,0.229363596,0.805467946,0.984320638,0.400095414
IPI00675483.2_NA_125,-0.429231814,1.457295212,-0.911856583,-0.454058353,-0.724754115,1.062605652
IPI00229300.2_Epb4.1l3_751,-1.499168346,-0.916108771,0.084947918,0.552630204,0.990130884,0.787568112
IPI00874854.1_Srrm2_396,-0.692905183,-0.767688649,-0.910865817,-0.113304486,1.220069523,1.264694612
IPI00785240.1_Srrm2_396,-0.704331149,-0.813869003,-0.880066661,-0.073121775,1.173284432,1.298104155
IPI00226220.2_Rtkn_520,-1.452048471,1.645034526,-0.156600176,-0.298635706,-0.005480831,0.267730658
IPI00653910.2_Cic_2311,-0.875657297,-0.155800627,1.492317232,0.797041958,-1.155973431,-0.101927834
IPI00454104.1_Scrib_1206,-1.770710608,-0.562340177,0.945260518,0.370395594,0.501585249,0.515809425
IPI00553798.2_Ahnak_213,-1.70452363,0.221791445,-0.64585897,0.719393383,0.947320868,0.461876903
IPI00337844.4_Ranbp2_2088,-1.591110006,-0.927450558,0.585011299,0.569910008,0.757360213,0.606279046
IPI00280250.5_Sh3pxd2a_546,-1.891934861,-0.067108743,0.498674738,0.936561892,0.538550691,-0.014743717
IPI00112339.9_Lima1_488,-1.378252045,-0.984557567,-0.065483165,0.492164799,1.039679946,0.896448031
IPI00323820.4_Mcm2_21,-1.413208414,-1.122007181,0.37016115,0.562879015,0.74361274,0.858562691
IPI00480341.4_Gps1_509,-0.896614773,-0.995587922,-0.286718839,-0.108407315,0.646175647,1.641153202
IPI00170307.1_Apoa1bp_43,-1.851740423,0.338695266,0.177271047,-0.209613148,0.467022776,1.078364481
IPI00459443.5_Tnks1bp1_796,-1.888575211,-0.068174038,0.300366148,0.037287545,0.694894862,0.924200693
IPI00131138.10_Flna_2152,-1.803490366,-0.481030022,0.425359748,0.279454567,0.72176775,0.857938322
IPI00882020.1_Dpf2_142,-1.435971524,0.146216962,-0.428828675,-0.34884748,0.546949041,1.520481677
IPI00655136.3_Arhgef7_228,-1.399533229,-0.884360528,-0.031954835,0.560993157,1.326716025,0.428139409
IPI00125899.1_Ctnnb1_551,-1.934256036,-0.005143817,0.113533925,0.482961598,0.436091533,0.906812796
IPI00553798.2_Ahnak_217,-1.956519381,0.38691695,0.878882815,0.476187734,0.099345698,0.115186185
IPI00471423.1_Apbb2_334,-0.728899445,0.112593944,0.288239228,-1.391762751,0.168164247,1.551664777
IPI00620256.3_Lmna_633,-0.936604624,-0.749334033,-0.534148047,-0.029376617,0.514383174,1.735080146
IPI00387422.3_Zyx_336,-1.743201308,-0.514871651,0.657397616,0.836121466,0.751474945,0.013078932
IPI00459443.5_Tnks1bp1_568,-1.85862421,-0.358817486,0.714067548,0.734325711,0.574157543,0.194890894
IPI00381495.5_Ccdc6_237,-1.922480922,0.132795783,0.818775658,0.726967075,0.291976688,-0.048034281
IPI00224575.1_Hnrnpk_116,-1.634198796,-0.796582785,0.36044921,0.744496176,0.919561007,0.406275187
IPI00459443.5_Tnks1bp1_429,-2.0258006,0.454137823,0.380755875,0.265812756,0.310297736,0.61479641
IPI00229534.5_Marcks_113,-1.807073618,0.186148561,0.904802652,0.769188533,0.353010614,-0.406076742
IPI00403827.2_Phldb2_465,-2.036491285,0.332611629,0.383453962,0.476993851,0.34482627,0.498605573
IPI00122450.1_Cald1_257,-1.020388894,-0.871011156,-0.428367102,-0.032371218,0.822995292,1.529143078
IPI00404707.1_Rbm14_618,-0.944504551,-1.348007325,-0.028416461,0.294953728,0.73849172,1.287482889
IPI00114368.3_Sec22b_137,-2.001487415,0.115065558,0.368626621,0.302905279,0.520289803,0.694600154
IPI00473521.1_Gm10119_237,-0.869787121,0.238261143,1.831546497,-0.257516107,-0.872293095,-0.070211317
IPI00378438.6_Tns1_1397,1.906909505,-0.168222348,-0.212298447,-1.079913806,-0.11268655,-0.333788354
IPI00331135.3_Mef2d_251,1.007848091,-1.554413207,-0.077370858,-0.568130278,1.110218195,0.081848057
IPI00856974.1_Ctbp2_971,0.399536287,1.845594678,-0.531557635,-0.483162464,-0.899103394,-0.331307473
IPI00378206.1_Fbxw8_84,0.686240513,-1.664302013,0.348159277,-0.632751156,1.100601174,0.162052205
IPI00673693.1_Zc3h18_862,1.414873342,0.067872089,-0.169004533,-1.266566825,0.800931021,-0.848105094
IPI00126762.1_Csnk2b_4,1.719350747,-0.642132826,-1.055461589,-0.579259063,0.16352644,0.393976291
IPI00463493.1_Gbf1_1318,1.727129813,0.60836971,-0.752139679,-0.158188256,-0.855088875,-0.570082712
IPI00896602.2_NA_797,0.413572318,0.278779611,1.646982469,-0.720517795,-1.132873233,-0.48594337
IPI00153715.5_Prr12_859,0.701309411,0.322498641,1.086413042,-0.059574896,-1.77289997,-0.277746229
IPI00223751.2_Arhgap12_228,0.907679579,0.851486942,0.742124082,-0.137713801,-0.971875469,-1.391701332
IPI00856686.2_Brpf1_864,0.398847379,-1.710380492,-0.147653911,-0.341658878,1.179227446,0.621618456
IPI00126762.1_Csnk2b_3,0.074667545,-1.1499579,0.940428849,-0.119536627,1.297875571,-1.043477437
IPI00126762.1_Csnk2b_2,0.446930683,-1.68401783,0.389891318,0.530702342,1.018651484,-0.702157997
IPI00459898.3_Espl1_1391,0.436641471,-0.592422995,-1.204204941,1.081589529,1.087797789,-0.809400853
IPI00848443.1_Acaca_63,-0.612105675,1.679867137,0.729685502,-0.531223279,-0.938948996,-0.327274689
IPI00411051.4_Rptor_877,0.483976859,-0.10186973,-1.057209733,0.714366335,1.230689384,-1.269953116
IPI00377298.2_Tra2a_266,0.136604038,0.01669542,1.205262957,0.900112218,-0.840032764,-1.418641869
IPI00785240.1_Srrm2_1036,0.422940036,-1.09078196,-0.294619406,1.724704456,-0.754888265,-0.00735486
IPI00621791.3_Rnf40_585,-0.982325903,-1.434448806,1.150237774,0.469254098,0.639801257,0.157481579
IPI00621791.3_Rnf40_584,-0.982325903,-1.434448806,1.150237774,0.469254098,0.639801257,0.157481579
IPI00114613.3_Cdc42bpb_1692,-0.38710453,-0.308264946,1.514028787,0.947056088,-0.942225082,-0.823490317
IPI00114613.3_Cdc42bpb_1695,-1.695952236,-0.406381556,0.659500563,1.148927282,0.430179739,-0.136273791
IPI00417070.2_Med14_992,0.908492258,0.688564477,-0.444170725,0.259598058,-1.810390206,0.397906139
IPI00135443.2_Top2b_1460,1.19018776,-0.84237993,-1.491849083,0.053228077,0.704254849,0.386558329
IPI00662157.3_Synpo_215,0.483490731,0.395044922,-1.686682161,0.522167812,0.994965985,-0.708987288
IPI00129918.1_Smn1_5,1.244750029,-0.570966132,-1.362972975,0.061164201,-0.416039282,1.044064159
IPI00229801.5_Trp53bp1_774,1.475472707,0.533304833,-1.48956821,-0.083005164,-0.548045942,0.111841776
IPI00453851.4_Dido1_1252,0.275199983,0.961719575,-1.668868434,-0.551667517,0.953409173,0.030207219
IPI00849047.1_NA_159,1.677264405,0.286523865,-0.940485429,-0.985310352,0.333577964,-0.371570453
IPI00785240.1_Srrm2_1922,0.989997734,1.327071921,-1.313398959,-0.232568387,-0.083574055,-0.687528254
IPI00459443.5_Tnks1bp1_1437,0.097480631,-0.30203145,-0.992127405,-0.636612352,1.872993887,-0.039703311
